sebi_report_as_on_reporting_date_06oct2025,unnamed_1,unnamed_2,unnamed_3,unnamed_4,unnamed_5,unnamed_6
Sr.No.,Particulars,Rs. In Lakhs,,,,
1,Scripwise Total Outstanding on the beginning of the day,10642156.10,,,,
2,Fresh Exposure taken during the day,373779.46,,,,
3,Exposure liquidated during the day,331405.39,,,,
4,Net scripwise outstanding at the end of the day,10684530.17,,,,
Symbol,Name,Qty Fin by all the members(No.of Shares),Amt Fin by all the members(Rs. In Lakhs),,,
CRIZAC,CRIZAC LIMITED,959722.00,3000.32,,,
EPACK,EPACK DURABLE LIMITED,1309459.00,5034.11,,,
JSWINFRA,JSW INFRASTRUCTURE LTD,4115867.00,12468.08,,,
JIOFIN,JIO FIN SERVICES LTD,48154237.00,147542.09,,,
BDL,BHARAT DYNAMICS LIMITED,3719105.00,63793.54,,,
JPPOWER,JAIPRAKASH POWER VEN. LTD,73729467.00,15174.21,,,
POWERINDIA,HITACHI ENERGY INDIA LTD,69044.00,13136.63,,,
PTC,PTC INDIA LIMITED,2970892.00,5404.54,,,
COALINDIA,COAL INDIA LTD,10017485.00,39792.50,,,
VEDL,VEDANTA LIMITED,14192877.00,63886.44,,,
HCLTECH,HCL TECHNOLOGIES LTD.,2320691.00,35710.45,,,
ZYDUSLIFE,ZYDUS LIFESCIENCES LTD,605476.00,6183.08,,,
ELGIEQUIP,ELGI EQUIPMENTS LTD,890265.00,4753.99,,,
SBFC,SBFC FINANCE LIMITED,3025581.00,3287.35,,,
NTPC,NTPC LTD,8248625.00,29313.13,,,
KIMS,KRISHNA INST OF MED SCI L,487150.00,3490.82,,,
SUNDARMFIN,SUNDARAM FINANCE LTD,39720.00,1890.35,,,
ASHOKLEY,ASHOK LEYLAND LTD,5902411.00,7846.69,,,
POWERGRID,POWER GRID CORP. LTD.,5472954.00,16246.49,,,
UCOBANK,UCO BANK,36294065.00,12286.77,,,
LEMONTREE,LEMON TREE HOTELS LTD,6232621.00,10291.89,,,
ASIANPAINT,ASIAN PAINTS LIMITED,827316.00,20572.58,,,
FSL,FIRSTSOURCE SOLU. LTD.,2006845.00,7161.11,,,
FIRSTCRY,BRAINBEES SOLUTIONS LTD,2452686.00,9536.75,,,
INDHOTEL,INDIAN HOTELS CO. LTD.,4163917.00,31777.13,,,
JBCHEPHARM,JB CHEM & PHARM LTD.,64427.00,1120.67,,,
TATACHEM,TATA CHEMICALS LTD.,1249645.00,12062.95,,,
ROUTE,ROUTE MOBILE LIMITED,832384.00,8624.50,,,
FMCGIETF,ICICIPRAMC - ICICIFMCG,3000962.00,1793.78,,,
MANKIND,MANKIND PHARMA LIMITED,183605.00,4664.99,,,
BAJAJELEC,BAJAJ ELECT.LTD,388128.00,2369.38,,,
TNPL,TAMIL NADU NEWSPRINT,682659.00,1175.91,,,
CYIENT,CYIENT LIMITED,783434.00,10281.76,,,
PHOENIXLTD,THE PHOENIX MILLS LTD,361836.00,5812.85,,,
HSCL,HIMADRI SPECIALITY CHEM L,3941314.00,19336.19,,,
TITAGARH,TITAGARH RAIL SYSTEMS LTD,2473664.00,23420.15,,,
NMDC,NMDC LTD.,23234408.00,17112.79,,,
GUJGASLTD,GUJARAT GAS LIMITED,513569.00,2530.36,,,
BOMDYEING,BOMBAY DYEING & MFG CO.,6517205.00,11047.75,,,
BRITANNIA,BRITANNIA INDUSTRIES LTD,71937.00,4271.95,,,
SUPREMEIND,SUPREME INDUSTRIES LTD,175072.00,7778.89,,,
TIRUMALCHM,THIRUMALAI CHEMICALS LTD,1544215.00,4558.40,,,
IKS,INVENTURUS KNOWLEDGE SO L,456484.00,7323.01,,,
TRANSRAILL,TRANSRAIL LIGHTING LTD,2675285.00,19777.23,,,
RTNINDIA,RATTANINDIA ENT LIMITED,16595951.00,9604.55,,,
ACE,ACTION CONST EQUIP LTD,823235.00,9736.86,,,
AWFIS,AWFIS SPACE SOLUTIONS LTD,818094.00,5009.19,,,
EPIGRAL,EPIGRAL LIMITED,264190.00,4719.44,,,
FEDERALBNK,FEDERAL BANK LTD,5831719.00,11640.75,,,
APOLLO,APOLLO MICRO SYSTEMS LTD,2991918.00,7589.64,,,
LXCHEM,LAXMI ORGANIC INDUS LTD,2784847.00,6336.59,,,
OLECTRA,OLECTRA GREENTECH LIMITED,2009442.00,30631.04,,,
HINDALCO,HINDALCO  INDUSTRIES  LTD,1379962.00,9668.30,,,
TRITURBINE,TRIVENI TURBINE LIMITED,1089811.00,6512.94,,,
SANSTAR,SANSTAR LIMITED,1122109.00,1145.59,,,
SUPRAJIT,SUPRAJIT ENGINEERING LIMI,261837.00,1252.35,,,
POLICYBZR,PB FINTECH LIMITED,406977.00,7340.27,,,
RAMKY,RAMKY INFRA LTD,1281942.00,7337.58,,,
DAMCAPITAL,DAM CAPITAL ADVISORS LTD,1364708.00,3371.42,,,
BELRISE,BELRISE INDUSTRIES LTD,14379383.00,20940.99,,,
ACC,ACC LIMITED,790326.00,15232.78,,,
ESCORTS,ESCORTS KUBOTA LIMITED,234796.00,8535.25,,,
RENUKA,SHREE RENUKA SUGARS LIMIT,21523477.00,7781.19,,,
LLOYDSME,LLOYDS METALS N ENERGY L,1366560.00,17888.82,,,
ZENTEC,ZEN TECHNOLOGIES LIMITED,830835.00,13599.26,,,
SHRIRAMPPS,SHRIRAM PROPERTIES LTD,5458955.00,5383.21,,,
WAAREERTL,WAAREE RENEWABLE TECH LTD,490486.00,5418.86,,,
DLINKINDIA,D-LINK INDIA LTD,402062.00,2006.20,,,
THYROCARE,THYROCARE TECH LTD,47849.00,600.64,,,
PAISALO,PAISALO DIGITAL LIMITED,12515628.00,4797.78,,,
PRAKASH,PRAKASH INDUSTRIES LTD,3245889.00,5372.86,,,
GLENMARK,GLENMARK PHARMACEUTICALS,295574.00,5975.05,,,
HYUNDAI,HYUNDAI MOTOR INDIA LTD,385878.00,10012.81,,,
JBMA,JBM AUTO LIMITED,2462154.00,17190.66,,,
JINDALSTEL,JINDAL STEEL LIMITED,347163.00,3490.04,,,
SURYODAY,SURYODAY SMALL FIN BK LTD,582905.00,824.56,,,
COROMANDEL,COROMANDEL INTERNTL. LTD,186910.00,4451.08,,,
GEOJITFSL,GEOJIT FINANCIAL SER L,1599793.00,1352.24,,,
ALEMBICLTD,ALEMBIC LIMITED,2525291.00,3055.14,,,
SIGACHI,SIGACHI INDUSTRIES LTD,9156816.00,4002.66,,,
BLACKBUCK,BLACKBUCK LIMITED,1405063.00,8241.17,,,
INFIBEAM,INFIBEAM AVENUES LIMITED,23320575.00,4368.67,,,
SBC,SBC EXPORTS LIMITED,27380608.00,4630.08,,,
BLUEJET,BLUE JET HEALTHCARE LTD,2544086.00,19033.03,,,
AFCONS,AFCONS INFRASTRUCTURE LTD,1367032.00,6159.67,,,
PGEL,PG ELECTROPLAST LTD,4079823.00,22644.24,,,
MFSL,MAX FINANCIAL SERV LTD,72394.00,1125.84,,,
TATSILV,TATAAML-TATSILV,8460523.00,1164.11,,,
WHEELS,WHEELS INDIA LTD,80200.00,653.67,,,
RHIM,RHI MAGNESITA INDIA LTD,949774.00,4779.48,,,
SANGHVIMOV,SANGHVI MOVERS LTD,1245080.00,4161.86,,,
MMTC,MMTC LIMITED,2318861.00,1679.68,,,
AVANTIFEED,AVANTI FEEDS LIMITED,1191660.00,8881.76,,,
PREMEXPLN,PREMIER EXPLOSIVES LTD,888741.00,5220.22,,,
RPEL,RAGHAV PRODUCTIVITY ENH L,86138.00,560.33,,,
EMAMILTD,EMAMI LIMITED,632093.00,3803.99,,,
DALMIASUG,DALMIA BHARAT SUG IN LTD,278002.00,1095.20,,,
CONFIPET,CONFIDENCE PETRO IND LTD.,3482075.00,2187.67,,,
SBICARD,SBI CARDS & PAY SER LTD,644486.00,5818.26,,,
EICHERMOT,EICHER MOTORS LTD,88557.00,5768.11,,,
ASTRAZEN,ASTRAZENECA PHARMA IND LT,28234.00,2294.24,,,
KIRLPNU,KIRLOSKAR PNEUMATIC COM L,124104.00,1636.19,,,
DOLLAR,DOLLAR INDUSTRIES LIMITED,176928.00,710.23,,,
JTEKTINDIA,JTEKT INDIA LIMITED,494297.00,872.06,,,
VOLTAMP,VOLTAMP TRANSFORMERS LTD,122856.00,10172.12,,,
KSCL,KAVERI SEED COMPANY LIMIT,353899.00,4236.24,,,
BAYERCROP,BAYER CROPSCIENCE LTD,67487.00,3614.77,,,
SHAKTIPUMP,SHAKTI PUMPS (I) LTD,898720.00,7970.33,,,
SPIC,SPIC LTD,3050945.00,3152.47,,,
DATAMATICS,DATAMATICS GLOBAL SER LTD,375789.00,3248.43,,,
ZUARI,ZUARI AGRO CHEMICALS LTD,469276.00,1314.56,,,
HARIOMPIPE,HARIOM PIPE INDUSTRIES L,487973.00,2616.36,,,
VIMTALABS,VIMTA LABS LIMITED,402216.00,3002.17,,,
HUHTAMAKI,HUHTAMAKI INDIA LIMITED,1144495.00,3976.66,,,
AUTOIND,AUTOLINE INDUSTRIES LTD,55199.00,45.30,,,
LUMAXTECH,LUMAX AUTO TECH LTD,179411.00,1871.43,,,
LALPATHLAB,DR. LAL PATH LABS LTD.,73582.00,2383.03,,,
NAZARA,NAZARA TECHNOLOGIES LTD,30998212.00,88763.74,,,
SCILAL,SHIPPING CORP OF ILA LTD,2006258.00,1092.89,,,
MANALIPETC,MANALI PETROCHEMICALS LT,724174.00,555.66,,,
TVSHLTD,TVS HOLDINGS LIMITED,15358.00,1849.16,,,
TEXINFRA,TEXMACO INFRA & HOLDG LTD,706714.00,827.53,,,
PAGEIND,PAGE INDUSTRIES LIMITED,9636.00,4287.88,,,
SHALBY,SHALBY LIMITED,811208.00,1940.39,,,
VENUSPIPES,VENUS PIPES & TUBES LTD,314708.00,4454.25,,,
RPTECH,RASHI PERIPHERALS LIMITED,270172.00,870.75,,,
ATHERENERG,ATHER ENERGY LIMITED,948765.00,5188.19,,,
OMINFRAL,OM INFRA LIMITED,451526.00,529.98,,,
MHRIL,MAHINDRA HOLIDAYS LTD,288544.00,1057.41,,,
CPSEETF,CPSE ETF,2809441.00,2608.32,,,
JGCHEM,J.G.CHEMICALS LIMITED,227325.00,1091.78,,,
METROPOLIS,METROPOLIS HEALTHCARE LTD,53645.00,1111.01,,,
IFBIND,IFB INDUSTRIES LTD,264329.00,4223.60,,,
TVSSRICHAK,TVS SRICHAKRA LIMITED,6785.00,241.81,,,
MOLDTKPAC,MOLD TEK PACKAGING LTD,156671.00,1145.86,,,
THANGAMAYL,THANGAMAYIL JEWELLERY LTD,21687.00,452.31,,,
AEGISVOPAK,AEGIS VOPAK TERMINALS LTD,372415.00,964.26,,,
PROZONER,PROZONE REALTY LIMITED,329383.00,186.45,,,
PRIVISCL,PRIVI SPECIALITY CHE LTD,439950.00,10350.46,,,
VIKRAN,VIKRAN ENGINEERING LTD,361990.00,348.69,,,
FINIETF,ICICIPRAMC-ICICIFIN,560081.00,168.32,,,
SERVOTECH,SERVOTECH POWER SYS LTD.,547355.00,758.26,,,
DOLATALGO,DOLAT ALGOTECH LIMITED,646569.00,611.00,,,
ORIENTELEC,ORIENT ELECTRIC LIMITED,363655.00,803.97,,,
TARC,TARC LIMITED,1977326.00,3487.09,,,
BIRLANU,BIRLANU LIMITED,42613.00,936.02,,,
EIHAHOTELS,EIH ASSOCIATED HOTELS LTD,38376.00,150.04,,,
INDIANHUME,INDIAN HUME PIPE CO. LTD.,88133.00,365.36,,,
AGARIND,AGARWAL INDS CORP LTD.,43006.00,433.85,,,
OAL,ORIENTAL AROMATICS LTD,21731.00,98.89,,,
SHOPERSTOP,SHOPPERS STOP LIMITED,70149.00,410.89,,,
HESTERBIO,HESTER BIOSCIENCES LTD,7796.00,164.38,,,
GREENLAM,GREENLAM INDUSTRIES LTD.,132220.00,339.62,,,
AMRUTANJAN,AMRUTAJAN HEALTH LTD,42526.00,321.78,,,
DIVGIITTS,DIVGI TORQTRANSFER SYST L,12767.00,85.69,,,
VIKASLIFE,VIKAS LIFECARE LIMITED,746462.00,22.28,,,
INDIQUBE,INDIQUBE SPACES LIMITED,191039.00,450.17,,,
SIS,SIS LIMITED,121473.00,445.75,,,
RESPONIND,RESPONSIVE INDUSTRIES LTD,1993400.00,4568.22,,,
MENONBE,MENON BEARINGS LIMITED,18152.00,25.02,,,
HINDCOMPOS,HINDUSTAN COMPOSITES LTD,4159.00,19.54,,,
KUANTUM,KUANTUM PAPERS LIMITED,301393.00,366.95,,,
GHCLTEXTIL,GHCL TEXTILES LIMITED,106950.00,96.36,,,
LYKALABS,LYKA LABS LTD,20875.00,26.64,,,
RUSHIL,RUSHIL DECOR LIMITED,1025118.00,343.45,,,
KOTARISUG,KOTHARI SUG & CHEM LTD.,19669.00,6.85,,,
SHIVAMAUTO,SHIVAM AUTO.LTD,49292.00,16.28,,,
UFO,UFO MOVIEZ INDIA LTD.,89679.00,83.18,,,
KROSS,KROSS LIMITED,903377.00,1942.55,,,
SCODATUBES,SCODA TUBES LIMITED,359851.00,693.17,,,
BALPHARMA,BAL PHARMA LTD.,150.00,0.13,,,
ALPL30IETF,ICICIPRAMC - ICICIALPLV,929337.00,264.28,,,
GUJTHEM,GUJARAT THEMIS BIOSYN LTD,1032069.00,4183.33,,,
MOM30IETF,ICICIPRAMC - ICICIMOM30,3039363.00,982.97,,,
UNIMECH,UNIMECH AEROSPACE N MFG L,26527.00,285.35,,,
VALIANTLAB,VALIANT LABORATORIES LTD,23989.00,24.22,,,
HIRECT,HIND RECTIFIER LIMITED,38714.00,623.62,,,
VALIANTORG,VALIANT ORGANICS LIMITED,3175.00,15.32,,,
MEDICO,MEDICO REMEDIES LIMITED,14207.00,6.19,,,
SINCLAIR,SINCLAIRS HOTELS LIMITED,42203.00,47.17,,,
JPOLYINVST,JIND POL INV & FIN CO LTD,2146.00,18.68,,,
STANLEY,STANLEY LIFESTYLES LTD,79973.00,262.72,,,
DAVANGERE,DAVANGERE SUGAR COMPANY L,7276997.00,289.63,,,
SGFIN,SG FINSERVE LIMITED,36147.00,134.36,,,
INDBANK,INDBANK MERCH BANK,695.00,0.27,,,
NV20IETF,ICICI PRUDENTIAL NV20 ETF,832544.00,121.40,,,
RML,RANE (MADRAS) LIMITED,26672.00,233.81,,,
TOP10ADD,DSPAMC - TOP10ADD,117077.00,112.50,,,
VIDHIING,VIDHI SPCLTY F INGRDNTS L,826928.00,3572.84,,,
OSWALAGRO,OSWAL AGRO MILLS LTD,149491.00,128.65,,,
INVENTURE,INVENTURE GRO & SEC LTD,159162.00,3.21,,,
BORANA,BORANA WEAVES LIMITED,44263.00,99.51,,,
BANARISUG,BANNARI AMMAN SUGARS,280.00,10.60,,,
MOREALTY,MOTILALAMC - MOREALTY,913628.00,836.16,,,
MID150CASE,ZERODHAAMC - MID150CASE,1340113.00,144.29,,,
SENSEXETF,MIRAEAMC - SENSEXETF,5155.00,4.32,,,
TOP100CASE,ZERODHAAMC - TOP100CASE,180314.00,19.19,,,
MOQUALITY,MOTILALAMC - MOQUALITY,1270.00,2.48,,,
FOSECOIND,FOSECO INDIA LTD,4006.00,238.64,,,
BANKBETF,BFAM - BANKBETF,11371.00,6.34,,,
SNXT30BEES,NIPPONAMC - SNXT30BEES,2554.00,1.00,,,
VAL30IETF,ICICIPRAMC - VAL30IETF,5277.00,0.70,,,
BFSI,MIRAEAMC - MAFSETF,1269875.00,343.66,,,
INFRABEES,NIP IND ETF INFRA BEES,37639.00,353.56,,,
EVIETF,ICICIPRAMC - EVIETF,175716.00,56.07,,,
HDFCNIFIT,HDFCAMC - HDFCNIFIT,380496.00,141.84,,,
MIDSELIETF,ICICI PRUD MIDCAP SEL ETF,751929.00,134.67,,,
MAGADSUGAR,MAGADH SUGAR & ENERGY LTD,16950.00,118.37,,,
AYMSYNTEX,AYM SYNTEX LIMITED,14109.00,28.57,,,
MURUDCERA,MURUDESHWAR CERAMICS LTD,6630.00,3.31,,,
ASHOKAMET,ASHOKA METCAST LIMITED,936.00,0.17,,,
BANSWRAS,BANSWARA SYNTEX LIMITED,3608.00,5.89,,,
IVP,IVP LTD,1270.00,2.09,,,
KRISHANA,KRISHANA PHOSCHEM LIMITED,89807.00,465.01,,,
JAYAGROGN,JAYANT AGRO ORGANICS LTD,14650.00,39.80,,,
ICEMAKE,ICE MAKE REFRIGERAT LTD,27347.00,229.06,,,
VHL,VARDHMAN HOLDINGS LIMITED,367.00,17.21,,,
AHLEAST,ASIAN HOTELS (EAST) LTD,962.00,1.48,,,
PRIMO,PRIMO CHEMICALS LIMITED,12645.00,3.51,,,
PILITA,PIL ITALICA LIFESTYLE LTD,70893.00,10.14,,,
AMJLAND,AMJ LAND HOLDINGS LIMITED,200.00,0.12,,,
KOTHARIPET,KOTHARI PETROCHEM LTD,92575.00,154.67,,,
CENTEXT,CENTURY EXTRUSIONS LIMITE,6655.00,1.62,,,
BANKETFADD,DSPAMC - DSPBANKETF,5414.00,3.09,,,
UTINIFTETF,UTIAMC-UTINIFTETF,9529.00,25.86,,,
EGOLD,EDELAMC - EGOLD,64177.00,67.12,,,
BALAJITELE,BALAJI TELEFILMS LIMITED.,53098.00,69.57,,,
AXISCADES,AXISCADES TECH LTD,7242.00,122.92,,,
MOMIDMTM,MOTILALAMC - MOMIDMTM,3666.00,2.26,,,
SILVER360,360ONEAMC - SILVER360,946.00,1.41,,,
AXISNIFTY,AXISAMC - AXISNIFTY,19755.00,53.87,,,
SBIETFPB,SBIAMC - SBIETFPB,991.00,2.67,,,
BANKPSU,MIRAEAMC - BANKPSU,13139.00,9.54,,,
RISHABH,RISHABH INSTRUMENTS LTD,38702.00,162.21,,,
GUJAPOLLO,GUJ. APOLLO IND. LTD.,1115.00,5.60,,,
STEL,STEL HOLDINGS LIMITED,400.00,1.99,,,
JUBLCPL,JUBILANT AGRI N CON PRO L,71.00,1.94,,,
SKMEGGPROD,SKM EGG PROD EXPORT(I) LT,618.00,1.66,,,
ELDEHSG,ELDECO HSG & IND LTD.,338.00,2.69,,,
ATALREAL,ATAL REALTECH LIMITED,1412604.00,307.14,,,
PODDARMENT,PODDAR PIGMENTS LIMITED,261.00,0.79,,,
JINDALPHOT,JINDAL PHOTO LIMITED,520.00,6.05,,,
GOKUL,GOKUL REFOILS AND SOLVENT,9788.00,4.17,,,
MEGASOFT,MEGASOFT LTD,850.00,1.34,,,
TRU,TRUCAP FINANCE LIMITED,7914.00,1.21,,,
LIQUIDBETF,BFAM - LIQUIDBETF,30.00,0.31,,,
AARTISURF,AARTI SURFACTANTS LIMITED,1207.00,6.03,,,
LIQUID1,KOTAKMAMC - KOTAKLIQ,62.00,0.66,,,
SHANKARA,SHANKARA BLDG PRODUCT LTD,1834.00,4.98,,,
RHFL,RELIANCE HOME FINANCE LTD,10000.00,0.56,,,
SUNDARAM,SUNDARAM MULTI PAP LTD,33772.00,0.72,,,
ABSLLIQUID,BIRLASLAMC - ABSLLIQUID,11.00,0.11,,,
ABINFRA,A B INFRABUILD LIMITED,220.00,0.44,,,
INTENTECH,INTENSE TECHNOLOGIES LTD,500.00,0.67,,,
BTML,BODHI TREE MULTIMEDIA LTD,1000.00,0.09,,,
MEIL,MANGAL ELECTRICAL IND L,10670.00,50.70,,,
TATATECH,TATA TECHNOLOGIES LIMITED,3682914.00,28409.84,,,
RAJESHEXPO,RAJESH EXPORTS LTD,1819722.00,4013.14,,,
CANBK,CANARA BANK,23941510.00,25885.34,,,
HFCL,HFCL LIMITED,40534998.00,36789.26,,,
PNB,PUNJAB NATIONAL BANK,31836796.00,34214.02,,,
IREDA,INDIAN RENEWABLE ENERGY,24546702.00,41150.91,,,
PFC,POWER FIN CORP LTD.,13925682.00,58737.88,,,
BEML,BEML LIMITED,832167.00,36115.37,,,
NUVAMA,NUVAMA WEALTH MANAGE LTD,196510.00,13466.13,,,
CHOLAFIN,CHOLAMANDALAM IN & FIN CO,260718.00,3990.40,,,
MGL,MAHANAGAR GAS LTD.,682480.00,9658.55,,,
NLCINDIA,NLC INDIA LIMITED,4716433.00,11568.63,,,
SUZLON,SUZLON ENERGY LIMITED,138935866.00,85358.22,,,
REDINGTON,REDINGTON LIMITED,3594753.00,10352.02,,,
KPITTECH,KPIT TECHNOLOGIES LIMITED,1752605.00,23144.27,,,
AADHARHFC,AADHAR HOUSING FINANCE L,1007165.00,5136.62,,,
KAJARIACER,KAJARIA CERAMICS LTD,525393.00,6112.15,,,
QUADFUTURE,QUADRANT FUTURE TEK LTD,544961.00,2465.38,,,
SILVERBEES,NIPPONAMC - NETFSILVER,17245713.00,21053.99,,,
DHANI,DHANI SERVICES LIMITED,5713989.00,3783.04,,,
SBIN,BOND 9.75% PA RET. S3,5231713.00,42149.44,,,
BAJAJHFL,BAJAJ HOUSING FINANCE LTD,22171001.00,26836.90,,,
CASTROLIND,CASTROL INDIA LIMITED,7672997.00,16761.01,,,
AWL,AWL AGRI BUSINESS LIMITED,4711488.00,13092.64,,,
CELLO,CELLO WORLD LIMITED,584481.00,3623.98,,,
RELIANCE,RELIANCE INDUSTRIES LTD,9552431.00,133356.23,,,
SKIPPER,SKIPPER LIMITED,1056691.00,5572.40,,,
EMIL,ELECTRONICS MART IND LTD,2930220.00,4443.57,,,
GICRE,GENERAL INS CORP OF INDIA,2846590.00,11326.30,,,
LTTS,L&T TECHNOLOGY SER. LTD.,248493.00,11033.44,,,
CROMPTON,CROMPT GREA CON ELEC LTD,5477473.00,18033.55,,,
DCW,DCW LIMITED,4375068.00,3420.22,,,
DLF,DLF LIMITED,4724343.00,37213.21,,,
ERIS,ERIS LIFESCIENCES LIMITED,90881.00,1523.50,,,
DCXINDIA,DCX SYSTEMS LIMITED,2598075.00,7455.26,,,
ABB,ABB INDIA LIMITED,460803.00,26668.54,,,
KEC,KEC INTL. LIMITED,1246665.00,11058.21,,,
SAMMAANCAP,SAMMAAN CAPITAL LIMITED,43747536.00,63302.07,,,
GLOBUSSPR,GLOBUS SPIRITS LTD,219445.00,2468.25,,,
NAVINFLUOR,NAVIN FLUORINE INT. LTD,95648.00,4442.05,,,
NBCC,NBCC (INDIA) LIMITED,21526731.00,24053.32,,,
RPOWER,RELIANCE POWER LTD.,5519128.00,2496.74,,,
BALKRISIND,BALKRISHNA IND. LTD,148619.00,3784.73,,,
SOBHA,SOBHA LIMITED,273853.00,4328.93,,,
BIKAJI,BIKAJI FOODS INTERN LTD,498017.00,3893.79,,,
CHOICEIN,CHOICE INTERNATIONAL LTD,1589447.00,12094.51,,,
THOMASCOOK,CLASSB 0.001% CCR PREF.SH,2923173.00,5004.72,,,
ADANIPOWER,ADANI POWER LTD,24371456.00,34716.60,,,
JKTYRE,JK TYRE & INDUSTRIES LTD,1500245.00,5640.73,,,
MOL,MEGHMANI ORGANICS LIMITED,5545161.00,4950.21,,,
PAYTM,ONE 97 COMMUNICATIONS LTD,1582854.00,15704.70,,,
BIOCON,BIOCON LIMITED.,3295499.00,12189.50,,,
VPRPL,VISHNU PRAKASH R PUNGLI L,3303529.00,4684.24,,,
SHARDACROP,SHARDA CROPCHEM LTD.,283133.00,2522.52,,,
POLYCAB,POLYCAB INDIA LIMITED,161740.00,10412.15,,,
MUTHOOTMF,MUTHOOT MICROFIN LIMITED,638101.00,1013.58,,,
SUNPHARMA,SUN PHARMACEUTICAL IND L,596236.00,9991.67,,,
SAPPHIRE,SAPPHIRE FOODS INDIA LTD,1794609.00,5780.17,,,
BLS,BLS INTL SERVS LTD,7114802.00,27127.50,,,
TORNTPOWER,TORRENT POWER LTD,875078.00,11804.75,,,
UNIECOM,UNICOMMERCE ESOLUTIONS L,1074327.00,1586.80,,,
SHYAMMETL,SHYAM METALICS AND ENGY L,1042589.00,8911.49,,,
RATEGAIN,RATEGAIN TRAVEL TECHN LTD,2344659.00,13257.87,,,
CANTABIL,CANTABIL RETAIL LTD,1153318.00,3081.66,,,
JASH,JASH ENGINEERING LIMITED,275493.00,1524.57,,,
DEEPINDS,DEEP INDUSTRIES LIMITED,538255.00,2692.73,,,
AVANTEL,AVANTEL LIMITED,4765590.00,8318.07,,,
IONEXCHANG,ION EXCHANGE (INDIA) LTD,813791.00,4174.89,,,
INDIANB,INDIAN BANK,469365.00,3034.97,,,
SALASAR,SALASAR TECHNO ENGG. LTD.,13537042.00,1414.45,,,
DIAMONDYD,PRATAAP SNACKS LIMITED,826924.00,8486.51,,,
KRBL,KRBL LIMITED,1559827.00,6041.19,,,
ARKADE,ARKADE DEVELOPERS LIMITED,2826623.00,5128.22,,,
HEIDELBERG,HEIDELBERGCEMENT (I) LTD,844956.00,1812.88,,,
ADSL,ALLIED DIGITAL SERVICES L,346974.00,687.61,,,
ITI,ITI LTD,630467.00,2055.02,,,
UNIVCABLES,UNIVCABLES NPP130599 DEPO,245525.00,1614.48,,,
GIPCL,GIPCL - NPP(220399) DEPO,2214689.00,4551.08,,,
PREMIERENE,PREMIER ENERGIES LIMITED,3107592.00,32639.30,,,
CEIGALL,CEIGALL INDIA LIMITED,626576.00,1728.81,,,
GANESHHOU,GANESH HOUSING LIMITED,453326.00,4344.99,,,
JYOTICNC,JYOTI CNC AUTOMATION LTD,841319.00,8836.87,,,
CLSEL,CHAMAN LAL SETIA EXP LTD,225434.00,700.66,,,
LIKHITHA,LIKHITHA INFRASTRUC LTD,226466.00,690.30,,,
PTCIL,PTC INDUSTRIES LIMITED,32775.00,4825.73,,,
ACMESOLAR,ACME SOLAR HOLDINGS LTD,1851339.00,5492.01,,,
SUDARSCHEM,SUDARSHAN CHEMICAL INDS L,222677.00,2682.50,,,
CSBBANK,CSB BANK LIMITED,860381.00,3243.88,,,
MASFIN,MAS FINANCIAL SERV LTD,286707.00,867.72,,,
GARUDA,GARUDA CONSTRUCT N ENG L,681558.00,1317.04,,,
HOMEFIRST,HOME FIRST FIN CO IND LTD,279972.00,3536.89,,,
MANGLMCEM,MANGLMCEM,889068.00,6823.38,,,
QUICKHEAL,QUICK HEAL TECH LTD,630188.00,2259.66,,,
UBL,UNITED BREWERIES LTD,198876.00,3825.15,,,
AIIL,AUTHUM INVEST & INFRA LTD,80491.00,2297.50,,,
PSUBNKIETF,ICICIPRAMC - PSUBANKICI,384028.00,279.43,,,
RUPA,RUPA & COMPANY LTD,505932.00,1135.50,,,
DEN,DEN NETWORKS LTD,3152694.00,1270.58,,,
AJAXENGG,AJAX ENGINEERING LIMITED,138296.00,924.41,,,
PLATIND,PLATINUM INDUSTRIES LTD,504629.00,1567.26,,,
RUCHIRA,RUCHIRA PAPERS LIMITED,124371.00,192.10,,,
HONASA,HONASA CONSUMER LIMITED,465093.00,1348.09,,,
ARIES,ARIES AGRO LIMITED,106018.00,422.36,,,
NEXT50IETF,ICICIPRAMC - ICICINXT50,915317.00,662.93,,,
MASTERTR,MASTER TRUST LIMITED,875578.00,1302.57,,,
VESUVIUS,VESUVIUS INDIA LTD,221345.00,1204.59,,,
HDFCGOLD,HDFC GOLD ETF,1664259.00,1522.04,,,
PDMJEPAPER,PUDUMJEE PAPER PRO. LTD,98652.00,127.77,,,
CARERATING,CARE RATINGS LIMITED,148115.00,2651.28,,,
PGHH,P&G HYGIENE & HEALTH CARE,5644.00,786.20,,,
PRUDENT,PRUDENT CORP ADV SER LTD,27664.00,741.64,,,
SHK,S H KELKAR AND CO. LTD.,625907.00,1557.22,,,
SAMBHV,SAMBHV STEEL TUBES LTD,1690284.00,2012.74,,,
ADFFOODS,ADF FOODS LIMITED,736857.00,1939.48,,,
UNIPARTS,UNIPARTS INDIA LIMITED,155695.00,637.51,,,
GNA,GNA AXLES LIMITED,161821.00,562.83,,,
GTPL,GTPL HATHWAY LIMITED,36429.00,47.50,,,
TALBROAUTO,TALBROS AUTO. COMP. LTD,214212.00,667.37,,,
CENTUM,CENTUM ELECTRONICS LTD,43414.00,1106.68,,,
ADOR,ADOR WELDING LTD,24672.00,266.55,,,
UGARSUGAR,THE UGAR SUGAR WORKS LTD,311828.00,159.91,,,
RATNAMANI,RATNAMANI MET & TUB LTD.,40269.00,1089.03,,,
EIMCOELECO,EIMCO ELECON (INDIA) LTD,32554.00,647.37,,,
GANESHBE,GANESH BENZOPLAST LIMITED,342756.00,404.14,,,
RAYMONDREL,RAYMOND REALTY LIMITED,555449.00,3477.89,,,
HNDFDS,HINDUSTAN FOODS LIMITED,64800.00,357.15,,,
PITTIENG,PITTI ENGINEERING LIMITED,134092.00,1374.79,,,
PGHL,PROCTER & GAMBLE HEALTH L,20643.00,1288.03,,,
SOLARA,SOLARA ACTIVE PHA SCI LTD,116200.00,740.80,,,
JSLL,JEENA SIKHO LIFECARE LTD,43417.00,346.88,,,
NELCAST,NELCAST LIMITED,90451.00,140.27,,,
MADRASFERT,MADRAS FERTILISERS LTD,527274.00,500.31,,,
SHREECEM,SHREE CEMENT LIMITED,10600.00,3152.06,,,
INFOBEAN,INFOBEANS TECHNO. LTD.,18313.00,105.54,,,
EXPLEOSOL,EXPLEO SOLUTIONS LIMITED,39800.00,458.03,,,
SANATHAN,SANATHAN TEXTILES LIMITED,78911.00,396.61,,,
BLKASHYAP,B.L.KASHYAP & SON LTD,667250.00,471.14,,,
MAHSCOOTER,MAHARASHTRA SCOOTERS LTD,12252.00,1772.20,,,
MUKKA,MUKKA PROTEINS LIMITED,642548.00,203.62,,,
DPWIRES,D P WIRES LIMITED,29855.00,83.60,,,
NILASPACES,NILA SPACES LIMITED,28921.00,4.70,,,
BLUESTONE,BLUESTONE JEWEL LFSTL LTD,10084.00,62.38,,,
AUTOBEES,NIPPONAMC - NETFAUTO,237898.00,638.11,,,
THELEELA,SCHLOSS BANGALORE LIMITED,123544.00,531.92,,,
AXITA,AXITA COTTON LIMITED,54875.00,7.13,,,
HMAAGRO,HMA AGRO INDUSTRIES LTD,451679.00,154.34,,,
ASAL,AUTOMOTIVE STAMPINGS & AS,40775.00,239.52,,,
ORICONENT,ORICON ENTERPRISES LTD,311772.00,154.63,,,
HPAL,HP ADHESIVES LIMITED,112155.00,90.49,,,
GSLSU,GLOBAL SURFACES LIMITED,202587.00,285.32,,,
ESTER,ESTER INDUSTRIES LTD,301054.00,405.61,,,
RSWM,RSWM LIMITED,296846.00,513.77,,,
SPENCERS,SPENCER S RETAIL LIMITED,380342.00,297.46,,,
JNKINDIA,JNK INDIA LIMITED,130353.00,452.78,,,
TTKHLTCARE,TTK HEALTHCARE LIMITED,1844.00,24.69,,,
JUNIPER,JUNIPER HOTELS LIMITED,106317.00,347.81,,,
IFGLEXPOR,IFGL REFRACTORIES LIMITED,38010.00,116.07,,,
APOLSINHOT,APOLLO SINDOORI HOTEL LTD,501.00,8.37,,,
LOVABLE,LOVABLE LINGERIE LTD,6004.00,7.71,,,
PATINTLOG,PATEL INTEGRATED LOGISTIC,101510.00,17.43,,,
CAMLINFINE,CAMLIN FINE SCIENCES LTD,1566416.00,3251.36,,,
HITECHCORP,HITECH CORPORATION LTD,1415.00,2.95,,,
SETFNIF50,SBI-ETF NIFTY 50,434884.00,1148.54,,,
SETFNIFBK,SBI-ETF NIFTY BANK,16842.00,95.90,,,
ASHIANA,ASHIANA HOUSING LTD,99004.00,310.84,,,
RAMCOSYS,RAMCO SYSTEMS LTD,34345.00,167.10,,,
KHADIM,KHADIM INDIA LIMITED,12370.00,36.14,,,
RELINFRA,RELIANCE INFRASTRUCTU LTD,147806.00,357.34,,,
PLAZACABLE,PLAZA WIRES LIMITED,2705.00,1.68,,,
JAYSREETEA,JAYSHREE TEA & INDUSTRIES,35083.00,38.84,,,
JITFINFRA,JITF INFRALOGISTICS LTD,10249.00,40.83,,,
AKSHARCHEM,AKSHARCHEM INDIA LIMITED,250.00,0.77,,,
PAVNAIND,PAVNA INDUSTRIES LIMITED,26292.00,11.55,,,
BEDMUTHA,BEDMUTHA INDUST LTD,7083.00,10.25,,,
ANDREWYU,ANDREW YULE & CO LTD,3900.00,1.04,,,
DEVIT,DEV INFO TECHNOLOGY LTD,27642.00,13.83,,,
TOLINS,TOLINS TYRES LIMITED,317692.00,598.79,,,
MODISONLTD,MODISON LIMITED,68450.00,115.67,,,
GALAPREC,GALA PRECISION ENG LTD,50067.00,473.88,,,
STCINDIA,THE STATE TRADING CORPN,13011.00,18.86,,,
NACLIND,NACL INDUSTRIES LIMITED,2884.00,2.92,,,
TRF,TRF LIMITED,24313.00,93.39,,,
ALPHAETF,MIRAEAMC - ALPHAETF,2253956.00,573.10,,,
NIFTYBETF,BFAM - NIFTYBETF,1373.00,3.49,,,
MIDCAP,KOTAKMAMC - KOTAKMID50,76838.00,127.99,,,
NIFTYQLITY,BIRLASLAMC - NIFTYQLITY,41435.00,8.94,,,
MOMENTUM50,MOTILALAMC - MOMENTUM50,1985056.00,1034.46,,,
DIVOPPBEES,NIP IND ETF DIV OPP,156072.00,126.98,,,
HDFCPVTBAN,HDFCAMC - HDFCPVTBAN,63811.00,17.54,,,
AONETOTAL,AONEAMC - AONETOTAL,1006812.00,118.21,,,
QUAL30IETF,ICICIPRAMC - ICICIQTY30,538896.00,116.49,,,
UTISXN50,UTIAMC - UTISXN50,5013.00,4.53,,,
INTERNET,MIRAEAMC - INTERNET,5846.00,0.82,,,
PLASTIBLEN,PLASTIBLENDS INDIA LTD,3680.00,7.34,,,
HILINFRA,HIGHWAY INFRASTRUCTURE L,49572.00,41.32,,,
ALBERTDAVD,ALBERT DAVID LIMITED,3866.00,31.85,,,
SANDESH,SANDESH LTD,911.00,14.93,,,
BALAJEE,SHREE TIRUPATI BALAJEE L,120611.00,66.82,,,
LAMBODHARA,LAMBODHARA TEXTILES LTD.,10304.00,14.82,,,
DYNPRO,DYNEMIC PRODUCTS LIMITED,3870.00,14.19,,,
VLEGOV,VL E GOV AND IT SOL LTD,16856.00,5.55,,,
SIKKO,SIKKO INDUSTRIES LIMITED,4403.00,3.79,,,
DBOL,DHAMPUR BIO ORGANICS LTD,62369.00,57.24,,,
HARRMALAYA,HARRISON MALAYALAM LTD,9971.00,21.33,,,
RACLGEAR,RACL GEARTECH LIMITED,43774.00,497.22,,,
ALICON,ALICON CASTALLOY LIMITED,8091.00,84.74,,,
PRITI,PRITI INTERNATIONAL LTD,1416.00,1.25,,,
BBNPPGOLD,BARODABNP - BBNPPGOLD,5916.00,6.58,,,
EMMBI,EMMBI INDUSTRIES LIMITED,1201.00,1.52,,,
BSLSENETFG,BIRLASLAMC - BSLSENETFG,980.00,0.80,,,
SAHYADRI,SAHYADRI INDUSTRIES LTD,1681.00,5.03,,,
VETO,VETO SWITCHGEAR CABLE LTD,15086.00,18.31,,,
BHANDARI,BHANDARI HOSIERY EXP LTD,891779.00,46.17,,,
WEALTH,WEALTH FRST PORT. MG. LTD,467.00,5.58,,,
SGLTL,STANDARD GLASS LIN TECH L,97614.00,171.99,,,
PRIMESECU,PRIME SECURITIES LIMITED,912126.00,2548.21,,,
VENUSREM,VENUS REMEDIES LIMITED,250.00,0.85,,,
LICNETFGSC,LICNAMC - LICNMFET,6110.00,1.73,,,
SBIBPB,SBIAMC - SBIBPB,3161.00,1.35,,,
LIQUIDPLUS,MIRAEAMC - LIQUIDPLUS,68.00,0.72,,,
HMVL,HINDUSTAN MEDIA VENT LTD,26171.00,23.33,,,
CENTRUM,CENTRUM CAPITAL LIMITED,12620.00,4.66,,,
NRL,NUPUR RECYCLERS LIMITED,55934.00,43.02,,,
SRD,SHANKAR LAL RAMPAL LTD,102027.00,86.78,,,
INDSWFTLAB,IND SWIFT LABORATORIES LT,17.00,0.02,,,
CONSOFINVT,CONSO. FIN. & HOLD. LTD.,1688.00,3.73,,,
BCONCEPTS,BRAND CONCEPTS LIMITED,1570.00,6.84,,,
AVG,AVG LOGISTICS LIMITED,1782.00,4.95,,,
ABAN,ABAN OFFSHORE LTD.,750.00,0.58,,,
MITTAL,MITTAL LIFE STYLE LIMITED,8111.00,0.13,,,
CHEMBOND,CHEMBOND MATERIALTECH LTD,573.00,3.16,,,
SAKAR,SAKAR HEALTHCARE LIMITED,1252.00,3.18,,,
KAKATCEM,KAKATIYA CEM SUGAR &IND L,607.00,1.11,,,
ASMS,BARTRONICS INDIA LIMITED,35631.00,5.59,,,
INNOVANA,INNOVANA THINKLABS LTD,203.00,0.65,,,
ATAM,ATAM VALVES LIMITED,1889.00,1.85,,,
NATHBIOGEN,NATH BIO-GENES (I) LTD,2200.00,4.88,,,
DIGISPICE,DIGISPICE TECHNOLOGIES LT,791.00,0.26,,,
PASHUPATI,PASHUPATI COTSPIN LIMITED,710.00,5.07,,,
IWEL,INOX WIND ENERGY LIMITED,5.00,0.48,,,
SML100CASE,ZERODHAAMC - SML100CASE,89.00,0.01,,,
ANANTRAJ,ANANT RAJ LIMITED,5568868.00,36409.33,,,
BEL,BHARAT ELECTRONICS LTD,21743502.00,83154.21,,,
INFY,INFOSYS LIMITED,4368697.00,67341.61,,,
JSL,JINDAL STAINLESS LIMITED,421466.00,3145.54,,,
TRENT,TRENT LTD,2026895.00,107419.80,,,
SCI,SHIPPING CORP OF INDIA LT,7541601.00,17294.92,,,
NAUKRI,INFO EDGE (I) LTD,455223.00,6582.40,,,
IDEA,VODAFONE IDEA LIMITED,509877384.00,39686.41,,,
ALLCARGO,ALLCARGO LOGISTICS LTD,14748918.00,5533.44,,,
TRIDENT,TRIDENT LIMITED,28310366.00,9127.96,,,
TITAN,TITAN COMPANY LIMITED,632193.00,22008.43,,,
IRCON,IRCON INTERNATIONAL LTD,16710301.00,33965.23,,,
BAJAJHLDNG,BAJAJ HOLDINGS & INVS LTD,65397.00,8500.56,,,
ULTRACEMCO,ULTRATECH CEMENT LIMITED,102760.00,12589.20,,,
DABUR,DABUR INDIA LTD,1659712.00,8799.20,,,
BAJAJ-AUTO,BAJAJ AUTO LIMITED,478918.00,42569.43,,,
MAZDOCK,MAZAGON DOCK SHIPBUIL LTD,3507965.00,108292.69,,,
ITBEES,NIP IND ETF IT,21306981.00,8376.39,,,
J&KBANK,J&K BANK LTD.,18301162.00,19657.83,,,
ZEEL,ZEEL NPP 100799 DEPO,34771628.00,46216.87,,,
CONCOR,CONTAINER CORP OF IND LTD,3637052.00,21710.68,,,
PNBHOUSING,PNB HOUSING FIN LTD.,1811010.00,16275.01,,,
BAJFINANCE,BAJAJ FINANCE LIMITED,3065985.00,28886.04,,,
BANKBEES,NIP IND ETF BANK BEES,620419.00,3529.51,,,
IDFCFIRSTB,IDFC FIRST BANK LIMITED,54458380.00,38157.18,,,
RAIN,RAIN INDUSTRIES LIMITED,4912001.00,7420.12,,,
SMALLCAP,MIRAEAMC - SMALLCAP,5564338.00,2586.29,,,
WIPRO,WIPRO LTD,8572752.00,21820.86,,,
AXISBANK,AXIS BANK LIMITED,1721821.00,19809.91,,,
JUBLFOOD,JUBILANT FOODWORKS LTD,1699243.00,11316.96,,,
SANDUMA,SANDUR MANG & IRON ORES L,1787633.00,3276.83,,,
VMM,VISHAL MEGA MART LIMITED,6671366.00,9701.50,,,
FINPIPE,FINOLEX IND LTD.,2752910.00,6214.39,,,
CHALET,CHALET HOTELS LIMITED,163821.00,1611.67,,,
MUTHOOTFIN,MUTHOOT FINANCE LIMITED,74497.00,2101.93,,,
HDFCAMC,HDFC AMC LIMITED,93635.00,5033.35,,,
JYOTHYLAB,JYOTHY LABS LIMITED,1421606.00,5085.96,,,
TATACOMM,TATA COMMUNICATIONS LTD,356372.00,6067.88,,,
CENTRALBK,CENTRAL BANK OF INDIA,39084986.00,16160.75,,,
JSWENERGY,JSW ENERGY LIMITED,5060826.00,27073.98,,,
KNRCON,KNR CONSTRUCTIONS LIMITED,6032421.00,13796.69,,,
GLAXO,GLAXOSMITHKLINE PHARMACEU,114349.00,3399.14,,,
GRSE,GARDEN REACH SHIP&ENG LTD,1386936.00,36430.96,,,
NELCO,NELCO LTD,425610.00,4095.46,,,
OBEROIRLTY,OBEROI REALTY LIMITED,584173.00,10427.17,,,
COCHINSHIP,COCHIN SHIPYARD LIMITED,2716303.00,54998.49,,,
EDELWEISS,EDELWEISS FIN SERV LTD,17112229.00,18687.96,,,
EIHOTEL,EIH LIMITED,801240.00,3188.60,,,
SRF,SRF LTD,211062.00,6303.84,,,
SULA,SULA VINEYARDS LIMITED,2322551.00,7323.20,,,
KALYANKJIL,KALYAN JEWELLERS IND LTD,5337329.00,28080.43,,,
UJJIVANSFB,UJJIVAN SMALL FINANC BANK,22109305.00,10189.27,,,
NRBBEARING,NRB BEARING LIMITED,475721.00,1413.38,,,
VAIBHAVGBL,VAIBHAV GLOBAL LIMITED,1073768.00,2773.69,,,
PARKHOTELS,PARKHOTELS,4266262.00,6596.93,,,
GREENPLY,GREENPLY INDUSTRIES LTD,365407.00,1148.15,,,
ANURAS,ANUPAM RASAYAN INDIA LTD,3162991.00,30296.57,,,
SMSPHARMA,SMS PHARMACEUTICALS LTD.,440041.00,1208.44,,,
ADANIENSOL,ADANI ENERGY SOLUTION LTD,1627868.00,14324.68,,,
SOLARINDS,SOLAR INDUSTRIES (I) LTD,189358.00,27964.69,,,
GRASIM,GRASIM IND LTD.,289730.00,7777.22,,,
VGUARD,V-GUARD IND LTD.,432004.00,1701.02,,,
HITECH,HI-TECH PIPES LIMITED,7184762.00,8248.94,,,
PARAGMILK,PARAG MILK FOODS LTD.,4006646.00,8921.58,,,
SEPC,SEPC LIMITED,12961260.00,1963.61,,,
GVPIL,GE POWER INDIA LIMITED,528447.00,1871.03,,,
BCLIND,BCL INDUSTRIES LIMITED,1557166.00,700.00,,,
CUPID,CUPID LIMITED,20887518.00,30302.14,,,
NORTHARC,NORTHERN ARC CAPITAL LTD,3606500.00,9112.12,,,
DOMS,DOMS INDUSTRIES LIMITED,115199.00,3045.06,,,
BALRAMCHIN,BALRAMCHINNPP310100DEPO,933561.00,4923.22,,,
NETWORK18,NETWORK18 MEDIA & INV LTD,18735985.00,10687.12,,,
DRREDDY,DR. REDDY S LABORATORIES,477910.00,6155.18,,,
CGCL,CAPRI GLOBAL CAPITAL LTD,4858303.00,8764.33,,,
LLOYDSENT,LLOYDS ENTERPRISES LTD,39086679.00,26041.38,,,
GATEWAY,GATEWAY DISTRIPARKS LTD,5317506.00,3656.12,,,
NEWGEN,NEWGEN SOFTWARE TECH LTD,1196169.00,12171.49,,,
POCL,PONDY OXIDES & CHEM LTD,291696.00,3455.11,,,
PSB,PUNJAB & SIND BANK,10354063.00,3432.89,,,
DCMSHRIRAM,DCM SHRIRAM LIMITED,176134.00,2288.97,,,
MANINDS,MAN INDUSTRIES (I) LTD,558199.00,2156.69,,,
PROTEAN,PROTEAN EGOV TECHNO LTD,1170635.00,11483.26,,,
TCIEXP,TCI EXPRESS LIMITED,109045.00,901.33,,,
JAYNECOIND,JAYASWAL NECO INDUSTR LTD,6350259.00,3534.32,,,
ELECTCAST,ELECTCAST WARRANTS,7586597.00,8756.24,,,
AETHER,AETHER INDUSTRIES LIMITED,494619.00,3792.10,,,
RAINBOW,RAINBOW CHILDRENS MED LTD,166833.00,2443.17,,,
ANANDRATHI,ANAND RATHI WEALTH LTD,77107.00,2046.63,,,
BANSALWIRE,BANSAL WIRE INDUSTRIES L,189851.00,772.16,,,
PRECAM,PRECISION CAMSHAFTS LTD.,677928.00,1499.65,,,
IXIGO,LE TRAVENUES TECHNOLOGY L,2564509.00,6664.50,,,
TIMETECHNO,TIME TECHNOPLAST LTD.,2320632.00,5261.09,,,
AARTIDRUGS,AARTI DRUGS LTD.,237970.00,1226.32,,,
GPIL,GODAWARI POW & ISP LTD,8039107.00,17944.67,,,
PVRINOX,PVR INOX LIMITED,624938.00,7298.28,,,
SMLISUZU,SML ISUZU LIMITED,72666.00,2284.46,,,
VEEDOL,VEEDOL CORPORATION LTD,59535.00,1117.60,,,
HATHWAY,HATHWAY CABLE & DATACOM,28956776.00,4557.55,,,
ACI,ARCHEAN CHEMICAL IND LTD,295442.00,1963.67,,,
GSPL,GUJARAT STATE PETRO LTD,814539.00,2769.19,,,
CREDITACC,CREDITACCESS GRAMEEN LTD,344635.00,4317.09,,,
MPSLTD,MPS LIMITED,101295.00,2313.03,,,
ASHAPURMIN,ASHAPURA MINECHEM LTD,1531359.00,7427.18,,,
PURVA,PURAVANKARA LIMITED,679942.00,1969.76,,,
ANTELOPUS,ANTELOPUS SELAN ENRGY LTD,115161.00,744.27,,,
SIRCA,SIRCA PAINT INDIA LIMITED,1525563.00,6526.01,,,
SPMLINFRA,SPML INFRA LIMITED,1207719.00,3304.44,,,
GODIGIT,GO DIGIT GENERAL INS LTD,283158.00,1012.16,,,
AVALON,AVALON TECHNOLOGIES LTD,256114.00,2377.75,,,
BIRLACORPN,BIRLA CORPORATION LTD,273759.00,3629.75,,,
IPCALAB,IPCA LABORATORIES LTD,169470.00,2405.99,,,
MCLOUD,MAGELLANIC CLOUD LIMITED,4921158.00,3873.49,,,
NAVA,NAVA LIMITED,1737931.00,10533.04,,,
BSLNIFTY,ADITYBIRLA SL NIF ETF-GR,423654.00,122.36,,,
SCHAEFFLER,SCHAEFFLER INDIA LIMITED,50573.00,2024.73,,,
APOLLOPIPE,APOLLO PIPES LIMITED,385635.00,1667.57,,,
ASAHIINDIA,ASAHI INDIA GLASS LIMITED,185076.00,1612.25,,,
GOLDIETF,ICICI PRUDENTIAL GOLD ETF,2845931.00,2691.45,,,
SILVER,BIRLASLAMC - SILVER,1239331.00,1431.51,,,
SSWL,STEEL STRIPS WHEELS LTD.,769950.00,1830.42,,,
JCHAC,JOHNSON CONTROLS HITACHI,97580.00,1781.86,,,
AEROENTER,AEROFLEX ENTERPRISES LTD,957820.00,991.57,,,
GREENPANEL,GREENPANEL INDUSTRIES LTD,406011.00,1240.95,,,
BALAMINES,BALAJI AMINES LIMITED,266092.00,4449.69,,,
ZUARIIND,ZUARI INDUSTRIES LIMITED,237912.00,850.75,,,
GANECOS,GANESHA ECOSPHERE LIMITED,135808.00,2076.64,,,
HINDWAREAP,HINDWARE HME INOVATON LTD,1370501.00,4002.73,,,
JKIL,JKUMAR INFR.LTD.,627554.00,4356.67,,,
INNOVACAP,INNOVA CAPTAB LIMITED,70750.00,626.40,,,
GALAXYSURF,GALAXY SURFACTANTS LTD,45195.00,1113.46,,,
SINDHUTRAD,SINDHU TRADE LINKS LTD,2552497.00,619.91,,,
DWARKESH,DWARIKESH SUGAR IND LTD,2550024.00,1367.32,,,
MANYAVAR,VEDANT FASHIONS LIMITED,736097.00,5655.72,,,
VENTIVE,VENTIVE HOSPITALITY LTD,1212338.00,9120.81,,,
ORCHPHARMA,ORCHID PHARMA LIMITED,98261.00,772.01,,,
SURAJEST,SURAJ ESTATE DEVELOPERS L,1186110.00,3983.67,,,
BIRLAMONEY,ADITYA BIRLA MONEY LTD,50194.00,90.98,,,
RAMRAT,RAM RATNA WIRES LIMITED,55940.00,380.10,,,
REFEX,REFEX INDUSTRIES LIMITED,406247.00,1617.84,,,
ARTEMISMED,ARTEMIS MED SERVICE LTD,172661.00,446.26,,,
UGROCAP,UGRO CAPITAL LIMITED,589005.00,1068.59,,,
SASKEN,SASKEN TECHNOLOGIES LTD,57452.00,870.93,,,
TMB,TAMILNAD MERCA BANK LTD,326680.00,1452.89,,,
RICOAUTO,RICO AUTO INDUSTRIES LTD,1132446.00,1146.83,,,
SHANTIGOLD,SHANTI GOLD INTERNATION L,766771.00,1674.40,,,
VSSL,VARDHMAN SPC STEEL LTD,60393.00,171.84,,,
THEMISMED,THEMIS MEDICARE LTD.,172282.00,294.23,,,
VLSFINANCE,VLS FINANCE LTD,59790.00,149.62,,,
ELLEN,ELLENBARRIE INDUS GASES L,399859.00,2139.50,,,
PILANIINVS,PILANI INV & IND COR LTD,12066.00,657.53,,,
SESHAPAPER,SESHASAYEE PAPER & BOARDS,45561.00,136.60,,,
BHAGCHEM,BHAGIRADHA CHEM & INDS L,590123.00,1730.81,,,
TIPSMUSIC,TIPS MUSIC LIMITED,579666.00,3624.20,,,
AVTNPL,AVT NATURAL PRODUCTS LTD,46018.00,42.52,,,
PIXTRANS,PIX TRANSMISSIONS LIMITED,41396.00,645.04,,,
KRSNAA,KRSNAA DIAGNOSTICS LTD,200374.00,1673.15,,,
SHANTIGEAR,SHANTHI GEARS LTD,97863.00,557.25,,,
XPROINDIA,XPRO INDIA LIMITED,101639.00,1254.84,,,
CENTENKA,CENTURY ENKA LTD.,60209.00,355.02,,,
LGBBROSLTD,LG BALAKRISHNAN & BROS,121609.00,1691.99,,,
IGCL,INDOGULF CROPSCIENCES LTD,391060.00,437.90,,,
MUNJALAU,MUNJAL AUTO IND. LTD.,540361.00,555.78,,,
SIGNPOST,SIGNPOST INDIA LIMITED,155119.00,388.95,,,
ATL,ALLCARGO TERMINALS LTD,947346.00,415.32,,,
TVSELECT,TVS ELECTRONICS LIMITED,30952.00,190.37,,,
PEL,PIRAMAL ENTERPRISES LTD,296052.00,3473.47,,,
LTGILTBEES,NIP IND ETF LONGTERM GILT,46802.00,13.44,,,
CAPITALSFB,CAPITAL SMALL FIN BANK L,107208.00,312.36,,,
OMAXE,OMAXE LIMITED,385857.00,369.29,,,
PTL,PTL ENTERPRISES LTD,6906.00,2.82,,,
MGEL,MANGALAM GLOBAL ENT LTD,986984.00,169.45,,,
PAKKA,PAKKA LIMITED,220135.00,395.10,,,
RKSWAMY,R K SWAMY LIMITED,87084.00,150.49,,,
PRITIKAUTO,PRITIKA AUTO INDUS LTD,56332.00,13.00,,,
BASML,BANNARI AM SPIN MILL LTD.,72001.00,21.43,,,
DCMSRIND,DCM SHRIRAM IND LTD,559875.00,1031.00,,,
KALPATARU,KALPATARU LIMITED,24525.00,97.22,,,
NIITMTS,NIIT LEARNING SYSTEMS LTD,176526.00,619.30,,,
TNPETRO,TNPETRO-NPP271099DEPO,26148.00,22.86,,,
FOODSIN,FOODS & INNS LIMITED,13489.00,14.34,,,
SUNDROP,SUNDROP BRANDS LIMITED,67840.00,542.66,,,
AFFORDABLE,AFFORD ROBO & AUTO LTD,7073.00,19.28,,,
COFFEEDAY,COFFEE DAY ENTERPRISE LTD,66054.00,32.25,,,
GPTINFRA,GPT INFRAPROJECTS LTD,75658.00,94.76,,,
DTIL,DHUNSERI TEA & IND. LTD.,4248.00,8.74,,,
GENUSPAPER,GENUS P&B LIMITED,146090.00,30.90,,,
BUTTERFLY,BTRFLY GANDHI APPL LTD,9022.00,68.41,,,
CCCL,CONS. CONST. CONSORT LTD,472054.00,116.83,,,
PANCARBON,PANA CARBON IND CO LTD,100.00,0.50,,,
MOCAPITAL,MOTILALAMC - MOCAPITAL,855741.00,380.77,,,
SAURASHCEM,SAURASHTRA CEMENT LIMITED,285274.00,332.94,,,
REPRO,REPRO INDIA LIMITED,12426.00,64.60,,,
AIRAN,AIRAN LIMITED,66543.00,19.42,,,
BHAGERIA,BHAGERIA INDUSTRIES LTD,68518.00,130.22,,,
GROWWDEFNC,GROWWAMC - GROWWDEFNC,1039462.00,853.72,,,
NECLIFE,NECTAR LIFESCIENCES LTD.,3907.00,1.33,,,
TINNARUBR,TINNA RUBBER AND INFR LTD,17503.00,167.87,,,
GEMAROMA,GEM AROMATICS LIMITED,17100.00,43.21,,,
BOROSCI,BOROSIL SCIENTIFIC LTD,62499.00,93.83,,,
SILVERAG,MIRAEAMC - MASILVER,277788.00,346.32,,,
AONENIFTY,AONEAMC - AONENIFTY,46385.00,4.73,,,
ITETF,MIRAEAMC - ITETF,856940.00,317.56,,,
ESG,MIRAEAMC - MAESGETF,27422.00,11.82,,,
THEJO,THEJO ENGINEERING LIMITED,4839.00,101.06,,,
SBIETFQLTY,SBIAMC - SBIETFQLTY,3879.00,8.71,,,
SETFNN50,SBI-ETF NIFTY NEXT 50,32288.00,241.59,,,
HEALTHIETF,ICICIPRAMC - ICICIPHARM,98533.00,146.14,,,
ABSLPSE,BIRLASLAMC-ABSLPSE,106291.00,10.65,,,
MOMOMENTUM,MOTILALAMC - MOMOMENTUM,349628.00,233.67,,,
GSEC5IETF,ICICIPRAMC - ICICI5GSEC,520.00,0.33,,,
IZMO,IZMO LIMITED,4804.00,29.54,,,
MEDICAMEQ,MEDICAMEN BIOTECH LIMITED,20521.00,92.37,,,
TRIGYN,TRIGYN TECHNOLOGIES LTD,13426.00,12.95,,,
PASUPTAC,PASUPATI ACRYLON LIMITED,1682.00,0.78,,,
PATELRMART,PATEL RETAIL LIMITED,4546.00,10.49,,,
RPPL,RAJSHREE POLYPACK LTD,26740.00,6.69,,,
INDTERRAIN,IND TERRAIN FASHIONS LTD,17971.00,7.78,,,
DIGIDRIVE,DIGIDRIVE DISTRIBUTORS L,5301.00,1.73,,,
CREST,CREST VENTURES LIMITED,23295.00,100.92,,,
MOLOWVOL,MOTILALAMC - MOLOWVOL,10166.00,3.81,,,
NIF100BEES,NIP IND ETF NIFTY 100,43656.00,118.01,,,
LANCORHOL,LANCOR HOLDINGS LIMITED,27786.00,7.02,,,
TOKYOPLAST,TOKYO PLAST INTL LTD.,5019.00,6.50,,,
DCI,DC INFOTECH AND COMUN LTD,4140.00,12.12,,,
GROWWNET,GROWWAMC - GROWWNET,152454.00,16.26,,,
SARLAPOLY,SARLA PERF. FIBERS LTD,12374.00,12.70,,,
TARMAT,TARMAT LIMITED,7485.00,4.26,,,
VINYLINDIA,VINYL CHEMICALS (I) LTD.,15530.00,49.05,,,
GROWWLOVOL,GROWWAMC - GROWWLOVOL,5943.00,0.62,,,
AONEGOLD,AONEAMC - AONEGOLD,5121.00,0.57,,,
SHREERAMA,SHREE RAMA MULTI TECH LTD,50185.00,22.62,,,
PRAKASHSTL,PRAKASH STEELAGE LTD,1080.00,0.09,,,
SRGHFL,SRG HOUSING FINANCE L,2.00,0.01,,,
GLOBECIVIL,GLOBE CIVIL PROJECTS LTD,134777.00,104.53,,,
BHAGYANGR,BHAGYANAGAR INDIA LIMITED,1000.00,0.97,,,
AMBASARABH,AMBALAL SARABHAI ENTERP.,0.00,0.00,,,
OCCL,ORIENTAL CARBN & CHEM LTD,720.00,2.26,,,
VARDHACRLC,VARDHAMAN ACRYLICS LTD,2286.00,1.03,,,
GEECEE,GEECEE VENTURES LIMITED,200.00,0.77,,,
ACL,ANDHRA CEMENTS LIMITED,62.00,0.04,,,
KAPSTON,KAPSTON SERVICES LIMITED,8.00,0.02,,,
VBL,VARUN BEVERAGES LIMITED,9431785.00,47116.84,,,
ITCHOTELS,ITC HOTELS LIMITED,6187636.00,14211.81,,,
ASTRAL,ASTRAL LIMITED,978374.00,14773.50,,,
ALOKINDS,ALOK INDUSTRIES LIMITED,13729986.00,2732.75,,,
HAL,HINDUSTAN AERONAUTICS LTD,2780829.00,131984.13,,,
TATAMOTORS,TATA MOTORS LIMITED,16557931.00,121412.81,,,
COFORGE,COFORGE LIMITED,1203418.00,20682.49,,,
LTIM,LTIMINDTREE LIMITED,158829.00,8615.15,,,
NHPC,8.43% SEC RED BOND S1B,33292546.00,30388.19,,,
MRPL,MRPL,7618188.00,11826.03,,,
ITC,ITC LTD,12218514.00,51278.58,,,
BAJAJFINSV,BAJAJ FINSERV LTD.,944029.00,18832.47,,,
INDUSINDBK,INDUSIND BANK LIMITED,4812473.00,39116.86,,,
STLNETWORK,STL NETWORKS LIMITED,51576.00,14.28,,,
VTL,VARDHMAN TEXTILES LIMITED,657532.00,3122.28,,,
IEX,INDIAN ENERGY EXC LTD,8755842.00,14475.35,,,
ICICIBANK,ICICI BANK LTD DEPO SETT,2249532.00,31263.39,,,
AMBER,AMBER ENTERPRISES (I) LTD,153690.00,12068.15,,,
UNOMINDA,UNO MINDA LIMITED,248431.00,2992.76,,,
HDFCBANK,HDFC BANK LIMITED,4139303.00,38973.60,,,
VSTIND,VST INDUSTRIES LTD,1311898.00,3925.96,,,
TEJASNET,TEJAS NETWORKS LIMITED,4231338.00,30878.30,,,
BOSCHLTD,BOSCH LIMITED,14060.00,5532.73,,,
APOLLOHOSP,APOLLO HOSPITALS ENTER. L,120785.00,9148.46,,,
INDUSTOWER,INDUS TOWERS LIMITED,5516541.00,19332.55,,,
WELCORP,WELSPUN CORP LIMITED,1592957.00,13510.25,,,
CHAMBLFERT,CHAMBAL FERT - DEPO SETT.,4735895.00,26281.04,,,
SIEMENS,SIEMENS LTD,360078.00,12620.53,,,
INOXWIND,INOX WIND LIMITED,21467034.00,35976.20,,,
JMFINANCIL,JM FINANCIAL LIMITED,12210943.00,19831.71,,,
POLYMED,POLY MEDICURE LIMITED,303179.00,6616.56,,,
DEVYANI,DEVYANI INTERNATIONAL LTD,9669024.00,16867.06,,,
SHRIRAMFIN,SEC RED NCD SR. VII,3720357.00,24391.22,,,
MPHASIS,MPHASIS LIMITED,181361.00,5141.25,,,
CYIENTDLM,CYIENT DLM LIMITED,656201.00,3361.15,,,
INDIGO,INTERGLOBE AVIATION LTD,506689.00,28529.66,,,
HIMATSEIDE,HIMATSINGKA SEIDE LTD,2840521.00,4246.68,,,
ARE&M,AMARA RAJA ENERGY MOB LTD,1582097.00,16898.90,,,
SONATSOFTW,SONATA SOFTWARE LTD,2158754.00,8684.37,,,
TEXRAIL,TEXMACO RAIL & ENG. LTD.,8969345.00,14977.80,,,
BSE,BSE LIMITED,3990229.00,95145.18,,,
JKLAKSHMI,JK LAKSHMI CEMENT LTD,260531.00,2384.15,,,
KOLTEPATIL,KOLTE PATIL DEV. LTD.,313875.00,1392.91,,,
KOTAKBANK,KOTAK MAHINDRA BANK LIMIT,327747.00,6844.91,,,
DMART,AVENUE SUPERMARTS LIMITED,273960.00,12303.59,,,
FACT,FACT LTD,725618.00,7190.67,,,
VOLTAS,VOLTAS LTD,508927.00,7175.06,,,
EASEMYTRIP,EASY TRIP PLANNERS LTD,67987977.00,8408.96,,,
SWANCORP,SWAN CORP LIMITED,6366337.00,31991.64,,,
BRIGADE,BRIGADE ENTERPRISES LIMIT,750434.00,7763.18,,,
WESTLIFE,WESTLIFE FOODWORLD LTD,84028.00,640.38,,,
MOTILALOFS,MOTILAL OSWAL FIN LTD,1428888.00,12490.60,,,
SATIN,SATIN CREDIT NET LTD,429593.00,695.86,,,
ASTRAMICRO,ASTRA MICROWAVE LTD,1966061.00,17731.09,,,
EKC,EVEREST KANTO CYLINDERLTD,1317474.00,1973.28,,,
GODREJPROP,GODREJ PROPERTIES LTD,1138017.00,25493.63,,,
LODHA,LODHA DEVELOPERS LIMITED,1777265.00,22716.91,,,
HDFCLIFE,HDFC LIFE INS CO LTD,792765.00,6028.17,,,
ALLDIGI,ALLDIGI TECH LIMITED,31897.00,248.30,,,
PCJEWELLER,PC JEWELLER LTD,55894891.00,7952.36,,,
SPANDANA,SPANDANA SPHOORTY FIN LTD,708789.00,2466.73,,,
WAAREEENER,WAAREE ENERGIES LIMITED,1599127.00,54415.39,,,
ZYDUSWELL,ZYDUS WELLNESS LIMITED,275871.00,1267.42,,,
PETRONET,PETRONET LNG LIMITED,2667107.00,7916.50,,,
NIVABUPA,NIVA BUPA HEALTH INS CO L,6593913.00,5607.76,,,
AVL,ADITYA VISION LIMITED,139441.00,734.91,,,
DALBHARAT,DALMIA BHARAT LIMITED,48285.00,1090.13,,,
KIRLOSBROS,KIRLOSKAR BROTHERS LTD,184730.00,3902.70,,,
ARVIND,ARVIND LIMITED,1313685.00,4439.28,,,
TDPOWERSYS,TD POWER SYSTEMS LTD.,716604.00,3759.56,,,
WABAG,VA TECH WABAG LTD,923835.00,13492.82,,,
CUB,CITY UNION BANK LTD,1256227.00,2548.65,,,
MANINFRA,MAN INFRA LTD,2202505.00,3813.53,,,
PNBGILTS,PNB GILTS LIMITED,3616257.00,3823.96,,,
ASKAUTOLTD,ASK AUTOMOTIVE LIMITED,292985.00,1533.15,,,
BSOFT,BIRLASOFT LIMITED,5201790.00,22858.42,,,
FIVESTAR,FIVE-STAR BUS FIN LTD,2064685.00,12287.66,,,
KSL,KALYANI STEELS LIMITED,273429.00,2374.61,,,
TI,TILAKNAGAR INDUSTRIES LTD,3548732.00,15756.34,,,
PARADEEP,PARADEEP PHOSPHATES LTD,6658801.00,12815.40,,,
ARVINDFASN,ARVIND FASHIONS LIMITED,492867.00,2612.99,,,
PNGJL,P N GADGIL JEWELLERS LTD,638377.00,3913.82,,,
TAJGVK,TAJ GVK HOTELS & RESORT,1061357.00,4670.02,,,
JINDRILL,JINDAL DRILLING IND. LTD,500047.00,3364.49,,,
PFS,PTC INDIA FIN SERV LTD,2028090.00,824.14,,,
ATULAUTO,ATUL AUTO LIMITED,253792.00,1294.76,,,
STYLEBAAZA,BAAZAR STYLE RETAIL LTD,729813.00,2545.66,,,
TFCILTD,TOURISM FINANCE CORP OF,53988421.00,27467.14,,,
SJS,SJS ENTERPRISES LIMITED,153712.00,1997.76,,,
SAREGAMA,SAREGAMA INDIA LIMITED,700381.00,3707.31,,,
NSIL,NALWA SONS INVESTMENT LTD,25537.00,1956.26,,,
BLISSGVS,BLISS GVS PHARMA LTD,697897.00,1130.43,,,
OIL,OIL INDIA LTD,3253191.00,14784.86,,,
LLOYDSENGG,LLOYDS ENGG WORK LIMITED,18076402.00,11934.73,,,
ITDC,INDIA TOUR. DEV. CO. LTD.,214817.00,1425.79,,,
SHRIPISTON,SHRIRAM PIST. & RING LTD,55775.00,1419.84,,,
KARURVYSYA,KARUR VYSYA BANK LTD,2843853.00,6007.71,,,
KTKBANK,KARNATAKABANK-,15242369.00,28488.44,,,
NIITLTD,NIIT LIMITED,2900105.00,4169.59,,,
AJANTPHARM,AJANTA PHARMA LTD,81958.00,2191.87,,,
FMGOETZE,FEDERAL-MOGUL GOETZE (IND,110368.00,577.18,,,
ORIENTHOT,ORIENT HOTELS LTD.,2615918.00,3683.59,,,
CIEINDIA,CIE AUTOMOTIVE INDIA LTD,555834.00,2514.46,,,
TASTYBITE,TASTY BITE EATABLES LTD,8266.00,897.27,,,
AJMERA,AJMERA REALTY & INF I LTD,176637.00,1672.98,,,
CEMPRO,CEMINDIA PROJECTS LIMITED,912605.00,6661.94,,,
IGL,INDRAPRASTHA GAS LTD,1841485.00,3989.23,,,
JKPAPER,JK PAPER LIMITED,724944.00,2978.27,,,
SHARDAMOTR,SHARDA MOTOR INDS LTD,128873.00,1375.88,,,
KPIL,KALPATARU PROJECT INT LTD,192014.00,2360.49,,,
WHIRLPOOL,WHIRLPOOL OF INDIA LTD,211010.00,2746.41,,,
MAMATA,MAMATA MACHINERY LIMITED,531515.00,2567.88,,,
TEAMLEASE,TEAMLEASE SERVICES LTD.,93946.00,1913.10,,,
STAR,STRIDES PHARMA SCI LTD,811521.00,6414.60,,,
PANACEABIO,PANACEA BIOTEC LTD.,378093.00,1578.95,,,
APARINDS,APAR INDUSTRIES LTD.,74392.00,6139.44,,,
PFOCUS,PRIME FOCUS LIMITED,1139311.00,2050.20,,,
GEEKAYWIRE,GEEKAY WIRES LIMITED,1781.00,1.39,,,
JUBLPHARMA,JUBILANT PHARMOVA LTD,469217.00,5247.91,,,
PFIZER,PFIZER LTD,58985.00,3175.26,,,
GILLETTE,GILLETTE INDIA LTD.,31884.00,3151.88,,,
DYNAMATECH,DYNAMATIC TECHNOLOGIES,77806.00,5444.29,,,
MVGJL,MANOJ VAIBHAV GEM N JEW L,274040.00,621.20,,,
EXICOM,EXICOM TELE SYSTEMS LTD,737262.00,1242.72,,,
INTELLECT,INTELLECT DESIGN ARENA,468359.00,4740.48,,,
KCP,KCP LTD,1395433.00,3032.54,,,
ORIENTPPR,ORIENT PAPER AND INDS LTD,3533873.00,1181.09,,,
GOLDCASE,ZERODHAAMC - GOLDCASE,1691960.00,296.80,,,
JAGRAN,JAGRAN PRAKASHAN LIMITED,740330.00,548.99,,,
REPCOHOME,REPCO HOME FINANCE LTD,915233.00,3768.01,,,
BHARATRAS,BHARAT RASAYAN LTD,10100.00,1079.65,,,
RSYSTEMS,R SYS INTERNATIONAL LTD,442291.00,2015.05,,,
GABRIEL,GABRIEL INDIA LTD,170968.00,1665.73,,,
JKCEMENT,JK CEMENT LIMITED,36689.00,2465.43,,,
MANGALAM,MANGALAM DRUGS AND ORGANI,5919.00,5.19,,,
TTKPRESTIG,TTK PRESTIGE LTD,105054.00,727.84,,,
GROWWRAIL,GROWWAMC - GROWWRAIL,1221396.00,450.02,,,
MONARCH,MONARCH NETWORTH CAP LTD,351384.00,1270.02,,,
CARRARO,CARRARO INDIA LIMITED,73652.00,337.44,,,
SANGAMIND,SANGAM (INDIA) LTD.,19854.00,89.89,,,
CPPLUS,ADITYA INFOTECH LIMITED,47773.00,647.22,,,
SUPRIYA,SUPRIYA LIFESCIENCE LTD,445381.00,3130.11,,,
BIGBLOC,BIGBLOC CONSTRUCTION LTD,71274.00,69.43,,,
CRAFTSMAN,CRAFTSMAN AUTOMATION LTD,22241.00,1347.63,,,
CHEMPLASTS,CHEMPLAST SANMAR LIMITED,207557.00,938.88,,,
MAYURUNIQ,MAYUR UNIQUOTERS LTD,146881.00,819.46,,,
MMFL,MM FORGINGS LTD,265541.00,974.97,,,
TARSONS,TARSONS PRODUCTS LIMITED,1441347.00,5371.87,,,
ARMANFIN,ARMAN FIN SERV LTD,62956.00,995.29,,,
WINDLAS,WINDLAS BIOTECH LIMITED,225478.00,2056.55,,,
HEUBACHIND,HEUBACH COLORANTS IND LTD,31264.00,176.10,,,
HATSUN,HATSUN AGRO PRODUCT LTD.,54325.00,515.63,,,
NILKAMAL,NILKAMAL LIMITED,7068.00,123.17,,,
IGPL,I G PETROCHEMICALS LTD,98708.00,518.65,,,
MATRIMONY,MATRIMONY.COM LIMITED,17657.00,114.97,,,
SUBEXLTD,SUBEX LTD,797775.00,134.11,,,
NDRAUTO,NDR AUTO COMPONENTS LTD,28341.00,308.32,,,
ALLTIME,ALL TIME PLASTICS LIMITED,147676.00,422.77,,,
RADHIKAJWE,RADHIKA JEWELTECH LIMITED,449466.00,434.12,,,
DBEIL,DEEPAK BUILDERS & ENG I L,147859.00,265.16,,,
VERANDA,VERANDA LEARNING SOL LTD,6160713.00,14201.78,,,
KDDL,KDDL LIMITED,35432.00,964.69,,,
ARIHANTSUP,ARIHANT SUPERSTRUCT LTD,61200.00,249.86,,,
SHALPAINTS,SHALIM PAINTS LTD,903925.00,873.26,,,
SUMMITSEC,SUMMIT SECURITIES LTD,16975.00,365.18,,,
KECL,KIRLOSKAR ELECTRIC CO LTD,222518.00,307.65,,,
DONEAR,DONEAR IND. LIMITED,32668.00,34.56,,,
SAGCEM,SAGAR CEMENTS LTD,273942.00,733.30,,,
NILAINFRA,NILA INFRASTRUCTURES LTD,59670.00,7.52,,,
SAKHTISUG,SAKTHI SUGARS LTD,1077157.00,454.18,,,
VISHWARAJ,VISHWARAJ SUGAR IND LTD,196952.00,23.36,,,
MBLINFRA,MBL INFRASTRUCTURE LTD,167800.00,73.27,,,
NIFTYIETF,ICICI PRUD NIFTY ETF,500106.00,1370.86,,,
SANOFICONR,SANOFI CONS HEALTHC IND L,2626.00,134.59,,,
JLHL,JUPITER LIFE LINE HOSP L,16457.00,244.23,,,
LIQUIDADD,DSPAMC - LIQUIDADD,2243.00,24.46,,,
MIDCAPIETF,ICICIPRAMC - ICICIM150,4181179.00,915.37,,,
DREAMFOLKS,DREAMFOLKS SERVICES LTD,14903.00,32.68,,,
EVERESTIND,EVEREST INDUSTRIES LTD,6966.00,48.13,,,
SCHAND,S CHAND AND COMPANY LTD,128809.00,277.48,,,
BIRLACABLE,BIRLA CABLE LIMITED,13747.00,25.75,,,
MSPL,MSP STEEL & POWER LTD.,1093208.00,402.63,,,
AGSTRA,AGS TRANSACT TECH LTD,3262.00,3.15,,,
SILINV,SIL INVESTMENTS LIMITED,518.00,3.70,,,
ECOSMOBLTY,ECOS (INDIA) MOB & HOSP L,224648.00,666.04,,,
NATCAPSUQ,NATURAL CAPSULES LIMITED,11200.00,31.07,,,
PYRAMID,PYRAMID TECHNOPLAST LTD,41924.00,73.56,,,
AURUM,AURUM PROPTECH LIMITED,149725.00,284.88,,,
LOKESHMACH,LOKESH MACHINES LTD,2133.00,5.78,,,
SGIL,SYNERGY GREEN IND. LTD,30655.00,169.52,,,
DSSL,DYNACONS SYS & SOLN LTD,99215.00,1078.89,,,
AGRITECH,AGRI-TECH (INDIA) LIMITED,3478.00,6.54,,,
CORDSCABLE,CORDS CABLE INDUS LTD.,6035.00,11.46,,,
NAHARINDUS,NAHAR INDS ENT LTD,12660.00,16.68,,,
ZODIAC,ZODIAC ENERGY LIMITED,137.00,0.62,,,
ROSSTECH,ROSSELL TECHSYS LIMITED,66092.00,487.12,,,
SYNCOMF,SYNCOM FORMU (I) LTD,193641.00,37.52,,,
EVINDIA,MIRAEAMC - EVINDIA,256804.00,78.73,,,
MIDSMALL,MIRAEAMC - MIDSMALL,1300525.00,631.97,,,
AXISTECETF,AXISAMC - AXISTECETF,13440.00,53.31,,,
SBISILVER,SBIAMC - SBISILVER,566183.00,763.68,,,
HDFCGROWTH,HDFCAMC - HDFCGROWTH,9801.00,11.98,,,
MOMENTUM,BIRLASLAMC - MOMENTUM,61042.00,19.34,,,
HDFCMOMENT,HDFCAMC - HDFCMOMENT,576113.00,186.43,,,
HDFCNEXT50,HDFCAMC - HDFCNEXT50,118512.00,81.78,,,
MOSMALL250,MOTILALAMC - MOSMALL250,2727902.00,471.36,,,
GROWWSLVR,GROWWAMC - GROWWSLVR,188984.00,266.34,,,
BSHSL,BOMBAY SUPER HYBRID SEEDS,10584.00,15.53,,,
MASPTOP50,MIRAEAMC - MASPTOP50,512106.00,318.98,,,
HDFCNIFBAN,HDFCAMC - HDFCNIFBAN,81024.00,45.15,,,
GROWWGOLD,GROWWAMC - GROWWGOLD,139789.00,157.00,,,
ITETFADD,DSPAMC - DSPITETF,23957.00,8.82,,,
AXISBPSETF,AXISAMC - AXISBPSETF,10511.00,1.36,,,
SMLT,SARTHAK METALS LIMITED,4221.00,4.76,,,
HCL-INSYS,HCL INFOSYSTEMS LTD,325.00,0.06,,,
CHEMFAB,CHEMFAB ALKALIS LIMITED,7111.00,49.78,,,
COASTCORP,COASTAL CORPORATION LTD,15592.00,6.17,,,
AARTECH,AARTECH SOLONICS LIMITED,800.00,0.42,,,
SADBHAV,SADBHAV ENGINEERING LIMIT,573023.00,75.78,,,
GSS,GSS INFOTECH LIMITED,548996.00,152.64,,,
VSTL,VIBHOR STEEL TUBES LTD,16975.00,29.27,,,
SHREEJISPG,SHREEJI SHIPPING GLOBAL L,6185.00,14.83,,,
PVTBANKADD,DSPAMC - DSPPVBKETF,35646.00,9.66,,,
MAKEINDIA,MIRAEAMC - MAMFGETF,25690.00,37.96,,,
NIFTY1,KOTAK NIFTY ETF,62316.00,170.04,,,
URJA,URJA GLOBAL LIMITED,277756.00,40.41,,,
GOLDTECH,AION-TECH SOLUTIONS LTD,1700.00,1.15,,,
AVONMORE,AVONMORE CAP&MGT SERV LTD,19927.00,3.76,,,
INFRAIETF,ICICIPRAMC - ICICIINFRA,140028.00,131.19,,,
PSUBANK,KOTAK PSU BANK,25134.00,180.78,,,
MINDTECK,MINDTECK (INDIA) LIMITED,1991.00,4.98,,,
MMP,MMP INDUSTRIES LIMITED,32720.00,91.83,,,
TPHQ,TEAMO PRODUCTIONS HQ LTD,10025.00,0.07,,,
GROWWN200,GROWWAMC - GROWWN200,25140.00,2.83,,,
GROWWMOM50,GROWWAMC - GROWWMOM50,238875.00,25.61,,,
TECH,BIRLASLAMC - TECH,22922.00,8.90,,,
MIDQ50ADD,DSPAMC - DSPQ50ETF,29150.00,74.07,,,
LICNETFN50,LICNAMC - LICNFENGP,353.00,0.97,,,
IMPAL,IND MOTOR PART & ACC LTD,671.00,7.87,,,
EMKAY,EMKAY GLOBAL FIN SERV LTD,4275.00,16.67,,,
AMANTA,AMANTA HEALTHCARE LIMITED,350.00,0.48,,,
BRNL,BHARAT ROAD NETWORK LTD,2907.00,0.64,,,
THEINVEST,THE INVEST TRUST OF IND L,1715.00,2.42,,,
SURAJLTD,SURAJ LIMITED,939.00,2.95,,,
STEELCITY,STEEL CITY SECURITIES LTD,513.00,0.52,,,
UNIDT,UNITED DRILLING TOOLS LTD,3399.00,7.84,,,
LANCER,LANCER CONTAINER LINE LTD,2000.00,0.25,,,
500245,KIRLOSKAR FERROUS INDUSTRIES L,2.00,0.01,,,
BHARATGEAR,BHARAT GEARS LTD.,8910.00,11.18,,,
KANPRPLA,KANPUR PLASTIPACK LIMITED,150.00,0.35,,,
AARON,AARON INDUSTRIES LIMITED,891.00,2.16,,,
NAHARPOLY,NAHAR POLY FILMS LIMITED,1071.00,3.17,,,
HDFCLIQUID,HDFCAMC - HDFCLIQUID,1.00,0.01,,,
TCS,TATA CONSULTANCY SERV LT,4532184.00,145376.83,,,
UNIONBANK,UNION BANK OF INDIA,23533292.00,32287.49,,,
ZEEMEDIA,ZEE MEDIA CORPORATION LTD,2705098.00,367.29,,,
ACLGATI,ALLCARGO GATI LIMITED,1072985.00,802.33,,,
IRFC,INDIAN RAILWAY FIN CORP L,45206187.00,63868.32,,,
NCC,NCC LIMITED,13181658.00,30475.98,,,
CLEAN,CLEAN SCIENCE & TECH LTD,921937.00,12359.01,,,
LINDEINDIA,LINDE INDIA LIMITED,146750.00,9942.38,,,
HAPPSTMNDS,HAPPIEST MINDS TECHNO LTD,3337578.00,22294.02,,,
RVNL,RAIL VIKAS NIGAM LIMITED,17135780.00,66404.82,,,
YESBANK,YES BANK LIMITED,347918371.00,73721.29,,,
IRB,IRB INFRA DEV LTD.,64236536.00,31896.28,,,
NESTLEIND,NESTLE INDIA LIMITED,592142.00,7028.83,,,
SBILIFE,SBI LIFE INSURANCE CO LTD,277654.00,5041.19,,,
BHARTIARTL,BHARTI AIRTEL LIMITED,1412276.00,26927.26,,,
ORIENTCEM,ORIENT CEMENT LTD.,2911435.00,7237.34,,,
IRCTC,INDIAN RAIL TOUR CORP LTD,3317573.00,26448.46,,,
GOLDBEES,NIP IND ETF GOLD BEES,19093929.00,17778.18,,,
ENRIN,SIEMENS ENERGY INDIA LTD,173727.00,5889.14,,,
KAYNES,KAYNES TECHNOLOGY IND LTD,293322.00,19101.57,,,
TATACONSUM,TATA CONSUMER PRODUCT LTD,502307.00,5484.52,,,
SWSOLAR,STRLNG & WIL REN ENE LTD,8968372.00,26985.11,,,
MTARTECH,MTAR TECHNOLOGIES LIMITED,313835.00,5654.48,,,
GAIL,GAIL (INDIA) LTD,17792375.00,33262.21,,,
LICHSGFIN,LIC HOUSING. FIN.- DEP RS,3003278.00,18194.42,,,
PIDILITIND,PIDILITE INDUSTRIES LTD,358035.00,5483.04,,,
PHARMABEES,NIPPONAMC - NETFPHARMA,7840884.00,1767.58,,,
MON100,MOTILAL OS NASDAQ100 ETF,1289803.00,2720.69,,,
PERSISTENT,PERSISTENT SYSTEMS LTD,503894.00,27597.24,,,
LTFOODS,LT FOODS LIMITED,1291039.00,5717.89,,,
HINDZINC,HINDUSTAN ZINC LIMITED,7283740.00,34922.95,,,
RALLIS,RALLIS INDIA LTD.,1279498.00,4318.38,,,
AUROPHARMA,AUROBINDO PHARMA LTD,827382.00,9600.15,,,
ONGC,OIL AND NATURAL GAS CORP.,11235975.00,28825.39,,,
ENGINERSIN,ENGINERSINNPP281299DEPO,11853145.00,25631.80,,,
GPPL,GUJARAT PIPAVAV PORT LTD,8463964.00,16887.52,,,
RBLBANK,RBL BANK LIMITED,13979165.00,36140.35,,,
NH,NARAYANA HRUDAYALAYA LTD.,578424.00,10814.90,,,
UTIAMC,UTI ASSET MNGMT CO LTD,254667.00,3437.45,,,
JUBLINGREA,JUBILANT INGREVIA LIMITED,1057192.00,7760.90,,,
MOREPENLAB,MOREPEN LAB. LTD,13725259.00,8304.90,,,
SDBL,SOM DIST & BREW LTD,6432733.00,8526.58,,,
ABREL,ADITYA BIRLA REAL EST LTD,394391.00,7921.09,,,
DBL,DILIP BUILDCON LIMITED,705434.00,3509.63,,,
GTLINFRA,GTL INFRA.LTD,6979330.00,118.97,,,
RAMCOCEM,THE RAMCO CEMENTS LIMITED,298022.00,3092.37,,,
TATAPOWER,TATA POWER CO LTD,9749353.00,38769.79,,,
ATGL,ADANI TOTAL GAS LIMITED,1674507.00,11693.94,,,
AEGISLOG,AEGIS LOGISTICS LTD,812570.00,6583.82,,,
THERMAX,THERMAX LTD,263155.00,9196.99,,,
VIPIND,VIP INDUSTRIES LTD,1093010.00,4821.40,,,
ELECON,ELECON ENG. CO. LTD,1227044.00,7657.62,,,
GODFRYPHLP,GODFREY PHILIPS-DEPO,846831.00,28689.73,,,
EIEL,ENVIRO INFRA ENGINEERS L,3731395.00,9754.93,,,
MOSCHIP,MOSCHIP TECHNOLOGIES LTD,2600585.00,6262.71,,,
SURYAROSNI,SURYA ROSHNI LTD.,735631.00,2258.87,,,
SAIL,STEEL AUTHORITY OF INDIA,17440425.00,23101.78,,,
HINDOILEXP,HIND. OIL EXPLORATION,3932371.00,7798.73,,,
RTNPOWER,RATTANINDIA POWER LIMITED,24633886.00,3331.80,,,
ZENSARTECH,ZENSAR TECHNOLOGIES  LTD,746468.00,6082.56,,,
GMDCLTD,GUJARAT MIN. DEV. CORPN,4820405.00,23614.35,,,
GOCLCORP,GOCL CORPORATION LIMITED,346497.00,1343.51,,,
HGINFRA,H.G.INFRA ENGINEERING LTD,466571.00,5141.05,,,
AUBANK,AU SMALL FINANCE BANK LTD,953312.00,6993.41,,,
PENIND,PENNAR INDUSTRIES LTD,1902114.00,4474.54,,,
TIINDIA,TUBE INVEST OF INDIA LTD,161472.00,5256.96,,,
PRAJIND,PRAJ INDUSTRIES LTD,4569343.00,20776.13,,,
GENUSPOWER,GENUS POWER INFRASTRU LTD,3773512.00,13754.46,,,
INGERRAND,INGERSOLL-RAND DEPO-SETT.,62938.00,2203.84,,,
ASTERDM,ASTER DM HEALTHCARE LTD.,422271.00,2534.55,,,
360ONE,360 ONE WAM LIMITED,536410.00,5815.44,,,
NAM-INDIA,NIPPON L I A M LTD,704837.00,5100.71,,,
TARIL,TRANSFORMERS AND RECTIFIE,1456035.00,7616.95,,,
IOLCP,IOL CHEM AND PHARMA LTD,6262916.00,6576.07,,,
KIRIINDUS,KIRI INDUSTRIES LIMITED,2653519.00,16244.54,,,
PRECWIRE,PRECISIONWIRES I LTD,556631.00,1027.10,,,
GOCOLORS,GO FASHION INDIA LTD,124621.00,980.85,,,
LUPIN,LUPIN LIMITED,409980.00,8180.80,,,
GOPAL,GOPAL SNACKS LIMITED,574929.00,2093.69,,,
JAICORPLTD,JAI CORP LIMITED,1630597.00,2797.47,,,
EPL,EPL LIMITED,1768303.00,4117.05,,,
KELLTONTEC,KELLTON TECH SOL LTD,4570803.00,1229.61,,,
ISGEC,ISGEC HEAVY ENG LTD,183222.00,2010.88,,,
MOTISONS,MOTISONS JEWELLERS LTD,3923959.00,789.36,,,
TANLA,TANLA PLATFORMS LIMITED,2355235.00,16409.47,,,
YATRA,YATRA ONLINE LIMITED,1658987.00,2356.69,,,
SIGMA,SIGMA SOLVE LIMITED,3826.00,17.85,,,
NETWEB,NETWEB TECH INDIA LTD,498018.00,17052.68,,,
UFLEX,UFLEX LIMITED,206589.00,1174.61,,,
MIDCAPETF,MIRAEAMC - MAM150ETF,7451391.00,1598.75,,,
BHARTIHEXA,BHARTI HEXACOM LIMITED,148332.00,2626.40,,,
ROLEXRINGS,ROLEX RINGS LIMITED,112433.00,1649.91,,,
HDBFS,HDB FINANCIAL SERVICES L,525301.00,4036.17,,,
TIMKEN,TIMKEN INDIA LTD.,74398.00,2509.65,,,
3MINDIA,3M INDIA LIMITED,8595.00,2607.63,,,
CARTRADE,CARTRADE TECH LIMITED,220936.00,4726.29,,,
SUNTV,SUN TV NETWORK LIMITED,541781.00,3305.42,,,
LIQUID,MIRAEAMC - LIQUID,853.00,8.53,,,
IGARASHI,IGARASHI MOTORS INDIA LTD,179835.00,1003.03,,,
KIRLOSIND,KIRLOSKAR INDUSTRIES LTD,25849.00,1019.91,,,
WENDT,WENDT (INDIA) LIMITED,34221.00,3363.44,,,
GICHSGFIN,GIC HOUSING FINANCE LTD,1205401.00,2412.12,,,
AHLUCONT,AHLUWALIA CONT IND LTD,254765.00,2601.97,,,
MINDACORP,MINDA CORPORATION LTD,835098.00,4701.99,,,
ANUP,THE ANUP ENGINEERING LTD,92317.00,2421.54,,,
VMART,VMART RETAIL LTD,142063.00,1259.90,,,
V2RETAIL,V2 RETAIL LIMITED,336900.00,6674.72,,,
ZFCVINDIA,ZF COM VE CTR SYS IND LTD,10107.00,1361.27,,,
TIIL,TECHNOCRAFT IND LTD,33802.00,921.25,,,
JYOTISTRUC,JYOTI STRUCTURES LTD,21979813.00,4095.87,,,
MAHSEAMLES,MAHARASHTRA SEAMLESS LTD,1071923.00,7418.46,,,
RGL,RENAISSANCE GLOBAL LTD,1086256.00,1409.41,,,
ALIVUS,ALIVUS LIFE SCIENCES LTD,223188.00,2314.00,,,
PRSMJOHNSN,PRISM JOHNSON LIMITED,1079035.00,1827.69,,,
METALIETF,ICICIPRAMC - METALIETF,6024784.00,612.89,,,
PRINCEPIPE,PRINCE PIPES FITTINGS LTD,842428.00,3050.72,,,
HDFCMID150,HDFCAMC - HDFCMID150,824460.00,173.96,,,
GODREJCP,GODREJ CONSUMER PRODUCTS,504574.00,6275.87,,,
RAMCOIND,RAMCO INDUSTRIES LIMITED,734056.00,2403.83,,,
HIKAL,HIKALLIMITED,1255010.00,4109.40,,,
NUCLEUS,NUCLEUS SOFTWARE EXPORTS,72667.00,825.02,,,
DEEPAKFERT,DEEPAK FERTILIZERS DEPO,639750.00,8497.46,,,
MUFIN,MUFIN GREEN FINANCE LTD,652403.00,587.20,,,
COHANCE,COHANCE LIFESCIENCES LTD,766615.00,7000.31,,,
KKCL,KEWAL KIRAN CLOTHING LTD,186307.00,945.39,,,
PGIL,PEARL GLOBAL IND LIMITED,114411.00,1606.48,,,
SUBROS,SUBROS LTD,127547.00,1323.23,,,
JSWCEMENT,JSW CEMENT LIMITED,3016988.00,4502.31,,,
EBGNG,GNG ELECTRONICS LIMITED,198511.00,745.92,,,
CERA,CERA SANITARYWARE LTD,47972.00,3212.86,,,
DYCL,DYNAMIC CABLES LIMITED,201103.00,880.29,,,
PRICOLLTD,PRICOL LIMITED,436404.00,2102.24,,,
NEULANDLAB,NEULAND LAB LTD.,51285.00,6951.92,,,
BFINVEST,BF INVESTMENT LIMITED,101992.00,547.25,,,
COSMOFIRST,COSMO FIRST LIMITED,429145.00,4318.92,,,
INDOSTAR,INDOSTAR CAPITAL FIN LTD,1053631.00,3210.28,,,
SAILIFE,SAI LIFE SCIENCES LIMITED,854563.00,7413.29,,,
WONDERLA,WONDERLA HOLIDAYS LTD.,171166.00,1546.55,,,
HDFCSML250,HDFCAMC - HDFCSML250,3354695.00,5800.84,,,
BAJAJHCARE,BAJAJ HEALTHCARE LIMITED,937846.00,4698.24,,,
INDOTECH,INDO TECH TRANSFORM LTD.,7526.00,132.82,,,
KOPRAN,KOPRAN LTD,370474.00,678.35,,,
XCHANGING,XCHANGING SOLUTIONS LTD,347972.00,359.23,,,
FUSION,FUSION FINANCE LIMITED,1689318.00,4041.41,,,
PANAMAPET,PANAMA PETROCHEM LTD,110057.00,371.88,,,
SUNFLAG,SUNFLAG IRON AND STEEL CO,584770.00,1685.26,,,
MAHLOG,MAHINDRA LOGISTIC LIMITED,399851.00,1442.21,,,
SOTL,SAVITA OIL TECHNOLOGIES L,100919.00,458.47,,,
SKYGOLD,SKY GOLD AND DIAMONDS LTD,1397382.00,4143.17,,,
INDOAMIN,INDO AMINES LIMITED,242336.00,394.37,,,
GULFOILLUB,GULF OIL LUB. IND. LTD.,181628.00,2252.63,,,
MANGCHEFER,MANGALORE CHEMICALS & FER,175716.00,555.21,,,
MONTECARLO,MONTE CARLO FASHIONS LTD.,51983.00,366.29,,,
CONTROLPR,CONTROL PRINT LIMITED,52047.00,418.26,,,
TCI,TRANSPORT CORPN OF INDIA,19857.00,229.67,,,
INSECTICID,INSECTICIDES (I) LTD,109419.00,927.36,,,
HGS,HINDUJA GLOBAL SOLS. LTD.,112515.00,721.41,,,
BALUFORGE,BALU FORGE INDUSTRIES LTD,160303.00,1075.47,,,
RANEHOLDIN,RANE HOLDINGS LIMITED,16465.00,275.20,,,
AGARWALEYE,DR AGARWALS HEALTH CARE L,120585.00,558.22,,,
REGAAL,REGAAL RESOURCES LIMITED,58205.00,53.27,,,
WINDMACHIN,WINDSOR MACHINES LIMITED,110076.00,371.21,,,
TBZ,TRIB BHIMJI ZAVERI LTD,407495.00,818.82,,,
SURAKSHA,SURAKSHA DIAGNOSTIC LTD,355451.00,1104.40,,,
HAPPYFORGE,HAPPY FORGINGS LIMITED,68070.00,655.19,,,
HLVLTD,HLV LIMITED,871529.00,127.48,,,
BLAL,BEML LAND ASSETS LIMITED,90973.00,212.72,,,
MUFTI,CREDO BRANDS MARKETING L,492004.00,651.83,,,
NCLIND,NCL INDUSTRIES LIMITED,208677.00,456.53,,,
GFLLIMITED,GFL LIMITED,22037.00,15.28,,,
KAMDHENU,KAMDHENU LIMITED,6977217.00,2199.78,,,
SPLPETRO,SUPREME PETROCHEM LIMITED,108703.00,907.86,,,
KOHINOOR,KOHINOOR FOODS LIMITED,1042.00,0.45,,,
JAIPURKURT,NANDANI CREATION LIMITED,850.00,0.35,,,
SARVESHWAR,SARVESHWAR FOODS LIMITED,3059170.00,214.32,,,
KRONOX,KRONOX LAB SCIENCES LTD,190917.00,349.38,,,
DENTA,DENTA WATER N INFRA SOL L,438398.00,1890.18,,,
ESSENTIA,INTEGRA ESSENTIA LIMITED,75093.00,1.85,,,
ESABINDIA,ESAB INDIA LTD,10320.00,552.34,,,
SUNCLAY,SUNDARAM CLAYTON LIMITED,24978.00,475.87,,,
5PAISA,5PAISA CAPITAL LIMITED,28561.00,130.54,,,
PVTBANIETF,ICICIPRAMC - ICICIBANKP,1492642.00,407.35,,,
STALLION,STALLION IND FLUOROCHEM L,160552.00,367.64,,,
BAJEL,BAJEL PROJECTS LIMITED,159789.00,334.10,,,
CEWATER,CONCORD ENVIRO SYSTEMS L,80945.00,459.46,,,
DISHTV,DISH TV INDIA LTD.,2847165.00,186.38,,,
RELTD,RAVINDRA ENERGY LIMITED,44725.00,77.69,,,
BALAXI,BALAXI PHARMA LTD,88719.00,53.47,,,
COMPUSOFT,COMPUCOM SOFTWARE LTD,35781.00,7.70,,,
ONWARDTEC,ONWARD TECHNOLOGIES LTD,4394.00,14.12,,,
TIPSFILMS,TIPS FILMS LIMITED,115.00,0.56,,,
KOVAI,KOVAI MEDICAL CENTER & HO,50.00,3.15,,,
DENORA,DE NORA INDIA LIMITED,11068.00,100.64,,,
FLATPROD,FLATPRODEQUIP-ROLL SETT,17.00,1.02,,,
AMNPLST,AMINES & PLASTICIZERS LTD,1858.00,5.73,,,
RACE,RACE ECO CHAIN LIMITED,45405.00,117.01,,,
MANBA,MANBA FINANCE LIMITED,149674.00,225.54,,,
AAATECH,AAA TECHNOLOGIES LIMITED,9267.00,10.42,,,
DPABHUSHAN,D. P. ABHUSHAN LIMITED,9491.00,145.17,,,
DHUNINV,DHUNSERI INVESTMENTS LTD,1259.00,22.95,,,
CYBERTECH,CYBERTECH SYSTEMS & SOFTW,56899.00,137.71,,,
MALLCOM,MALLCOM (INDIA) LIMITED,4978.00,61.37,,,
BPL,BPL LTD,46302.00,39.32,,,
METAL,MIRAEAMC - METAL,1402207.00,145.07,,,
CONSUMBEES,NIP IND ETF CONSUMPTION,338059.00,453.76,,,
AXISVALUE,AXISAMC - AXISVALUE,6686.00,1.97,,,
GRPLTD,GRP LIMITED,3227.00,78.37,,,
NIFMID150,UTIAMC - NIFMID150,29618.00,64.90,,,
BSLGOLDETF,ADITYBIRLA SL GOLD ETF-GR,202120.00,198.55,,,
HDFCBSE500,HDFCAMC - HDFCBSE500,21167.00,7.91,,,
YASHO,YASHO INDUSTRIES LIMITED,9362.00,170.30,,,
GROWWPOWER,GROWWAMC - GROWWPOWER,24858.00,2.52,,,
HDFCNIF100,HDFCAMC - HDFCNIF100,40178.00,10.62,,,
SAKUMA,SAKUMA EXPORTS LIMITED,15100.00,0.64,,,
GLOSTERLTD,GLOSTER LIMITED,4489.00,29.91,,,
SSDL,SARASWATI SAREE DEPOT LTD,12056.00,11.65,,,
DMCC,DMCC SPECIALITY CHEMICALS,15111.00,49.68,,,
SPECIALITY,SPECIALITY REST LTD,31344.00,48.22,,,
MAHESHWARI,MAHESHWARI LOGISTICS LTD.,5745.00,3.57,,,
RMDRIP,R M DRIP & SPRINK SYS LTD,117547.00,89.53,,,
NOVAAGRI,NOVA AGRITECH LIMITED,28112.00,16.18,,,
DCMNVL,DCM NOUVELLE LIMITED,3550.00,6.37,,,
IVC,IL&FS INVESTMENT MANAGERS,237593.00,26.90,,,
MOM50,MOTILAL OSWAL M50 ETF,22718.00,58.42,,,
WORTH,WORTH PERIPHERALS LIMITED,18591.00,29.12,,,
EXXARO,EXXARO TILES LIMITED,46562.00,3.78,,,
VIKASECO,VIKAS ECOTECH LIMITED,87255.00,1.91,,,
UTIBANKETF,UTIAMC - UTIBANKETF,50068.00,28.61,,,
LOWVOL1,KOTAKMAMC - KOTAKLOVOL,7540.00,1.54,,,
ELIN,ELIN ELECTRONICS LIMITED,65344.00,143.47,,,
DHARMAJ,DHARMAJ CROP GUARD LTD,4417.00,13.16,,,
HDFCSENSEX,HDFCAMC - HDFCSENSEX,32314.00,29.51,,,
GOLD360,360ONEAMC - GOLD360,10990.00,12.68,,,
LIQUIDIETF,ICICIPRAMC - ICICILIQ,89.00,0.89,,,
AXSENSEX,AXISAMC - AXSENSEX,1735.00,1.45,,,
MOGSEC,MOTILALAMC - G5,2692.00,1.68,,,
BANKETF,MIRAEAMC - BANKETF,6000.00,33.84,,,
SBINEQWETF,SBIAMC - SBINEQWETF,4354.00,1.41,,,
SREEL,SREELEATHERS LIMITED,11262.00,28.78,,,
AXISCETF,AXISAMC - AXISCETF,14341.00,18.19,,,
IDFNIFTYET,BANDHANAMC - IDFNIFTYET,7497.00,20.60,,,
AERONEU,AEROFLEX NEU LIMITED,2000.00,1.65,,,
EQUAL200,MIRAEAMC - EQUAL200,2326.00,0.31,,,
DRCSYSTEMS,DRC SYSTEMS INDIA LIMITED,8315.00,1.73,,,
LINC,LINC LIMITED,13892.00,26.34,,,
ALPHAGEO,ALPHAGEO (INDIA) LIMITED,4333.00,11.56,,,
GATECH,GACM TECHNOLOGIES LIMITED,0.00,0.00,,,
DIAMINESQ,DIAMINES & CHEMICALS LTD,250.00,1.00,,,
MON50EQUAL,MOTILALAMC - MON50EQUAL,2608.00,0.85,,,
SENSEXADD,DSPAMC - DSPSENXETF,1152.00,0.96,,,
VIRINCHI,VIRINCHI LIMITED,11387.00,3.57,,,
OILCOUNTUB,OIL COUNTRY TUBULAR LTD.,163.00,0.11,,,
BELLACASA,BELLA CASA FASH AND RET L,5962.00,23.22,,,
KAVDEFENCE,KAVVERI DFS & WIR TEC LTD,115.00,0.11,,,
JMA,JULLUNDUR MOT AGENCY LTD,298.00,0.33,,,
MAANALU,MAAN ALUMINIUM LIMITED,500.00,0.55,,,
GSEC10YEAR,MIRAEAMC - MAGS813ETF,2.00,0.00,,,
ABCAPITAL,ADITYA BIRLA CAPITAL LTD.,3746660.00,9414.32,,,
HINDCOPPER,HINDUSTAN COPPER LTD,15041951.00,42377.22,,,
CAPACITE,CAPACITE INFRAPROJECT LTD,1710726.00,5836.18,,,
GNFC,GUJ NAR VAL FER & CHEM L,2012768.00,11126.33,,,
HEROMOTOCO,HERO MOTOCORP LIMITED,261976.00,13484.86,,,
RELAXO,RELAXO FOOT LTD.,686849.00,3361.62,,,
SJVN,SJVN LTD,23997410.00,25531.85,,,
KPRMILL,KPR MILL LTD.,275744.00,3119.50,,,
AAVAS,AAVAS FINANCIERS LIMITED,256249.00,4580.16,,,
BHEL,BHEL,12307508.00,30314.90,,,
BAJAJHIND,BAJAJ HINDUSTHAN SUGAR LT,23238315.00,5892.25,,,
PCBL,PCBL CHEMICAL LIMITED,4405745.00,18068.70,,,
BANKBARODA,BANK OF BARODA,6094670.00,14974.15,,,
CDSL,CENTRAL DEPO SER (I) LTD,5943348.00,94941.63,,,
BANDHANBNK,BANDHAN BANK LIMITED,13453394.00,23418.59,,,
ABFRL,ADITYA BIRLA FASHION & RT,31515172.00,39479.03,,,
GRAPHITE,GRAPHITE INDIA LTD,1716659.00,9657.96,,,
VENKEYS,VENKY S (INDIA) LIMITED,154240.00,2489.79,,,
POONAWALLA,SEC RED NCD 10.25% SR. I,3704515.00,17011.34,,,
MOTHERSON,SAMVRDHNA MTHRSN INTL LTD,13967658.00,14846.71,,,
JAMNAAUTO,JAMNA AUTO IND LTD,6234210.00,6704.22,,,
PROSTARM,PROSTARM INFO SYSTEMS LTD,666982.00,1441.41,,,
PIIND,PI INDUSTRIES LTD,146941.00,5634.89,,,
CRISIL,CRISIL LIMITED,80859.00,4220.95,,,
JUNIORBEES,NIP IND ETF JUNIOR BEES,377220.00,2740.10,,,
MARKSANS,MARKSANS PHARMA LIMITED,3968811.00,8162.60,,,
UNITDSPR,UNITED SPIRITS LIMITED,1300684.00,18153.07,,,
TORNTPHARM,TORRENT PHARMACEUTICALS L,49731.00,1775.25,,,
UPL,UPL LIMITED,1287785.00,8863.65,,,
ANDHRSUGAR,ANDHRA SUGARS LTD,483734.00,513.45,,,
TATAELXSI,TATA ELXSI LIMITED,402302.00,24900.16,,,
ANTHEM,ANTHEM BIOSCIENCES LTD,172640.00,1404.07,,,
APLAPOLLO,APL APOLLO TUBES LTD,271580.00,4615.21,,,
CESC,CESC LTD,5891816.00,9961.42,,,
GMRAIRPORT,GMR AIRPORTS LIMITED,20440885.00,17849.17,,,
GREAVESCOT,GREAVESNPP190799DEPO,5312919.00,11823.45,,,
MANAPPURAM,MANAPPURAM FINANCE LTD,4080219.00,10736.42,,,
NTPCGREEN,NTPC GREEN ENERGY LIMITED,18205535.00,19276.00,,,
DATAPATTNS,DATA PATTERNS INDIA LTD,484500.00,13503.91,,,
PRESTIGE,PRESTIGE ESTATE LTD,648031.00,10200.10,,,
RADICO,RADICO KHAITAN LTD,214685.00,6008.43,,,
STARCEMENT,STAR CEMENT LIMITED,607623.00,1656.69,,,
SYMPHONY,SYMPHONY LIMITED,248639.00,2785.62,,,
MOIL,MOIL LIMITED,2507456.00,9776.50,,,
JISLJALEQS,JAIN IRRIGATION SYSTEMS,16851341.00,9883.66,,,
PARAS,PARAS DEF AND SPCE TECH L,509815.00,3887.78,,,
SAMHI,SAMHI HOTELS LIMITED,3346302.00,6725.91,,,
GRANULES,GRANULES INDIA LIMITED,4035715.00,20428.03,,,
MAXHEALTH,MAX HEALTHCARE INS LTD,1280660.00,14860.83,,,
AMBUJACEM,AMBUJA CEMENTS LTD,2133015.00,12463.95,,,
IGIL,INTERNATIO GEMM INS (I) L,772602.00,3139.55,,,
MAHABANK,BANK OF MAHARASHTRA,37054482.00,20754.99,,,
LAURUSLABS,LAURUS LABS LIMITED,4959165.00,37692.65,,,
VINCOFE,VINTAGE COFFEE N BVRGS L,1418473.00,2095.95,,,
INOXGREEN,INOX GREEN ENERGY SER LTD,2336539.00,4561.04,,,
PNCINFRA,PNC INFRATECH LTD.,1611716.00,5261.74,,,
TATAINVEST,TATA INVESTMENT CORP LTD,205334.00,19682.17,,,
MARUTI,MARUTI SUZUKI INDIA LTD.,76041.00,11410.12,,,
INDIAGLYCO,INDIA GLYCOLS LTD,1269591.00,9812.00,,,
RELIGARE,RELIGARE ENTERPRISES LIMI,6201400.00,16258.35,,,
IMAGICAA,IMAGICAAWORLD ENT LTD,2738949.00,1809.53,,,
PARACABLES,PARAMOUNT COMM LTD,2318446.00,1275.83,,,
SIYSIL,SIYARAM SILK MILLS LTD,197553.00,1506.74,,,
CAMPUS,CAMPUS ACTIVEWEAR LIMITED,1132125.00,3253.95,,,
IDEAFORGE,IDEAFORGE TECHNO LTD,1163115.00,6339.99,,,
AARTIPHARM,AARTI PHARMALABS LIMITED,352391.00,3011.00,,,
MTNL,MAHANAGAR TELEPHONE NIGAM,6283350.00,3047.57,,,
BANKINDIA,BANK OF INDIA,19932567.00,23528.46,,,
GOLDSHARE,UTI GOLD ETF,1102889.00,873.25,,,
RIIL,RIIL LTD,436715.00,4481.06,,,
EMSLIMITED,EMS LIMITED,1167134.00,7359.92,,,
IFCI,IFCI LTD,17646672.00,10620.22,,,
NATCOPHARM,NATCO PHARMA LTD.,2431063.00,23924.41,,,
ASIANENE,ASIAN ENERGY SERVICES LTD,566344.00,1937.53,,,
DBREALTY,VALOR ESTATE LIMITED,3949574.00,7364.25,,,
MSTCLTD,MSTC LIMITED,1321680.00,7430.09,,,
OPTIEMUS,OPTIEMUS INFRACOM LTD,581665.00,3533.22,,,
INOXINDIA,INOX INDIA LIMITED,142695.00,1742.86,,,
FDC,FDC LTD.,467719.00,2334.67,,,
SOUTHBANK,SOUTH INDIAN BANK LTD.,30975909.00,8867.69,,,
HAVELLS,HAVELLSINDIA,808164.00,12796.79,,,
CHOLAHLDNG,CHOLAMANDALAM FIN HOL LTD,87101.00,1698.21,,,
DELHIVERY,DELHIVERY LIMITED,1693089.00,7407.65,,,
LAXMIINDIA,LAXMI INDIA FINANCE LTD,292333.00,485.17,,,
RAMASTEEL,RAMA STEEL TUBES LIMITED,60791052.00,6405.52,,,
JUSTDIAL,JUSTDIAL LTD.,985533.00,9082.85,,,
ICICIGI,ICICI LOMBARD GIC LIMITED,108288.00,2116.39,,,
SUNDRMFAST,SUNDRAM FASTENERS LTD,107097.00,1129.54,,,
EMUDHRA,EMUDHRA LIMITED,158726.00,1165.19,,,
TBOTEK,TBO TEK LIMITED,75016.00,1166.96,,,
SANSERA,SANSERA ENGINEERING LTD,241518.00,3198.50,,,
MASTEK,MASTEK LTD,289696.00,7294.97,,,
POKARNA,POKARNA LIMITED,181800.00,1686.17,,,
UTTAMSUGAR,UTTAM SUGAR MILLS LTD.,276336.00,878.07,,,
PATANJALI,PATANJALI FOODS LIMITED,3221575.00,19637.15,,,
GENESYS,GENESYS INTL CORPN LTD,525542.00,3492.24,,,
HCG,HEALTHCARE GLOB. ENT. LTD,353504.00,2183.74,,,
HARSHA,HARSHA ENGINEERS INT LTD,1072141.00,4822.36,,,
BFUTILITIE,BF UTILITIES LIMITED,395787.00,3152.73,,,
GMBREW,GM BREWERIES LTD.,123839.00,946.89,,,
SWARAJENG,SWARAJ ENGINES LTD,39622.00,1666.85,,,
VSTTILLERS,VST TILLERS TRACTORS LTD,43111.00,2202.28,,,
AFFLE,AFFLE 3I LIMITED,199198.00,3881.55,,,
NAVKARCORP,NAVKAR CORPORATION LTD.,1696722.00,2124.21,,,
GRINDWELL,GRINDWELL NORTON LIMITED,66297.00,1187.25,,,
INDIAMART,INDIAMART INTERMESH LTD,124355.00,3122.19,,,
GMMPFAUDLR,GMM PFAUDLER LIMITED,249849.00,2997.90,,,
INDIASHLTR,INDIA SHELTER FIN CORP L,418501.00,3474.31,,,
SHAILY,SHAILY ENG PLASTICS LTD,212799.00,4649.67,,,
KRN,KRN HEAT EXCHANGE N REF L,777761.00,6703.18,,,
ABSLAMC,ADIT BIRL SUN LIF AMC LTD,461618.00,3847.54,,,
JTLIND,JTL INDUSTRIES LIMITED,13906648.00,10881.97,,,
MAHLIFE,MAHINDRA LIFESPACE DEVLTD,1102369.00,4735.13,,,
MRF,MRF LTD,3366.00,4447.23,,,
DHAMPURSUG,DHAMPUR SUGAR MILLS LTD.,878850.00,1356.00,,,
KPEL,K.P. ENERGY LIMITED,488071.00,2182.88,,,
GRWRHITECH,GARWARE HI-TECH FILMS LTD,154424.00,5607.86,,,
ABLBL,ADITYA BIRLA LIFES BRAN L,6750621.00,10187.31,,,
GOLDETF,MIRAEAMC - MAGOLDETF,492268.00,528.36,,,
LAXMIDENTL,LAXMI DENTAL LIMITED,263725.00,970.82,,,
KSOLVES,KSOLVES INDIA LIMITED,38198.00,131.73,,,
INDIACEM,THE INDIA CEMENTS LIMITED,721942.00,2612.56,,,
SUNTECK,SUNTECK REALTY LIMITED,1294731.00,5993.99,,,
POLYPLEX,POLYPLEX CORPORATION LTD,333181.00,3962.03,,,
HEXT,HEXAWARE TECHNOLOGIES LTD,499488.00,3722.70,,,
LUXIND,LUX INDUSTRIES LIMITED,168038.00,2627.17,,,
VINATIORGA,VINATI ORGANICS LIMITED,58505.00,1051.73,,,
SHAREINDIA,SHARE IND. SECURITIES LTD,2063864.00,3834.15,,,
SAFARI,SAFARI IND (INDIA) LTD,40196.00,863.28,,,
CARYSIL,CARYSIL LIMITED,266536.00,2358.46,,,
IKIO,IKIO TECHNOLOGIES LIMITED,363389.00,865.41,,,
BHARATWIRE,BHARAT WIRE ROPES LTD.,883508.00,1937.61,,,
ATUL,ATUL LTD,252180.00,14835.64,,,
NEOGEN,NEOGEN CHEMICALS LIMITED,150763.00,2399.81,,,
INDNIPPON,INDIA NIPPON ELECT  LTD,84030.00,780.33,,,
GODREJAGRO,GODREJ AGROVET LIMITED,824339.00,6259.46,,,
HONAUT,HONEYWELL AUTOMATION IND,10634.00,4183.44,,,
SANOFI,SANOFI INDIA LIMITED,40914.00,2179.62,,,
FIEMIND,FIEM INDUSTRIES LIMITED,105794.00,2106.54,,,
SHILPAMED,SHILPA MEDICARE LTD,64681.00,301.65,,,
ESAFSFB,ESAF SMALL FINANCE BANK L,1627125.00,576.40,,,
MAZDA,MAZDA LIMITED,37491.00,110.33,,,
VINDHYATEL,VINDHYA TELELINKS LTD,122138.00,1989.00,,,
DIFFNKG,DIFFUSION ENGINEERS LTD,164704.00,611.78,,,
VIPCLOTHNG,VIP CLOTHING LIMITED,100004.00,41.14,,,
20MICRONS,20 MICRONS LTD,195981.00,488.91,,,
SBCL,SHIVALIK BIMETAL CON. LTD,144827.00,790.13,,,
SUNDARMHLD,SUNDARAM FINANCE HOLD LTD,314662.00,1596.63,,,
BODALCHEM,BODAL CHEMICALS LTD,788484.00,579.39,,,
FAIRCHEMOR,FAIRCHEM ORGANICS LIMITED,31985.00,313.50,,,
CREATIVE,CREATIVE PERI & DIST LTD.,372446.00,2555.57,,,
PDSL,PDS LIMITED,449248.00,1770.81,,,
RPGLIFE,RPG LIFE SCIENCES LTD,23168.00,565.56,,,
TREL,TRANSINDIA REAL ESTATE L,120251.00,41.48,,,
INDOCO,INDOCO REMEDIES LTD.,125239.00,384.59,,,
GUFICBIO,GUFIC BIOSCIENCES LTD.,159074.00,579.33,,,
METROBRAND,METRO BRANDS LIMITED,53135.00,656.44,,,
TRAVELFOOD,TRAVEL FOOD SERVICES LTD,46678.00,609.19,,,
SILVERTUC,SILVER TOUCH TECHNO LTD,4826.00,35.30,,,
GREENPOWER,ORIENT GREEN POWER CO LTD,4136775.00,592.85,,,
SUPREME,SUPREME HOLDIN N HOSP I L,31360.00,26.85,,,
ELECTHERM,ELECTROTHERM (I) LTD.,8765.00,90.52,,,
MBEL,M AND B ENGINEERING LTD,212259.00,873.76,,,
UYFINCORP,U. Y. FINCORP LIMITED,87791.00,14.15,,,
ONMOBILE,ONMOBILE GLOBAL LTD.,1400708.00,907.36,,,
EXCELINDUS,EXCEL INDUSTRIES LTD,27717.00,348.67,,,
YUKEN,YUKEN INDIA LIMITED,6846.00,74.15,,,
SANGHIIND,SANGHI INDUSTRIES LTD,993293.00,726.44,,,
INTLCONV,INTL CONVEYORS LIMITED,377658.00,388.05,,,
DVL,DHUNSERI VENTURES LIMITED,21082.00,83.16,,,
APEX,APEX FROZEN FOODS LIMITED,155251.00,377.61,,,
MUNJALSHOW,MUNJAL SHOWA LTD,102419.00,153.40,,,
DECCANCE,DECCAN CEMENTS LTD,199468.00,1980.99,,,
PVSL,POPULAR VEHICLES N SER L,120725.00,172.44,,,
MAHEPC,MAHINDRA EPC IRRIG LTD,57472.00,96.10,,,
KCPSUGIND,KCP SUGAR IND CORP LTD.,6093.00,2.23,,,
RAJSREESUG,RAJSHREE SUGAR & CHEMICAL,2131.00,1.04,,,
RANASUG,RANA SUGARS LTD.,229584.00,45.67,,,
ALANKIT,ALANKIT LIMITED,224686.00,32.61,,,
DPSCLTD,DPSC LIMITED,59919.00,10.28,,,
GOLD1,KOTAK GOLD ETF,1091248.00,1021.79,,,
CHEMCON,CHEMCON SPECIAL CHEM LTD,223037.00,595.51,,,
FLAIR,FLAIR WRITING INDUST LTD,229298.00,758.93,,,
ASIANTILES,ASIAN GRANITO INDIA LIMIT,97005.00,55.92,,,
SWELECTES,SWELECT ENERGY SYS LTD,47211.00,409.95,,,
RAJOOENG,RAJOO ENGINEERS LIMITED,1269325.00,1348.81,,,
KINGFA,KINGFA SCI & TEC IND LTD.,323.00,13.90,,,
NDTV,NDTV LTD,11657.00,15.09,,,
GOACARBON,GOA CARBON LIMITED,24023.00,137.68,,,
TRANSWORLD,TRANSWORLD SHIP LINES LTD,70789.00,226.42,,,
MARINE,MARINE ELECTRICAL (I) LTD,73721.00,164.09,,,
RPPINFRA,R.P.P INFRA PROJECTS LTD.,66927.00,98.50,,,
BAJAJINDEF,INDEF MANUFACTURING LTD,15925.00,57.57,,,
DEEDEV,DEE DEVELOPMENT ENG LTD,170973.00,502.81,,,
NIF100IETF,ICICI PRUD NIFTY 100 ETF,390663.00,111.93,,,
TAINWALCHM,TAINWALA CHEM & PLASTICS,1420.00,3.53,,,
RUBFILA,RUBFILA INTERNATIONAL LTD,10670.00,8.95,,,
FAZE3Q,FAZE THREE LIMITED,40424.00,217.32,,,
BGRENERGY,BGR ENERGY SYSTEMS LTD,1.00,0.00,,,
INDORAMA,INDO RAMA SYNTHETICS LTD,84079.00,44.64,,,
WALCHANNAG,WALCHANDNAGAR IND. LTD,51367.00,116.38,,,
GULFPETRO,GP PETROLEUMS LIMITED,55022.00,24.97,,,
KHAICHEM,KHAITAN CHEM & FERT LTD,629074.00,780.47,,,
SBIETFIT,SBIAMC - SBIETFIT,17138.00,68.13,,,
NEXT50,MIRAEAMC - MANXT50,10825.00,75.23,,,
NV20,KOTAKMAMC - KTKNV20ETF,5841.00,8.91,,,
SHARIABEES,NIP IND ETF SHARIAH BEES,10317.00,51.56,,,
HDFCVALUE,HDFCAMC - HDFCVALUE,675.00,0.90,,,
SILVERADD,DSPAMC - DSPSILVETF,151436.00,195.82,,,
SDL26BEES,RELCAPAMC-NETFSDL26,3950.00,5.24,,,
NIFTY50ADD,DSPAMC - DSPN50ETF,17962.00,46.35,,,
ECAPINSURE,EDELAMC - ECAPINSURE,481685.00,113.25,,,
IT,KOTAKMAMC - KOTAKIT,452323.00,175.76,,,
MID150,KOTAKMAMC - MID150,4924.00,1.08,,,
CONSUMER,MIRAEAMC - CONSUMER,196448.00,23.84,,,
GSEC10IETF,ICICIPRAMC - ICICI10GS,229.00,0.59,,,
HDFCPSUBK,HDFCAMC HDFCPSUBK,19849.00,14.51,,,
MONQ50,MOTILALAMC - MONQ50,634364.00,575.27,,,
JSWHL,JSW HOLDINGS LIMITED,723.00,124.80,,,
MUTHOOTCAP,MUTHOOT CAP SERV LTD,16953.00,52.89,,,
SUYOG,SUYOG TELEMATICS LIMITED,61880.00,497.08,,,
SCPL,SHEETAL COOL PRODUCTS LTD,4185.00,13.65,,,
EMAMIPAP,EMAMI PAPER MILLS LIMITED,181876.00,201.08,,,
FILATFASH,FILATEX FASHIONS LIMITED,878019.00,5.28,,,
SURANASOL,SURANA SOLAR LIMITED,3343.00,1.20,,,
ALPA,ALPA LABORATORIES LTD,2698.00,2.97,,,
MOKSH,MOKSH ORNAMENTS LIMITED,722673.00,102.24,,,
LGHL,LAXMI GOLDORNA HOUSE LTD,40.00,0.37,,,
BLUSPRING,BLUSPRING ENTERPRISES LTD,256510.00,216.84,,,
GLOBALVECT,GLOBAL VEC HELICORP LTD,2132.00,4.94,,,
STARPAPER,STAR PAPER MILLS LTD,943.00,1.77,,,
MONIFTY500,MOTILALAMC - MONIFTY500,689403.00,162.84,,,
UTISENSETF,UTIAMC-UTISENSETF,1141.00,10.26,,,
RBZJEWEL,RBZ JEWELLERS LIMITED,41644.00,59.50,,,
GANDHITUBE,GANDHI SPL. TUBES LTD,27131.00,248.15,,,
ALKALI,ALKALI METALS LTD,1180.00,1.14,,,
UMIYA-MRO,UMIYA BUILDCON LIMITED,690.00,0.72,,,
AFSL,ABANS FINANCIAL SRVCS LTD,28416.00,69.64,,,
EBBETF0431,EDELAMC - EBBETF0431,469.00,6.43,,,
HINDMOTORS,HINDUSTAN MOTORS LIMITED,40483.00,8.69,,,
BLSE,BLS E-SERVICES LIMITED,51125.00,99.42,,,
TOP15IETF,ICICIPRAMC - TOP15IETF,4853.00,0.51,,,
VAISHALI,VAISHALI PHARMA LIMITED,50001.00,6.24,,,
NECCLTD,NORTH EAST CARRY CORP LTD,11609.00,2.66,,,
GVKPIL,GVK POW. & INFRA LTD.,20000.00,1.93,,,
GROWWLIQID,GROWWAMC - GROWWLIQID,1282.00,1.35,,,
NIFTY100EW,KOTAKMAMC - NIFTY100EW,3458.00,1.17,,,
HDFCLOWVOL,HDFCAMC - HDFCLOWVOL,36247.00,7.58,,,
GILT5YBEES,RELCAPAMC - NETFGILT5Y,8980.00,5.63,,,
UNIONGOLD,UNIONAMC - UNIONGOLD,827.00,0.96,,,
ARFIN,ARFIN INDIA LIMITED,0.00,0.00,,,
PARSVNATH,PARSVNATH DEVELOPER LTD,3319.00,0.76,,,
QNIFTY,QUANTUM NIFTY 50 ETF,1148.00,31.13,,,
GOYALALUM,GOYAL ALUMINIUMS LIMITED,1560.00,0.13,,,
DCM,DCM LIMITED,4988.00,6.60,,,
THOMASCOTT,THOMAS SCOTT (INDIA) LTD,2000.00,6.60,,,
SHREYANIND,SHREYANS INDUSTRIES LTD,400.00,1.19,,,
AJOONI,AJOONI BIOTECH LIMITED,7000.00,0.40,,,
GRAUWEIL,GRAUER & WEIL IND LTD,2600.00,2.38,,,
ABGSEC,BIRLASLAMC - ABGSEC,2630.00,2.92,,,
OMAXAUTO,OMAX AUTOS LTD,2.00,0.00,,,
NIRAJ,NIRAJ CEMENT STRUC LTD,1.00,0.00,,,
SHAH,SHAH METACORP LIMITED,5961.00,0.20,,,
LT,LARSEN & TOUBRO LTD.,1027767.00,36049.11,,,
EMBDL,EMBASSY DEVELOPMENTS LTD,38240602.00,44659.12,,,
RCF,RASHTRIYA CHEMICALS & FER,9920942.00,16264.95,,,
ANGELONE,ANGEL ONE LIMITED,1266841.00,32838.41,,,
RECLTD,BOND 6.88% PA TAX FREE S1,16576704.00,68508.17,,,
CHENNPETRO,CHENNAI PETRO CORP LTD DE,1656122.00,12193.77,,,
IOC,INDIAN OIL CORP LTD,16557853.00,24538.69,,,
EXIDEIND,EXIDE INDUSTRIES LTD,5934893.00,25992.50,,,
ASHOKA,ASHOKA BUILDCON LTD,4894206.00,10324.29,,,
ETERNAL,ETERNAL LIMITED,10232466.00,29030.18,,,
ICICIB22,ICICIPRAMC - BHARATIWIN,510173.00,565.15,,,
OFSS,ORACLE FIN SERV SOFT LTD.,181602.00,16633.80,,,
SYNGENE,SYNGENE INTERNATIONAL LTD,710275.00,4881.85,,,
AARTIIND,AARTI INDUSTRIES LTD,3945448.00,17433.42,,,
ADANIGREEN,ADANI GREEN ENERGY LTD,2521707.00,26835.82,,,
DIXON,DIXON TECHNO (INDIA) LTD,168120.00,27720.46,,,
KFINTECH,KFIN TECHNOLOGIES LIMITED,1964998.00,23464.88,,,
MANORAMA,MANORAMA INDUSTRIES LTD,263929.00,3841.77,,,
HEG,HEG LIMITED,1655044.00,8668.74,,,
DELTACORP,DELTA CORP LIMITED,9165755.00,8877.21,,,
GRAVITA,GRAVITA INDIA LIMITED,872720.00,15639.00,,,
HUDCO,BOND 7.03% PA TAX FREE S1,12587427.00,30445.93,,,
RBA,RESTAURANT BRAND ASIA LTD,5685487.00,4786.93,,,
TTML,TATA TELESERV(MAHARASTRA),352444.00,237.31,,,
RAILTEL,RAILTEL CORP OF IND LTD,6856618.00,28439.95,,,
JINDALSAW,JINDAL SAW LIMITED,8771367.00,20089.61,,,
APOLLOTYRE,APOLLO TYRES LTD,1234567.00,5974.73,,,
ABBOTINDIA,ABBOTT INDIA LIMITED,11059.00,3495.56,,,
LICI,LIFE INSURA CORP OF INDIA,3434784.00,31325.54,,,
CANFINHOME,CAN FIN HOMES LTD,656021.00,5121.82,,,
MID150BEES,NIP IND ETF MIDCAP 150,741447.00,1622.99,,,
NATIONALUM,NATIONAL ALUM CO LTD,9735124.00,19507.12,,,
INDIGOPNTS,INDIGO PAINTS LIMITED,124203.00,1469.86,,,
DEEPAKNTR,DEEPAK NITRITE LTD,608480.00,12290.77,,,
GOKEX,GOKALDAS EXPORTS LTD.,934743.00,7572.57,,,
KPIGREEN,KPI GREEN ENERGY LIMITED,1920031.00,9389.78,,,
RKFORGE,RAMKRISHNA FORGINGS LTD,2522916.00,15980.43,,,
SUMICHEM,SUMITOMO CHEM INDIA LTD,586067.00,3335.85,,,
ACUTAAS,ACUTAAS CHEMICALS LIMITED,261070.00,3382.14,,,
ICICIPRULI,ICICI PRU LIFE INS CO LTD,1000087.00,6308.42,,,
BAJAJCON,BAJAJ CONSUMER CARE LTD,1647899.00,3899.95,,,
MODEFENCE,MOTILALAMC - MODEFENCE,5486096.00,4920.39,,,
MSUMI,MOTHERSON SUMI WRNG IND L,10330624.00,4715.88,,,
IOB,INDIAN OVERSEAS BANK,29231899.00,12537.70,,,
MCX,MULTI COMMODITY EXCHANGE,371334.00,29910.96,,,
OLAELEC,OLA ELECTRIC MOBILITY LTD,13416429.00,8082.89,,,
HERITGFOOD,HERITAGE FOODS LTD,1105311.00,5540.07,,,
STARHEALTH,STAR HEALTH & AL INS CO L,1165227.00,5389.35,,,
NSLNISP,NMDC STEEL LIMITED,20875459.00,9447.41,,,
AZAD,AZAD ENGINEERING LIMITED,524930.00,8864.57,,,
HEMIPROP,HEMISPHERE PROP IND LTD,3458148.00,5615.32,,,
GANDHAR,GANDHAR OIL REFINE IND L,730151.00,1267.42,,,
PPLPHARMA,PIRAMAL PHARMA LIMITED,9404641.00,19498.11,,,
TVSSCS,TVS SUPPLY CHAIN SOL L,3074296.00,4392.87,,,
WELENT,WELSPUN ENTERPRISES LTD.,967701.00,4941.36,,,
WCIL,WESTERN CARRIERS (IND) L,1039140.00,1366.98,,,
FCL,FINEOTEX CHEMICAL LIMITED,1427759.00,3772.31,,,
SFL,SHEELA FOAM LIMITED,384234.00,2806.45,,,
FLUOROCHEM,GUJARAT FLUOROCHEM LTD,606065.00,22436.34,,,
TVSMOTOR,TVS MOTOR COMPANY  LTD,185785.00,6168.14,,,
NOCIL,NOCIL LIMITED,2340507.00,5012.44,,,
BPCL,BHARAT PETROLEUM CORP  LT,2485192.00,8169.21,,,
GLAND,GLAND PHARMA LIMITED,174530.00,3440.01,,,
FORTIS,FORTIS HEALTHCARE LTD,419199.00,3397.50,,,
BHARATFORG,BHARAT FORGE LTD,1187500.00,15226.04,,,
NIACL,THE NEW INDIA ASSU CO LTD,3332770.00,7130.28,,,
BANCOINDIA,BANCO PRODUCTS (I) LTD,411012.00,3041.65,,,
CARBORUNIV,CARBORUNDUM UNIV LTD,357809.00,3571.88,,,
BORORENEW,BOROSIL RENEWABLES LTD,1382754.00,8159.69,,,
GUJALKALI,GUJALKALI NPP010699DEPO,363315.00,2349.71,,,
WOCKPHARMA,WOCKHARDT LIMITED,1882663.00,28732.74,,,
YATHARTH,YATHARTH HOSP & TRA C S L,795707.00,5463.73,,,
AIAENG,AIA ENGINEERING LIMITED,75451.00,2508.24,,,
SAGILITY,SAGILITY LIMITED,29641303.00,13179.67,,,
M&MFIN,M&M FIN. SERVICES LTD,2304163.00,6468.52,,,
GODREJIND,GODREJ INDUSTRIES LTD.,182800.00,2163.84,,,
FINCABLES,FINOLEX CABLES LTD,1012219.00,9712.18,,,
LIQUIDBEES,NIP IND ETF LIQUID BEES,63326.00,633.44,,,
NITCO,NITCO LIMITED,534017.00,721.53,,,
GSFC,GUJ STATE FERT & CHEM LTD,7087306.00,14862.35,,,
FEDFINA,FEDBANK FINANCIAL SER L,2984775.00,4172.39,,,
BBL,BHARAT BIJLEE LTD,109801.00,3252.97,,,
MAPMYINDIA,C.E. INFO SYSTEMS LIMITED,201011.00,3733.53,,,
HLEGLAS,HLE GLASCOAT LIMITED,307195.00,1576.62,,,
BANKNIFTY1,KOTAKMAMC-KOTAKBKETF,17794.00,99.46,,,
EMCURE,EMCURE PHARMACEUTICALS L,76201.00,1054.85,,,
MOM100,MOTILAL OS MIDCAP100 ETF,1268707.00,788.97,,,
DIGITIDE,DIGITIDE SOLUTIONS LTD,471766.00,1010.89,,,
TECHNOE,TECHNO ELEC & ENG CO. LTD,603062.00,8600.40,,,
CAPLIPOINT,CAPLIN POINT LAB LTD.,122287.00,2611.71,,,
DIVISLAB,DIVI S LABORATORIES LTD,262375.00,16296.49,,,
EUREKAFORB,EUREKA FORBES LIMITED,101196.00,583.52,,,
IIFLCAPS,IIFL CAPITAL SERVICES LTD,1323964.00,4116.51,,,
HUBTOWN,HUBTOWN LIMITED,3158266.00,9313.45,,,
EUROBOND,EURO PANEL PRODUCTS LTD,2187.00,4.93,,,
HDFCSILVER,HDFCAMC - HDFCSILVER,1750502.00,2224.23,,,
ABDL,ALLIED BLEND N DISTILS L,905888.00,4408.67,,,
SANDHAR,SANDHAR TECHNOLOGIES LTD,373672.00,1782.50,,,
IMFA,INDIAN METALS & FERRO,242954.00,2048.81,,,
FINEORG,FINE ORGANIC IND. LTD.,29341.00,1428.72,,,
ASALCBR,ASSO ALCOHOLS & BREW LTD,106219.00,1045.64,,,
IRMENERGY,IRM ENERGY LIMITED,304144.00,1115.72,,,
KIRLOSENG,KIRLOSKAR OIL ENG LTD,397063.00,3710.70,,,
KMEW,KNOWLEDGE MARINE & EN W L,37202.00,783.95,,,
MICEL,MIC ELECTRONICS LTD,1811567.00,1229.35,,,
PSPPROJECT,PSP PROJECTS LIMITED,476921.00,3562.40,,,
UDS,UPDATER SERVICES LIMITED,866162.00,2546.11,,,
BATAINDIA,BATA INDIA LTD,303782.00,3867.55,,,
BBTC,BOMBAY BURMAH TRADING COR,260538.00,5048.85,,,
SKFINDIA,SKF INDIA LTD,67335.00,3173.42,,,
STYRENIX,STYRENIX PERFORMANCE LTD,109523.00,2970.47,,,
TEGA,TEGA INDUSTRIES LIMITED,1822025.00,36336.36,,,
USHAMART,USHA MARTIN LIMITED,2273105.00,9037.77,,,
CCL,CCL PRODUCTS (I) LTD,146920.00,1237.99,,,
ADVENZYMES,ADVANCED ENZYME TECH LTD,648517.00,2309.70,,,
MEDIASSIST,MEDI ASSIST HEALTH SER L,194223.00,1039.21,,,
SILVERETF,UTIAMC - SILVERETF,685738.00,890.39,,,
SENCO,SENCO GOLD LIMITED,948318.00,3694.10,,,
BECTORFOOD,MRS BECTORS FOOD SPE LTD,220232.00,3147.98,,,
LICMFGOLD,LIC MF - LIC GOLD ETF,14251.00,1506.16,,,
BOROLTD,BOROSIL LIMITED,330953.00,1238.94,,,
GMRP&UI,GMR POW AND URBAN INFRA L,12223885.00,14220.52,,,
AKUMS,AKUMS DRUGS AND PHARMA L,458186.00,2382.33,,,
KEI,KEI INDUSTRIES LTD.,117252.00,4560.30,,,
VISHNU,VISHNU CHEMICALS LIMITED,561238.00,2776.01,,,
DIACABS,DIAMOND POWER INFRA LTD,3228733.00,4888.76,,,
MIRZAINT,MIRZA INTERNATIONAL LIMIT,193437.00,80.40,,,
STOVEKRAFT,STOVE KRAFT LIMITED,203215.00,1371.57,,,
GAEL,GUJARAT AMBUJA EXPORTS LT,1826039.00,2300.30,,,
KITEX,KITEX GARMENTS LTD,190602.00,390.16,,,
SEQUENT,SEQUENT SCIENTIFIC LTD.,1220660.00,2327.87,,,
VARROC,VARROC ENGINEERING LTD.,386561.00,2303.69,,,
WSTCSTPAPR,WEST COAST PAPER MILLS,354869.00,1934.88,,,
BLUEDART,BLUE DART EXPRESS LTD,74324.00,4597.37,,,
KALAMANDIR,SAI SILKS (KALAMANDIR) L,2704941.00,4726.86,,,
SRM,SRM CONTRACTORS LIMITED,90271.00,493.85,,,
BARBEQUE,BARBEQUE NATION HOSP. LTD,387948.00,1101.56,,,
AURIONPRO,AURIONPRO SOLN LTD,396924.00,5142.87,,,
ARISINFRA,ARISINFRA SOLUTIONS LTD,529397.00,832.67,,,
ANDHRAPAP,ANDHRA PAPER LIMITED,580531.00,489.34,,,
SILVERCASE,ZERODHAAMC - SILVERCASE,1152677.00,151.51,,,
AKZOINDIA,AKZO NOBEL INDIA LIMITED,30025.00,1070.17,,,
VADILALIND,VADILAL INDUSTRIES LTD,15678.00,863.59,,,
SNOWMAN,SNOWMAN LOGISTICS LTD.,1220006.00,785.04,,,
BERGEPAINT,BERGER PAINTS (I) LTD,344433.00,1912.12,,,
LINCOLN,LINCOLN PHARMA LTD,144358.00,870.28,,,
CMSINFO,CMS INFO SYSTEMS LIMITED,641503.00,2747.81,,,
LUMAXIND,LUMAX INDUSTRIES LTD,8872.00,401.64,,,
MAXESTATES,MAX ESTATES LIMITED,328130.00,1625.61,,,
SMCGLOBAL,SMC GLOBAL SECURITIES LTD,1124235.00,1641.68,,,
DODLA,DODLA DAIRY LIMITED,54725.00,760.53,,,
GOKULAGRO,GOKUL AGRO RESOURCES LTD,200293.00,732.00,,,
MCLEODRUSS,MCLEOD RUSSEL INDIA LIMIT,147664.00,55.56,,,
CENTURYPLY,CENTURY PLYBOARDS (I) LTD,59671.00,494.02,,,
DDEVPLSTIK,DDEV PLASTIKS IND LTD,186963.00,600.44,,,
OILIETF,ICICIPRAMC - OILIETF,3883784.00,446.25,,,
ARVSMART,ARVIND SMARTSPACES LTD,156815.00,1053.11,,,
GRINFRA,G R INFRAPROJECTS LIMITED,70963.00,947.83,,,
ACCELYA,ACCELYA KALE SOLUTION LTD,298699.00,4322.02,,,
TVTODAY,TV TODAY NETWORK LIMITED,267563.00,506.55,,,
DBCORP,D.B.CORP LTD,136978.00,371.04,,,
ETHOSLTD,ETHOS LIMITED,33233.00,883.66,,,
SHREDIGCEM,SHREE DIGVIJAY CEM CO LTD,720385.00,678.95,,,
NAVNETEDUL,NAVNEET EDUCATION LTD,688943.00,1074.30,,,
SPAL,S. P. APPARELS LIMITED,63569.00,486.00,,,
GULPOLY,GULSHAN POLYOLS LIMITED,289596.00,513.60,,,
APCOTEXIND,APCOTEX INDUSTRIES LIMITE,32104.00,135.94,,,
KOKUYOCMLN,KOKUYO CAMLIN LIMITED,157072.00,199.90,,,
STYLAMIND,STYLAM INDUSTRIES LIMITED,68548.00,1212.90,,,
JINDALPOLY,JINDAL POLY FILMS LIMITED,202459.00,1283.20,,,
BBOX,BLACK BOX LIMITED,54902.00,292.55,,,
ICRA,ICRA LIMITED,3737.00,247.88,,,
AVADHSUGAR,AVADH SUG & ENERGY LTD,240627.00,1249.75,,,
ZOTA,ZOTA HEALTH CARE LIMITED,94370.00,1124.06,,,
SCHNEIDER,SCHNEIDER ELECTRIC INFRA,72903.00,616.67,,,
RATNAVEER,RATNAVEER PRECISION ENG L,426930.00,668.51,,,
VAKRANGEE,VAKRANGEE LIMITED,404846.00,45.38,,,
KANORICHEM,KANORIA CHEM & IND LTD,12230.00,16.10,,,
ADVANIHOTR,ADVANI HOT.& RES.(I) LTD,38132.00,24.81,,,
QPOWER,QUALITY POWER ELEC EQUP L,764307.00,6104.47,,,
TRACXN,TRACXN TECHNOLOGIES LTD,277666.00,187.02,,,
ORIENTCER,ORIENT CERATECH LIMITED,66180.00,26.19,,,
PPL,PRAKASH PIPES LIMITED,275071.00,1000.59,,,
NIBE,NIBE LIMITED,11841.00,185.27,,,
RADIANTCMS,RADIANT CASH MGMT SER LTD,354955.00,221.31,,,
CHEVIOT,CHEVIOT COMPANY LIMITED,2758.00,35.44,,,
SHREEPUSHK,SHRE PUSH CHEM & FERT LTD,91926.00,368.90,,,
MANAKSIA,MANAKSIA LIMITED,17951.00,15.49,,,
SASTASUNDR,SASTASUNDAR VENTURES LTD,17855.00,52.59,,,
TEXMOPIPES,TEXMO PIPE & PRODUCTS LTD,18285.00,11.50,,,
DHANBANK,DHANLAXMI BANK LIMITED,467987.00,130.40,,,
SMARTWORKS,SMARTWORKS COWORKING SP L,44426.00,241.13,,,
UNICHEMLAB,UNICHEM LABORATORIES LTD,87287.00,529.63,,,
VIKRAMSOLR,VIKRAM SOLAR LIMITED,140776.00,465.07,,,
APTECHT,APTECH LIMITED,83549.00,123.64,,,
KESORAMIND,KESORAM INDUSTRIES LTD,155144.00,9.37,,,
JAGSNPHARM,JAGSONPAL PHARMA,141827.00,353.48,,,
INDOWIND,INDOWIND ENERGY LTD,14830.00,2.78,,,
NAGAFERT,NAGARJUN FERT AND CHE LTD,41316.00,2.72,,,
IFBAGRO,IFB AGRO INDUSTRIES LTD,103.00,0.85,,,
DCAL,DISHMAN CARBO AMCIS LTD,302345.00,872.16,,,
SUKHJITS,SUKHJIT STARCH & CHEM LTD,1741.00,3.57,,,
ARIHANTCAP,ARIHANT CAPITAL MKTS LTD,297327.00,316.77,,,
MOLDTECH,MOLD-TEK TECHNOLOGIES LTD,31254.00,64.71,,,
SIMPLEXINF,SIMPLEX INFRASTRUCTURES L,148479.00,447.72,,,
SUPERHOUSE,SUPERHOUSE LIMITED,2761.00,5.12,,,
WANBURY,WANBURY LIMITED,30784.00,81.14,,,
SENSEXIETF,ICICI PRUD SENSEX ETF,10395.00,96.63,,,
ALMONDZ,ALMONDZ GLOBAL SEC LTD,11269.00,2.45,,,
KRITINUT,KRITI NUTRIENTS LIMITED,2050.00,1.93,,,
KRYSTAL,KRYSTAL INTEGRATED SER L,32138.00,214.83,,,
OBCL,ORISSA BENGAL CARRIER LTD,2382.00,1.43,,,
BHARATSE,BHARAT SEATS LIMITED,34659.00,58.32,,,
SALSTEEL,S.A.L. STEEL LTD.,15771.00,2.97,,,
KICL,KALYANI INVEST CO LTD,4526.00,234.35,,,
BANKIETF,ICICIPRAMC - IPRU5008,414900.00,235.13,,,
ESILVER,EDELAMC - ESILVER,30928.00,36.57,,,
ABSLNN50ET,BIRLASLAMC - ABSLNN50ET,172792.00,131.29,,,
EMULTIMQ,EDELAMC - EMULTIMQ,45225.00,19.34,,,
NPST,NETWORK PEOPLE SRV TECH L,40432.00,827.89,,,
IVZINGOLD,INVESCO INDIA GOLD ETF,630.00,66.78,,,
HDFCQUAL,HDFCAMC - HDFCQUAL,28085.00,16.27,,,
CIFL,CAPITAL INDIA FINANCE LTD,31068.00,12.03,,,
MOHEALTH,MOTILALAMC - MOHEALTH,33260.00,14.87,,,
MOGOLD,MOTILALAMC - MOGOLD,1030.00,1.23,,,
NV20BEES,NIP IND ETF ETF NV20,22076.00,32.71,,,
FISCHER,FISCHER MEDICAL VENTURE L,116627.00,126.20,,,
SETF10GILT,SBIAMC - SETF10GILT,6373.00,16.47,,,
SILVER1,KOTAKMAMC - KOTAKSILVE,448195.00,562.37,,,
ZIMLAB,ZIM LABORATORIES LIMITED,24840.00,26.98,,,
SRHHYPOLTD,SREE RAYALSEEMA HHP LTD.,52042.00,340.83,,,
AKSHOPTFBR,AKSH OPTIFIBRE LIMITED,16000.00,1.20,,,
KABRAEXTRU,KABRAEXTRUSION,6356.00,18.24,,,
RUBYMILLS,THE RUBY MILLS LTD,6058.00,15.09,,,
EFCIL,EFC (I) LIMITED,7364.00,22.33,,,
FIBERWEB,FIBERWEB INDIA LIMITED,5666.00,2.73,,,
ABSLBANETF,BIRLASLAMC - ABSLBANETF,18322.00,10.23,,,
USK,UDAYSHIVAKUMAR INFRA LTD,7912.00,2.78,,,
EBBETF0430,BHARAT Bond ETF - April 2030 -,838.00,12.83,,,
CONSUMIETF,ICICIPRAMC - ICICICONSU,65040.00,79.93,,,
BSE500IETF,ICICIPRAMC - ICICI500,555559.00,217.64,,,
INDOTHAI,INDO THAI SEC LTD,27064.00,80.49,,,
BBETF0432,EDELAMC - BBETF0432,193.00,2.48,,,
SBIETFCON,SBIAMC - SBIETFCON,7474.00,9.49,,,
MOTOUR,MOTILALAMC - MOTOUR,1.00,0.00,,,
AONELIQUID,AONEAMC - AONELIQUID,6.00,0.06,,,
SPECTRUM,SPECTRUM ELECTRIC IND LTD,232.00,3.76,,,
TPLPLASTEH,TPL PLASTECH LIMITED,74994.00,64.71,,,
OCCLLTD,OCCL LIMITED,1000.00,1.29,,,
AXISHCETF,AXISAMC - AXISHCETF,5035.00,7.13,,,
ASPINWALL,ASPINWALL & CO LTD,240.00,0.68,,,
SURANAT&P,SURANA TELECOM AND POW LT,30359.00,7.37,,,
HERCULES,HERCULES HOI. LTD.,1904.00,3.29,,,
MEGASTAR,MEGASTAR FOODS LIMITED,32.00,0.10,,,
DOLPHIN,DOLPHIN OFF ENT (IND) L,307.00,1.28,,,
MANAKALUCO,MANAK ALUMINIUM CO. LTD.,200.00,0.06,,,
HINDCON,HINDCON CHEMICALS LIMITED,78.00,0.03,,,
PVP,PVP VENTURES LIMITED,8758.00,2.39,,,
HISARMETAL,HISAR METAL IND. LIMITED,2099.00,4.56,,,
KILITCH,KILITCH DRUGS INDIA LTD,1.00,0.00,,,
CLEDUCATE,CL EDUCATE LIMITED,1.00,0.00,,,
MEDANTA,GLOBAL HEALTH LIMITED,156442.00,2082.00,,,
CAMS,COMPUTER AGE MNGT SER LTD,937373.00,38272.56,,,
GESHIP,THE GE SHPG.LTD,958547.00,10241.38,,,
SWIGGY,SWIGGY LIMITED,6966157.00,30028.86,,,
TATASTEEL,TATA STEEL LIMITED,14199364.00,22599.85,,,
WELSPUNLIV,WELSPUN LIVING LIMITED,10183734.00,14354.36,,,
NUVOCO,NUVOCO VISTAS CORP LTD,625097.00,2674.01,,,
EQUITASBNK,EQUITAS SMALL FIN BNK LTD,10627682.00,6822.15,,,
SYRMA,SYRMA SGS TECHNOLOGY LTD,1186659.00,9107.40,,,
BLUESTARCO,BLUE STAR LIMITED,206858.00,3914.80,,,
CGPOWER,CROMPGREAVNPP011299DEPO,3655395.00,25726.50,,,
PATELENG,PATEL ENGINEERING LTD.,5817592.00,2510.89,,,
CEATLTD,CEAT LIMITED,150044.00,5230.83,,,
SARDAEN,SARDA ENERGY & MIN LTD,1571687.00,8716.52,,,
GOLDIAM,GOLDIAM INTERNATIONAL LTD,2077488.00,7895.80,,,
IDBI,IDBI BANK LIMITED,36159166.00,33290.92,,,
BALMLAWRIE,BALMER LAWRIE & CO.LTD.,1792276.00,4118.84,,,
TECHM,TECH MAHINDRA LIMITED,1378527.00,21609.58,,,
NYKAA,FSN E COMMERCE VENTURES,1594321.00,3612.36,,,
MARICO,MARICO LIMITED,451380.00,3254.99,,,
HINDUNILVR,HINDUSTAN UNILEVER LTD.,521804.00,13372.91,,,
MIDHANI,MISHRA DHATU NIGAM LTD,2657518.00,11026.81,,,
RITES,RITES LIMITED,4811813.00,13882.32,,,
RAJRATAN,RAJRATAN GLOBAL WIRE LTD,413523.00,1512.00,,,
LATENTVIEW,LATENT VIEW ANALYTICS LTD,883890.00,3849.17,,,
PSUBNKBEES,NIP IND ETF PSU BANK BEES,4853691.00,3946.92,,,
ALKYLAMINE,ALKYL AMINE CHEM LTD,155991.00,3284.87,,,
CIPLA,CIPLA NPP101299 DEPO,326226.00,5008.36,,,
INDGN,INDEGENE LIMITED,984101.00,5830.82,,,
CUMMINSIND,CUMMINS INDIA LTD,176019.00,6798.83,,,
RAYMOND,RAYMOND LTD,742711.00,5531.39,,,
JSWSTEEL,JSW STEEL LIMITED,289885.00,3049.73,,,
M&M,MAHINDRA & MAHINDRA LTD,932724.00,32076.85,,,
NFL,NATIONAL FERTILIZERS LIMI,9538944.00,10038.87,,,
COLPAL,COLGATE PALMOLIVE LTD.,624902.00,15125.70,,,
SONACOMS,SONA BLW PRECISION FRGS L,4238464.00,19987.49,,,
LAOPALA,LA OPALA RG LIMITED,299305.00,837.09,,,
ALKEM,ALKEM LABORATORIES LTD.,25600.00,1402.19,,,
REDTAPE,REDTAPE LIMITED,1324326.00,1986.43,,,
63MOONS,63 MOONS TECHNOLOGIES LTD,302931.00,2704.55,,,
MOBIKWIK,ONE MOBIKWIK SYSTEMS LTD,2721498.00,7908.58,,,
STLTECH,STERLITE TECHNOLOGIES LTD,1366445.00,1604.99,,,
ICIL,INDO COUNT INDUSTRIES LTD,805501.00,2467.13,,,
ADANIPORTS,ADANI PORT & SEZ LTD,2142544.00,29817.94,,,
QUESS,QUESS CORP LIMITED,539317.00,1732.75,,,
HBLENGINE,HBL ENGINEERING LTD,3143788.00,22871.58,,,
LTF,L&T FINANCE LIMITED,3816157.00,8002.39,,,
JWL,JUPITER WAGONS LIMITED,4640205.00,17782.64,,,
AGI,AGI GREENPAC LIMITED,431380.00,3788.11,,,
ZAGGLE,ZAGGLE PREPA OCEAN SER L,1687224.00,6258.48,,,
ORISSAMINE,ORISSA MIN DEV CO LTD,40057.00,2381.50,,,
AEROFLEX,AEROFLEX INDUSTRIES LTD,2482442.00,4785.03,,,
SPARC,SUN PHARMA ADVANCED RESEA,1673936.00,2745.90,,,
BEPL,BHANSALI ENG. POLYMERS LT,2713056.00,3235.55,,,
WEBELSOLAR,WEBSOL ENERGY SYSTEM LTD,375157.00,5011.71,,,
ONESOURCE,ONESOURCE SPECL PHARMA L,211684.00,4259.18,,,
FINOPB,FINO PAYMENTS BANK LTD,789297.00,2287.39,,,
JAIBALAJI,JAI BALAJI INDUSTRIES LTD,8997980.00,10629.67,,,
STERTOOLS,STERLING TOOLS LTD.,324564.00,1225.95,,,
AXISGOLD,AXIS MF - AXIS GOLD ETF,2225656.00,2108.47,,,
FORCEMOT,FORCE MOTORS LIMITED,60114.00,10005.30,,,
KSB,KSB LIMITED,148633.00,1240.76,,,
LIQUIDCASE,ZERODHAAMC - LIQUIDCASE,52852.00,58.08,,,
ADANIENT,ADANI ENTERPRISES LIMITED,858989.00,22474.17,,,
HPL,HPL ELECTRIC & POWER LTD,723952.00,3927.46,,,
GALLANTT,GALLANTT ISPAT LIMITED,167526.00,1144.96,,,
GRMOVER,GRM OVERSEAS LIMITED,2303175.00,8368.92,,,
VASCONEQ,VASCON ENGINEERS LTD,4352247.00,2757.36,,,
VIJAYA,VIJAYA DIAGNOSTIC CEN LTD,124932.00,1331.64,,,
TATAGOLD,TATAAML-TATAGOLD,13539185.00,1483.57,,,
SETFGOLD,SBI-ETF GOLD,957940.00,922.83,,,
RRKABEL,R R KABEL LIMITED,266049.00,3574.57,,,
SIGNATURE,SIGNATUREGLOBAL INDIA LTD,755109.00,9063.20,,,
TRIVENI,TRIVENI ENGG. & INDS. LTD,1265291.00,4917.07,,,
NIFTYBEES,NIP IND ETF NIFTY BEES,5230673.00,14556.12,,,
UTKARSHBNK,UTKARSH SMALL FIN BANK L,13280411.00,3831.79,,,
ROHLTD,ROYAL ORCHID HOTELS LTD,356347.00,1615.98,,,
GPTHEALTH,GPT HEALTHCARE LIMITED,523729.00,847.78,,,
KIOCL,KIOCL LIMITED,348819.00,1703.03,,,
ORIENTTECH,ORIENT TECHNOLOGIES LTD,359876.00,1516.36,,,
HINDPETRO,HINDUSTAN PETROLEUM CORP,1640072.00,6716.93,,,
GVT&D,GE VERNOVA T&D INDIA LTD,119880.00,3431.56,,,
GOODLUCK,GOODLUCK INDIA LIMITED,778735.00,7891.31,,,
ECLERX,ECLERX SERVICES LTD,61625.00,2475.84,,,
LOTUSDEV,SRI LOTUS DEVLPRS N RTY L,1656297.00,3207.93,,,
JINDWORLD,JINDAL WORLDWIDE LTD,2850641.00,1350.35,,,
INDRAMEDCO,INDRAPRASTHA MEDICAL CORP,476968.00,2267.43,,,
BASF,BASF INDIA LTD,168723.00,8725.99,,,
POWERMECH,POWER MECH PROJECTS LTD.,256400.00,7675.62,,,
SILVERIETF,ICICIPRAMC - ICICISILVE,3300007.00,4342.42,,,
IIFL,SEC RED NCD 9.50 % SR. I,1943746.00,8499.78,,,
RAYMONDLSL,RAYMOND LIFESTYLE LIMITED,381776.00,4663.11,,,
GARFIBRES,GARWARE TECH FIBRES LTD,69879.00,600.30,,,
EVEREADY,EVEREADY INDS. IND.  LTD.,1357509.00,5632.47,,,
ENDURANCE,ENDURANCE TECHNO. LTD.,109996.00,3136.39,,,
HNGSNGBEES,NIP IND ETF HANGSENG BEES,458957.00,2270.18,,,
AGIIL,AGI INFRA LIMITED,455689.00,4672.06,,,
DCBBANK,DCB BANK LIMITED,5344912.00,6896.78,,,
EIDPARRY,EID PARRY INDIA LTD,222786.00,2365.10,,,
SAKSOFT,SAKSOFT LIMITED,701833.00,1531.99,,,
APLLTD,ALEMBIC PHARMA LTD,214393.00,2184.83,,,
APTUS,APTUS VALUE HSG FIN I LTD,1729631.00,5718.70,,,
HCC,HINDUSTAN CONSTRUCTION CO,5175439.00,1565.63,,,
TCPLPACK,TCPL PACKAGING LIMITED,25174.00,1012.44,,,
VRLLOG,VRL LOGISTICS LIMITED,742923.00,2133.21,,,
SENORES,SENORES PHARMACEUTICALS L,542194.00,3686.04,,,
ENTERO,ENTERO HEALTHCARE SOLU L,303060.00,3639.96,,,
REMSONSIND,REMSONS INDUSTRIES LTD,116955.00,159.41,,,
SALZERELEC,SALZER ELECTRONICS LTD,268074.00,2452.07,,,
WEL,WONDER ELECTRICALS LTD,1257815.00,1905.06,,,
ROTO,ROTO PUMPS LIMITED,881341.00,817.71,,,
CONCORDBIO,CONCORD BIOTECH LIMITED,202431.00,3521.44,,,
IPL,INDIA PESTICIDES LIMITED,899554.00,1984.21,,,
ASTEC,ASTEC LIFESCIENCES LTD,320139.00,3238.00,,,
MAITHANALL,MAITHAN ALLOYS LTD,202657.00,2309.23,,,
AXISBNKETF,AXISAMC - AXISBNKETF,467.00,2.65,,,
MAHKTECH,MIRAEAMC - MAHKTECH,2994401.00,812.11,,,
TATVA,TATVA CHIN PHARM CHEM LTD,171406.00,1779.49,,,
DREDGECORP,DREDGING CORP OF INDIA,159061.00,1110.80,,,
NESCO,NESCO LTD.,266350.00,3438.41,,,
JSFB,JANA SMALL FIN BANK LTD,345981.00,1761.51,,,
AWHCL,ANTONY WASTE HDG CELL LTD,262676.00,1647.20,,,
FILATEX,FILATEX INDIA LTD,2877695.00,1590.79,,,
NIFTYETF,MIRAEAMC - MAN50ETF,211639.00,559.60,,,
SEAMECLTD,SEAMEC LIMITED,114990.00,1112.69,,,
RPSGVENT,RPSG VENTURES LIMITED,576701.00,5450.29,,,
CIGNITITEC,CIGNITI TECHNOLOGIES LTD,72301.00,1106.24,,,
MARATHON,MARATHON NXTGEN REALT LTD,1059035.00,6860.40,,,
SUVEN,SUVEN LIFE SCIENCES LTD,86174.00,178.65,,,
MEDPLUS,MEDPLUS HEALTH SERV LTD,637171.00,4831.05,,,
OSWALPUMPS,OSWAL PUMPS LIMITED,480999.00,3876.08,,,
DHANUKA,DHANUKA AGRITECH LTD,82512.00,1355.90,,,
AFIL,AKME FINTRADE (INDIA) LTD,12713568.00,985.58,,,
GHCL,GHCL LIMITED,635545.00,3841.94,,,
KANSAINER,KANSAI NEROLAC PAINTS LTD,699822.00,1806.45,,,
MUKANDLTD,MUKAND LTD.,437688.00,640.67,,,
NITINSPIN,NITIN SPINNERS LIMITED,299099.00,1110.54,,,
ROSSARI,ROSSARI BIOTECH LIMITED,192458.00,1365.77,,,
SATIA,SATIA INDUSTRIES LIMITED,926962.00,852.59,,,
LMW,LMW LIMITED,20873.00,3146.31,,,
SPORTKING,SPORTKING INDIA LIMITED,344272.00,398.60,,,
PICCADIL,PICCADILY AGRO INDUSTRI L,121156.00,855.51,,,
LANDMARK,LANDMARK CARS LIMITED,67018.00,396.16,,,
AUTOAXLES,AUTOMOTIVE AXLES LIMITED,26005.00,482.00,,,
SOMANYCERA,SOMANY CERAMICS LIMITED,110536.00,585.33,,,
MBAPL,MADHYA BHARAT AGRO P. LTD,141422.00,593.19,,,
HONDAPOWER,HONDA I POWER PRODUCT LTD,24335.00,725.07,,,
NDL,NANDAN DENIM LIMITED,366843.00,14.01,,,
3IINFOLTD,3I INFOTECH LIMITED,817265.00,288.48,,,
STEELCAS,STEELCAST LIMITED,29395.00,68.42,,,
BRIGHOTEL,BRIGADE HOTEL VENTURE LTD,199458.00,170.05,,,
RITCO,RITCO LOGISTICS LIMITED,125474.00,399.89,,,
STEELXIND,STEEL EXCHANGE INDIA LTD,4114761.00,439.98,,,
RUSTOMJEE,KEYSTONE REALTORS LIMITED,44994.00,283.99,,,
PUNJABCHEM,PUNJ CHEM & CROP PROT LTD,28532.00,379.30,,,
ENIL,ENTERTAINMENT NETWORK (IN,35258.00,57.92,,,
NAHARSPING,NAHAR SPINNING MILLS LTD.,60076.00,147.75,,,
SHIVALIK,SHIVALIK RASAYAN LIMITED,27320.00,154.55,,,
KMSUGAR,K M SUGAR MILLS LTD,4876.00,1.61,,,
PENINLAND,PENINSULA LAND LIMITED,199340.00,72.87,,,
PONNIERODE,PONNIE SUGARS (ERODE) LTD,20663.00,67.86,,,
OSWALGREEN,OSWAL GREENTECH LIMITED,250270.00,111.71,,,
VRAJ,VRAJ IRON AND STEEL LTD,49190.00,108.29,,,
ALPHA,KOTAKMAMC - KOTAKALPHA,5177187.00,2552.52,,,
MAFANG,MIRAEAMC - MAFANG,543479.00,821.73,,,
LOWVOLIETF,ICICI PR NIF LW VL 30 ETF,919607.00,204.49,,,
VISAKAIND,VISAKA INDUSTRIES LIMITED,20888.00,17.93,,,
GODAVARIB,GODAVARI BIOREFINERIES L,9879.00,27.47,,,
UCAL,UCAL LIMITED,15073.00,22.82,,,
HERANBA,HERANBA INDUSTRIES LTD,113489.00,390.49,,,
LIBERTSHOE,LIBERTYSHOESLTD,13794.00,50.26,,,
MAXIND,MAX INDIA LIMITED,16527.00,36.51,,,
INTERARCH,INTERARCH BLDNG SOLTN LTD,17006.00,336.85,,,
BESTAGRO,BEST AGROLIFE LIMITED,63910.00,299.78,,,
ISFT,INTRASOFT TECH. LTD,173820.00,195.84,,,
ARROWGREEN,ARROW GREENTECH LIMITED,5348.00,32.49,,,
ONEPOINT,ONE POINT ONE SOL LTD,474500.00,222.16,,,
VIPULLTD,VIPUL LIMITED,209995.00,21.79,,,
SOMICONVEY,SOMI CONVEYOR BELT. LTD.,175.00,0.25,,,
CSLFINANCE,CSL FINANCE LIMITED,8193.00,25.94,,,
AMBIKCO,AMBIKA COTTON MILL LTD.,16673.00,256.80,,,
INDOFARM,INDO FARM EQUIPMENT LTD,267143.00,661.16,,,
MARALOVER,MARAL OVERSEAS LTD,27.00,0.01,,,
MAWANASUG,MAWANA SUGARS LIMITED,27546.00,27.48,,,
KAMATHOTEL,KAMAT HOTELS (I) LTD,167830.00,504.22,,,
SHIVATEX,SHIVA TEXYARN LIMITED,10.00,0.02,,,
HTMEDIA,HT MEDIA LIMITED,10000.00,2.89,,,
ZEELEARN,ZEE LEARN LIMITED,23500.00,2.31,,,
ITIETF,ICICIPRAMC - ICICITECH,1838365.00,728.77,,,
AXISILVER,AXISAMC - AXISILVER,336955.00,447.76,,,
MULTICAP,MIRAEAMC - MULTICAP,123112.00,19.47,,,
HDFCNIFTY,HDFCAMC - HDFCNIFTY,54208.00,147.37,,,
MOVALUE,MOTILALAMC - MOVALUE,148931.00,152.72,,,
GOLDETFADD,DSPAMC - DSPGOLDETF,24758.00,27.69,,,
AUTOIETF,ICICIPRAMC - ICICIAUTO,1656712.00,451.01,,,
PSUBANKADD,DSPAMC - DSPPSBKETF,42370.00,31.50,,,
MANAKCOAT,MAN COAT METAL & IND LTD,125521.00,178.79,,,
GROWWEV,GROWWAMC - GROWWEV,244154.00,74.64,,,
KERNEX,KERNEX MICROSYS(I) LTD,33984.00,353.14,,,
JAYBARMARU,JAYBHARATMARU-,17455.00,15.04,,,
PRABHA,PRABHA ENERGY LIMITED,12965.00,32.16,,,
ANUHPHR,ANUH PHARMA LIMITED,25503.00,24.63,,,
RELCHEMQ,RELIANCE CHEMOTEX IND LTD,125.00,0.24,,,
GTL,GTL LTD- NPP DEP RS,110321.00,13.81,,,
DUCON,DUCON INFRATECHNOLOGIES L,132260.00,8.09,,,
MAGNUM,MAGNUM VENTURES LIMITED,8848.00,2.91,,,
PREMIERPOL,PREMIER POLYFILM LTD,4354.00,2.07,,,
NINSYS,NINTEC SYSTEMS LIMITED,2407.00,12.53,,,
BEARDSELL,BEARDSELL LIMITED,4301.00,1.49,,,
MNC,KOTAKMAMC - KOTAKMNC,268073.00,83.03,,,
MANCREDIT,MANGAL CREDIT N FINCORP L,3880.00,6.89,,,
FCSSOFT,FCS SOFTWARE SOLN. LTD.,399823.00,11.33,,,
HEALTHY,BIRLASLAMC - HEALTHY,197733.00,29.41,,,
RADIOCITY,MUSIC BROADCAST LIMITED,14160.00,1.43,,,
TNIDETF,TATAAML - TNIDETF,56160.00,51.65,,,
BAIDFIN,BAID FINSERV LIMITED,37553.00,4.64,,,
QGOLDHALF,QUANTUM GOLD FUND,271184.00,256.08,,,
COMSYN,COMMERCIAL SYN BAGS LTD,2131.00,3.27,,,
HILTON,HILTON METAL FORGING LTD,103649.00,48.17,,,
INDOBORAX,INDO BORAX & CHEMICAL LTD,2088.00,3.82,,,
UTINEXT50,UTIAMC - UTINEXT50,183342.00,141.13,,,
EBBETF0433,EDELAMC - EBBETF0433,175.00,2.20,,,
NEXT30ADD,DSPAMC - NEXT30ADD,3007.00,1.17,,,
MSCIINDIA,KOTAKMAMC - MSCIINDIA,24094.00,7.08,,,
MOINFRA,MOTILALAMC - MOINFRA,204.00,0.12,,,
BBNPNBETF,BARODABNP - BBNPNBETF,745.00,0.42,,,
NIF5GETF,UTIAMC - NIF5GETF,2487.00,1.59,,,
SELECTIPO,MIRAEAMC - SELECTIPO,3701.00,1.82,,,
COMMOIETF,ICICIPRAMC - ICICICOMMO,71246.00,63.53,,,
NETF,TATAAML - NETF,24103.00,64.64,,,
LIQUIDETF,DSP LIQUID ETF,1028.00,10.28,,,
EQUAL50ADD,DSPAMC - DSPNEWETF,18114.00,59.29,,,
NIF10GETF,UTIAMC - NIF10GETF,382.00,0.10,,,
SGMART,SG MART LIMITED,2665.00,9.68,,,
NPBET,TATAAML - NPBET,4685.00,13.28,,,
UNIENTER,UNIPHOS ENTERPRISES LIMIT,1000.00,1.70,,,
JOCIL,JOCIL LIMITED,0.00,0.00,,,
ORIENTBELL,ORIENT BELL LIMITED,484.00,2.39,,,
ASAHISONG,ASAHI SONGWON COLOR LTD,1524.00,4.47,,,
AHLADA,AHLADA ENGINEERS LIMITED,5566.00,5.26,,,
NRAIL,N R AGARWAL INDS LTD,5633.00,20.60,,,
MIRCELECTR,MIRCELECTR-DEPO,337.00,0.07,,,
CPCAP,CP CAPITAL LIMITED,25.00,0.10,,,
TREJHARA,TREJHARA SOLUTIONS LTD,1.00,0.00,,,
ARCHIDPLY,ARCHIDPLY IND. LTD,1100.00,1.13,,,
UNITEDTEA,UNITED NILGIRI TEA LTD,50.00,0.25,,,
AARVI,AARVI ENCON LIMITED,333.00,0.40,,,
ANMOL,ANMOL INDIA LIMITED,2000.00,0.33,,,
ASHIMASYN,ASHIMA LTD,1000.00,0.25,,,
