sebi_report_as_on_reporting_date_09oct2025,unnamed_1,unnamed_2,unnamed_3,unnamed_4,unnamed_5,unnamed_6,unnamed_7
Sr.No.,Particulars,Rs. In Lakhs,,,,,
1,Scripwise Total Outstanding on the beginning of the day,10802256.35,,,,,
2,Fresh Exposure taken during the day,311469.58,,,,,
3,Exposure liquidated during the day,333006.92,,,,,
4,Net scripwise outstanding at the end of the day,10780719.01,,,,,
Symbol,Name,Qty Fin by all the members(No.of Shares),Amt Fin by all the members(Rs. In Lakhs),,,,
AEGISVOPAK,AEGIS VOPAK TERMINALS LTD,373404.00,970.66,,,,
ASIANPAINT,ASIAN PAINTS LIMITED,890396.00,22032.79,,,,
PGEL,PG ELECTROPLAST LTD,3709436.00,20634.65,,,,
TITAGARH,TITAGARH RAIL SYSTEMS LTD,2651173.00,25057.67,,,,
LLOYDSME,LLOYDS METALS N ENERGY L,1412192.00,18542.03,,,,
NAZARA,NAZARA TECHNOLOGIES LTD,31025672.00,88825.21,,,,
BDL,BHARAT DYNAMICS LIMITED,3917301.00,66725.98,,,,
VEDL,VEDANTA LIMITED,12721191.00,57242.22,,,,
KIRLPNU,KIRLOSKAR PNEUMATIC COM L,123275.00,1621.55,,,,
TARC,TARC LIMITED,2081608.00,3647.89,,,,
BLUEJET,BLUE JET HEALTHCARE LTD,2601207.00,19389.23,,,,
PAISALO,PAISALO DIGITAL LIMITED,12369173.00,4739.26,,,,
LXCHEM,LAXMI ORGANIC INDUS LTD,2893625.00,6546.46,,,,
ASHOKLEY,ASHOK LEYLAND -DEP SETT,6146601.00,8191.93,,,,
SANGHVIMOV,SANGHVI MOVERS LTD,1221632.00,4110.09,,,,
DAMCAPITAL,DAM CAPITAL ADVISORS LTD,1429954.00,3560.09,,,,
SERVOTECH,SERVOTECH REN POW SYS LTD,563034.00,779.84,,,,
JIOFIN,JIO FIN SERVICES LTD,48112691.00,147495.92,,,,
SPIC,SOUTHERN PETRO IND CORP,3185065.00,3274.42,,,,
LEMONTREE,LEMON TREE HOTELS LTD,6573055.00,10854.59,,,,
RTNINDIA,RATTANINDIA ENT LIMITED,16561169.00,9567.38,,,,
BELRISE,BELRISE INDUSTRIES LTD,14412549.00,21051.97,,,,
NTPC,NTPC LTD,8352884.00,29616.18,,,,
HCLTECH,HCL TECHNOLOGIES LTD,1992232.00,30881.55,,,,
GHCLTEXTIL,GHCL TEXTILES LIMITED,107884.00,97.08,,,,
HSCL,HIMADRI SPECIALITY CHEM L,4069393.00,19912.02,,,,
RML,RANE (MADRAS) LIMITED,26606.00,233.26,,,,
RENUKA,SHREE RENUKA SUGARS LTD,21851102.00,7874.08,,,,
OLECTRA,OLECTRA GREENTECH LIMITED,2015250.00,30731.14,,,,
JPPOWER,JAIPRAKASH POWER VEN. LTD,75167774.00,15389.83,,,,
SHAKTIPUMP,SHAKTI PUMPS (I) LTD,942204.00,8277.86,,,,
ACC,ACC LIMITED,751218.00,14494.19,,,,
DALMIASUG,DALMIA BHARAT SUG IN LTD,275015.00,1084.22,,,,
RESPONIND,RESPONSIVE INDUSTRIES LTD,1993026.00,4564.15,,,,
POWERGRID,POWER GRID CORP. LTD.,5392567.00,15995.87,,,,
CRIZAC,CRIZAC LIMITED,976909.00,3040.25,,,,
WAAREERTL,WAAREE RENEWABLE TECH LTD,544302.00,6011.63,,,,
THYROCARE,THYROCARE TECH LTD,53260.00,667.07,,,,
ATHERENERG,ATHER ENERGY LIMITED,904251.00,5204.51,,,,
HYUNDAI,HYUNDAI MOTOR INDIA LTD,470163.00,12049.77,,,,
TATACHEM,TATA CHEMICALS LTD,1246533.00,11994.80,,,,
PRAKASH,PRAKASH INDUSTRIES LTD.,3304693.00,5464.96,,,,
ZYDUSLIFE,ZYDUS LIFESCIENCES LTD,618827.00,6314.99,,,,
POWERINDIA,HITACHI ENERGY INDIA LTD,75939.00,14319.90,,,,
TRITURBINE,TRIVENI TURBINE LIMITED,1102911.00,6572.52,,,,
RHIM,RHI MAGNESITA INDIA LTD,1238427.00,6140.35,,,,
JINDALSTEL,JINDAL STEEL LIMITED,386924.00,3901.63,,,,
JSWINFRA,JSW INFRASTRUCTURE LTD,4241544.00,12845.61,,,,
INDHOTEL,THE INDIAN HOTELS CO. LTD,4126537.00,31490.75,,,,
JBMA,JBM AUTO LIMITED,2461900.00,17143.38,,,,
VIKASLIFE,VIKAS LIFECARE LIMITED,718742.00,21.60,,,,
DLINKINDIA,D-LINK INDIA LTD,417092.00,2075.09,,,,
RAMKY,RAMKY INFRA LTD,1354502.00,7898.42,,,,
SBICARD,SBI CARDS & PAY SER LTD,527071.00,4801.10,,,,
KROSS,KROSS LIMITED,920396.00,1967.63,,,,
SBC,SBC EXPORTS LIMITED,28781686.00,4947.11,,,,
DAVANGERE,DAVANGERE SUGAR COMPANY L,6512298.00,259.82,,,,
SIS,SIS LIMITED,123810.00,453.24,,,,
RPTECH,RASHI PERIPHERALS LIMITED,266523.00,863.86,,,,
FEDERALBNK,FEDERAL BANK LTD,4768992.00,9661.19,,,,
SBFC,SBFC FINANCE LIMITED,3152379.00,3428.52,,,,
ZENTEC,ZEN TECHNOLOGIES LIMITED,870730.00,14110.34,,,,
FSL,FIRSTSOURCE SOLU. LTD.,2027885.00,7219.60,,,,
FIRSTCRY,BRAINBEES SOLUTIONS LTD,2450324.00,9507.29,,,,
SIGACHI,SIGACHI INDUSTRIES LTD,9053986.00,3934.36,,,,
CYIENT,CYIENT LIMITED,784389.00,10283.96,,,,
APOLLO,APOLLO MICRO SYSTEMS LTD,3161464.00,8214.43,,,,
HIRECT,HIND RECTIFIER LIMITED,38586.00,628.60,,,,
CONFIPET,CONFIDENCE PETRO IND LTD.,3950975.00,2387.19,,,,
PTC,PTC INDIA LIMITED,2977398.00,5406.40,,,,
ACE,ACTION CONST EQUIP LTD,835442.00,9859.47,,,,
OMINFRAL,OM INFRA LIMITED,459042.00,539.56,,,,
PILITA,PIL ITALICA LIFESTYLE LTD,70649.00,10.11,,,,
COALINDIA,COAL INDIA LTD,10001359.00,39681.69,,,,
NMDC,NMDC LTD.,23580110.00,17446.24,,,,
TIRUMALCHM,THIRUMALAI CHEMICALS LTD,1525689.00,4512.12,,,,
BAYERCROP,BAYER CROPSCIENCE LTD,66687.00,3569.27,,,,
VIDHIING,VIDHI SPCLTY F INGRDNTS L,826271.00,3570.49,,,,
BAJAJELEC,BAJAJ ELECT.LTD,400556.00,2428.40,,,,
STANLEY,STANLEY LIFESTYLES LTD,82685.00,264.90,,,,
TRANSRAILL,TRANSRAIL LIGHTING LTD,2658639.00,19646.08,,,,
UCOBANK,UCO BANK,37170732.00,12548.97,,,,
PRIVISCL,PRIVI SPECIALITY CHE LTD,444890.00,10468.68,,,,
ESCORTS,ESCORTS KUBOTA LIMITED,204791.00,7453.03,,,,
EICHERMOT,EICHER MOTORS LTD,92539.00,6058.07,,,,
VIKRAN,VIKRAN ENGINEERING LTD,664904.00,671.84,,,,
KIMS,KRISHNA INST OF MED SCI L,571793.00,4088.26,,,,
POLICYBZR,PB FINTECH LIMITED,359657.00,6518.72,,,,
METROPOLIS,METROPOLIS HEALTHCARE LTD,67844.00,1407.26,,,,
KSCL,KAVERI SEED CO. LTD.,348810.00,4167.50,,,,
AVANTIFEED,AVANTI FEEDS LIMITED,1203214.00,8933.25,,,,
BRITANNIA,BRITANNIA INDUSTRIES LTD,82392.00,4885.43,,,,
COROMANDEL,COROMANDEL INTERNTL. LTD,224172.00,5296.77,,,,
HINDALCO,HINDALCO INDUSTRIES LTD,1475106.00,10438.96,,,,
BOMDYEING,BOMBAY DYEING & MFG CO.,6418273.00,10906.28,,,,
SUPREMEIND,SUPREME INDUSTRIES LTD,177605.00,7892.15,,,,
EPIGRAL,EPIGRAL LIMITED,263822.00,4710.77,,,,
GUJGASLTD,GUJARAT GAS LIMITED,531949.00,2606.14,,,,
JBCHEPHARM,JB CHEM & PHARM LTD.,63733.00,1108.29,,,,
PHOENIXLTD,THE PHOENIX MILLS LTD,337446.00,5432.25,,,,
ASTRAZEN,ASTRAZENECA PHARMA IND LT,27544.00,2231.14,,,,
ELGIEQUIP,ELGI EQUIPMENTS LTD,894890.00,4773.71,,,,
VOLTAMP,VOLTAMP TRANSFORMERS LTD,121373.00,10054.75,,,,
INFIBEAM,INFIBEAM AVENUES LIMITED,21863842.00,4162.45,,,,
EPACK,EPACK DURABLE LIMITED,1353450.00,5164.69,,,,
GLENMARK,GLENMARKNPP200799DEPO,311141.00,6269.95,,,,
AWFIS,AWFIS SPACE SOLUTIONS LTD,791575.00,4845.07,,,,
IKS,INVENTURUS KNOWLEDGE SO L,453602.00,7276.57,,,,
HARIOMPIPE,HARIOM PIPE INDUSTRIES L,485344.00,2600.43,,,,
SHRIRAMPPS,SHRIRAM PROPERTIES LTD,5438732.00,5362.85,,,,
PREMEXPLN,PREMIER EXPLOSIVES LTD,922875.00,5497.46,,,,
MMTC,MMTC LIMITED,2661096.00,1930.90,,,,
MOM30IETF,ICICIPRAMC - ICICIMOM30,2968479.00,960.37,,,,
FMCGIETF,ICICIPRAMC - ICICIFMCG,3287571.00,1959.55,,,,
BFSI,MIRAEAMC - MAFSETF,1140768.00,309.04,,,,
LALPATHLAB,DR. LAL PATH LABS LTD.,94946.00,3044.42,,,,
ORIENTELEC,ORIENT ELECTRIC LIMITED,354250.00,784.90,,,,
INDIQUBE,INDIQUBE SPACES LIMITED,169346.00,398.54,,,,
MID150CASE,ZERODHAAMC - MID150CASE,1213624.00,130.84,,,,
TATSILV,TATAAML-TATSILV,12952442.00,1962.52,,,,
CPSEETF,CPSE ETF,3104743.00,2884.45,,,,
DOLATALGO,DOLAT ALGOTECH LIMITED,597053.00,566.46,,,,
AMRUTANJAN,AMRUTAJAN HEALTH LTD,42781.00,323.28,,,,
AFCONS,AFCONS INFRASTRUCTURE LTD,1339822.00,6043.82,,,,
MANALIPETC,MANALI PETROCHEMICALS LT,711615.00,548.20,,,,
MOREALTY,MOTILALAMC - MOREALTY,873007.00,800.05,,,,
SCODATUBES,SCODA TUBES LIMITED,391158.00,744.47,,,,
ROUTE,ROUTE MOBILE LIMITED,863692.00,8847.39,,,,
IFBIND,IFB INDUSTRIES LTD,265080.00,4238.38,,,,
MIDSELIETF,ICICI PRUD MIDCAP SEL ETF,678413.00,120.95,,,,
GEOJITFSL,GEOJIT FINANCIAL SER L,1582802.00,1338.16,,,,
ALPL30IETF,ICICIPRAMC - ICICIALPLV,917093.00,260.91,,,,
JPOLYINVST,JIND POL INV & FIN CO LTD,4065.00,39.04,,,,
SUPRAJIT,SUPRAJIT ENGINEERING LIMI,263416.00,1253.05,,,,
VENUSPIPES,VENUS PIPES & TUBES LTD,321342.00,4540.22,,,,
ALEMBICLTD,ALEMBIC LIMITED,2513034.00,3033.92,,,,
EVIETF,ICICIPRAMC - EVIETF,123383.00,39.60,,,,
SHALBY,SHALBY LIMITED,806815.00,1926.91,,,,
BIRLANU,BIRLANU LIMITED,42528.00,929.29,,,,
MHRIL,MAHINDRA HOLIDAYS & RESOR,297017.00,1085.42,,,,
SUNDARMFIN,SUNDARAM FINANCE LTD,47285.00,2207.48,,,,
MANKIND,MANKIND PHARMA LIMITED,185427.00,4709.86,,,,
BLACKBUCK,BLACKBUCK LIMITED,1129206.00,6710.80,,,,
TOP100CASE,ZERODHAAMC - TOP100CASE,219878.00,23.47,,,,
TOP10ADD,DSPAMC - TOP10ADD,108878.00,104.65,,,,
FINIETF,ICICIPRAMC-ICICIFIN,542983.00,163.37,,,,
VIMTALABS,VIMTA LABS LIMITED,398429.00,2975.02,,,,
JTEKTINDIA,JTEKT INDIA LIMITED,498845.00,878.12,,,,
TNPL,TAMILNADU NEWSPRT & PAPER,658427.00,1134.99,,,,
TEXINFRA,TEXMACO INFRA & HOLDG LTD,710411.00,828.51,,,,
ZUARI,ZUARI AGRO CHEMICALS LTD,462044.00,1283.74,,,,
HUHTAMAKI,HUHTAMAKI INDIA LIMITED,1154068.00,3997.11,,,,
SHOPERSTOP,SHOPPERS STOP LIMITED,70502.00,412.08,,,,
BANARISUG,BANNARI AMMAN SUGARS LTD,439.00,15.82,,,,
FOSECOIND,FOSECO INDIA LTD,4040.00,240.00,,,,
ATALREAL,ATAL REALTECH LIMITED,1941604.00,428.87,,,,
UNIMECH,UNIMECH AEROSPACE N MFG L,27649.00,294.91,,,,
EMAMILTD,EMAMI LIMITED,716735.00,4259.09,,,,
SCILAL,SHIPPING CORP OF ILA LTD,2078521.00,1128.36,,,,
SANSTAR,SANSTAR LIMITED,1150105.00,1172.88,,,,
ICEMAKE,ICE MAKE REFRIGERAT LTD,26975.00,226.27,,,,
RPEL,RAGHAV PRODUCTIVITY ENH L,81418.00,527.85,,,,
NV20IETF,ICICI PRUDENTIAL NV20 ETF,755811.00,110.12,,,,
KUANTUM,KUANTUM PAPERS LIMITED,308846.00,375.09,,,,
BALAJITELE,BALAJI TELEFILMS LIMITED.,59465.00,76.85,,,,
MEDICO,MEDICO REMEDIES LIMITED,10270.00,4.48,,,,
BORANA,BORANA WEAVES LIMITED,42911.00,96.73,,,,
BALPHARMA,BAL PHARMA LTD.,150.00,0.13,,,,
BANKBETF,BFAM - BANKBETF,10793.00,6.01,,,,
HDFCNIFIT,HDFCAMC - HDFCNIFIT,370660.00,138.32,,,,
VAL30IETF,ICICIPRAMC - VAL30IETF,10450.00,1.41,,,,
JUBLCPL,JUBILANT AGRI N CON PRO L,71.00,1.94,,,,
DATAMATICS,DATAMATICS GLOBAL SER LTD,385910.00,3332.49,,,,
OAL,ORIENTAL AROMATICS LTD,20521.00,94.76,,,,
TVSSRICHAK,TVS SRICHAKRA LIMITED,5362.00,190.58,,,,
MFSL,MAX FINANCIAL SERV LTD,77769.00,1219.54,,,,
PAGEIND,PAGE INDUSTRIES LTD,10898.00,4815.30,,,,
GREENLAM,GREENLAM INDUSTRIES LTD.,132795.00,340.93,,,,
THANGAMAYL,THANGAMAYIL JEWELLERY LTD,24400.00,508.19,,,,
GUJTHEM,GUJARAT THEMIS BIOSYN LTD,1078534.00,4378.15,,,,
TVSHLTD,TVS HOLDINGS LIMITED,15375.00,1852.76,,,,
AGARIND,AGARWAL INDS CORP LTD.,43019.00,433.80,,,,
MAGADSUGAR,MAGADH SUGAR & ENERGY LTD,16692.00,116.25,,,,
JGCHEM,J.G.CHEMICALS LIMITED,224606.00,1078.19,,,,
RHFL,UNS RED NCD 9.40% SR. IV,10000.00,0.56,,,,
SKMEGGPROD,SKM EGG PROD-ROLL SETT,613.00,1.65,,,,
JAYAGROGN,JAYANT AGRO ORGANICS LTD.,14651.00,39.80,,,,
DOLLAR,DOLLAR INDUSTRIES LIMITED,170855.00,685.86,,,,
SURYODAY,SURYODAY SMALL FIN BK LTD,573975.00,816.98,,,,
TRU,TRUCAP FINANCE LIMITED,15235.00,1.86,,,,
LUMAXTECH,LUMAX AUTO TECHNOLOGIES L,176785.00,1837.17,,,,
UTINIFTETF,UTIAMC-UTINIFTETF,7218.00,19.55,,,,
OSWALAGRO,OSWAL AGRO MILLS LTD,152815.00,131.09,,,,
RUSHIL,RUSHIL DECOR LIMITED,1010212.00,338.85,,,,
DIVGIITTS,DIVGI TORQTRANSFER SYST L,10659.00,70.45,,,,
KOTHARIPET,KOTHARI PETROCHEM LTD,97274.00,161.42,,,,
SENSEXETF,MIRAEAMC - SENSEXETF,5333.00,4.47,,,,
AXISNIFTY,AXISAMC - AXISNIFTY,19906.00,54.29,,,,
HESTERBIO,HESTER BIOSCIENCES LTD,7804.00,163.02,,,,
WHEELS,WHEELS INDIA LTD,86806.00,719.65,,,,
MENONBE,MENON BEARINGS LIMITED,16936.00,23.46,,,,
EIHAHOTELS,EIH ASSOCIATED HOTELS LTD,39403.00,153.97,,,,
UFO,UFO MOVIEZ INDIA LTD.,87831.00,81.39,,,,
INFRABEES,NIP IND ETF INFRA BEES,32637.00,307.15,,,,
CENTEXT,CENTURY EXTRUSIONS LTD,31581.00,9.49,,,,
MOQUALITY,MOTILALAMC - MOQUALITY,1270.00,2.48,,,,
LIQUIDBETF,BFAM - LIQUIDBETF,40.00,0.42,,,,
PROZONER,PROZONE REALTY LIMITED,181465.00,98.69,,,,
EGOLD,EDELAMC - EGOLD,68345.00,72.31,,,,
SUNDARAM,SUNDARAM MULTI PAP LTD,34259.00,0.72,,,,
SBIETFPB,SBIAMC - SBIETFPB,798.00,2.15,,,,
VHL,VARDHMAN HOLDINGS LIMITED,371.00,17.37,,,,
BANKETFADD,DSPAMC - DSPBANKETF,2575.00,1.47,,,,
LYKALABS,LYKA LABS LTD,20990.00,26.75,,,,
INDIANHUME,INDIAN HUME PIPE CO. LTD.,89673.00,370.53,,,,
PRIMO,PRIMO CHEMICALS LIMITED,12049.00,3.33,,,,
INDBANK,INDBANK MERCH BANK,10927.00,4.70,,,,
LIQUID1,KOTAKMAMC - KOTAKLIQ,67.00,0.72,,,,
VALIANTLAB,VALIANT LABORATORIES LTD,23689.00,23.97,,,,
MURUDCERA,MURUDESHWAR CERAM LTD,6780.00,3.37,,,,
BANKPSU,MIRAEAMC - BANKPSU,13123.00,9.53,,,,
KRISHANA,KRISHANA PHOSCHEM LIMITED,105117.00,547.51,,,,
MOLDTKPAC,MOLD-TEK PACKAGING LTD,150750.00,1100.68,,,,
HINDCOMPOS,HINDUSTAN COMPOSITES LTD,4173.00,19.61,,,,
AUTOIND,AUTOLINE INDUSTRIES LTD,55299.00,45.37,,,,
AMJLAND,AMJ LAND HOLDINGS LIMITED,200.00,0.12,,,,
IVP,IVP LIMITED,1270.00,2.09,,,,
SHIVAMAUTO,SHIVAM AUTO.LTD,47057.00,15.52,,,,
KOTARISUG,KOTHARI SUG & CHEM LTD.,20669.00,7.17,,,,
SNXT30BEES,NIPPONAMC - SNXT30BEES,2544.00,1.00,,,,
SHANKARA,SHANKARA BLDG PRODUCT LTD,48858.00,73.04,,,,
SILVER360,360ONEAMC - SILVER360,20248.00,31.38,,,,
MOMIDMTM,MOTILALAMC - MOMIDMTM,4163.00,2.58,,,,
SGFIN,SG FINSERVE LIMITED,40356.00,149.32,,,,
BANSWRAS,BANSWARA SYNTEX LIMITED,3608.00,5.89,,,,
GOKUL,GOKUL REFOILS & SOLV LTD,7471.00,3.17,,,,
GUJAPOLLO,GUJ. APOLLO IND. LTD.,747.00,3.74,,,,
SINCLAIR,SINCLAIRS HOTELS LIMITED,42173.00,47.13,,,,
AYMSYNTEX,AYM SYNTEX LIMITED,14164.00,28.68,,,,
RISHABH,RISHABH INSTRUMENTS LTD,31550.00,134.74,,,,
ASHOKAMET,ASHOKA METCAST LIMITED,1186.00,0.21,,,,
PODDARMENT,PODDAR PIGMENTS LIMITED,261.00,0.79,,,,
LIQUIDSBI,SBIAMC - LIQUIDSBI,11.00,0.11,,,,
VALIANTORG,VALIANT ORGANICS LIMITED,3175.00,15.32,,,,
AXISCADES,AXISCADES TECH LTD,4246.00,72.33,,,,
JINDALPHOT,JINDAL PHOTO LIMITED,0.00,0.00,,,,
MEGASOFT,MEGASOFT LTD,6658.00,10.42,,,,
INVENTURE,INVENTURE GRO & SEC LTD,159162.00,3.21,,,,
ABSLLIQUID,BIRLASLAMC - ABSLLIQUID,11.00,0.11,,,,
ELDEHSG,ELDECO HSG & IND LTD.,338.00,2.69,,,,
ABINFRA,A B INFRABUILD LIMITED,220.00,0.44,,,,
INTENTECH,INTENSE TECHNOLOGIES LTD,0.00,0.00,,,,
AHLEAST,ASIAN HOTELS (EAST) LTD,1212.00,1.85,,,,
AARTISURF,AARTI SURFACTANTS LIMITED,1692.00,8.28,,,,
STEL,STEL HOLDINGS LIMITED,400.00,1.99,,,,
MAHSCOOTER,MAHARASHTRA SCOOTERS LTD,11411.00,1628.50,,,,
NUVAMA,NUVAMA WEALTH MANAGE LTD,165187.00,11386.24,,,,
TATATECH,TATA TECHNOLOGIES LIMITED,3450404.00,26729.09,,,,
PNB,PUNJAB NATIONAL BANK,31452780.00,33817.96,,,,
NBCC,NBCC (INDIA) LIMITED,21059731.00,23551.48,,,,
SALASAR,SALASAR TECHNO ENGG. LTD.,13715265.00,1427.63,,,,
PAYTM,ONE 97 COMMUNICATIONS LTD,1470085.00,14395.59,,,,
ARKADE,ARKADE DEVELOPERS LIMITED,2896527.00,5235.12,,,,
DHANI,DHANI SERVICES LIMITED,5905419.00,3891.49,,,,
NLCINDIA,NLC INDIA LIMITED,5661093.00,14192.23,,,,
VPRPL,VISHNU PRAKASH R PUNGLI L,3349380.00,4663.40,,,,
GARUDA,GARUDA CONSTRUCT N ENG L,724457.00,1409.02,,,,
BALKRISIND,BALKRISHNA IND. LTD,160426.00,4042.42,,,,
HFCL,HFCL LIMITED,40604555.00,36774.42,,,,
SUZLON,SUZLON ENERGY LIMITED,143422200.00,87256.97,,,,
CANBK,CANARA BANK,24963476.00,27408.25,,,,
ADANIPOWER,ADANI POWER LTD,28703632.00,41359.19,,,,
TORNTPOWER,TORRENT POWER LTD,843145.00,11407.20,,,,
MOL,MEGHMANI ORGANICS LIMITED,5504798.00,4905.08,,,,
CASTROLIND,CASTROL INDIA LIMITED,7606906.00,16605.58,,,,
SBIN,STATE BANK OF INDIA,5739406.00,46575.90,,,,
SILVERBEES,NIPPONAMC - NETFSILVER,22921329.00,31506.65,,,,
GIPCL,GUJ IND POW CO. LTD,2262215.00,4630.77,,,,
RELIANCE,RELIANCE INDUSTRIES LTD,10050126.00,140162.11,,,,
GANESHBE,GANESH BENZOPLAST LIMITED,344338.00,405.20,,,,
UGARSUGAR,THE UGAR SUGAR WORKS LTD,302581.00,154.98,,,,
SIKKO,SIKKO INDUSTRIES LIMITED,4103.00,3.51,,,,
RAJESHEXPO,RAJESH EXPORTS LTD,1835141.00,4032.38,,,,
ESTER,ESTER INDUSTRIES LTD,344861.00,462.68,,,,
CLSEL,CHAMAN LAL SETIA EXP LTD,237218.00,728.57,,,,
IONEXCHANG,ION EXCHANGE (INDIA) LTD,818680.00,4184.89,,,,
UBL,UNITED BREWERIES LTD,221165.00,4213.97,,,,
AWL,AWL AGRI BUSINESS LIMITED,4505550.00,12543.43,,,,
BEDMUTHA,BEDMUTHA INDUST LTD,8083.00,11.64,,,,
PDMJEPAPER,PUDUMJEE PAPER PRO. LTD,94814.00,122.91,,,,
SAMMAANCAP,SAMMAAN CAPITAL LIMITED,41010233.00,59139.16,,,,
IREDA,INDIAN RENEWABLE ENERGY,25273520.00,42174.50,,,,
DCW,DCW LIMITED,4298048.00,3347.58,,,,
EIMCOELECO,EIMCO ELECON (INDIA) LTD.,41907.00,916.00,,,,
KPITTECH,KPIT TECHNOLOGIES LIMITED,1797339.00,23644.29,,,,
ADSL,ALLIED DIGITAL SERVICES L,365634.00,725.67,,,,
PREMIERENE,PREMIER ENERGIES LIMITED,3347130.00,35078.87,,,,
CHOLAFIN,CHOLAMANDALAM IN & FIN CO,271474.00,4172.48,,,,
BLS,BLS INTL SERVS LTD,7531857.00,28586.09,,,,
DLF,DLF LIMITED,4806989.00,37792.39,,,,
SKIPPER,SKIPPER LIMITED,1064416.00,5597.23,,,,
SUDARSCHEM,SUDARSHAN CHEM IND LTD,227815.00,2747.94,,,,
AVANTEL,AVANTEL LIMITED,5107458.00,9150.92,,,,
LTTS,L&T TECHNOLOGY SER. LTD.,247039.00,10972.92,,,,
POLYCAB,POLYCAB INDIA LIMITED,148471.00,9667.83,,,,
SHYAMMETL,SHYAM METALICS AND ENGY L,1069991.00,9165.19,,,,
RELINFRA,RELIANCE INFRASTRUCTU LTD,146376.00,352.46,,,,
BHANDARI,BHANDARI HOSIERY EXP LTD,891782.00,46.17,,,,
HEIDELBERG,HEIDELBERGCEMENT (I) LTD,771172.00,1653.95,,,,
DEVIT,DEV INFO TECHNOLOGY LTD,27642.00,13.83,,,,
BAJAJHFL,BAJAJ HOUSING FINANCE LTD,22311097.00,26932.58,,,,
TTKHLTCARE,TTK HEALTHCARE LIMITED,1900.00,25.35,,,,
PATINTLOG,PATEL INT. LOG. LTD,101510.00,17.43,,,,
PFC,POWER FIN CORP LTD.,14774570.00,62129.96,,,,
ABB,ABB INDIA LIMITED,479297.00,27565.38,,,,
KHADIM,KHADIM INDIA LIMITED,11768.00,34.31,,,,
CELLO,CELLO WORLD LIMITED,599247.00,3712.21,,,,
KEC,KEC INTL. LIMITED,1234698.00,10947.79,,,,
UNIPARTS,UNIPARTS INDIA LIMITED,201604.00,863.24,,,,
ALICON,ALICON CASTALLOY LIMITED,8211.00,85.71,,,,
RAYMONDREL,RAYMOND REALTY LIMITED,562699.00,3520.08,,,,
DBOL,DHAMPUR BIO ORGANICS LTD,63897.00,58.39,,,,
RPOWER,RELIANCE POWER LTD.,5874516.00,2652.82,,,,
MODISONLTD,MODISON LIMITED,71244.00,120.03,,,,
VENUSREM,VENUS REMEDIES LIMITED,250.00,0.85,,,,
MGL,MAHANAGAR GAS LTD.,707157.00,9971.58,,,,
RUCHIRA,RUCHIRA PAPERS LIMITED,124200.00,191.19,,,,
REDINGTON,REDINGTON LIMITED,3664171.00,10521.15,,,,
THELEELA,SCHLOSS BANGALORE LIMITED,120572.00,521.23,,,,
PLATIND,PLATINUM INDUSTRIES LTD,505551.00,1567.65,,,,
ACMESOLAR,ACME SOLAR HOLDINGS LTD,1907021.00,5652.42,,,,
JYOTICNC,JYOTI CNC AUTOMATION LTD,846135.00,8872.94,,,,
KRBL,KRBL LIMITED,1569474.00,6059.52,,,,
BEML,BEML LIMITED,844595.00,36650.78,,,,
JKTYRE,JK TYRE & INDUSTRIES LTD,1413731.00,5325.61,,,,
SUNPHARMA,SUN PHARMACEUTICAL IND L,575338.00,9649.49,,,,
GICRE,GENERAL INS CORP OF INDIA,2771779.00,11041.08,,,,
BIOCON,BIOCON LIMITED,3355045.00,12381.60,,,,
CHOICEIN,CHOICE INTERNATIONAL LTD,1608890.00,12251.51,,,,
KAJARIACER,KAJARIA CERAMICS LTD,521743.00,6068.71,,,,
RATEGAIN,RATEGAIN TRAVEL TECHN LTD,2484225.00,14285.72,,,,
SOBHA,SOBHA LIMITED,289039.00,4541.12,,,,
ERIS,ERIS LIFESCIENCES LIMITED,90081.00,1510.52,,,,
CROMPTON,CROMPT GREA CON ELEC LTD,5779895.00,18805.41,,,,
CSBBANK,CSB BANK LIMITED,847427.00,3197.75,,,,
HOMEFIRST,HOME FIRST FIN CO IND LTD,288197.00,3634.29,,,,
INDIANB,INDIAN BANK,437038.00,2833.03,,,,
VESUVIUS,VESUVIUS INDIA LTD,232555.00,1260.90,,,,
SAPPHIRE,SAPPHIRE FOODS INDIA LTD,1814636.00,5825.18,,,,
GALAPREC,GALA PRECISION ENG LTD,49200.00,464.63,,,,
SAMBHV,SAMBHV STEEL TUBES LTD,1672132.00,1978.09,,,,
PGHL,PROCTER & GAMBLE HEALTH L,20709.00,1289.97,,,,
QUADFUTURE,QUADRANT FUTURE TEK LTD,561803.00,2519.57,,,,
CEIGALL,CEIGALL INDIA LIMITED,657202.00,1803.48,,,,
PITTIENG,PITTI ENGINEERING LIMITED,131116.00,1344.63,,,,
THOMASCOOK,CLASSC 0.001% CCR PREF.SH,2952211.00,5040.51,,,,
MOMENTUM50,MOTILALAMC - MOMENTUM50,1946850.00,1014.26,,,,
HDFCGOLD,HDFC GOLD ETF,1869242.00,1758.22,,,,
AADHARHFC,AADHAR HOUSING FINANCE L,1028535.00,5244.47,,,,
GLOBUSSPR,GLOBUS SPIRITS LTD,163227.00,1833.98,,,,
SANATHAN,SANATHAN TEXTILES LIMITED,78327.00,393.52,,,,
MUKKA,MUKKA PROTEINS LIMITED,607847.00,189.90,,,,
HONASA,HONASA CONSUMER LIMITED,459848.00,1330.56,,,,
TALBROAUTO,TALBROS AUTO. COMP. LTD,221738.00,686.44,,,,
BIKAJI,BIKAJI FOODS INTERN LTD,494652.00,3862.73,,,,
ITI,ITI LTD,875597.00,3029.71,,,,
CAMLINFINE,CAMLIN FINE SCIENCES LTD,1818840.00,3766.22,,,,
NIFTYQLITY,BIRLASLAMC - NIFTYQLITY,42384.00,9.14,,,,
CANTABIL,CANTABIL RETAIL LTD,1160166.00,3098.40,,,,
AJAXENGG,AJAX ENGINEERING LIMITED,138218.00,922.25,,,,
DEN,DEN NETWORKS LTD,3180159.00,1279.09,,,,
JNKINDIA,JNK INDIA LIMITED,126645.00,443.19,,,,
LIKHITHA,LIKHITHA INFRASTRUC LTD,223379.00,675.58,,,,
NEXT50IETF,ICICIPRAMC - ICICINXT50,940480.00,681.23,,,,
NAVINFLUOR,NAVIN FLUORINE INT. LTD,93673.00,4334.22,,,,
AUTOBEES,NIPPONAMC - NETFAUTO,263918.00,710.02,,,,
DCXINDIA,DCX SYSTEMS LIMITED,2590539.00,7390.23,,,,
DIVOPPBEES,NIP IND ETF DIV OPP,148706.00,121.29,,,,
ASHIANA,ASHIANA HOUSING LTD,99140.00,311.20,,,,
JASH,JASH ENGINEERING LIMITED,276352.00,1523.56,,,,
AIIL,AUTHUM INVEST & INFRA LTD,71319.00,2014.96,,,,
SETFNIF50,SBI-ETF NIFTY 50,417801.00,1103.67,,,,
QUICKHEAL,QUICK HEAL TECH LTD,623847.00,2235.45,,,,
EMIL,ELECTRONICS MART IND LTD,2716734.00,4179.32,,,,
ALPHAETF,MIRAEAMC - ALPHAETF,2172854.00,553.11,,,,
SPENCERS,SPENCER'S RETAIL LIMITED,383552.00,299.20,,,,
MIDCAP,KOTAKMAMC - KOTAKMID50,74822.00,124.65,,,,
SHARDACROP,SHARDA CROPCHEM LTD.,280945.00,2491.59,,,,
AONETOTAL,AONEAMC - AONETOTAL,962557.00,112.96,,,,
PTCIL,PTC INDUSTRIES LIMITED,34092.00,5057.86,,,,
ORICONENT,ORICON ENTERPRISES LTD,301531.00,149.20,,,,
MUTHOOTMF,MUTHOOT MICROFIN LIMITED,638872.00,1014.99,,,,
RATNAMANI,RATNAMANI MET & TUB LTD.,41839.00,1125.38,,,,
GANESHHOU,GANESH HOUSING LIMITED,452430.00,4333.09,,,,
PSUBNKIETF,ICICIPRAMC - PSUBANKICI,362441.00,263.26,,,,
MASFIN,MAS FINANCIAL SERV LTD,288792.00,873.59,,,,
SETFNIFBK,SBI-ETF NIFTY BANK,15801.00,90.01,,,,
RACLGEAR,RACL GEARTECH LIMITED,35208.00,397.48,,,,
UTISXN50,UTIAMC - UTISXN50,4964.00,4.48,,,,
UNIECOM,UNICOMMERCE ESOLUTIONS L,1073080.00,1577.98,,,,
JAYSREETEA,JAYSHREE TEA & INDUSTRIES,40063.00,43.62,,,,
TOLINS,TOLINS TYRES LIMITED,315971.00,592.51,,,,
CONSOFINVT,CONSO. FIN. & HOLD. LTD.,1688.00,3.73,,,,
CENTUM,CENTUM ELECTRONICS LTD,45498.00,1161.50,,,,
QUAL30IETF,ICICIPRAMC - ICICIQTY30,531041.00,114.82,,,,
INTERNET,MIRAEAMC - INTERNET,6716.00,0.95,,,,
BLKASHYAP,B. L. KASHYAP AND SONS LI,638908.00,450.69,,,,
NILASPACES,NILA SPACES LIMITED,18280.00,2.74,,,,
HMAAGRO,HMA AGRO INDUSTRIES LTD,446329.00,152.22,,,,
SANDESH,SANDESH LTD,911.00,14.93,,,,
RAMCOSYS,RAMCO SYSTEMS LIMITED,33755.00,173.50,,,,
CARERATING,CARE RATINGS LIMITED,151902.00,2695.67,,,,
ADFFOODS,ADF FOODS LIMITED,788922.00,2046.24,,,,
SHK,S H KELKAR AND CO. LTD.,703250.00,1733.18,,,,
JUNIPER,JUNIPER HOTELS LIMITED,114412.00,368.98,,,,
SHREECEM,SHREE CEMENT LIMITED,10470.00,3114.18,,,,
PRUDENT,PRUDENT CORP ADV SER LTD,28524.00,762.68,,,,
HNDFDS,HINDUSTAN FOODS LIMITED,64248.00,353.62,,,,
PGHH,P&G HYGIENE & HEALTHCARE,5456.00,760.50,,,,
DEEPINDS,DEEP INDUSTRIES LIMITED,549914.00,2746.40,,,,
MADRASFERT,MADRAS FERTILISERS LTD,523727.00,496.85,,,,
RUPA,RUPA & COMPANY LTD,511894.00,1145.64,,,,
MANGLMCEM,MANGALAM CEMENT LTD,897652.00,6887.26,,,,
SRD,SHANKAR LAL RAMPAL LTD,100538.00,85.44,,,,
ASAL,AUTOMOTIVE STAMPINGS & AS,47376.00,278.79,,,,
ARIES,ARIES AGRO LIMITED,111606.00,443.56,,,,
TRF,TRF LIMITED,22596.00,86.70,,,,
LICNETFGSC,LICNAMC - LICNMFET,6948.00,1.97,,,,
PRIMESECU,PRIME SECURITIES LIMITED,883707.00,2467.31,,,,
IFGLEXPOR,IFGL REFRACTORIES LIMITED,42567.00,126.69,,,,
NELCAST,NELCAST LIMITED,107133.00,157.78,,,,
HDFCPVTBAN,HDFCAMC - HDFCPVTBAN,61187.00,16.83,,,,
GNA,GNA AXLES LIMITED,165779.00,574.75,,,,
LOVABLE,LOVABLE LINGERIE LTD,6055.00,7.76,,,,
ATAM,ATAM VALVES LIMITED,1899.00,1.86,,,,
AVG,AVG LOGISTICS LIMITED,2001.00,5.50,,,,
HMVL,HINDUSTAN MEDIA VENT LTD,25441.00,22.68,,,,
RSWM,12.00% OCRPS - RSWM,299215.00,516.73,,,,
SOLARA,SOLARA ACTIVE PHA SCI LTD,119550.00,760.35,,,,
HPAL,HP ADHESIVES LIMITED,113199.00,90.96,,,,
DYNPRO,DYNEMIC PRODUCTS LIMITED,4721.00,16.97,,,,
DIAMONDYD,PRATAAP SNACKS LIMITED,832771.00,8544.51,,,,
ADOR,ADOR WELDING LTD,24983.00,269.45,,,,
DPWIRES,D P WIRES LIMITED,30401.00,84.44,,,,
GSLSU,GLOBAL SURFACES LIMITED,196760.00,278.17,,,,
MASTERTR,MASTER TRUST LIMITED,956468.00,1420.36,,,,
BBNPPGOLD,BARODABNP - BBNPPGOLD,5546.00,6.19,,,,
BSLSENETFG,BIRLASLAMC - BSLSENETFG,941.00,0.77,,,,
PAVNAIND,PAVNA INDUSTRIES LIMITED,26190.00,11.51,,,,
GTPL,GTPL HATHWAY LIMITED,35627.00,46.57,,,,
EXPLEOSOL,EXPLEO SOLUTIONS LIMITED,39850.00,458.43,,,,
NIFTYBETF,BFAM - NIFTYBETF,1214.00,3.09,,,,
BALAJEE,SHREE TIRUPATI BALAJEE L,95515.00,53.75,,,,
PLAZACABLE,PLAZA WIRES LIMITED,3347.00,2.01,,,,
SBIBPB,SBIAMC - SBIBPB,2799.00,1.20,,,,
UNIVCABLES,UNIVCABLES NPP130599 DEPO,249073.00,1639.12,,,,
INFOBEAN,INFOBEANS TECHNO. LTD.,17259.00,100.08,,,,
VETO,VETO SWITCHGEAR CABLE LTD,14875.00,18.07,,,,
APOLSINHOT,APOLLO SINDOORI HOTEL LTD,601.00,9.69,,,,
LIQUIDPLUS,MIRAEAMC - LIQUIDPLUS,75.00,0.79,,,,
NACLIND,NACL INDUSTRIES LIMITED,2884.00,2.92,,,,
BLUESTONE,BLUESTONE JEWEL LFSTL LTD,303168.00,2176.49,,,,
HILINFRA,HIGHWAY INFRASTRUCTURE L,50380.00,41.30,,,,
JSLL,JEENA SIKHO LIFECARE LTD,46900.00,369.19,,,,
MEIL,MANGAL ELECTRICAL IND L,13375.00,62.02,,,,
SML100CASE,ZERODHAAMC - SML100CASE,7555.00,0.76,,,,
STCINDIA,THE STATE TRADING CORPN,13806.00,20.01,,,,
CHEMBOND,CHEMBOND MATERIALTECH LTD,573.00,3.16,,,,
AXITA,AXITA COTTON LIMITED,52134.00,6.75,,,,
ALBERTDAVD,ALBERT DAVID LIMITED,3916.00,32.25,,,,
ASMS,BARTRONICS INDIA LIMITED,35629.00,5.59,,,,
CENTRUM,CENTRUM CAPITAL LIMITED,12627.00,4.67,,,,
DIGISPICE,DIGISPICE TECHNOLOGIES LT,791.00,0.26,,,,
BCONCEPTS,BRAND CONCEPTS LIMITED,916.00,4.08,,,,
INDSWFTLAB,IND SWIFT LABORATORIES LT,17.00,0.02,,,,
JITFINFRA,JITF INFRALOGISTICS LTD,5400.00,21.66,,,,
SAKAR,SAKAR HEALTHCARE LIMITED,1252.00,3.18,,,,
INNOVANA,INNOVANA THINKLABS LTD,203.00,0.65,,,,
HITECHCORP,HITECH CORPORATION LTD,1415.00,2.95,,,,
SGLTL,STANDARD GLASS LIN TECH L,106507.00,187.72,,,,
LAMBODHARA,LAMBODHARA TEXTILES LTD.,10304.00,14.82,,,,
VLEGOV,VL E GOV AND IT SOL LTD,16856.00,5.55,,,,
HARRMALAYA,HARRISON MALAYALAM LTD,7321.00,15.96,,,,
WEALTH,WEALTH FRST PORT. MG. LTD,482.00,5.76,,,,
ABAN,ABAN OFFSHORE LTD.,750.00,0.58,,,,
NATHBIOGEN,NATH BIO-GENES (I) LTD,2200.00,4.88,,,,
ANDREWYU,ANDREW YULE & CO LTD,3900.00,1.04,,,,
KAKATCEM,KAKATIYA CEM SUGAR &IND L,136.00,0.32,,,,
AKSHARCHEM,AKSHARCHEM INDIA LIMITED,250.00,0.77,,,,
EMMBI,EMMBI INDUSTRIES LIMITED,1426.00,1.75,,,,
NRL,NUPUR RECYCLERS LIMITED,54873.00,42.23,,,,
PRITI,PRITI INTERNATIONAL LTD,1416.00,1.25,,,,
PASHUPATI,PASHUPATI COTSPIN LIMITED,710.00,5.07,,,,
IWEL,INOX WIND ENERGY LIMITED,5.00,0.48,,,,
SAHYADRI,SAHYADRI INDUSTRIES LTD,1681.00,5.03,,,,
PLASTIBLEN,PLASTIBLENDS INDIA LTD,3680.00,7.34,,,,
MITTAL,MITTAL LIFE STYLE LIMITED,8111.00,0.13,,,,
REFEX,REFEX INDUSTRIES LIMITED,421478.00,1671.34,,,,
SCI,SHIPPING CORP OF INDIA LT,7554516.00,17286.72,,,,
MAZDOCK,MAZAGON DOCK SHIPBUIL LTD,3481881.00,107420.92,,,,
BEL,BHARAT ELECT LTD-DEPO SET,22494922.00,86306.02,,,,
IRCON,IRCON INTERNATIONAL LTD,16950980.00,34354.44,,,,
PURVA,PURAVANKARA LIMITED,708174.00,2040.87,,,,
NAUKRI,INFO EDGE (I) LTD,503249.00,7227.10,,,,
TRENT,TRENT LIMITED - DEPO,2166772.00,113630.53,,,,
SEPC,SEPC LIMITED,13182742.00,1986.36,,,,
SOLARINDS,SOLAR INDUSTRIES (I) LTD,202614.00,29809.79,,,,
PILANIINVS,PILANI INV & IND COR LTD,12869.00,700.28,,,,
ZEEL,ZEELNPP300999DEPO,36052841.00,47530.72,,,,
SHANTIGOLD,SHANTI GOLD INTERNATION L,830654.00,1806.09,,,,
ELECTCAST,ELECTROSTEEL CAST LTD.,7546807.00,8709.82,,,,
VENTIVE,VENTIVE HOSPITALITY LTD,1235744.00,9286.43,,,,
RAIN,RAIN INDUSTRIES LIMITED,4979942.00,7501.59,,,,
IDFCFIRSTB,IDFC FIRST BANK LIMITED,52826047.00,37029.82,,,,
MANYAVAR,VEDANT FASHIONS LIMITED,738646.00,5657.95,,,,
DWARKESH,DWARIKESH SUGAR IND LTD,2492008.00,1339.95,,,,
UJJIVANSFB,UJJIVAN SMALL FINANC BANK,22078017.00,10186.19,,,,
ANANTRAJ,ANANT RAJ LIMITED,8028773.00,54024.48,,,,
JSWENERGY,JSW ENERGY LIMITED,5110618.00,27373.28,,,,
BCLIND,BCL INDUSTRIES LIMITED,1558815.00,700.67,,,,
TRIDENT,TRIDENT LIMITED,28487656.00,9165.28,,,,
J&KBANK,J&K BANK LTD.,18581357.00,19933.26,,,,
DCMSHRIRAM,DCM SHRIRAM LIMITED,174047.00,2260.71,,,,
IDEA,VODAFONE IDEA LIMITED,499102921.00,39295.77,,,,
JCHAC,JOHNSON CONTROLS HITACHI,95973.00,1752.86,,,,
ANTELOPUS,ANTELOPUS SELAN ENRGY LTD,114705.00,741.53,,,,
SURAJEST,SURAJ ESTATE DEVELOPERS L,1191018.00,3987.18,,,,
PARAGMILK,PARAG MILK FOODS LTD.,4128239.00,9277.88,,,,
TRIGYN,TRIGYN TECHNOLOGIES LTD,8126.00,8.15,,,,
BAJAJ-AUTO,BAJAJ AUTO LIMITED,440591.00,39065.72,,,,
BALRAMCHIN,BALRAMPUR CHINI MILLS LTD,944596.00,4970.66,,,,
ORCHPHARMA,ORCHID PHARMA LIMITED,95517.00,749.92,,,,
PSB,PUNJAB & SIND BANK,10430526.00,3450.76,,,,
KNRCON,KNR CONSTRUCTIONS LIMITED,6132662.00,13970.35,,,,
CONCOR,CONTAINER CORP OF IND LTD,3721734.00,22140.19,,,,
BOROSCI,BOROSIL SCIENTIFIC LTD,62642.00,93.49,,,,
COCHINSHIP,COCHIN SHIPYARD LIMITED,2713452.00,54811.57,,,,
AXISBANK,AXIS BANK LIMITED,1905368.00,22088.99,,,,
KALYANKJIL,KALYAN JEWELLERS IND LTD,5574753.00,29226.30,,,,
NELCO,NELCO LTD,441370.00,4229.88,,,,
IXIGO,LE TRAVENUES TECHNOLOGY L,2668660.00,7362.08,,,,
HDFCAMC,HDFC AMC LIMITED,115402.00,6234.94,,,,
VMM,VISHAL MEGA MART LIMITED,6686757.00,9735.08,,,,
MUNJALAU,MUNJAL AUTO IND. LTD.,539348.00,551.85,,,,
SMLISUZU,SML ISUZU LIMITED,72861.00,2282.83,,,,
BAJFINANCE,BAJAJ FINANCE LIMITED,2864978.00,26975.14,,,,
GRSE,GARDEN REACH SHIP&ENG LTD,1450641.00,38217.96,,,,
JUBLFOOD,JUBILANT FOODWORKS LTD,2037610.00,13360.25,,,,
GVPIL,GE POWER INDIA LIMITED,527574.00,1862.35,,,,
XPROINDIA,XPRO INDIA LIMITED,102252.00,1261.18,,,,
INFY,INFOSYS LIMITED,4062300.00,62783.43,,,,
GLAXO,GLAXOSMITHKLINE PHARMA LT,109584.00,3266.84,,,,
POCL,PONDY OXIDES & CHEM LTD,288815.00,3492.37,,,,
NEWGEN,NEWGEN SOFTWARE TECH LTD,1243726.00,12567.10,,,,
PVRINOX,PVR INOX LIMITED,698929.00,8088.96,,,,
SILVER,BIRLASLAMC - SILVER,1432977.00,1795.25,,,,
ATL,ALLCARGO TERMINALS LTD,952062.00,417.14,,,,
ZUARIIND,ZUARI INDUSTRIES LIMITED,278093.00,994.46,,,,
ALLCARGO,ALLCARGO LOGISTICS LTD,14812460.00,5541.20,,,,
AIRAN,AIRAN LIMITED,68558.00,19.91,,,,
AARTIDRUGS,AARTI DRUGS LTD.,273866.00,1409.04,,,,
NETWORK18,NETWORK18 MEDIA & INV LTD,19025505.00,10827.78,,,,
TARMAT,TARMAT LIMITED,5585.00,3.27,,,,
CHALET,CHALET HOTELS LIMITED,167348.00,1642.36,,,,
LLOYDSENT,LLOYDS ENTERPRISES LTD,39364731.00,26229.35,,,,
TNPETRO,TNPETRO-NPP271099DEPO,25901.00,22.62,,,,
DTIL,DHUNSERI TEA & IND. LTD.,4248.00,8.74,,,,
WIPRO,WIPRO LTD,7920260.00,20224.49,,,,
ACI,ARCHEAN CHEMICAL IND LTD,306906.00,2030.59,,,,
THEJO,THEJO ENGINEERING LIMITED,4735.00,99.04,,,,
AVTNPL,AVT NATURAL PRODUCTS LTD,44968.00,41.57,,,,
VEEDOL,VEEDOL CORPORATION LTD,58453.00,1098.46,,,,
PROTEAN,PROTEAN EGOV TECHNO LTD,1181310.00,11556.87,,,,
SANDUMA,SANDUR MANG & IRON ORES L,2281047.00,4259.23,,,,
IGCL,INDOGULF CROPSCIENCES LTD,399309.00,445.94,,,,
JSL,JINDAL STAINLESS LIMITED,408063.00,3047.40,,,,
VINYLINDIA,VINYL CHEMICALS (I) LTD.,12767.00,40.13,,,,
SPMLINFRA,SPML INFRA LIMITED,1268633.00,3449.70,,,,
PARKHOTELS,PARKHOTELS,4179138.00,6455.39,,,,
OBEROIRLTY,OBEROI REALTY LIMITED,593794.00,10566.90,,,,
ULTRACEMCO,ULTRATECH CEMENT LIMITED,103970.00,12730.60,,,,
ADANIENSOL,ADANI ENERGY SOLUTION LTD,1496056.00,13156.23,,,,
DOMS,DOMS INDUSTRIES LIMITED,119341.00,3163.68,,,,
PNBHOUSING,PNB HOUSING FIN LTD.,1894330.00,17013.67,,,,
DRREDDY,DR. REDDY'S LABORATORIES,552059.00,7079.99,,,,
CENTRALBK,CENTRAL BANK OF INDIA,38254921.00,15845.94,,,,
TIMETECHNO,TIME TECHNOPLAST LTD.,2321901.00,5255.85,,,,
EIHOTEL,EIH LIMITED,782985.00,3117.43,,,,
GPIL,GODAWARI POW & ISP LTD,8100935.00,18070.02,,,,
TITAN,TITAN COMPANY LIMITED,465375.00,16297.30,,,,
SULA,SULA VINEYARDS LIMITED,2337062.00,7341.03,,,,
MUTHOOTFIN,MUTHOOT FINANCE LIMITED,84531.00,2449.99,,,,
TATACOMM,TATA COMMUNICATIONS LTD,347825.00,5927.51,,,,
DABUR,DABUR INDIA LTD,1930833.00,10098.86,,,,
FINPIPE,FINOLEX IND LTD.,2900741.00,6493.58,,,,
BIRLACORPN,BIRLA CORPORATION LTD,299822.00,3936.83,,,,
IPCALAB,IPCA LABORATORIES LTD,146992.00,2108.84,,,,
GRASIM,GRASIM-DEPO SETT,287231.00,7706.61,,,,
TMB,TAMILNAD MERCA BANK LTD,327720.00,1458.08,,,,
NAVA,NAVA LIMITED,1759883.00,10681.66,,,,
NORTHARC,NORTHERN ARC CAPITAL LTD,3613330.00,9192.95,,,,
GSPL,GUJARAT STATE PETRO LTD,853465.00,2893.14,,,,
GATEWAY,GATEWAY DISTRIPARKS LTD,5305657.00,3644.69,,,,
GANECOS,GANESHA ECOSPHERE LIMITED,135308.00,2068.85,,,,
SCHAEFFLER,SCHAEFFLER INDIA LIMITED,59879.00,2434.91,,,,
CUPID,CUPID LIMITED,20021662.00,29488.79,,,,
SRF,SRF LTD,152110.00,4582.37,,,,
GODIGIT,GO DIGIT GENERAL INS LTD,243892.00,879.46,,,,
ELLEN,ELLENBARRIE INDUS GASES L,394827.00,2078.97,,,,
ITBEES,NIP IND ETF IT,18620177.00,7361.95,,,,
ITETF,MIRAEAMC - ITETF,737729.00,274.56,,,,
SMALLCAP,MIRAEAMC - SMALLCAP,5242502.00,2440.00,,,,
GROWWDEFNC,GROWWAMC - GROWWDEFNC,966951.00,795.52,,,,
AETHER,AETHER INDUSTRIES LIMITED,492727.00,3777.11,,,,
BALAMINES,BALAJI AMINES LIMITED,258222.00,4300.22,,,,
JYOTHYLAB,JYOTHY LABS LIMITED,1431497.00,5104.75,,,,
VAIBHAVGBL,VAIBHAV GLOBAL LIMITED,1131204.00,2896.18,,,,
ASAHIINDIA,10 % CUM. RED PREF,186080.00,1619.97,,,,
VGUARD,V-GUARD IND LTD.,488505.00,1898.84,,,,
GROWWNET,GROWWAMC - GROWWNET,154216.00,16.47,,,,
MOCAPITAL,MOTILALAMC - MOCAPITAL,792578.00,353.58,,,,
GOLDIETF,ICICI PRUDENTIAL GOLD ETF,4508758.00,4474.19,,,,
SINDHUTRAD,SINDHU TRADE LINKS LTD,2496258.00,603.25,,,,
NIITMTS,NIIT LEARNING SYSTEMS LTD,176744.00,619.98,,,,
DCMSRIND,DCM SHRIRAM IND LTD,547262.00,1001.43,,,,
BHAGCHEM,BHAGIRADHA CHEM & INDS L,591832.00,1734.42,,,,
MCLOUD,MAGELLANIC CLOUD LIMITED,4941960.00,3873.53,,,,
ABSLPSE,BIRLASLAMC-ABSLPSE,115148.00,11.54,,,,
THEMISMED,THEMIS MEDICARE LTD.,219523.00,358.52,,,,
BANKBEES,NIP IND ETF BANK BEES,660355.00,3770.23,,,,
MOMOMENTUM,MOTILALAMC - MOMOMENTUM,314989.00,211.12,,,,
PEL,PIRAMAL ENTERPRISES LTD,294064.00,3451.01,,,,
ASHAPURMIN,ASHAPURA MINECHEM LTD,1540628.00,7504.51,,,,
ANURAS,ANUPAM RASAYAN INDIA LTD,3273670.00,31492.86,,,,
JAYNECOIND,JAYASWAL NECO INDUSTR LTD,6177377.00,3532.21,,,,
BAJAJHLDNG,BAJAJ HOLDINGS & INVS LTD,67896.00,8785.40,,,,
KALPATARU,KALPATARU LIMITED,24967.00,98.69,,,,
MANINDS,MAN INDUSTRIES (I) LTD.,579230.00,2234.71,,,,
ARTEMISMED,ARTEMIS MED SERVICE LTD,184066.00,473.72,,,,
GREENPLY,GREENPLYINDUS,387829.00,1213.24,,,,
CGCL,CAPRI GLOBAL CAPITAL LTD,4647898.00,8371.88,,,,
BSLNIFTY,ADITYBIRLA SL NIF ETF-GR,397102.00,114.71,,,,
BANSALWIRE,BANSAL WIRE INDUSTRIES L,199560.00,802.52,,,,
CREST,CREST VENTURES LIMITED,23185.00,100.40,,,,
TIPSMUSIC,TIPS MUSIC LIMITED,593787.00,3693.22,,,,
ANANDRATHI,ANAND RATHI WEALTH LTD,80573.00,2161.59,,,,
LGBBROSLTD,LG BALAKRISHNAN & BROS,127785.00,1779.10,,,,
NRBBEARING,NRB BEARING LIMITED,500738.00,1482.13,,,,
HITECH,HI-TECH PIPES LIMITED,7284436.00,8390.49,,,,
PRECAM,PRECISION CAMSHAFTS LTD.,674953.00,1490.53,,,,
GALAXYSURF,GALAXY SURFACTANTS LTD,45148.00,1112.13,,,,
NIF100BEES,NIP IND ETF NIFTY 100,41669.00,112.63,,,,
JKIL,JKUMAR INFR.LTD.,622733.00,4320.01,,,,
RICOAUTO,RICO AUTO INDUSTRIES LTD,1232447.00,1234.54,,,,
MPSLTD,MPS LIMITED,99449.00,2271.46,,,,
AEROENTER,AEROFLEX ENTERPRISES LTD,975106.00,1005.43,,,,
EDELWEISS,EDELWEISS FIN SERV LTD,16508601.00,18119.50,,,,
OMAXE,OMAXE LIMITED,401515.00,381.25,,,,
TCIEXP,TCI EXPRESS LIMITED,109586.00,902.62,,,,
RAINBOW,RAINBOW CHILDRENS MED LTD,185844.00,2691.50,,,,
SHANTIGEAR,SHANTHI GEARS LTD,96853.00,551.50,,,,
HEALTHIETF,ICICIPRAMC - ICICIPHARM,114657.00,170.28,,,,
DCI,DC INFOTECH AND COMUN LTD,10300.00,25.56,,,,
HATHWAY,HATHWAY CABLE & DATACOM,29374959.00,4612.23,,,,
SETFNN50,SBI-ETF NIFTY NEXT 50,32228.00,241.47,,,,
CREDITACC,CREDITACCESS GRAMEEN LTD,342784.00,4299.74,,,,
INNOVACAP,INNOVA CAPTAB LIMITED,70153.00,620.98,,,,
AVALON,AVALON TECHNOLOGIES LTD,238661.00,2345.84,,,,
MEDICAMEQ,MEDICAMEN BIOTECH LIMITED,18752.00,85.53,,,,
INDTERRAIN,IND TERRAIN FASHIONS LTD,17971.00,7.78,,,,
GPTINFRA,GPT INFRAPROJECTS LTD,105079.00,127.95,,,,
PATELRMART,PATEL RETAIL LIMITED,10339.00,23.45,,,,
GENUSPAPER,GENUS P&B LIMITED,146090.00,30.90,,,,
AFFORDABLE,AFFORD ROBO & AUTO LTD,7239.00,19.68,,,,
PAKKA,PAKKA LIMITED,227769.00,405.14,,,,
TINNARUBR,TINNA RUBBER AND INFR LTD,18231.00,177.32,,,,
APOLLOPIPE,APOLLO PIPES LIMITED,385049.00,1658.00,,,,
LANCORHOL,LANCOR HOLDINGS LIMITED,23786.00,6.12,,,,
HINDWAREAP,HINDWARE HME INOVATON LTD,1413375.00,4149.98,,,,
KRSNAA,KRSNAA DIAGNOSTICS LTD,198745.00,1660.31,,,,
GREENPANEL,GREENPANEL INDUSTRIES LTD,380527.00,1164.28,,,,
SSWL,STEEL STRIPS WHEELS LTD.,808499.00,1912.98,,,,
RAMRAT,RAM RATNA WIRES LIMITED,59293.00,401.43,,,,
UGROCAP,SEC RED NCD 10.03%,580215.00,1053.82,,,,
SIRCA,SIRCA PAINT INDIA LIMITED,1557644.00,6683.19,,,,
COFFEEDAY,COFFEE DAY ENTERPRISE LTD,55154.00,27.08,,,,
SILVERAG,MIRAEAMC - MASILVER,372253.00,499.67,,,,
ESG,MIRAEAMC - MAESGETF,23405.00,10.11,,,,
LTGILTBEES,NIP IND ETF LONGTERM GILT,69266.00,19.95,,,,
VSSL,VARDHMAN SPC STEEL LTD,63162.00,180.50,,,,
CCCL,CONS. CONST. CONSORT LTD,459967.00,113.85,,,,
PIXTRANS,PIX TRANSMISSIONS LIMITED,41470.00,644.76,,,,
RKSWAMY,R K SWAMY LIMITED,84983.00,146.35,,,,
SIGNPOST,SIGNPOST INDIA LIMITED,170024.00,427.77,,,,
PRITIKAUTO,PRITIKA AUTO INDUS LTD,53332.00,12.31,,,,
AONENIFTY,AONEAMC - AONENIFTY,48304.00,4.92,,,,
SMSPHARMA,SMS PHARMACEUTICALS LTD.,445039.00,1221.98,,,,
BASML,BANNARI AM SPIN MILL LTD.,72703.00,21.58,,,,
BHAGERIA,BHAGERIA INDUSTRIES LTD,69038.00,130.86,,,,
CAPITALSFB,CAPITAL SMALL FIN BANK L,107050.00,308.27,,,,
BUTTERFLY,BTRFLY GANDHI APPL LTD,8609.00,65.55,,,,
BIRLAMONEY,ADITYA BIRLA MONEY LTD,49499.00,89.75,,,,
MGEL,MANGALAM GLOBAL ENT LTD,1534053.00,262.27,,,,
SASKEN,SASKEN TECHNOLOGIES LTD,58927.00,891.08,,,,
SESHAPAPER,SESHASAYEE PAPER & BOARDS,44631.00,133.50,,,,
SAURASHCEM,SAURASHTRA CEMENT LIMITED,340652.00,391.48,,,,
REPRO,REPRO INDIA LIMITED,5984.00,31.94,,,,
VLSFINANCE,VLS FINANCE LTD,61190.00,152.77,,,,
RPPL,RAJSHREE POLYPACK LTD,25240.00,6.39,,,,
TOKYOPLAST,TOKYO PLAST INTL LTD,5019.00,6.50,,,,
SUNDROP,SUNDROP BRANDS LIMITED,89847.00,716.62,,,,
PTL,PTL ENTERPRISES LTD,6808.00,2.78,,,,
SBIETFQLTY,SBIAMC - SBIETFQLTY,3909.00,8.78,,,,
GSEC5IETF,ICICIPRAMC - ICICI5GSEC,1448.00,0.92,,,,
DIGIDRIVE,DIGIDRIVE DISTRIBUTORS L,5301.00,1.73,,,,
GEMAROMA,GEM AROMATICS LIMITED,36705.00,91.64,,,,
AONEGOLD,AONEAMC - AONEGOLD,37352.00,4.29,,,,
GROWWLOVOL,GROWWAMC - GROWWLOVOL,4674.00,0.49,,,,
SARLAPOLY,SARLA PERF. FIBERS LTD,16186.00,16.39,,,,
TVSELECT,TVS ELECTRONICS LIMITED,31638.00,194.60,,,,
MOLOWVOL,MOTILALAMC - MOLOWVOL,9285.00,3.48,,,,
FOODSIN,FOODS & INNS LIMITED,14703.00,15.34,,,,
CENTENKA,CENTURY ENKA LTD,57689.00,341.12,,,,
PRAKASHSTL,PRAKASH STEELAGE LTD,1080.00,0.09,,,,
ACL,ANDHRA CEMENTS LIMITED,62.00,0.04,,,,
SHREERAMA,SHREE RAMA MULTI TECH LTD,50184.00,22.62,,,,
PASUPTAC,PASUPATI ACRYLON LIMITED,1682.00,0.78,,,,
GLOBECIVIL,GLOBE CIVIL PROJECTS LTD,133965.00,103.82,,,,
VARDHACRLC,VARDHMAN ACRYLICS LIMITED,1659.00,0.76,,,,
GEECEE,GEECEE VENTURES LIMITED,200.00,0.77,,,,
IZMO,IZMO LIMITED,693.00,5.25,,,,
KAPSTON,KAPSTON SERVICES LIMITED,8.00,0.02,,,,
NECLIFE,NECTAR LIFESCIENCES LTD.,3907.00,1.33,,,,
PANCARBON,PANA CARBON IND CO LTD,100.00,0.50,,,,
AVROIND,AVRO INDIA LIMITED,500.00,0.75,,,,
OCCL,ORIENTAL CARBN & CHEM LTD,720.00,2.26,,,,
BHAGYANGR,BHAGYANAGAR INDIA LIMITED,1000.00,0.97,,,,
SRGHFL,SRG HOUSING FINANCE L,2.00,0.01,,,,
MOTILALOFS,MOTILAL OSWAL FIN LTD,1180705.00,10292.45,,,,
APARINDS,APAR INDUSTRIES LIMITED,76368.00,6304.86,,,,
ASTRAL,ASTRAL LIMITED,976184.00,14730.34,,,,
INDUSTOWER,INDUS TOWERS LIMITED,5271290.00,18542.42,,,,
ASTRAMICRO,ASTRA MICROWAVE LTD,2025071.00,18499.13,,,,
WAAREEENER,WAAREE ENERGIES LIMITED,1682718.00,57201.77,,,,
MSPL,MSP STEEL & POWER LTD.,1048645.00,386.40,,,,
TFCILTD,TOURISM FINANCE CORP. OF,57661399.00,30708.54,,,,
SWANCORP,SWAN CORP LIMITED,6503184.00,32543.73,,,,
HAL,HINDUSTAN AERONAUTICS LTD,2789350.00,132438.29,,,,
CUB,CITY UNION BANK LTD,1330887.00,2711.34,,,,
NHPC,NHPC LTD,32528918.00,29705.53,,,,
STAR,STRIDES PHARMA SCI LTD,816694.00,6447.01,,,,
SHRIPISTON,SHRIRAM PIST. & RING LTD,53573.00,1361.49,,,,
KIRLOSBROS,KIRLOSKAR BROTHERS LTD,189349.00,3991.58,,,,
TEAMLEASE,TEAMLEASE SERVICES LTD.,95097.00,1932.68,,,,
DEVYANI,DEVYANI INTERNATIONAL LTD,9552137.00,16632.17,,,,
RSYSTEMS,R SYSTEMS INTERNATIONAL L,436582.00,1985.84,,,,
DYNAMATECH,DYNAMATIC TECHNOLOGIES,79072.00,5559.69,,,,
ITDC,INDIA TOUR. DEV. CO. LTD.,221189.00,1456.95,,,,
DONEAR,DONEAR IND. LIMITED,32814.00,34.52,,,,
PCJEWELLER,PC JEWELLER LTD,72995036.00,10154.35,,,,
AJANTPHARM,AJANTPHARM LTD,80396.00,2146.49,,,,
EASEMYTRIP,EASY TRIP PLANNERS LTD,67708663.00,8358.69,,,,
DSSL,DYNACONS SYS & SOLN LTD,99074.00,1072.85,,,,
RADHIKAJWE,RADHIKA JEWELTECH LIMITED,452375.00,434.54,,,,
HDFCBANK,HDFC BANK LTD,3673169.00,34590.95,,,,
BAJAJFINSV,BAJAJ FINSERV LTD.,974409.00,19496.29,,,,
CIEINDIA,CIE AUTOMOTIVE INDIA LTD,570676.00,2576.65,,,,
JINDRILL,JINDAL DRILLING AND INDUS,489507.00,3295.70,,,,
KCP,KCP LTD,1387645.00,3015.48,,,,
BSE,BSE LIMITED,3603168.00,86805.71,,,,
ITC,ITC LTD,12624655.00,52840.91,,,,
TATAMOTORS,TATA MOTORS LIMITED,15239219.00,111301.64,,,,
CEMPRO,CEMINDIA PROJECTS LIMITED,952591.00,6979.66,,,,
GABRIEL,GABRIEL INDIA LTD,189652.00,1927.86,,,,
ITCHOTELS,ITC HOTELS LIMITED,6708836.00,15316.86,,,,
IEX,INDIAN ENERGY EXC LTD,8847442.00,14557.15,,,,
KOTAKBANK,KOTAK MAHINDRA BANK LTD,326935.00,6844.06,,,,
ICICIBANK,ICICI BANK LTD DEPO SETT,2379998.00,33068.15,,,,
LTIM,LTIMINDTREE LIMITED,139527.00,7598.94,,,,
GILLETTE,GILLETTE INDIA LTD,32409.00,3196.35,,,,
BOSCHLTD,BOSCH LIMITED,13909.00,5470.06,,,,
AMBER,AMBER ENTERPRISES (I) LTD,156503.00,12357.41,,,,
COFORGE,COFORGE LIMITED,1043206.00,18097.89,,,,
JKCEMENT,JK CEMENT LIMITED,36334.00,2441.80,,,,
INDIGO,INTERGLOBE AVIATION LTD,463940.00,26052.95,,,,
LODHA,LODHA DEVELOPERS LIMITED,1915039.00,24261.18,,,,
BSOFT,BIRLASOFT LIMITED,5264676.00,23051.44,,,,
TPHQ,TEAMO PRODUCTIONS HQ LTD,10000.00,0.07,,,,
LLOYDSENGG,LLOYDS ENGG WORK LIMITED,18368167.00,12105.30,,,,
ALOKINDS,ALOK INDUSTRIES LIMITED,13985655.00,2774.25,,,,
SYNCOMF,SYNCOM FORMU (I) LTD,224279.00,42.70,,,,
SUBEXLTD,SUBEX LTD,794039.00,131.40,,,,
TEJASNET,TEJAS NETWORKS LIMITED,4191947.00,30571.30,,,,
SJS,SJS ENTERPRISES LIMITED,156288.00,2042.43,,,,
DREAMFOLKS,DREAMFOLKS SERVICES LTD,8378.00,19.47,,,,
HIMATSEIDE,HIMATSINGKA SEIDE LTD,2830573.00,4202.99,,,,
WABAG,VA TECH WABAG LTD,921999.00,13464.26,,,,
INDUSINDBK,INDUSIND BANK LIMITED,4687991.00,38082.49,,,,
MRPL,MRPL,7371378.00,11482.06,,,,
ASKAUTOLTD,ASK AUTOMOTIVE LIMITED,324748.00,1680.97,,,,
KTKBANK,KARNATAKA BANK LIMITED,15361627.00,28652.39,,,,
REPCOHOME,REPCO HOME FINANCE LTD,929392.00,3826.82,,,,
KSL,KALYANI STEELS LIMITED,281302.00,2435.96,,,,
CPPLUS,ADITYA INFOTECH LIMITED,29473.00,410.12,,,,
VSTIND,VST INDUSTRIES LTD.,1319886.00,3940.36,,,,
ARVINDFASN,ARVIND FASHIONS LIMITED,468898.00,2477.35,,,,
CHAMBLFERT,CHAMBAL FERT - DEPO SETT.,4792723.00,26568.07,,,,
TEXRAIL,TEXMACO RAIL & ENG. LTD.,8965540.00,14934.91,,,,
STLNETWORK,STL NETWORKS LIMITED,427283.00,125.83,,,,
NAHARINDUS,NAHAR INDS ENT LTD,12660.00,16.68,,,,
SUPRIYA,SUPRIYA LIFESCIENCE LTD,455911.00,3204.33,,,,
EKC,EVEREST KANTO CYLINDERLTD,1315999.00,1965.87,,,,
SHARDAMOTR,SHARDA MOTOR INDS LTD,130610.00,1393.65,,,,
ARE&M,AMARA RAJA ENERGY MOB LTD,1546349.00,16524.59,,,,
ALLTIME,ALL TIME PLASTICS LIMITED,160138.00,454.49,,,,
IGL,INDRAPRASTHA GAS LTD,2158169.00,4721.24,,,,
SADBHAV,SADBHAV ENGINEERING LTD,571189.00,75.55,,,,
DALBHARAT,DALMIA BHARAT LIMITED,49692.00,1120.45,,,,
PARADEEP,PARADEEP PHOSPHATES LTD,7321570.00,14054.75,,,,
JMFINANCIL,JM FINANCIAL LIMITED,11993767.00,19476.81,,,,
MANINFRA,MAN INFRA LTD,1763546.00,3118.70,,,,
EXICOM,EXICOM TELE SYSTEMS LTD,746052.00,1253.29,,,,
TTKPRESTIG,TTK PRESTIGE LTD,104545.00,723.69,,,,
SIEMENS,SIEMENS LTD,370313.00,12938.37,,,,
MPHASIS,MPHASIS LIMITED,192544.00,5470.95,,,,
WELCORP,WELSPUN CORP LIMITED,1574630.00,13346.47,,,,
OIL,OIL INDIA LTD,3532946.00,15972.58,,,,
PETRONET,PETRONET LNG LIMITED,2381921.00,7115.10,,,,
JKPAPER,JK PAPER LIMITED,745001.00,3059.64,,,,
FACT,FERT & CHEM TRAVANCORE,753031.00,7428.88,,,,
KARURVYSYA,KARUR VYSYA BANK LTD,3004552.00,6469.83,,,,
BRIGADE,BRIGADE ENTER. LTD,750176.00,7749.08,,,,
UNOMINDA,UNO MINDA LIMITED,396957.00,4990.24,,,,
VBL,VARUN BEVERAGES LIMITED,9503390.00,47290.92,,,,
VTL,VARDHMAN TEXTILES LIMITED,671130.00,3164.91,,,,
VOLTAS,VOLTAS LTD,493547.00,6960.38,,,,
HDFCLIFE,HDFC LIFE INS CO LTD,901247.00,6848.98,,,,
TDPOWERSYS,TD POWER SYSTEMS LTD.,732651.00,3872.85,,,,
INTELLECT,INTELLECT DESIGN ARENA,486515.00,4916.25,,,,
DMART,AVENUE SUPERMARTS LIMITED,303132.00,13536.20,,,,
GODREJPROP,GODREJ PROPERTIES LTD,1140052.00,25520.80,,,,
FIVESTAR,FIVE-STAR BUS FIN LTD,2102997.00,12468.25,,,,
INOXWIND,INOX WIND LIMITED,20927626.00,35124.84,,,,
SAREGAMA,SAREGAMA INDIA LIMITED,690306.00,3625.22,,,,
PFIZER,PFIZER LTD.,53468.00,2886.85,,,,
SONATSOFTW,SONATA SOFTWARE LTD,2028261.00,8210.53,,,,
KPIL,KALPATARU PROJECT INT LTD,185510.00,2280.17,,,,
SHRIRAMFIN,SEC RED NCD 9.12% SR. I,3508517.00,23082.95,,,,
TI,TILAKNAGAR INDUSTRIES LTD,3538219.00,15717.25,,,,
CRAFTSMAN,CRAFTSMAN AUTOMATION LTD,26032.00,1598.79,,,,
POLYMED,POLY MEDICURE LIMITED,309416.00,6723.44,,,,
CYIENTDLM,CYIENT DLM LIMITED,747258.00,3770.58,,,,
MMFL,MM FORGINGS LTD,274766.00,1002.15,,,,
JAGRAN,JAGRAN PRAKASHAN LIMITED,729260.00,539.74,,,,
MIDSMALL,MIRAEAMC - MIDSMALL,1234433.00,600.61,,,,
NIVABUPA,NIVA BUPA HEALTH INS CO L,6600411.00,5597.29,,,,
AVL,ADITYA VISION LIMITED,125003.00,656.66,,,,
AXISBPSETF,AXISAMC - AXISBPSETF,8669.00,1.12,,,,
GROWWMOM50,GROWWAMC - GROWWMOM50,234996.00,25.20,,,,
SBISILVER,SBIAMC - SBISILVER,743026.00,1081.46,,,,
MAMATA,MAMATA MACHINERY LIMITED,540600.00,2604.88,,,,
WHIRLPOOL,WHIRLPOOL OF INDIA LTD,227381.00,2923.42,,,,
SCHAND,S CHAND AND COMPANY LTD,132699.00,283.11,,,,
MOSMALL250,MOTILALAMC - MOSMALL250,2617480.00,450.97,,,,
EVINDIA,MIRAEAMC - EVINDIA,244278.00,74.82,,,,
STYLEBAAZA,BAAZAR STYLE RETAIL LTD,767290.00,2671.34,,,,
JKLAKSHMI,JK LAKSHMI CEMENT LIMITED,266052.00,2428.45,,,,
PNGJL,P N GADGIL JEWELLERS LTD,632399.00,3908.57,,,,
SPANDANA,SPANDANA SPHOORTY FIN LTD,712203.00,2470.36,,,,
NIITLTD,NIIT LIMITED,2892167.00,4155.95,,,,
NSIL,NALWA SONS INVESTMENT LTD,26140.00,2002.88,,,,
TAJGVK,TAJ GVK HOTELS & RESORTS,1025834.00,4513.08,,,,
SAGCEM,SAGAR CEMENTS LTD,272343.00,729.05,,,,
APOLLOHOSP,APOLLO HOSPITALS LTD-DEPO,95552.00,7252.75,,,,
DBEIL,DEEPAK BUILDERS & ENG I L,148081.00,265.91,,,,
INFRAIETF,ICICIPRAMC - ICICIINFRA,163785.00,153.52,,,,
PANACEABIO,PANACEA BIOTEC LTD,375079.00,1566.49,,,,
SANOFICONR,SANOFI CONS HEALTHC IND L,3184.00,160.62,,,,
ECOSMOBLTY,ECOS (INDIA) MOB & HOSP L,267969.00,760.13,,,,
MVGJL,MANOJ VAIBHAV GEM N JEW L,262759.00,596.61,,,,
HDFCMOMENT,HDFCAMC - HDFCMOMENT,601882.00,193.92,,,,
MIDCAPIETF,ICICIPRAMC - ICICIM150,4592062.00,1007.88,,,,
GOLDCASE,ZERODHAAMC - GOLDCASE,2424353.00,439.55,,,,
BLISSGVS,BLISS GVS PHARMA LTD,766286.00,1242.64,,,,
GROWWRAIL,GROWWAMC - GROWWRAIL,2097494.00,763.11,,,,
MIDQ50ADD,DSPAMC - DSPQ50ETF,29219.00,74.24,,,,
ZYDUSWELL,ZYDUS WELLNESS LIMITED,277694.00,1265.29,,,,
JUBLPHARMA,JUBILANT PHARMOVA LTD,471709.00,5274.66,,,,
CARRARO,CARRARO INDIA LIMITED,74554.00,341.48,,,,
NDRAUTO,NDR AUTO COMPONENTS LTD,29784.00,321.92,,,,
BHARATRAS,BHARAT RASAYAN LTD,10232.00,1088.24,,,,
ARMANFIN,ARMAN FIN SERV LTD,63069.00,998.14,,,,
PFS,PTC INDIA FIN SERV LTD,1987847.00,806.35,,,,
MASPTOP50,MIRAEAMC - MASPTOP50,498734.00,310.13,,,,
IGPL,I G PETROCHEMICALS LTD,100326.00,525.23,,,,
HDFCNIFBAN,HDFCAMC - HDFCNIFBAN,80874.00,45.06,,,,
ARVIND,ARVIND LIMITED,1343186.00,4513.27,,,,
PFOCUS,PRIME FOCUS LIMITED,1322640.00,2376.35,,,,
GROWWSLVR,GROWWAMC - GROWWSLVR,281859.00,433.83,,,,
SUMMITSEC,SUMMIT SECURITIES LTD,17063.00,367.08,,,,
MOMENTUM,BIRLASLAMC - MOMENTUM,63014.00,19.96,,,,
IMPAL,IND MOTOR PART & ACC LTD,671.00,7.87,,,,
KECL,KIRLOSKAR ELECTRIC CO LTD,221453.00,305.71,,,,
MONARCH,MONARCH NETWORTH CAP LTD,356060.00,1284.47,,,,
BSHSL,BOMBAY SUPER HYBRID SEEDS,10584.00,15.53,,,,
ORIENTHOT,ORIENT HOTELS LTD,2696409.00,3778.18,,,,
GROWWGOLD,GROWWAMC - GROWWGOLD,278760.00,324.77,,,,
AXISTECETF,AXISAMC - AXISTECETF,12231.00,48.79,,,,
WINDLAS,WINDLAS BIOTECH LIMITED,224692.00,2046.91,,,,
MINDTECK,MINDTECK (INDIA) LIMITED,6553.00,18.79,,,,
FMGOETZE,FEDERAL-MOGUL GOETZE (IND,110013.00,572.39,,,,
ATULAUTO,ATUL AUTO LIMITED,259156.00,1330.31,,,,
GSS,GSS INFOTECH LIMITED,551422.00,155.22,,,,
SMLT,SARTHAK METALS LIMITED,4221.00,4.76,,,,
PYRAMID,PYRAMID TECHNOPLAST LTD,40500.00,71.33,,,,
WESTLIFE,WESTLIFE FOODWORLD LTD,91459.00,685.63,,,,
SHALPAINTS,SHALIMAR PAINTS LTD,879035.00,849.77,,,,
ORIENTPPR,ORIENT PAPER AND INDS LTD,3416899.00,1143.37,,,,
PNBGILTS,PNB GILTS LIMITED,3634886.00,3838.53,,,,
NIFTYIETF,ICICI PRUD NIFTY ETF,497033.00,1362.99,,,,
CHEMPLASTS,CHEMPLAST SANMAR LIMITED,224376.00,999.15,,,,
LIQUIDADD,DSPAMC - LIQUIDADD,2340.00,25.57,,,,
KDDL,KDDL LIMITED,32896.00,901.35,,,,
HATSUN,HATSUN AGRO PRODUCT LTD.,60510.00,571.32,,,,
KOLTEPATIL,KOLTE PATIL DEV. LTD.,320549.00,1420.40,,,,
AJMERA,AJMERA REALTY & INF I LTD,201337.00,1930.34,,,,
JLHL,JUPITER LIFE LINE HOSP L,16250.00,241.42,,,,
VERANDA,VERANDA LEARNING SOL LTD,6165983.00,14215.02,,,,
HEUBACHIND,HEUBACH COLORANTS IND LTD,31607.00,177.70,,,,
SATIN,SATIN CREDIT NET LTD,429413.00,694.60,,,,
ALLDIGI,ALLDIGI TECH LIMITED,32170.00,250.44,,,,
AGRITECH,AGRI-TECH (INDIA) LIMITED,3499.00,6.57,,,,
CHEMFAB,CHEMFAB ALKALIS LIMITED,7270.00,50.74,,,,
URJA,URJA GLOBAL LIMITED,308822.00,44.25,,,,
TECH,BIRLASLAMC - TECH,23921.00,9.28,,,,
MATRIMONY,MATRIMONY.COM LIMITED,18348.00,118.50,,,,
NILKAMAL,NILKAMAL LIMITED,6766.00,118.40,,,,
SGIL,SYNERGY GREEN IND. LTD,30654.00,169.56,,,,
NILAINFRA,NILA INFRASTRUCTURES LTD,62501.00,7.82,,,,
HDFCGROWTH,HDFCAMC - HDFCGROWTH,9440.00,11.55,,,,
TARSONS,TARSONS PRODUCTS LIMITED,1506797.00,5565.08,,,,
HDFCNEXT50,HDFCAMC - HDFCNEXT50,112067.00,77.26,,,,
VISHWARAJ,VISHWARAJ SUGAR IND LTD,134518.00,17.12,,,,
BIGBLOC,BIGBLOC CONSTRUCTION LTD,69601.00,68.11,,,,
ITETFADD,DSPAMC - DSPITETF,15673.00,5.83,,,,
MAKEINDIA,MIRAEAMC - MAMFGETF,25632.00,37.93,,,,
MAYURUNIQ,MAYUR UNIQUOTERS LTD,144314.00,803.04,,,,
PVTBANKADD,DSPAMC - DSPPVBKETF,36983.00,10.03,,,,
SAKHTISUG,SAKHTISUG SUGARS LTD,1077557.00,454.26,,,,
UNIDT,UNITED DRILLING TOOLS LTD,4399.00,9.81,,,,
VSTL,VIBHOR STEEL TUBES LTD,9251.00,16.65,,,,
COASTCORP,COASTAL CORPORATION LTD,15542.00,6.15,,,,
AARON,AARON INDUSTRIES LIMITED,891.00,2.16,,,,
PSUBANK,KOTAK PSU BANK,25077.00,180.53,,,,
AURUM,AURUM PROPTECH LIMITED,150942.00,286.69,,,,
TASTYBITE,TASTY BITE EATABLES LTD,7957.00,864.88,,,,
STEELCITY,STEEL CITY SECURITIES LTD,513.00,0.52,,,,
GEEKAYWIRE,GEEKAY WIRES LIMITED,1781.00,1.39,,,,
LICNETFN50,LICNAMC - LICNFENGP,301.00,0.82,,,,
NIFTY1,KOTAK NIFTY ETF,59291.00,161.76,,,,
MBLINFRA,MBL INFRASTRUCTURE LTD,160306.00,69.88,,,,
ARIHANTSUP,ARIHANT SUPERSTRUCT LTD,177736.00,754.40,,,,
THEINVEST,THE INVEST TRUST OF IND L,1715.00,2.43,,,,
SANGAMIND,SANGAM (INDIA) LTD,18985.00,86.12,,,,
GROWWN200,GROWWAMC - GROWWN200,24799.00,2.80,,,,
ROSSTECH,ROSSELL TECHSYS LIMITED,75480.00,553.16,,,,
EVERESTIND,EVEREST INDUSTRIES LIMITE,10400.00,71.46,,,,
AMANTA,AMANTA HEALTHCARE LIMITED,10147.00,13.65,,,,
CORDSCABLE,CORDS CABLE INDUS LTD.,6535.00,12.40,,,,
NATCAPSUQ,NATURAL CAPSULES LIMITED,200.00,0.45,,,,
SILINV,SIL INVESTMENTS LIMITED,518.00,3.70,,,,
EMKAY,EMKAY GLOBAL FIN SERV LTD,1075.00,4.20,,,,
ZODIAC,ZODIAC ENERGY LIMITED,137.00,0.62,,,,
MMP,MMP INDUSTRIES LIMITED,35747.00,100.26,,,,
SHREEJISPG,SHREEJI SHIPPING GLOBAL L,20525.00,47.12,,,,
AARTECH,AARTECH SOLONICS LIMITED,1000.00,0.53,,,,
HDFCLIQUID,HDFCAMC - HDFCLIQUID,12.00,0.12,,,,
HCL-INSYS,HCL INFOSYSTEMS LTD,325.00,0.06,,,,
LOKESHMACH,LOKESH MACHINES LTD,1245.00,3.79,,,,
BIRLACABLE,BIRLA CABLE LIMITED,13752.00,25.74,,,,
BHARATGEAR,BHARAT GEARS LTD.,7703.00,9.68,,,,
KANPRPLA,KANPUR PLASTIPACK LIMITED,150.00,0.35,,,,
NAHARPOLY,NAHAR POLY FILMS LIMITED,592.00,1.75,,,,
AVONMORE,AVONMORE CAP&MGT SERV LTD,12427.00,2.36,,,,
SURAJLTD,SURAJ LIMITED,47.00,0.15,,,,
MANGALAM,MANGALAM DRUG & CHEM LTD,5400.00,4.81,,,,
BRNL,BHARAT ROAD NETWORK LTD,1907.00,0.43,,,,
GOLDTECH,AION-TECH SOLUTIONS LTD,1500.00,1.02,,,,
LANCER,LANCER CONTAINER LINE LTD,2000.00,0.25,,,,
AGSTRA,AGS TRANSACT TECH LTD,3262.00,3.15,,,,
500245,KIRLOSKAR FERROUS INDUSTRIES L,2.00,0.01,,,,
CASHIETF,ICICIPRAMC - CASHIETF,10.00,0.10,,,,
WENDT,WENDT (INDIA) LIMITED,34723.00,3405.24,,,,
ONGC,OIL AND NATURAL GAS CORP.,11040523.00,28247.00,,,,
MOREPENLAB,MOREPENLABNPP080200DEPO,13551795.00,8185.51,,,,
RVNL,RAIL VIKAS NIGAM LIMITED,17932471.00,69116.10,,,,
GPPL,GUJARAT PIPAVAV PORT LTD,9050140.00,17821.30,,,,
IRB,IRB INFRA DEV LTD.,64331710.00,31833.00,,,,
RMDRIP,R M DRIP & SPRINK SYS LTD,119147.00,90.61,,,,
NESTLEIND,NESTLE INDIA LIMITED,582505.00,6921.57,,,,
HINDZINC,HINDUSTAN ZINC LIMITED,6542987.00,31518.86,,,,
THERMAX,THERMAX LTD,270164.00,9411.51,,,,
BALUFORGE,BALU FORGE INDUSTRIES LTD,224226.00,1476.80,,,,
HAPPSTMNDS,HAPPIEST MINDS TECHNO LTD,2845299.00,19030.83,,,,
MUFTI,CREDO BRANDS MARKETING L,485411.00,642.27,,,,
IRFC,INDIAN RAILWAY FIN CORP L,45692667.00,64385.91,,,,
GAIL,GAIL (INDIA) LIMITED,17194682.00,32194.55,,,,
TATAPOWER,TATA POWER CO LTD,10142252.00,40271.56,,,,
ENGINERSIN,ENGINEERS INDIA LTD,11868478.00,25655.79,,,,
RBLBANK,RBL BANK LIMITED,14314790.00,37352.86,,,,
YESBANK,YES BANK LIMITED,350271392.00,74498.14,,,,
DEEPAKFERT,DEEPAK FERTILIZERS & PETR,651621.00,8678.89,,,,
INGERRAND,INGERSOLL RAND LTD.,67001.00,2365.92,,,,
TARIL,TRANS & RECTI. LTD,1456731.00,7610.11,,,,
TANLA,TANLA PLATFORMS LIMITED,2393909.00,16713.89,,,,
DHARMAJ,DHARMAJ CROP GUARD LTD,4017.00,12.35,,,,
NOVAAGRI,NOVA AGRITECH LIMITED,30692.00,17.37,,,,
INSECTICID,INSECTICIDES (I) LTD,108576.00,912.79,,,,
JUBLINGREA,JUBILANT INGREVIA LIMITED,1056854.00,7752.95,,,,
KELLTONTEC,KELLTON TECH SOL LTD,4433461.00,1192.02,,,,
ESSENTIA,INTEGRA ESSENTIA LIMITED,77743.00,1.90,,,,
MTARTECH,MTAR TECHNOLOGIES LIMITED,289777.00,5250.66,,,,
SWSOLAR,STRLNG & WIL REN ENE LTD,9036784.00,27059.51,,,,
PRAJIND,PRAJ INDUSTRIES LTD,4670537.00,21084.68,,,,
CLEAN,CLEAN SCIENCE & TECH LTD,960023.00,12733.70,,,,
HGINFRA,H.G.INFRA ENGINEERING LTD,481251.00,5259.28,,,,
SUNFLAG,SUNFLAG IRON AND STEEL CO,609960.00,1751.76,,,,
RTNPOWER,RATTANINDIA POWER LIMITED,24605266.00,3311.71,,,,
GMDCLTD,GUJARAT MIN. DEV. CORPN,5712644.00,29329.28,,,,
PRSMJOHNSN,PRISM JOHNSON LIMITED,1135119.00,1914.20,,,,
JSWCEMENT,JSW CEMENT LIMITED,3159943.00,4683.77,,,,
UTIAMC,UTI ASSET MNGMT CO LTD,290544.00,3900.50,,,,
ELECON,ELECON ENG. CO. LTD,1246412.00,7787.42,,,,
SUBROS,SUBROS LTD,128835.00,1365.30,,,,
CARTRADE,CARTRADE TECH LIMITED,171877.00,3574.89,,,,
RALLIS,RALLIS-12.50%NCD80-2001,1307911.00,4387.21,,,,
UNIONBANK,UNION BANK OF INDIA,23525020.00,32286.23,,,,
ALPHAGEO,ALPHAGEO (INDIA) LIMITED,5310.00,14.02,,,,
ISGEC,ISGEC HEAVY ENG LTD,177363.00,1947.47,,,,
LICHSGFIN,LIC HOUSING FINANCE LTD,3224560.00,19427.78,,,,
PERSISTENT,PERSISTENT SYSTEMS LTD,456187.00,25112.06,,,,
SURYAROSNI,SURYA ROSHNI LTD,730106.00,2240.61,,,,
IRCTC,INDIAN RAIL TOUR CORP LTD,3350810.00,26651.34,,,,
TCS,TATA CONSULTANCY SERV LTD,4238209.00,136479.36,,,,
AUBANK,AU SMALL FINANCE BANK LTD,931637.00,6843.44,,,,
TIINDIA,TUBE INVEST OF INDIA LTD,209278.00,6791.80,,,,
DISHTV,DISH TV INDIA LTD.,3114742.00,197.99,,,,
SAIL,STEEL AUTHORITY OF INDIA,17163776.00,22749.39,,,,
PRINCEPIPE,PRINCE PIPES FITTINGS LTD,859276.00,3108.39,,,,
JYOTISTRUC,JYOTI STRUCTURES LTD,21716910.00,4032.27,,,,
GTLINFRA,GTL INFRA.LTD,7135007.00,120.99,,,,
NCC,NCC LIMITED,13159302.00,30412.05,,,,
KAYNES,KAYNES TECHNOLOGY IND LTD,418236.00,28362.44,,,,
EIEL,ENVIRO INFRA ENGINEERS L,3798880.00,9910.14,,,,
ENRIN,SIEMENS ENERGY INDIA LTD,204102.00,6878.14,,,,
BHARTIARTL,BHARTI AIRTEL LIMITED,1212341.00,23154.90,,,,
INDOAMIN,INDO AMINES LIMITED,228405.00,371.88,,,,
TBZ,TRIB BHIMJI ZAVERI LTD,406184.00,815.28,,,,
BAJEL,BAJEL PROJECTS LIMITED,163438.00,341.30,,,,
MOTISONS,MOTISONS JEWELLERS LTD,3758406.00,754.06,,,,
KOPRAN,KOPRAN LTD,385564.00,703.80,,,,
SKYGOLD,SKY GOLD AND DIAMONDS LTD,1537170.00,4617.58,,,,
COHANCE,COHANCE LIFESCIENCES LTD,751511.00,6857.10,,,,
COSMOFIRST,COSMO FIRST LIMITED,434147.00,4364.66,,,,
GULFOILLUB,GULF OIL LUB. IND. LTD.,183804.00,2278.48,,,,
PIDILITIND,PIDILITE INDUSTRIES LTD,358871.00,5491.13,,,,
LTFOODS,LT FOODS LIMITED,1320849.00,5792.95,,,,
ZENSARTECH,ZENSAR TECHNOLOGIES -DEPO,710024.00,5811.93,,,,
AUROPHARMA,AUROBINDO PHARMA LTD,806520.00,9374.55,,,,
GOLDBEES,NIP IND ETF GOLD BEES,25535324.00,24497.37,,,,
GODREJCP,GODREJ CONSUMER PRODUCTS,521985.00,6464.03,,,,
MAHSEAMLES,MAHARASHTRA SEAMLESS LTD,1090650.00,7513.23,,,,
GENUSPOWER,GENUS POWER INFRASTRU LTD,3816642.00,13863.25,,,,
LINDEINDIA,LINDE INDIA LIMITED,147840.00,9981.06,,,,
AEGISLOG,AEGIS LOGISTICS LIMITED,871222.00,7059.13,,,,
360ONE,360 ONE WAM LIMITED,452339.00,4900.25,,,,
ASTERDM,ASTER DM HEALTHCARE LTD.,468823.00,2924.53,,,,
NETWEB,NETWEB TECH INDIA LTD,457894.00,15942.92,,,,
LUPIN,LUPIN LIMITED,432882.00,8623.64,,,,
SAILIFE,SAI LIFE SCIENCES LIMITED,829056.00,7187.87,,,,
EPL,EPL LIMITED,1784085.00,4148.51,,,,
HINDOILEXP,HINDUSTAN OIL EXPLORATION,3996442.00,7882.14,,,,
PENIND,PENNAR INDUSTRIES LTD,1955114.00,4592.40,,,,
ATGL,ADANI TOTAL GAS LIMITED,1716897.00,11922.08,,,,
3MINDIA,3M INDIA LIMITED,8495.00,2572.94,,,,
DBL,DILIP BUILDCON LIMITED,734254.00,3669.98,,,,
TIMKEN,TIMKEN INDIA LTD.,76494.00,2571.38,,,,
GODFRYPHLP,GODFREY PHILIPS-DEPO,777165.00,26458.32,,,,
PGIL,HOUSE OF PEARL FASHIONS L,110860.00,1556.32,,,,
EBGNG,GNG ELECTRONICS LIMITED,204470.00,764.01,,,,
VMART,VMART RETAIL LTD,108304.00,981.49,,,,
ORIENTCEM,ORIENT CEMENT LTD.,2885588.00,7169.10,,,,
METAL,MIRAEAMC - METAL,1800763.00,186.44,,,,
HDFCSML250,HDFCAMC - HDFCSML250,3223616.00,5581.13,,,,
MON100,MOTILAL OS NASDAQ100 ETF,1592885.00,3536.85,,,,
PRICOLLTD,PRICOL LIMITED,429095.00,2067.86,,,,
KIRIINDUS,KIRI INDUSTRIES LIMITED,2667264.00,16324.72,,,,
VIKASECO,VIKAS ECOTECH LIMITED,86868.00,1.90,,,,
HIKAL,HIKAL LIMITED,1272000.00,4145.37,,,,
5PAISA,5PAISA CAPITAL LIMITED,30363.00,136.23,,,,
HDFCMID150,HDFCAMC - HDFCMID150,788294.00,166.13,,,,
MAHLOG,MAHINDRA LOGISTIC LIMITED,408307.00,1472.30,,,,
GROWWPOWER,GROWWAMC - GROWWPOWER,43110.00,4.37,,,,
MINDACORP,MINDA CORPORATION LTD,765615.00,4330.35,,,,
RGL,RENAISSANCE GLOBAL LTD,1053084.00,1379.48,,,,
PVTBANIETF,ICICIPRAMC - ICICIBANKP,1451580.00,396.23,,,,
CEWATER,CONCORD ENVIRO SYSTEMS L,82747.00,467.98,,,,
YATRA,YATRA ONLINE LIMITED,1199996.00,1680.55,,,,
METALIETF,ICICIPRAMC - METALIETF,6933589.00,708.42,,,,
PHARMABEES,NIPPONAMC - NETFPHARMA,8454224.00,1904.99,,,,
MIDCAPETF,MIRAEAMC - MAM150ETF,7597062.00,1632.07,,,,
ACLGATI,ALLCARGO GATI LIMITED,1084976.00,806.02,,,,
INDOSTAR,INDOSTAR CAPITAL FIN LTD,1052428.00,3204.10,,,,
ALIVUS,ALIVUS LIFE SCIENCES LTD,217100.00,2252.23,,,,
SBILIFE,SBI LIFE INSURANCE CO LTD,262088.00,4760.18,,,,
AHLUCONT,AHLUWALIA CONT IND LTD,260821.00,2659.99,,,,
V2RETAIL,V2 RETAIL LIMITED,443100.00,9311.37,,,,
VIPIND,VIP INDUSTRIES LTD,1107950.00,4882.06,,,,
HAPPYFORGE,HAPPY FORGINGS LIMITED,71606.00,688.76,,,,
IGARASHI,IGARASHI MOTORS INDIA LTD,185426.00,1035.14,,,,
KKCL,KEWAL KIRAN CLOTHING LIMI,188719.00,958.42,,,,
IOLCP,IOL CHEM AND PHARMA LTD,6023427.00,6318.30,,,,
NUCLEUS,NUCLEUS SOFTWARE EXPORTS,72567.00,823.62,,,,
NAM-INDIA,NIPPON L I A M LTD,715397.00,5204.49,,,,
SREEL,SREELEATHERS LIMITED,11262.00,28.78,,,,
KRONOX,KRONOX LAB SCIENCES LTD,193417.00,352.03,,,,
REGAAL,REGAAL RESOURCES LIMITED,90308.00,81.69,,,,
GRPLTD,GRP LIMITED,3229.00,78.36,,,,
SUNTV,SUN TV NETWORK LIMITED,530657.00,3239.69,,,,
SURAKSHA,SURAKSHA DIAGNOSTIC LTD,358562.00,1113.55,,,,
HDBFS,HDB FINANCIAL SERVICES L,634542.00,4818.56,,,,
HLVLTD,HOTEL LEELA VENTURE (WAR),854663.00,124.41,,,,
KAMDHENU,KAMDHENU LIMITED,7111631.00,2235.08,,,,
NH,NARAYANA HRUDAYALAYA LTD.,613379.00,11434.24,,,,
BHARTIHEXA,BHARTI HEXACOM LIMITED,113694.00,2036.83,,,,
DPABHUSHAN,D. P. ABHUSHAN LIMITED,10351.00,157.62,,,,
ANUP,THE ANUP ENGINEERING LTD,95690.00,2503.30,,,,
MOM50,MOTILAL OSWAL M50 ETF,23522.00,60.53,,,,
ROLEXRINGS,ROLEX RINGS LIMITED,127013.00,1841.14,,,,
MOSCHIP,MOSCHIP TECHNOLOGIES LTD,2469220.00,6003.96,,,,
TATACONSUM,TATA CONSUMER PRODUCT LTD,572849.00,6274.13,,,,
JAICORPLTD,JAI CORP LIMITED,1571409.00,2716.56,,,,
DYCL,DYNAMIC CABLES LIMITED,207886.00,907.52,,,,
DENORA,DE NORA INDIA LIMITED,11734.00,106.20,,,,
ESABINDIA,ESAB INDIA LTD,10641.00,567.88,,,,
DHUNINV,DHUNSERI INVESTMENTS LTD,1259.00,22.95,,,,
ZFCVINDIA,ZF COM VE CTR SYS IND LTD,10730.00,1442.45,,,,
WINDMACHIN,WINDSOR MACHINES LIMITED,108851.00,367.14,,,,
FUSION,FUSION FINANCE LIMITED,1678003.00,4019.93,,,,
ABREL,ADITYA BIRLA REAL EST LTD,395945.00,7950.97,,,,
WONDERLA,WONDERLA HOLIDAYS LTD.,170397.00,1535.63,,,,
CERA,CERA SANITARYWARE LTD,49280.00,3289.20,,,,
PRECWIRE,PRECISION WIRES INDIA LTD,559047.00,1042.20,,,,
BFINVEST,BF INVESTMENT LIMITED,102506.00,549.58,,,,
MANBA,MANBA FINANCE LIMITED,153226.00,228.84,,,,
HGS,HINDUJA GLOBAL SOLS. LTD.,113385.00,724.96,,,,
GOCLCORP,GOCL CORPORATION LIMITED,358247.00,1383.56,,,,
RAMCOIND,RAMCO INDUSTRIES LIMITED,717634.00,2347.06,,,,
SDBL,SOM DIST & BREW LTD,6492380.00,8713.61,,,,
ZEEMEDIA,ZEE MEDIA CORPORATION LTD,2659757.00,361.01,,,,
GOCOLORS,GO FASHION INDIA LTD,123356.00,970.76,,,,
SPLPETRO,SUPREME PETROCHEM LIMITED,102878.00,853.59,,,,
CONSUMBEES,NIP IND ETF CONSUMPTION,375383.00,504.25,,,,
STALLION,STALLION IND FLUOROCHEM L,168594.00,420.21,,,,
BALAXI,BALAXI PHARMA LTD,93433.00,55.49,,,,
BLAL,BEML LAND ASSETS LIMITED,91960.00,213.61,,,,
AGARWALEYE,DR AGARWALS HEALTH CARE L,124094.00,576.89,,,,
INDOTECH,INDO TECH TRANSFORM LTD.,7261.00,128.12,,,,
NIFMID150,UTIAMC - NIFMID150,27531.00,60.40,,,,
CYBERTECH,CYBERTECH SYSTEMS & SOFTW,30719.00,73.70,,,,
DENTA,DENTA WATER N INFRA SOL L,430391.00,1857.52,,,,
BAJAJHCARE,BAJAJ HEALTHCARE LIMITED,941896.00,4713.54,,,,
RAMCOCEM,THE RAMCO CEMENTS LIMITED,305199.00,3164.29,,,,
NEULANDLAB,NEULAND LAB LTD.,50342.00,6830.23,,,,
LIQUID,MIRAEAMC - LIQUID,3608.00,36.08,,,,
KIRLOSIND,KIRLOSKAR INDUSTRIES LTD,26577.00,1048.73,,,,
TIIL,TECHNOCRAFT IND LTD,28779.00,783.39,,,,
UFLEX,UFLEX LIMITED,189016.00,1071.71,,,,
SUNCLAY,SUNDARAM CLAYTON LIMITED,25204.00,477.21,,,,
GOPAL,GOPAL SNACKS LIMITED,576290.00,2096.53,,,,
TCI,TRANSPORT CORPN OF INDIA,18747.00,216.66,,,,
GICHSGFIN,GIC HOUSING FINANCE LTD,1193372.00,2384.67,,,,
MONTECARLO,MONTE CARLO FASHIONS LTD.,51111.00,359.35,,,,
VIRINCHI,VIRINCHI LIMITED,11387.00,3.57,,,,
LINC,LINC LIMITED,13194.00,25.43,,,,
ELIN,ELIN ELECTRONICS LIMITED,68915.00,150.28,,,,
BPL,BPL LTD,68944.00,57.26,,,,
MANGCHEFER,MANGALORE CHEMICALS & FER,203487.00,646.47,,,,
HDFCBSE500,HDFCAMC - HDFCBSE500,16710.00,6.25,,,,
BSLGOLDETF,ADITYBIRLA SL GOLD ETF-GR,214209.00,212.06,,,,
SARVESHWAR,SARVESHWAR FOODS LIMITED,3663876.00,250.20,,,,
MOGSEC,MOTILALAMC - G5,4671.00,2.92,,,,
SSDL,SARASWATI SAREE DEPOT LTD,11259.00,10.79,,,,
PANAMAPET,PANAMA PETROCHEM LTD,107429.00,362.56,,,,
AAATECH,AAA TECHNOLOGIES LIMITED,8629.00,11.00,,,,
DCMNVL,DCM NOUVELLE LIMITED,3349.00,6.05,,,,
YASHO,YASHO INDUSTRIES LIMITED,10147.00,183.26,,,,
HDFCNIF100,HDFCAMC - HDFCNIF100,32819.00,8.67,,,,
CONTROLPR,CONTROL PRINT LIMITED,54125.00,434.73,,,,
WORTH,WORTH PERIPHERALS LIMITED,18847.00,29.53,,,,
SPECIALITY,SPECIALITY REST LTD,50630.00,75.41,,,,
XCHANGING,XCHANGING SOLUTIONS LTD,350744.00,361.47,,,,
MUFIN,MUFIN GREEN FINANCE LTD,574825.00,516.30,,,,
UTIBANKETF,UTIAMC - UTIBANKETF,50662.00,29.03,,,,
HDFCSENSEX,HDFCAMC - HDFCSENSEX,30584.00,27.93,,,,
GOLD360,360ONEAMC - GOLD360,67935.00,84.76,,,,
SENSEXADD,DSPAMC - DSPSENXETF,1492.00,1.25,,,,
IVC,IL&FS INVESTMENT MANAGERS,237593.00,26.90,,,,
GSEC10YEAR,MIRAEAMC - MAGS813ETF,1104.00,0.32,,,,
AXISCETF,AXISAMC - AXISCETF,15402.00,19.52,,,,
LOWVOL1,KOTAKMAMC - KOTAKLOVOL,5996.00,1.22,,,,
GFLLIMITED,GFL LIMITED,21722.00,15.01,,,,
AXSENSEX,AXISAMC - AXSENSEX,1735.00,1.45,,,,
NCLIND,NCL INDUSTRIES LIMITED,213016.00,465.47,,,,
IDFNIFTYET,BANDHANAMC - IDFNIFTYET,7344.00,20.18,,,,
SOTL,SAVITA OIL TECHNOLO. LTD,101129.00,459.25,,,,
RANEHOLDIN,RANE HOLDINGS LIMITED,16255.00,271.04,,,,
AMNPLST,AMINES & PLASTICIZERS LTD,1858.00,5.73,,,,
MAHESHWARI,MAHESHWARI LOGISTICS LTD.,5745.00,3.57,,,,
COMPUSOFT,COMPUCOM SOFTWARE LTD,35871.00,7.72,,,,
AXISVALUE,AXISAMC - AXISVALUE,7440.00,2.20,,,,
DMCC,DMCC SPECIALITY CHEMICALS,15735.00,51.57,,,,
SBINEQWETF,SBIAMC - SBINEQWETF,4772.00,1.55,,,,
MALLCOM,MALLCOM (INDIA) LIMITED,5197.00,64.53,,,,
RNBDENIMS,R&B DENIMS LIMITED,10.00,0.01,,,,
BANKETF,MIRAEAMC - BANKETF,5794.00,32.77,,,,
LIQUIDIETF,ICICIPRAMC - ICICILIQ,23.00,0.23,,,,
BYKE,THE BYKE HOSPITALITY LTD,10400.00,7.36,,,,
KOHINOOR,KOHINOOR FOODS LIMITED,1042.00,0.45,,,,
RELTD,RAVINDRA ENERGY LIMITED,49062.00,84.41,,,,
GLOSTERLTD,GLOSTER LIMITED,4499.00,29.97,,,,
RACE,RACE ECO CHAIN LIMITED,49110.00,125.19,,,,
SIGMA,SIGMA SOLVE LIMITED,18213.00,10.97,,,,
LIQUIDSHRI,SHRIRAM - LIQUIDSHRI,60.00,0.64,,,,
SAKUMA,SAKUMA EXPORTS LIMITED,15100.00,0.64,,,,
DRCSYSTEMS,DRC SYSTEMS INDIA LIMITED,8247.00,1.71,,,,
TIPSFILMS,TIPS FILMS LIMITED,115.00,0.56,,,,
JAIPURKURT,NANDANI CREATION LIMITED,850.00,0.35,,,,
EXXARO,EXXARO TILES LIMITED,142935.00,11.53,,,,
BELLACASA,BELLA CASA FASH AND RET L,6062.00,23.64,,,,
KOVAI,KOVAI MEDICAL CENTER & HO,50.00,3.15,,,,
FLATPROD,FLATPRODEQUIP-ROLL SETT,17.00,1.02,,,,
ONWARDTEC,ONWARD TECHNOLOGIES LTD,6709.00,21.48,,,,
DIAMINESQ,DIAMINES & CHEMICALS LTD,250.00,1.00,,,,
KAVDEFENCE,KAVVERI DFS & WIR TEC LTD,115.00,0.11,,,,
JMA,JULLUNDUR MOT AGENCY LTD,298.00,0.33,,,,
EQUAL200,MIRAEAMC - EQUAL200,2326.00,0.31,,,,
OILCOUNTUB,OIL COUNTRY TUBULAR LTD,163.00,0.11,,,,
MON50EQUAL,MOTILALAMC - MON50EQUAL,2608.00,0.85,,,,
AERONEU,AEROFLEX NEU LIMITED,0.00,0.00,,,,
MAANALU,MAAN ALUMINIUM LIMITED,0.00,0.00,,,,
ATUL,ATUL LTD,254771.00,14988.09,,,,
BAJAJHIND,BAJAJ HINDUSTHAN SUGAR LT,22798099.00,5796.43,,,,
INDIACEM,THE INDIA CEMENTS LIMITED,647086.00,2319.90,,,,
CDSL,CENTRAL DEPO SER (I) LTD,5819769.00,93169.00,,,,
SHAH,SHAH METACORP LIMITED,233876.00,9.23,,,,
DATAPATTNS,DATA PATTERNS INDIA LTD,491656.00,13711.22,,,,
PARACABLES,PARAMOUNT COMMUNICATIONS,2353700.00,1288.71,,,,
VINCOFE,VINTAGE COFFEE N BVRGS L,1425820.00,2099.57,,,,
JTLIND,JTL INDUSTRIES LIMITED,13984534.00,10921.36,,,,
KHAICHEM,KHAITAN CHEM & FERT LTD,667159.00,827.17,,,,
BANKBARODA,BANK OF BARODA,6181109.00,15233.49,,,,
MAHLIFE,MAHINDRA LIFESPACE DEVLTD,1102829.00,4735.20,,,,
ABFRL,ADITYA BIRLA FASHION & RT,31407662.00,39418.82,,,,
ABCAPITAL,ADITYA BIRLA CAPITAL LTD.,3864593.00,9836.28,,,,
GMRAIRPORT,GMR AIRPORTS LIMITED,20298382.00,17731.41,,,,
IGIL,INTERNATIO GEMM INS (I) L,783074.00,3169.43,,,,
TREL,TRANSINDIA REAL ESTATE L,62108.00,22.52,,,,
SOUTHBANK,THE SOUTH INDIAN BANK LTD,28398820.00,8155.40,,,,
IMAGICAA,IMAGICAAWORLD ENT LTD,2721644.00,1792.65,,,,
VIPCLOTHNG,VIP CLOTHING LIMITED,140997.00,55.23,,,,
MTNL,MAHA TEL NIGAM LTD.,6195040.00,3000.12,,,,
RAMASTEEL,RAMA STEEL TUBES LIMITED,60681423.00,6391.11,,,,
IDEAFORGE,IDEAFORGE TECHNO LTD,1170048.00,6364.74,,,,
MOIL,MOIL LIMITED,2657934.00,10352.03,,,,
RAJOOENG,RAJOO ENGINEERS LIMITED,1331667.00,1406.35,,,,
NECCLTD,NORTH EAST CARRY CORP LTD,10566.00,2.40,,,,
JUSTDIAL,JUSTDIAL LTD.,1002838.00,9207.55,,,,
MOTHERSON,SAMVRDHNA MTHRSN INTL LTD,15466078.00,16378.15,,,,
UTTAMSUGAR,UTTAM SUGAR MILLS LTD.,279861.00,885.53,,,,
GLOBALVECT,GLOBAL VEC HELICORP LTD,2954.00,6.52,,,,
NATCOPHARM,NATCO PHARMA LTD.,2426851.00,23832.18,,,,
PDSL,PDS LIMITED,449291.00,1758.84,,,,
GNFC,GUJ NAR VAL FER & CHEM L,2004724.00,11068.11,,,,
GMMPFAUDLR,GMM PFAUDLER LIMITED,272041.00,3240.03,,,,
MUNJALSHOW,MUNJAL SHOWA LTD,102214.00,153.05,,,,
RANASUG,RANA SUGARS LTD.,222228.00,44.53,,,,
TATAELXSI,TATA ELXSI LIMITED,411087.00,25345.68,,,,
DBREALTY,VALOR ESTATE LIMITED,4191814.00,7705.41,,,,
SHAREINDIA,SHARE IND. SECURITIES LTD,2057939.00,3818.45,,,,
LAXMIINDIA,LAXMI INDIA FINANCE LTD,335865.00,549.18,,,,
GRANULES,GRANULES INDIA LIMITED,4190298.00,21367.57,,,,
CAPACITE,CAPACITE INFRAPROJECT LTD,1746335.00,5924.17,,,,
MOKSH,MOKSH ORNAMENTS LIMITED,722673.00,102.24,,,,
JAMNAAUTO,JAMNA AUTO IND LTD,6184492.00,6639.57,,,,
ANDHRSUGAR,ANDHRA SUGARS LTD.,487591.00,517.49,,,,
IFCI,IFCI LIMITED-DEPO,18671775.00,11229.07,,,,
PARAS,PARAS DEF AND SPCE TECH L,509899.00,3880.68,,,,
NDTV,NDTV LTD,15207.00,19.12,,,,
MAHABANK,BANK OF MAHARASHTRA,36678961.00,20552.72,,,,
MAXHEALTH,MAX HEALTHCARE INS LTD,1039751.00,12133.95,,,,
DELHIVERY,DELHIVERY LIMITED,1858449.00,8206.05,,,,
GRWRHITECH,GARWARE HI-TECH FILMS LTD,152552.00,5517.49,,,,
VINATIORGA,VINATI ORGANICS LTD,58739.00,1054.58,,,,
INDIAGLYCO,INDIA GLYCOLS LTD,1319440.00,10297.54,,,,
PCBL,PCBL CHEMICAL LIMITED,4419870.00,18110.28,,,,
UPL,UPL LIMITED,1272886.00,8763.70,,,,
APLAPOLLO,APL APOLLO TUBES LTD,267845.00,4559.85,,,,
FIEMIND,FIEM INDUSTRIES LIMITED,113982.00,2262.85,,,,
SYMPHONY,SYMPHONY LIMITED,234270.00,2592.85,,,,
GVKPIL,GVK POW. & INFRA LTD.,20000.00,1.93,,,,
POLYPLEX,POLYPLEX CORPORATION LTD,336045.00,3983.83,,,,
GRAPHITE,GRAPHITE INDIA LIMITED,1647871.00,9418.89,,,,
HINDCOPPER,HINDUSTAN COPPER LTD,13294354.00,37280.62,,,,
BANKINDIA,BANK OF INDIA,20358282.00,24128.02,,,,
BHARATWIRE,BHARAT WIRE ROPES LTD.,888791.00,1945.56,,,,
SUNTECK,SUNTECK REALTY LIMITED,1255338.00,5797.65,,,,
FDC,FDC LIMITED,466896.00,2324.60,,,,
KRN,KRN HEAT EXCHANGE N REF L,859286.00,7406.71,,,,
SUYOG,SUYOG TELEMATICS LIMITED,62734.00,503.69,,,,
BFUTILITIE,BF UTILITIES LIMITED,413026.00,3292.65,,,,
BANDHANBNK,BANDHAN BANK LIMITED,14098203.00,24429.99,,,,
PRESTIGE,PRESTIGE ESTATE LTD,602382.00,9564.12,,,,
SHAILY,SHAILY ENG PLASTICS LTD,232262.00,5215.20,,,,
RIIL,RELIANCE INDUSTRIAL INFRA,430207.00,4427.00,,,,
MSTCLTD,MSTC LIMITED,1341307.00,7558.83,,,,
BHEL,BHEL,12283374.00,30253.18,,,,
HEROMOTOCO,HERO MOTOCORP LIMITED,243008.00,12532.99,,,,
GREAVESCOT,GREAVESNPP190799DEPO,5371954.00,11941.18,,,,
VINDHYATEL,VINDHYA TELELINKS LTD.,121427.00,1972.87,,,,
VAISHALI,VAISHALI PHARMA LIMITED,50001.00,6.24,,,,
SJVN,SJVN LTD,24114012.00,25564.13,,,,
BAJAJINDEF,INDEF MANUFACTURING LTD,9454.00,35.78,,,,
CESC,CESC LTD,5510760.00,9328.77,,,,
ANTHEM,ANTHEM BIOSCIENCES LTD,176535.00,1433.31,,,,
MARINE,MARINE ELECTRICAL (I) LTD,60560.00,132.86,,,,
MANAPPURAM,MANAPPURAM FINANCE LTD,3853459.00,10137.13,,,,
MARUTI,MARUTI SUZUKI INDIA LTD.,79161.00,11936.70,,,,
ICICIGI,ICICI LOMBARD GIC LIMITED,108756.00,2124.88,,,,
GOACARBON,GOA CARBON LIMITED,31124.00,164.56,,,,
POONAWALLA,SEC RED NCD 10.25% SR. I,3911281.00,18118.97,,,,
PIIND,PI INDUSTRIES LTD,159419.00,6074.87,,,,
NTPCGREEN,NTPC GREEN ENERGY LIMITED,17867039.00,18914.52,,,,
LAURUSLABS,LAURUS LABS LIMITED,5129221.00,39167.06,,,,
SANOFI,SANOFI INDIA LIMITED,41274.00,2194.49,,,,
UNITDSPR,UNITED SPIRITS LIMITED,1319227.00,18382.83,,,,
HAVELLS,HAVELLS INDIA LIMITED,840541.00,13267.87,,,,
RELIGARE,RELIGARE ENTER. LTD.,6620421.00,17299.53,,,,
GUFICBIO,GUFIC BIOSCIENCES LTD.,150832.00,549.37,,,,
JISLJALEQS,JAIN IRRIGATION SYSTEMS,16280175.00,9534.38,,,,
AARTIPHARM,AARTI PHARMALABS LIMITED,344024.00,2935.89,,,,
RADICO,RADICO KHAITAN LTD,211575.00,5929.10,,,,
AFFLE,AFFLE 3I LIMITED,208305.00,4045.06,,,,
GODREJAGRO,GODREJ AGROVET LIMITED,818297.00,6194.12,,,,
TATAINVEST,TATA INVESTMENT CORP LTD,253948.00,24197.69,,,,
SUNDRMFAST,SUNDRAM FASTENERS LTD,104454.00,1101.31,,,,
ABSLAMC,ADIT BIRL SUN LIF AMC LTD,454069.00,3776.45,,,,
CAMPUS,CAMPUS ACTIVEWEAR LIMITED,1104729.00,3175.97,,,,
MRF,MRF LTD,3023.00,3958.18,,,,
GRINDWELL,GRINDWELL NORTON LIMITED,63232.00,1136.55,,,,
TORNTPHARM,TORRENT PHARMA LTD.,51952.00,1855.88,,,,
LAXMIDENTL,LAXMI DENTAL LIMITED,265559.00,970.13,,,,
PNCINFRA,PNC INFRATECH LTD.,1642438.00,5341.43,,,,
SAMHI,SAMHI HOTELS LIMITED,3379468.00,6784.87,,,,
MONQ50,MOTILALAMC - MONQ50,653201.00,602.03,,,,
MBEL,M AND B ENGINEERING LTD,230885.00,941.34,,,,
INDIASHLTR,INDIA SHELTER FIN CORP L,409956.00,3398.70,,,,
MASTEK,MASTEK DEPO SETT,303767.00,7582.81,,,,
EMUDHRA,EMUDHRA LIMITED,162295.00,1187.58,,,,
OPTIEMUS,OPTIEMUS INFRACOM LTD,565936.00,3418.84,,,,
KPRMILL,KPR MILL LTD.,292131.00,3286.33,,,,
IT,KOTAKMAMC - KOTAKIT,380130.00,148.69,,,,
SBIETFIT,SBIAMC - SBIETFIT,15537.00,62.18,,,,
ABLBL,ADITYA BIRLA LIFES BRAN L,7546540.00,11314.49,,,,
GENESYS,GENESYS INTL CORPN LTD,526553.00,3477.59,,,,
ESAFSFB,ESAF SMALL FINANCE BANK L,1621262.00,573.49,,,,
MONIFTY500,MOTILALAMC - MONIFTY500,671067.00,158.53,,,,
AMBUJACEM,AMBUJA CEMENTS LTD,2225603.00,12977.30,,,,
HEXT,HEXAWARE TECHNOLOGIES LTD,476157.00,3556.72,,,,
GMBREW,G M BREWERIES LTD,137727.00,1166.19,,,,
MARKSANS,MARKSANS PHARMA LIMITED,4085510.00,8341.83,,,,
GREENPOWER,ORIENT GREEN POWER CO LTD,4354041.00,620.69,,,,
LUXIND,LUX INDUSTRIES LIMITED,168982.00,2635.04,,,,
FLAIR,FLAIR WRITING INDUST LTD,232413.00,768.84,,,,
POKARNA,POKARNA LIMITED,189645.00,1738.87,,,,
NIF100IETF,ICICI PRUD NIFTY 100 ETF,392743.00,112.54,,,,
EMSLIMITED,EMS LIMITED,1185020.00,7448.78,,,,
GOLD1,KOTAK GOLD ETF,1216989.00,1164.71,,,,
INDIAMART,INDIAMART INTERMESH LTD,124877.00,3132.38,,,,
HARSHA,HARSHA ENGINEERS INT LTD,1070842.00,4816.47,,,,
TRAVELFOOD,TRAVEL FOOD SERVICES LTD,46596.00,610.51,,,,
KPEL,K.P. ENERGY LIMITED,504811.00,2242.20,,,,
GOLDETF,MIRAEAMC - MAGOLDETF,589930.00,651.07,,,,
AAVAS,AAVAS FINANCIERS LIMITED,261770.00,4668.59,,,,
SHARIABEES,NIP IND ETF SHARIAH BEES,9912.00,49.64,,,,
JUNIORBEES,NIP IND ETF JUNIOR BEES,382992.00,2783.31,,,,
SIYSIL,SIYARAM SILK MILLS LTD,194782.00,1496.41,,,,
MID150,KOTAKMAMC - MID150,5224.00,1.15,,,,
ASIANENE,ASIAN ENERGY SERVICES LTD,542928.00,1859.66,,,,
SBCL,SHIVALIK BIMETAL CON. LTD,146276.00,797.05,,,,
HCG,HEALTHCARE GLOB. ENT. LTD,346930.00,2143.81,,,,
FAIRCHEMOR,FAIRCHEM ORGANICS LIMITED,31860.00,311.58,,,,
CARYSIL,CARYSIL LIMITED,256501.00,2269.09,,,,
RELAXO,RELAXO FOOT LTD.,706949.00,3445.79,,,,
METROBRAND,METRO BRANDS LIMITED,51557.00,639.77,,,,
RPGLIFE,RPG LIFE SCIENCES LIMITED,22827.00,556.92,,,,
NEOGEN,NEOGEN CHEMICALS LIMITED,149864.00,2381.33,,,,
INOXINDIA,INOX INDIA LIMITED,138588.00,1690.56,,,,
CREATIVE,CREATIVE PERI & DIST LTD.,372333.00,2554.69,,,,
MAZDA,MAZDA LIMITED,37405.00,110.10,,,,
SWARAJENG,SWARAJ ENGINES LTD,40333.00,1697.05,,,,
PATANJALI,PATANJALI FOODS LIMITED,3200247.00,19508.76,,,,
NAVKARCORP,NAVKAR CORPORATION LTD.,1719155.00,2147.09,,,,
CHOLAHLDNG,CHOLAMANDALAM FIN HOL LTD,96547.00,1872.87,,,,
SUNDARMHLD,SUNDARAM FINANCE HOLD LTD,335314.00,1741.39,,,,
CONSUMER,MIRAEAMC - CONSUMER,187850.00,22.76,,,,
KSOLVES,KSOLVES INDIA LIMITED,33956.00,117.56,,,,
GOLDSHARE,UTI GOLD ETF,1180367.00,958.54,,,,
TBOTEK,TBO TEK LIMITED,82872.00,1287.80,,,,
SAFARI,SAFARI IND (INDIA) LTD,35662.00,763.46,,,,
DEEDEV,DEE DEVELOPMENT ENG LTD,171396.00,503.71,,,,
INDORAMA,INDO RAMA SYNTHETICS LTD,134967.00,75.45,,,,
SANGHIIND,SANGHI INDUSTRIES LTD,982093.00,718.46,,,,
DPSCLTD,DPSC LIMITED,60406.00,10.34,,,,
CHEMCON,CHEMCON SPECIAL CHEM LTD,252143.00,674.08,,,,
IKIO,IKIO TECHNOLOGIES LIMITED,370483.00,879.64,,,,
SURANASOL,SURANA SOLAR LIMITED,2692.00,0.96,,,,
STARCEMENT,STAR CEMENT LIMITED,629654.00,1713.55,,,,
TOP15IETF,ICICIPRAMC - TOP15IETF,5843.00,0.61,,,,
SWELECTES,SWELECT ENERGY SYS LTD,41292.00,357.87,,,,
INOXGREEN,INOX GREEN ENERGY SER LTD,2922802.00,5937.88,,,,
ALANKIT,ALANKIT LIMITED,264751.00,37.73,,,,
DHAMPURSUG,DHAMPUR SUGAR MILLS LTD.,892399.00,1374.83,,,,
RBZJEWEL,RBZ JEWELLERS LIMITED,50388.00,71.98,,,,
MAHEPC,MAHINDRA EPC IRRIG LTD,65541.00,107.54,,,,
APEX,APEX FROZEN FOODS LIMITED,151119.00,367.12,,,,
SANSERA,SANSERA ENGINEERING LTD,240364.00,3185.93,,,,
CRISIL,CRISIL LTD,85022.00,4412.74,,,,
HONAUT,HONEYWELL AUTO INDIA LTD.,9959.00,3937.21,,,,
VENKEYS,VENKY S (INDIA) LIMITED,155256.00,2502.09,,,,
VSTTILLERS,VST TILLERS TRACTORS LTD,40256.00,2056.56,,,,
BODALCHEM,BODAL CHEMICALS LTD,752150.00,550.47,,,,
PROSTARM,PROSTARM INFO SYSTEMS LTD,654358.00,1414.19,,,,
MUTHOOTCAP,MUTHOOT CAP SERV LTD,17164.00,53.42,,,,
FILATFASH,FILATEX FASHIONS LIMITED,887289.00,5.33,,,,
EMAMIPAP,EMAMI PAPER MILLS LIMITED,184165.00,203.42,,,,
SHILPAMED,SHILPA MEDICARE LTD,89787.00,359.55,,,,
ONMOBILE,ONMOBILE GLOBAL LTD.,1417132.00,920.28,,,,
20MICRONS,20 MICRONS LTD,203182.00,503.15,,,,
NEXT50,MIRAEAMC - MANXT50,10895.00,75.72,,,,
DIFFNKG,DIFFUSION ENGINEERS LTD,154423.00,572.54,,,,
NV20,KOTAKMAMC - KTKNV20ETF,5641.00,8.62,,,,
RUBFILA,RUBFILA INTERNATIONAL LTD,10670.00,8.95,,,,
GANDHITUBE,GANDHI SPECIAL TUBES LIMI,28146.00,257.54,,,,
INTLCONV,INTL CONVEYORS LIMITED,348397.00,356.07,,,,
QNIFTY,QUANTUM NIFTY 50 ETF,1153.00,31.27,,,,
INDNIPPON,INDIA NIPPON ELECT LTD,83780.00,779.95,,,,
HDFCPSUBK,HDFCAMC HDFCPSUBK,21300.00,15.64,,,,
UNIONGOLD,UNIONAMC - UNIONGOLD,3825.00,4.63,,,,
SILVERADD,DSPAMC - DSPSILVETF,271436.00,385.82,,,,
DECCANCE,DECCAN CEMENTS LIMITED,205267.00,2039.28,,,,
PVSL,POPULAR VEHICLES N SER L,114136.00,162.18,,,,
DVL,DHUNSERI VENTURES LIMITED,21274.00,83.83,,,,
ABGSEC,BIRLASLAMC - ABGSEC,1.00,0.00,,,,
GROWWLIQID,GROWWAMC - GROWWLIQID,1205.00,1.27,,,,
FAZE3Q,FAZE THREE LIMITED,35885.00,193.37,,,,
RAJSREESUG,RAJSHREE SUGAR & CHEMICAL,2631.00,1.24,,,,
AFSL,ABANS FINANCIAL SRVCS LTD,28131.00,68.78,,,,
SUPREME,SUPREME HOLDIN N HOSP I L,35090.00,30.25,,,,
INDOCO,INDOCO REMEDIES LTD.,119393.00,366.89,,,,
EXCELINDUS,EXCEL INDUSTRIES LIMITED,26724.00,335.66,,,,
GULFPETRO,GP PETROLEUMS LIMITED,56556.00,25.59,,,,
UTISENSETF,UTIAMC-UTISENSETF,1291.00,11.62,,,,
ELECTHERM,ELECTROTHERM (INDIA) LTD,7063.00,74.03,,,,
HDFCLOWVOL,HDFCAMC - HDFCLOWVOL,26271.00,5.48,,,,
YUKEN,YUKEN INDIA LIMITED,6560.00,70.96,,,,
GSEC10IETF,ICICIPRAMC - ICICI10GS,229.00,0.59,,,,
ALKALI,ALKALI METALS LTD,1540.00,1.53,,,,
SILVERTUC,SILVER TOUCH TECHNO LTD,4795.00,35.07,,,,
KCPSUGIND,KCP SUG & IND CORP LTD.,7103.00,2.55,,,,
TAINWALCHM,TAINWALA CHEMICAL AND PLA,1420.00,3.53,,,,
SDL26BEES,RELCAPAMC-NETFSDL26,2284.00,3.05,,,,
SCPL,SHEETAL COOL PRODUCTS LTD,4185.00,13.65,,,,
ECAPINSURE,EDELAMC - ECAPINSURE,484502.00,113.90,,,,
GILT5YBEES,RELCAPAMC - NETFGILT5Y,10999.00,6.91,,,,
HDFCVALUE,HDFCAMC - HDFCVALUE,525.00,0.70,,,,
ALPA,ALPA LABORATORIES LTD,2698.00,2.97,,,,
STARPAPER,STAR PAPER MILLS LTD,943.00,1.76,,,,
UYFINCORP,U. Y. FINCORP LIMITED,48061.00,8.85,,,,
RPPINFRA,R.P.P INFRA PROJECTS LTD,70319.00,102.51,,,,
BLUSPRING,BLUSPRING ENTERPRISES LTD,259053.00,218.71,,,,
NIFTY100EW,KOTAKMAMC - NIFTY100EW,3457.00,1.17,,,,
ASIANTILES,ASIAN GRANITO IND. LTD.,100216.00,57.79,,,,
NIFTY50ADD,DSPAMC - DSPN50ETF,17674.00,45.60,,,,
EBBETF0431,EDELAMC - EBBETF0431,479.00,6.57,,,,
TRANSWORLD,TRANSWORLD SHIP LINES LTD,72216.00,229.58,,,,
NIRAJ,NIRAJ CEMENT STRUC LTD,1836.00,0.68,,,,
WALCHANNAG,WALCHANDNAGAR IND. LTD,60028.00,132.75,,,,
PARSVNATH,PARSVNATH DEVELOPER LTD,3318.00,0.76,,,,
KINGFA,KINGFA SCI & TEC IND LTD.,321.00,13.82,,,,
BLSE,BLS E-SERVICES LIMITED,55677.00,108.06,,,,
OMAXAUTO,OMAX AUTOS LTD,2.00,0.00,,,,
DCM,DCM  LTD,4963.00,6.57,,,,
JSWHL,JSW HOLDINGS LIMITED,729.00,125.82,,,,
GOYALALUM,GOYAL ALUMINIUMS LIMITED,1560.00,0.13,,,,
UMIYA-MRO,UMIYA BUILDCON LIMITED,690.00,0.72,,,,
HINDMOTORS,HINDUSTAN MOTORS LIMITED,40483.00,8.69,,,,
GRAUWEIL,GRAUER & WEIL IND LTD,2600.00,2.38,,,,
BGRENERGY,BGR ENERGY SYSTEMS LTD,1.00,0.00,,,,
LGHL,LAXMI GOLDORNA HOUSE LTD,57.00,0.37,,,,
SHREYANIND,SHREYANS INDUSTRIES LTD,400.00,1.19,,,,
THOMASCOTT,THOMAS SCOTT (INDIA) LTD,2000.00,6.60,,,,
AJOONI,AJOONI BIOTECH LIMITED,7000.00,0.40,,,,
SNOWMAN,SNOWMAN LOGISTICS LTD.,1223405.00,785.79,,,,
GAEL,GUJARAT AMB. EXP LTD.,1817334.00,2281.34,,,,
RAILTEL,RAILTEL CORP OF IND LTD,6846231.00,28379.93,,,,
CHENNPETRO,CHENNAI PETROLEUM CORP LT,1787261.00,13439.16,,,,
ETERNAL,ETERNAL LIMITED,9149950.00,25661.18,,,,
SCHNEIDER,SCHNEIDER ELECTRIC INFRA,77798.00,656.93,,,,
FISCHER,FISCHER MEDICAL VENTURE L,124817.00,133.73,,,,
DIACABS,DIAMOND POWER INFRA LTD,3477376.00,5242.49,,,,
EMBDL,EMBASSY DEVELOPMENTS LTD,39035924.00,45368.96,,,,
AURIONPRO,AURIONPRO SOLUTIONS LIMIT,419801.00,5384.31,,,,
KIRLOSENG,KIRLOSKAR OIL ENG LTD,423483.00,3941.50,,,,
UDS,UPDATER SERVICES LIMITED,880414.00,2576.59,,,,
ASALCBR,ASSO ALCOHOLS & BREW LTD,110459.00,1088.68,,,,
SAGILITY,SAGILITY LIMITED,27103783.00,12047.77,,,,
NIBE,NIBE LIMITED,12357.00,190.43,,,,
OLAELEC,OLA ELECTRIC MOBILITY LTD,8234369.00,4976.88,,,,
BBTC,BOMBAY BURMAH TRADING COR,266897.00,5164.64,,,,
HEMIPROP,HEMISPHERE PROP IND LTD,3037887.00,4827.62,,,,
NATIONALUM,NATIONAL ALUMINIUM CO LTD,8974170.00,18106.33,,,,
IOC,INDIAN OIL CORP LTD,16289942.00,24183.78,,,,
JINDALSAW,JINDAL SAW LIMITED,8977172.00,20475.32,,,,
OFSS,ORACLE FIN SERV SOFT LTD.,145777.00,13391.47,,,,
HUDCO,HSG & URBAN DEV CORPN LTD,12586339.00,30432.29,,,,
APTECHT,APTECH LIMITED,96374.00,138.52,,,,
IOB,INDIAN OVERSEAS BANK,29110336.00,12471.96,,,,
EXIDEIND,EXIDE INDUSTRIES LTD,5764788.00,25268.07,,,,
GRAVITA,GRAVITA INDIA LIMITED,831416.00,14933.56,,,,
STARHEALTH,STAR HEALTH & AL INS CO L,1057983.00,4963.75,,,,
CMSINFO,CMS INFO SYSTEMS LIMITED,717255.00,3015.82,,,,
TVTODAY,TV TODAY NETWORK LTD,268996.00,508.51,,,,
PPLPHARMA,PIRAMAL PHARMA LIMITED,9180374.00,19066.37,,,,
DELTACORP,DELTA CORP LIMITED,9188320.00,8868.95,,,,
FIBERWEB,FIBERWEB INDIA LIMITED,5672.00,2.73,,,,
AVADHSUGAR,AVADH SUG & ENERGY LTD,239749.00,1240.46,,,,
ORIENTCER,ORIENT CERATECH LIMITED,59380.00,23.46,,,,
MIRZAINT,MIRZA INTERNATIONAL LIMIT,180328.00,74.83,,,,
SRHHYPOLTD,SREE RAYALSEEMA HHP LTD.,52111.00,341.01,,,,
MCLEODRUSS,MCLEOD RUSSEL INDIA LTD.,123329.00,47.15,,,,
GSFC,GUJ STATE FERT & CHEM LTD,7122933.00,14908.74,,,,
RBA,RESTAURANT BRAND ASIA LTD,6356993.00,5263.41,,,,
DEEPAKNTR,DEEPAK NITRITE LTD,640041.00,12833.30,,,,
ASHOKA,ASHOKA BUILDCON LTD,4815618.00,10136.97,,,,
AARTIIND,AARTI INDUSTRIES LTD,3914421.00,17274.91,,,,
RCF,RASHTRIYA CHEM FERT LTD.,9958387.00,16301.42,,,,
GMRP&UI,GMR POW AND URBAN INFRA L,12271465.00,14269.06,,,,
DDEVPLSTIK,DDEV PLASTIKS IND LTD,198494.00,637.25,,,,
UNICHEMLAB,UNICHEM LABORATORIES LTD.,87830.00,530.95,,,,
BECTORFOOD,MRS BECTORS FOOD SPE LTD,226017.00,3212.02,,,,
EFCIL,EFC (I) LIMITED,196728.00,620.82,,,,
TRACXN,TRACXN TECHNOLOGIES LTD,278536.00,187.40,,,,
IRMENERGY,IRM ENERGY LIMITED,276861.00,1017.68,,,,
TTML,TATA TELESERV(MAHARASTRA),412319.00,272.10,,,,
LT,LARSEN & TOUBRO LTD.,955569.00,33486.95,,,,
SUMICHEM,SUMITOMO CHEM INDIA LTD,595304.00,3377.67,,,,
DIVISLAB,DIVI'S LABORATORIES LTD,241201.00,15094.55,,,,
ADANIGREEN,ADANI GREEN ENERGY LTD,2582619.00,27464.83,,,,
RKFORGE,RAMKRISHNA FORGINGS LTD,2526723.00,15963.98,,,,
SENCO,SENCO GOLD LIMITED,1161367.00,4378.92,,,,
ICICIPRULI,ICICI PRU LIFE INS CO LTD,1036946.00,6524.13,,,,
ANGELONE,ANGEL ONE LIMITED,1278560.00,33055.38,,,,
MCX,MULTI COMMODITY EXCHANGE,266937.00,21514.95,,,,
WSTCSTPAPR,WEST COAST PAPER MILLS LT,355899.00,1938.48,,,,
CANFINHOME,CAN FIN HOMES LTD,624964.00,4886.89,,,,
TVSMOTOR,TVS MOTOR COMPANY  LTD,211228.00,7067.78,,,,
WOCKPHARMA,WOCKHARDT LIMITED,1917984.00,29180.63,,,,
LICI,LIFE INSURA CORP OF INDIA,3461529.00,31548.18,,,,
KPIGREEN,KPI GREEN ENERGY LIMITED,1994945.00,9670.19,,,,
BERGEPAINT,BERGER PAINTS (I) LTD,340007.00,1889.36,,,,
MSUMI,MOTHERSON SUMI WRNG IND L,10628689.00,4844.11,,,,
DIGITIDE,DIGITIDE SOLUTIONS LTD,483351.00,1030.70,,,,
KFINTECH,KFIN TECHNOLOGIES LIMITED,2111535.00,24970.36,,,,
FINCABLES,FINOLEX CABLES LTD,1036282.00,9888.41,,,,
SMCGLOBAL,SMC GLOBAL SECURITIES LTD,1117494.00,1631.68,,,,
GULPOLY,GULSHAN POLYOLS LIMITED,288656.00,511.16,,,,
IMFA,INDIAN METALS & FERRO,244278.00,2140.22,,,,
ARIHANTCAP,ARIHANT CAPITAL MKTS LTD,277304.00,293.62,,,,
TVSSCS,TVS SUPPLY CHAIN SOL L,3025369.00,4323.36,,,,
SILVERETF,UTIAMC - SILVERETF,1105836.00,1605.84,,,,
RECLTD,BOND 8.01% TAX FREE S1A,17393511.00,71456.42,,,,
BPCL,BHARAT PETROLEUM CORP  LT,2304320.00,7575.49,,,,
SHREDIGCEM,SHREE DIGVIJAY CEM CO LTD,727215.00,684.74,,,,
HEG,HEG LTD,1642532.00,8651.80,,,,
TEGA,TEGA INDUSTRIES LIMITED,1791399.00,35743.93,,,,
AKUMS,AKUMS DRUGS AND PHARMA L,458989.00,2371.38,,,,
CARBORUNIV,CARBORUNDUM UNIVERSAL LTD,366390.00,3647.07,,,,
MAPMYINDIA,C.E. INFO SYSTEMS LIMITED,201680.00,3742.35,,,,
KITEX,KITEX GARMENTS LTD,210292.00,423.09,,,,
APOLLOTYRE,APOLLOTYRE NPP270999DEPO,1137438.00,5513.92,,,,
DIXON,DIXON TECHNO (INDIA) LTD,170791.00,28249.58,,,,
BHARATFORG,BHARAT FORGE LTD,1232801.00,15764.62,,,,
GODREJIND,GODREJ INDUSTRIES LTD,210580.00,2456.66,,,,
FLUOROCHEM,GUJARAT FLUOROCHEM LTD,608524.00,22529.40,,,,
M&MFIN,M&M FIN. SERVICES LTD,2558272.00,7182.89,,,,
AIAENG,AIA ENGINEERING LIMITED,77406.00,2573.79,,,,
SYNGENE,SYNGENE INTERNATIONAL LTD,701137.00,4820.87,,,,
ABDL,ALLIED BLEND N DISTILS L,894879.00,4354.31,,,,
VARROC,VARROC ENGINEERING LTD.,395239.00,2356.89,,,,
GOKEX,GOKALDAS EXPORTS LTD.,930529.00,7530.83,,,,
SKFINDIA,SKF INDIA LTD,59083.00,2792.30,,,,
ACUTAAS,ACUTAAS CHEMICALS LIMITED,266764.00,3469.50,,,,
YATHARTH,YATHARTH HOSP & TRA C S L,837229.00,5894.77,,,,
NOCIL,NOCIL LIMITED,2539783.00,5375.60,,,,
NIACL,THE NEW INDIA ASSU CO LTD,3340549.00,7130.67,,,,
AZAD,AZAD ENGINEERING LIMITED,562096.00,9476.85,,,,
ABBOTINDIA,ABBOTT INDIA LIMITED,11766.00,3698.26,,,,
ARVSMART,ARVIND SMARTSPACES LTD,169532.00,1129.43,,,,
QPOWER,QUALITY POWER ELEC EQUP L,770146.00,6182.04,,,,
BANCOINDIA,BANCO PRODUCTS (I) LTD,457373.00,3419.46,,,,
MODEFENCE,MOTILALAMC - MODEFENCE,5982111.00,5347.71,,,,
FCL,FINEOTEX CHEMICAL LIMITED,1397686.00,3681.90,,,,
MANORAMA,MANORAMA INDUSTRIES LTD,275982.00,4012.94,,,,
KALAMANDIR,SAI SILKS (KALAMANDIR) L,2734609.00,4808.84,,,,
MOM100,MOTILAL OS MIDCAP100 ETF,1251320.00,778.41,,,,
EMULTIMQ,EDELAMC - EMULTIMQ,45265.00,19.33,,,,
SILVERCASE,ZERODHAAMC - SILVERCASE,1933761.00,290.87,,,,
ETHOSLTD,ETHOS LIMITED,30209.00,808.72,,,,
NSLNISP,NMDC STEEL LIMITED,21097018.00,9549.97,,,,
CENTURYPLY,CENTURY PLYBOARDS (I) LTD,105991.00,882.19,,,,
BAJAJCON,BAJAJ CONSUMER CARE LTD,1701412.00,4040.45,,,,
ADVENZYMES,ADVANCED ENZYME TECH LTD,680237.00,2406.85,,,,
GROWWNIFTY,GROWWAMC - GROWWNIFTY,5.00,0.00,,,,
AKZOINDIA,AKZO NOBEL INDIA LIMITED,29247.00,1043.78,,,,
HDFCSILVER,HDFCAMC - HDFCSILVER,2038144.00,2796.50,,,,
ESILVER,EDELAMC - ESILVER,49570.00,65.56,,,,
MEDIASSIST,MEDI ASSIST HEALTH SER L,198431.00,1060.42,,,,
FORTIS,FORTIS HEALTHCARE LTD,419878.00,3438.24,,,,
SUKHJITS,SUKHJIT STARCH & CHEM LTD,1734.00,3.55,,,,
ICRA,ICRA LIMITED,3821.00,252.92,,,,
SEQUENT,SEQUENT SCIENTIFIC LTD.,1367524.00,2691.94,,,,
OILIETF,ICICIPRAMC - OILIETF,4461591.00,514.48,,,,
KMEW,KNOWLEDGE MARINE & EN W L,37285.00,789.18,,,,
SFL,SHEELA FOAM LIMITED,372957.00,2721.78,,,,
EMCURE,EMCURE PHARMACEUTICALS L,80888.00,1119.05,,,,
NAVNETEDUL,NAVNEET EDUCATION LTD,704587.00,1099.07,,,,
GANDHAR,GANDHAR OIL REFINE IND L,729840.00,1257.23,,,,
WELENT,WELSPUN ENTERPRISES LTD.,997769.00,5105.42,,,,
SIMPLEXINF,SIMPLEX INFRASTRUCTURES L,166839.00,497.86,,,,
MID150BEES,NIP IND ETF MIDCAP 150,840340.00,1844.23,,,,
SENSEXIETF,ICICI PRUD SENSEX ETF,8895.00,82.79,,,,
ZOTA,ZOTA HEALTH CARE LIMITED,108039.00,1337.28,,,,
GLAND,GLAND PHARMA LIMITED,174547.00,3441.44,,,,
HERITGFOOD,HERITAGE FOODS LTD,1164719.00,5819.33,,,,
ANDHRAPAP,ANDHRA PAPER LIMITED,591942.00,498.37,,,,
GUJALKALI,GUJRAT AL & CHEMICALS LTD,362125.00,2335.65,,,,
JINDALPOLY,JINDAL POLY FILMS LIMITED,209165.00,1323.47,,,,
MICEL,MIC ELECTRONICS LTD,1773680.00,1199.62,,,,
STOVEKRAFT,STOVE KRAFT LIMITED,206238.00,1393.06,,,,
SPECTRUM,SPECTRUM ELECTRIC IND LTD,344.00,5.20,,,,
PSPPROJECT,PSP PROJECTS LIMITED,490894.00,3672.81,,,,
TECHNOE,TECHNO ELEC & ENG CO. LTD,598802.00,8518.73,,,,
BLUEDART,BLUE DART EXPRESS LTD.,76101.00,4683.83,,,,
DHANBANK,DHANLAXMI BANK LIMITED,530457.00,146.32,,,,
FINEORG,FINE ORGANIC IND. LTD.,29063.00,1414.62,,,,
ICICIB22,ICICIPRAMC - BHARATIWIN,497830.00,551.54,,,,
FEDFINA,FEDBANK FINANCIAL SER L,2960697.00,4151.67,,,,
IIFLCAPS,IIFL CAPITAL SERVICES LTD,1327177.00,4130.01,,,,
USHAMART,USHA MARTIN LTD.,2281658.00,9108.07,,,,
GOKULAGRO,GOKUL AGRO RESOURCES LTD,212911.00,779.00,,,,
MOLDTECH,MOLD-TEK TECHNOLOGIES LTD,43462.00,89.59,,,,
PPL,PRAKASH PIPES LIMITED,279485.00,1010.49,,,,
HLEGLAS,HLE GLASCOAT LIMITED,331498.00,1696.12,,,,
KEI,KEI INDUSTRIES LTD.,94348.00,3637.30,,,,
APCOTEXIND,APCOTEX INDUSTRIES LIMITE,33549.00,141.07,,,,
CCL,CCL PRODUCTS (I) LTD,148220.00,1245.72,,,,
BORORENEW,BOROSIL RENEWABLES LTD,1417471.00,8375.24,,,,
KOKUYOCMLN,KOKUYO CAMLIN LIMITED,164030.00,204.46,,,,
IVZINGOLD,INVESCO INDIA GOLD ETF,432.00,45.79,,,,
VIKRAMSOLR,VIKRAM SOLAR LIMITED,126013.00,411.71,,,,
MAXESTATES,MAX ESTATES LIMITED,334783.00,1656.54,,,,
INDIGOPNTS,INDIGO PAINTS LIMITED,127645.00,1504.76,,,,
DODLA,DODLA DAIRY LIMITED,54771.00,761.22,,,,
BARBEQUE,BARBEQUE NATION HOSP. LTD,377302.00,1068.70,,,,
CAPLIPOINT,CAPLIN POINT LAB LTD.,121851.00,2598.92,,,,
GRINFRA,G R INFRAPROJECTS LIMITED,70345.00,939.36,,,,
SANDHAR,SANDHAR TECHNOLOGIES LTD,370899.00,1775.49,,,,
STYLAMIND,STYLAM INDUSTRIES LIMITED,57176.00,1083.61,,,,
ACCELYA,ACCELYA KALE SOLUTION LTD,304174.00,4404.28,,,,
JAGSNPHARM,JAGSONPAL PHARMACEUTICALS,146790.00,364.40,,,,
ABSLNN50ET,BIRLASLAMC - ABSLNN50ET,172717.00,131.24,,,,
BSE500IETF,ICICIPRAMC - ICICI500,547892.00,214.74,,,,
BBL,BHARAT BIJLEE LTD,98681.00,2904.13,,,,
CONSUMIETF,ICICIPRAMC - ICICICONSU,64535.00,79.35,,,,
NITCO,NITCO LIMITED,532631.00,719.62,,,,
BATAINDIA,BATA INDIA LTD,316456.00,4015.40,,,,
WCIL,WESTERN CARRIERS (IND) L,1128473.00,1482.11,,,,
DBCORP,D.B.CORP LTD,136883.00,370.34,,,,
RUBYMILLS,THE RUBY MILLS LTD,7043.00,17.27,,,,
KABRAEXTRU,KABRA EXTRUSION TECHNIK L,14351.00,39.05,,,,
VAKRANGEE,VAKRANGEE LIMITED,385123.00,36.44,,,,
HUBTOWN,ACKRUTI CITY LIMITED,3158241.00,9318.08,,,,
BBOX,BLACK BOX LIMITED,91650.00,515.95,,,,
TEXMOPIPES,TEXMO PIPE & PRODUCTS LTD,18375.00,11.54,,,,
INDOTHAI,INDO THAI SEC LTD,76964.00,249.28,,,,
LUMAXIND,LUMAX INDUSTRIES LTD,11083.00,513.22,,,,
BOROLTD,BOROSIL LIMITED,364677.00,1355.53,,,,
STYRENIX,STYRENIX PERFORMANCE LTD,112300.00,3034.42,,,,
EUREKAFORB,EUREKA FORBES LIMITED,95323.00,548.97,,,,
LIQUIDBEES,NIP IND ETF LIQUID BEES,59503.00,595.10,,,,
ARISINFRA,ARISINFRA SOLUTIONS LTD,542129.00,852.42,,,,
VISHNU,VISHNU CHEMICALS LIMITED,552522.00,2731.09,,,,
CHEVIOT,CHEVIOT COMPANY LIMITED,2748.00,35.32,,,,
HERCULES,HERCULES HOISTS LIMITED,18478.00,38.89,,,,
KANORICHEM,KANORIA CHEMICALS & INDUS,11339.00,14.96,,,,
BANKIETF,ICICIPRAMC - IPRU5008,347916.00,196.95,,,,
SASTASUNDR,SASTASUNDAR VENTURES LTD,21149.00,62.99,,,,
SPAL,S. P. APPARELS LIMITED,63458.00,484.29,,,,
SRM,SRM CONTRACTORS LIMITED,76889.00,421.07,,,,
VADILALIND,VADILAL INDUSTRIES LTD,16061.00,883.22,,,,
RATNAVEER,RATNAVEER PRECISION ENG L,379745.00,591.25,,,,
SILVER1,KOTAKMAMC - KOTAKSILVE,577890.00,778.80,,,,
BANKNIFTY1,KOTAKMAMC-KOTAKBKETF,15689.00,87.58,,,,
SHREEPUSHK,SHRE PUSH CHEM & FERT LTD,114434.00,463.21,,,,
NV20BEES,NIP IND ETF ETF NV20,19871.00,29.55,,,,
MOHEALTH,MOTILALAMC - MOHEALTH,29306.00,13.13,,,,
HDFCQUAL,HDFCAMC - HDFCQUAL,26517.00,15.37,,,,
SUPERHOUSE,SUPERHOUSE LIMITED,2761.00,5.12,,,,
ABSLBANETF,BIRLASLAMC - ABSLBANETF,17329.00,9.68,,,,
ALMONDZ,ALMONDZ GLOBAL SEC LTD,11269.00,2.45,,,,
AXISHCETF,AXISAMC - AXISHCETF,5073.00,7.19,,,,
LINCOLN,LINCOLN PHARMA LTD,138381.00,834.87,,,,
ZIMLAB,ZIM LABORATORIES LIMITED,24440.00,26.50,,,,
SURANAT&P,SURANA TELECOM AND POW LT,33608.00,8.11,,,,
CIFL,CAPITAL INDIA FINANCE LTD,43591.00,16.56,,,,
SBIETFCON,SBIAMC - SBIETFCON,7809.00,9.92,,,,
KICL,KALYANI INVEST CO LTD,4664.00,241.05,,,,
LICMFGOLD,LIC MF - LIC GOLD ETF,14446.00,1530.51,,,,
TPLPLASTEH,TPL PLASTECH LIMITED,74994.00,64.71,,,,
USK,UDAYSHIVAKUMAR INFRA LTD,8482.00,2.95,,,,
EBBETF0430,BHARAT Bond ETF - April 2030 -,834.00,12.76,,,,
SETF10GILT,SBIAMC - SETF10GILT,4994.00,12.90,,,,
ADVANIHOTR,ADVANI HOT.& RES.(I) LTD,35704.00,23.11,,,,
RADIANTCMS,RADIANT CASH MGMT SER LTD,339452.00,211.42,,,,
MANAKSIA,MANAKSIA LTD.,17925.00,15.47,,,,
HISARMETAL,HISAR METAL IND. LIMITED,2522.00,5.34,,,,
INDOWIND,INDOWIND ENERGY LTD,14835.00,2.78,,,,
NPST,NETWORK PEOPLE SRV TECH L,41114.00,839.41,,,,
KRYSTAL,KRYSTAL INTEGRATED SER L,32351.00,215.86,,,,
SMARTWORKS,SMARTWORKS COWORKING SP L,51737.00,288.31,,,,
TIGERLOGS,TIGER LOGISTICS (INDIA) L,37.00,0.02,,,,
MOGOLD,MOTILALAMC - MOGOLD,234.00,0.28,,,,
MOTOUR,MOTILALAMC - MOTOUR,250.00,0.22,,,,
AONELIQUID,AONEAMC - AONELIQUID,7.00,0.07,,,,
WANBURY,WANBURY LIMITED,21295.00,57.54,,,,
BBETF0432,EDELAMC - BBETF0432,193.00,2.48,,,,
GROWWNXT50,GROWWAMC - GROWWNXT50,460.00,0.31,,,,
BHARATSE,BHARAT SEATS LIMITED,43487.00,80.26,,,,
PVP,PVP VENTURES LIMITED,8758.00,2.39,,,,
NAGAFERT,NAGARJUN FERT AND CHE LTD,41968.00,2.75,,,,
DOLPHIN,DOLPHIN OFF ENT (IND) L,307.00,1.28,,,,
KILITCH,KILITCH DRUGS INDIA LTD,1.00,0.00,,,,
DCAL,DISHMAN CARBO AMCIS LTD,349701.00,1011.38,,,,
CLEDUCATE,CL EDUCATE LIMITED,1.00,0.00,,,,
OBCL,ORISSA BENGAL CARRIER LTD,2382.00,1.43,,,,
MEGASTAR,MEGASTAR FOODS LIMITED,32.00,0.10,,,,
SALSTEEL,S.A.L. STEEL LTD.,15771.00,2.97,,,,
KESORAMIND,KESORAM INDUSTRIES LTD,134519.00,8.13,,,,
EUROBOND,EURO PANEL PRODUCTS LTD,1572.00,3.61,,,,
MANAKALUCO,MANAK ALUMINIUM CO. LTD.,200.00,0.06,,,,
IFBAGRO,IFB AGRO INDUSTRIES LTD,1037.00,10.10,,,,
KRITINUT,KRITI NUTRIENTS LIMITED,2050.00,1.93,,,,
AKSHOPTFBR,AKSH OPTIFIBRE LIMITED,1000.00,0.07,,,,
HINDCON,HINDCON CHEMICALS LIMITED,78.00,0.03,,,,
OCCLLTD,OCCL LIMITED,2000.00,2.56,,,,
ASPINWALL,ASPINWALL & CO LTD,240.00,0.68,,,,
ORISSAMINE,ORISSA MIN DEV CO LTD,42501.00,2517.95,,,,
IDBI,IDBI BANK LIMITED,36212480.00,33316.67,,,,
SWIGGY,SWIGGY LIMITED,6599400.00,28453.66,,,,
JWL,JUPITER WAGONS LIMITED,4559645.00,17475.32,,,,
INDGN,INDEGENE LIMITED,1028857.00,6070.04,,,,
RITES,RITES LIMITED,4793198.00,13800.46,,,,
MARATHON,MARATHON NXTGEN REALT LTD,1105571.00,7128.70,,,,
MANCREDIT,MANGAL CREDIT N FINCORP L,3880.00,6.89,,,,
PATELENG,PATEL ENGINEERING LTD.,5929917.00,2551.80,,,,
HCC,HINDUSTAN CONSTRUCTION CO,6518467.00,1939.97,,,,
BEPL,BHANSALI ENG. POLYMERS LT,2727393.00,3245.30,,,,
HILTON,HILTON METAL FORGING LTD,103649.00,48.17,,,,
WELSPUNLIV,WELSPUN LIVING LIMITED,9895351.00,13991.27,,,,
HBLENGINE,HBL ENGINEERING LTD,3335684.00,24693.56,,,,
MOBIKWIK,ONE MOBIKWIK SYSTEMS LTD,2660776.00,7736.36,,,,
AGIIL,AGI INFRA LIMITED,690655.00,4904.49,,,,
NFL,NATIONAL FERTILIZERS LIMI,9552485.00,10038.33,,,,
TRIVENI,TRIVENI ENGG. & INDS. LTD,1300749.00,5032.83,,,,
BALMLAWRIE,BALMER LAWRIE & CO LTD,1779998.00,4077.41,,,,
MANAKCOAT,MAN COAT METAL & IND LTD,104699.00,146.86,,,,
NDL,NANDAN DENIM LIMITED,367144.00,14.01,,,,
SHIVALIK,SHIVALIK RASAYAN LIMITED,30914.00,168.40,,,,
ROSSARI,ROSSARI BIOTECH LIMITED,178786.00,1277.87,,,,
AUTOAXLES,AUTOMOTIVE AXLES LIMITED,26601.00,492.39,,,,
MIDHANI,MISHRA DHATU NIGAM LTD,2659543.00,11007.60,,,,
IPL,INDIA PESTICIDES LIMITED,924099.00,2029.99,,,,
UTKARSHBNK,UTKARSH SMALL FIN BANK L,13111664.00,3790.63,,,,
3IINFOLTD,3I INFOTECH LIMITED,439874.00,149.34,,,,
ZAGGLE,ZAGGLE PREPA OCEAN SER L,1782767.00,6585.58,,,,
LTF,L&T FINANCE LIMITED,3766191.00,7991.97,,,,
CGPOWER,CG POWER AND IND SOL LTD,3640887.00,25584.44,,,,
LOTUSDEV,SRI LOTUS DEVLPRS N RTY L,1749538.00,3372.33,,,,
EIDPARRY,EID PARRY INDIA LTD,234223.00,2484.90,,,,
CUMMINSIND,CUMMINS INDIA LTD,176822.00,6833.61,,,,
NYKAA,FSN E COMMERCE VENTURES,1675167.00,3898.52,,,,
IIFL,SEC RED NCD 9.50 % SR. II,1912655.00,8451.83,,,,
CIGNITITEC,CIGNITI TECHNOLOGIES LTD,66896.00,1021.06,,,,
ENDURANCE,ENDURANCE TECHNO. LTD.,106562.00,3053.99,,,,
STLTECH,STERLITE TECHNOLOGIES LTD,1355135.00,1591.77,,,,
RAYMOND,RAYMOND - DEP SETT,738789.00,5487.12,,,,
ADANIENT,ADANI ENTERPRISES LIMITED,937756.00,24475.97,,,,
BLUESTARCO,BLUE STAR LIMITED DEPO,197927.00,3746.06,,,,
CAMS,COMPUTER AGE MNGT SER LTD,1013595.00,41154.99,,,,
TATASTEEL,TATA STEEL LIMITED,11845332.00,18710.56,,,,
GVT&D,GE VERNOVA T&D INDIA LTD,126569.00,3638.61,,,,
GODAVARIB,GODAVARI BIOREFINERIES L,10922.00,29.87,,,,
REDTAPE,REDTAPE LIMITED,1380611.00,2057.15,,,,
VASCONEQ,VASCON ENGINEERS LTD,4458587.00,2856.90,,,,
ROTO,ROTO PUMPS LIMITED,855207.00,792.74,,,,
INDOBORAX,INDO BORAX & CHEMICAL LTD,1988.00,3.59,,,,
LATENTVIEW,LATENT VIEW ANALYTICS LTD,852066.00,3720.69,,,,
GOLDIAM,GOLDIAM INTERNATIONAL LTD,2074466.00,7883.80,,,,
SARDAEN,SARDA ENERGY & MIN LTD,1573185.00,8724.06,,,,
JINDWORLD,JINDAL WORLDWIDE LTD,2718746.00,1293.87,,,,
ADANIPORTS,ADANI PORT & SEZ LTD,2184043.00,30400.60,,,,
FORCEMOT,FORCE MOTORS LIMITED,61778.00,10232.97,,,,
DREDGECORP,DREDGING CORPORATION OF I,162919.00,1130.25,,,,
KSB,KSB LIMITED,150330.00,1253.76,,,,
SAKSOFT,SAKSOFT LIMITED,687484.00,1490.44,,,,
NAHARSPING,NAHAR SPINNING MILLS LTD.,60553.00,148.59,,,,
RPSGVENT,RPSG VENTURES LIMITED,575235.00,5436.87,,,,
AGI,AGI GREENPAC LIMITED,432592.00,3797.61,,,,
BAIDFIN,BAID FINSERV LIMITED,37553.00,4.64,,,,
OSWALGREEN,OSWAL GREENTECH LIMITED,251066.00,110.68,,,,
HPL,HPL ELECTRIC & POWER LTD,725636.00,3919.91,,,,
GESHIP,THE GE SHPG.LTD,965151.00,10311.84,,,,
KANSAINER,KANSAI NEROLAC PAINTS LTD,692685.00,1787.01,,,,
HINDPETRO,HIND. PETROLEUM - DEP. RS,1610002.00,6653.73,,,,
GARFIBRES,GARWARE TECH FIBRES LTD,71374.00,611.27,,,,
SUVEN,SUVEN LIFE SCIENCES LTD,87175.00,180.68,,,,
RRKABEL,R R KABEL LIMITED,265540.00,3567.11,,,,
NIFTYBEES,NIP IND ETF NIFTY BEES,4852282.00,13499.62,,,,
PENINLAND,PENINSULA LAND LIMITED,202520.00,73.91,,,,
ONESOURCE,ONESOURCE SPECL PHARMA L,214859.00,4317.93,,,,
M&M,M&M - DEP RS,1094700.00,37708.53,,,,
MARICO,MARICO LIMITED,456971.00,3294.89,,,,
CIPLA,CIPLA NPP101299 DEPO,339682.00,5212.39,,,,
VIJAYA,VIJAYA DIAGNOSTIC CEN LTD,135959.00,1439.87,,,,
COLPAL,COLGATE PALMOLIVE LTD.,644003.00,15526.75,,,,
TATAGOLD,TATAAML-TATAGOLD,20057499.00,2270.91,,,,
APLLTD,ALEMBIC PHARMA LTD,218508.00,2220.34,,,,
HINDUNILVR,HINDUSTAN UNILEVER LTD.,543441.00,13914.37,,,,
MEDANTA,GLOBAL HEALTH LIMITED,167863.00,2245.48,,,,
TECHM,TECH MAHINDRA LIMITED,1328046.00,20849.74,,,,
SONACOMS,SONA BLW PRECISION FRGS L,3961997.00,18781.17,,,,
NESCO,NESCO LIMITED,267674.00,3460.37,,,,
DCBBANK,DCB BANK LIMITED,5201404.00,6707.34,,,,
GHCL,GHCL LIMITED,629215.00,3818.53,,,,
INDRAMEDCO,INDRAPRASTHA MED-ROLLSETT,413252.00,2176.06,,,,
POWERMECH,POWER MECH PROJECTS LTD.,264358.00,7877.90,,,,
EQUITASBNK,EQUITAS SMALL FIN BNK LTD,10639969.00,6817.54,,,,
OSWALPUMPS,OSWAL PUMPS LIMITED,511863.00,4070.32,,,,
APTUS,APTUS VALUE HSG FIN I LTD,1876078.00,6160.15,,,,
LMW,LMW LIMITED,21934.00,3297.63,,,,
RAYMONDLSL,RAYMOND LIFESTYLE LIMITED,385050.00,4700.49,,,,
EBBETF0433,EDELAMC - EBBETF0433,93.00,1.17,,,,
ITIETF,ICICIPRAMC - ICICITECH,1764369.00,701.25,,,,
ALPHA,KOTAKMAMC - KOTAKALPHA,5033224.00,2484.07,,,,
ICIL,INDO COUNT INDUSTRIES LTD,825656.00,2513.88,,,,
HNGSNGBEES,NIP IND ETF HANGSENG BEES,462863.00,2298.92,,,,
GPTHEALTH,GPT HEALTHCARE LIMITED,539783.00,871.52,,,,
AEROFLEX,AEROFLEX INDUSTRIES LTD,2482219.00,4771.04,,,,
GALLANTT,GALLANTT ISPAT LIMITED,172015.00,1172.47,,,,
ENTERO,ENTERO HEALTHCARE SOLU L,301209.00,3615.01,,,,
MAHKTECH,MIRAEAMC - MAHKTECH,3588724.00,1006.70,,,,
SILVERIETF,ICICIPRAMC - ICICISILVE,5242803.00,7541.19,,,,
GROWWEV,GROWWAMC - GROWWEV,236705.00,72.37,,,,
AUTOIETF,ICICIPRAMC - ICICIAUTO,1385276.00,376.51,,,,
JSWSTEEL,JSW STEEL LIMITED,292031.00,3083.14,,,,
SEAMECLTD,SEAMEC LIMITED,114570.00,1107.16,,,,
PONNIERODE,PONNIE SUGARS (ERODE) LTD,20370.00,66.99,,,,
HONDAPOWER,HONDA I POWER PRODUCT LTD,24610.00,731.69,,,,
WEBELSOLAR,WEBSOL ENERGY SYSTEM LTD,369706.00,4898.67,,,,
MULTICAP,MIRAEAMC - MULTICAP,121575.00,19.22,,,,
TATVA,TATVA CHIN PHARM CHEM LTD,169060.00,1753.58,,,,
STEELXIND,STEEL EXCHANGE INDIA LTD,5314285.00,566.60,,,,
ORIENTTECH,ORIENT TECHNOLOGIES LTD,472585.00,2113.45,,,,
GOODLUCK,GOODLUCK INDIA LIMITED,768442.00,7777.08,,,,
QUESS,QUESS CORP LIMITED,592592.00,1849.66,,,,
LAOPALA,LA OPALA RG LIMITED,307972.00,857.37,,,,
AXISGOLD,AXIS MF - AXIS GOLD ETF,2358545.00,2290.95,,,,
EVEREADY,EVEREADY INDS. IND.  LTD.,1337795.00,5547.44,,,,
PSUBNKBEES,NIP IND ETF PSU BANK BEES,4850410.00,3947.73,,,,
ALKYLAMINE,ALKYL AMINES CHEM. LTD,163202.00,3412.30,,,,
SYRMA,SYRMA SGS TECHNOLOGY LTD,1210706.00,9375.13,,,,
JAIBALAJI,JAI BALAJI INDUSTRIES LTD,8965977.00,10591.15,,,,
63MOONS,63 MOONS TECHNOLOGIES LTD,302878.00,2703.33,,,,
MEDPLUS,MEDPLUS HEALTH SERV LTD,638695.00,4841.00,,,,
SPARC,SUN PHARMA ADVANCED RESEA,1691597.00,2759.69,,,,
VRLLOG,VRL LOGISTICS LIMITED,751461.00,2153.99,,,,
STERTOOLS,STERLING TOOLS LIMITED,322536.00,1211.45,,,,
RAJRATAN,RAJRATAN GLOBAL WIRE LTD,418283.00,1526.75,,,,
TCPLPACK,TCPL PACKAGING LIMITED,24861.00,1001.54,,,,
SENORES,SENORES PHARMACEUTICALS L,553341.00,3769.19,,,,
SOMANYCERA,SOMANY CERAMICS LIMITED,108111.00,573.00,,,,
SALZERELEC,SALZER ELECTRONICS LTD,267549.00,2453.64,,,,
MAFANG,MIRAEAMC - MAFANG,552153.00,838.21,,,,
FINOPB,FINO PAYMENTS BANK LTD,768605.00,2245.55,,,,
SELECTIPO,MIRAEAMC - SELECTIPO,5124.00,2.52,,,,
SETFGOLD,SBI-ETF GOLD,1237759.00,1229.48,,,,
AXISILVER,AXISAMC - AXISILVER,543912.00,796.45,,,,
GRMOVER,GRM OVERSEAS LIMITED,2612581.00,9687.58,,,,
WEL,WONDER ELECTRICALS LTD,1254131.00,1892.42,,,,
LOWVOLIETF,ICICI PR NIF LW VL 30 ETF,887181.00,197.21,,,,
NEXT30ADD,DSPAMC - NEXT30ADD,2997.00,1.17,,,,
JSFB,JANA SMALL FIN BANK LTD,349846.00,1780.83,,,,
CEATLTD,CEAT LIMITED,151142.00,5274.65,,,,
SPORTKING,SPORTKING INDIA LIMITED,357393.00,411.22,,,,
UCAL,UCAL LIMITED,15042.00,22.78,,,,
ENIL,ENTERTAINMENT NETWORK (IN,35820.00,58.72,,,,
MBAPL,MADHYA BHARAT AGRO PROD L,149089.00,634.75,,,,
CONCORDBIO,CONCORD BIOTECH LIMITED,212129.00,3671.51,,,,
KIOCL,KIOCL LIMITED,403631.00,2077.43,,,,
BASF,BASF LTD.,166965.00,8642.22,,,,
BRIGHOTEL,BRIGADE HOTEL VENTURE LTD,192517.00,163.76,,,,
NITINSPIN,NITIN SPINNERS LIMITED,307290.00,1133.63,,,,
AWHCL,ANTONY WASTE HDG CELL LTD,242836.00,1521.50,,,,
AFIL,AKME FINTRADE (INDIA) LTD,12899365.00,1001.89,,,,
NIFTYETF,MIRAEAMC - MAN50ETF,203532.00,537.90,,,,
COMMOIETF,ICICIPRAMC - ICICICOMMO,84424.00,75.69,,,,
PICCADIL,PICCADILY AGRO INDUSTRI L,126809.00,893.26,,,,
KERNEX,KERNEX MICROSYS(I) LTD,38750.00,408.83,,,,
HERANBA,HERANBA INDUSTRIES LTD,115954.00,397.19,,,,
PSUBANKADD,DSPAMC - DSPPSBKETF,31166.00,23.07,,,,
ECLERX,ECLERX SERVICES LIMITED,61701.00,2476.45,,,,
INDOFARM,INDO FARM EQUIPMENT LTD,306353.00,757.60,,,,
NINSYS,NINTEC SYSTEMS LIMITED,2407.00,12.53,,,,
TNIDETF,TATAAML - TNIDETF,60383.00,55.84,,,,
NPBET,TATAAML - NPBET,4335.00,12.31,,,,
FILATEX,FILATEX INDIA LTD,3078578.00,1693.93,,,,
STEELCAS,STEELCAST LIMITED,32114.00,74.56,,,,
FCSSOFT,FCS SOFTWARE SOLUTIONS LI,380065.00,10.89,,,,
ANUHPHR,ANUH PHARMA LIMITED,28041.00,26.59,,,,
PUNJABCHEM,PUNJAB CHEM & CROP PROT L,28596.00,379.24,,,,
MUKANDLTD,MUKAND LTD.,453594.00,660.88,,,,
NUVOCO,NUVOCO VISTAS CORP LTD,619400.00,2649.36,,,,
ALKEM,ALKEM LABORATORIES LTD.,25393.00,1391.83,,,,
SIGNATURE,SIGNATUREGLOBAL INDIA LTD,770609.00,9215.19,,,,
DHANUKA,DHANUKA AGRITECH LTD,80425.00,1319.64,,,,
LIQUIDCASE,ZERODHAAMC - LIQUIDCASE,48221.00,53.02,,,,
MAITHANALL,MAITHAN ALLOYS LTD,205103.00,2342.60,,,,
RUSTOMJEE,KEYSTONE REALTORS LIMITED,66235.00,416.42,,,,
MAWANASUG,MAWANA SUGARS LIMITED,28653.00,28.48,,,,
ONEPOINT,ONE POINT ONE SOL LTD,776274.00,368.79,,,,
KMSUGAR,K M SUGAR MILLS LTD,4876.00,1.61,,,,
BESTAGRO,BEST AGROLIFE LIMITED,66508.00,308.53,,,,
PREMIERPOL,PREMIER POLYFILM LTD,4854.00,2.29,,,,
KAMATHOTEL,KAMAT HOTELS (I) LTD,179464.00,540.17,,,,
VIPULLTD,VIPUL LIMITED,209995.00,21.79,,,,
MIRCELECTR,MIRC ELECTRONICS LTD,336.00,0.07,,,,
INTERARCH,INTERARCH BLDNG SOLTN LTD,19623.00,388.90,,,,
EQUAL50ADD,DSPAMC - DSPNEWETF,17581.00,57.55,,,,
VRAJ,VRAJ IRON AND STEEL LTD,42168.00,92.10,,,,
UTINEXT50,UTIAMC - UTINEXT50,180200.00,138.85,,,,
BEARDSELL,BEARDSELL LIMITED,4301.00,1.49,,,,
ROHLTD,ROYAL ORCHID HOTELS LTD,362029.00,1645.87,,,,
ASTEC,ASTEC LIFESCIENCES LTD,324325.00,3268.83,,,,
MOVALUE,MOTILALAMC - MOVALUE,135171.00,138.28,,,,
REMSONSIND,REMSONS INDUSTRIES LTD,117786.00,160.46,,,,
AHLADA,AHLADA ENGINEERS LIMITED,5646.00,5.31,,,,
AMBIKCO,AMBIKA COTTON MILL LTD.,16147.00,248.20,,,,
AXISBNKETF,AXISAMC - AXISBNKETF,1347.00,7.73,,,,
RITCO,RITCO LOGISTICS LIMITED,125944.00,398.33,,,,
HEALTHY,BIRLASLAMC - HEALTHY,199418.00,29.66,,,,
QGOLDHALF,QUANTUM GOLD FUND,274403.00,259.45,,,,
HDFCNIFTY,HDFCAMC - HDFCNIFTY,50665.00,137.57,,,,
NETF,TATAAML - NETF,23855.00,63.98,,,,
MNC,KOTAKMAMC - KOTAKMNC,268235.00,83.13,,,,
MSCIINDIA,KOTAKMAMC - MSCIINDIA,24094.00,7.08,,,,
SATIA,SATIA INDUSTRIES LIMITED,922447.00,846.72,,,,
MAXIND,MAX INDIA LIMITED,18865.00,41.30,,,,
NIF10GETF,UTIAMC - NIF10GETF,2488.00,0.65,,,,
RADIOCITY,MUSIC BROADCAST LIMITED,14160.00,1.43,,,,
GOLDETFADD,DSPAMC - DSPGOLDETF,24970.00,28.34,,,,
PRABHA,PRABHA ENERGY LIMITED,12929.00,32.07,,,,
LANDMARK,LANDMARK CARS LIMITED,71064.00,420.77,,,,
LIQUIDETF,DSP LIQUID ETF,1049.00,10.49,,,,
DUCON,DUCON INFRATECHNOLOGIES L,133160.00,8.14,,,,
ISFT,INTRASOFT TECH. LTD,173720.00,195.74,,,,
AARVI,AARVI ENCON LIMITED,505.00,0.62,,,,
CSLFINANCE,CSL FINANCE LIMITED,8193.00,25.94,,,,
BBNPNBETF,BARODABNP - BBNPNBETF,217.00,0.12,,,,
ARROWGREEN,ARROW GREENTECH LIMITED,5380.00,32.67,,,,
MOINFRA,MOTILALAMC - MOINFRA,204.00,0.12,,,,
NIF5GETF,UTIAMC - NIF5GETF,2587.00,1.65,,,,
SGMART,SG MART LIMITED,3483.00,12.62,,,,
JAYBARMARU,JAYBHARATMARU-,17209.00,14.83,,,,
MARALOVER,MARAL OVERSEAS LTD,27.00,0.01,,,,
VISAKAIND,VISAKA INDUSTRIES LIMITED,92642.00,79.81,,,,
LIBERTSHOE,LIBERTYSHOESLTD,17090.00,61.09,,,,
TREJHARA,TREJHARA SOLUTIONS LTD,1.00,0.00,,,,
GTL,GTL LTD NPP290799DEPO,109921.00,13.76,,,,
MAGNUM,MAGNUM VENTURES LTD.,6848.00,2.42,,,,
SOMICONVEY,SOMI CONVEYOR BELT. LTD.,125.00,0.17,,,,
COMSYN,COMMERCIAL SYN BAGS LTD,2151.00,3.30,,,,
LIQGRWBEES,NIPPONAMC - LIQGRWBEES,1.00,0.01,,,,
ZEELEARN,ZEE LEARN LIMITED,23500.00,2.31,,,,
RELCHEMQ,RELIANCE CHEMOTEX IND LTD,125.00,0.24,,,,
CPCAP,CP CAPITAL LIMITED,25.00,0.10,,,,
ARCHIDPLY,ARCHIDPLY IND. LTD,1100.00,1.13,,,,
UNITEDTEA,UNITED NILGIRI TEA LTD,50.00,0.25,,,,
HTMEDIA,HT MEDIA LIMITED,10000.00,2.89,,,,
NRAIL,N R AGARWAL INDS LTD,5633.00,20.60,,,,
ASHIMASYN,ASHIMA LTD,1000.00,0.25,,,,
ORIENTBELL,ORIENT BELL LIMITED,484.00,2.39,,,,
ANMOL,ANMOL INDIA LIMITED,0.00,0.00,,,,
SHIVATEX,SHIVA TEXYARN LIMITED,10.00,0.02,,,,
JOCIL,JOCIL LIMITED,0.00,0.00,,,,
ASAHISONG,ASAHI SONGWON COLOR LTD,1426.00,4.16,,,,
UNIENTER,UNIPHOS ENTERPRISES LTD,1000.00,1.70,,,,
