sebi_report_as_on_reporting_date_08oct2025,unnamed_1,unnamed_2,unnamed_3,unnamed_4,unnamed_5,unnamed_6
Sr.No.,Particulars,Rs. In Lakhs,,,,
1,Scripwise Total Outstanding on the beginning of the day,10716487.52,,,,
2,Fresh Exposure taken during the day,374360.53,,,,
3,Exposure liquidated during the day,288588.59,,,,
4,Net scripwise outstanding at the end of the day,10802259.45,,,,
Symbol,Name,Qty Fin by all the members(No.of Shares),Amt Fin by all the members(Rs. In Lakhs),,,
HSCL,HIMADRI SPECIALITY CHEM L,4020030.00,19695.53,,,
PRAKASH,PRAKASH INDUSTRIES LTD,3283901.00,5432.73,,,
TITAGARH,TITAGARH RAIL SYSTEMS LTD,2650206.00,25052.94,,,
TEXINFRA,TEXMACO INFRA & HOLDG LTD,717808.00,837.42,,,
JBMA,JBM AUTO LIMITED,2463497.00,17168.80,,,
EPACK,EPACK DURABLE LIMITED,1348910.00,5152.95,,,
RML,RANE (MADRAS) LIMITED,26605.00,233.25,,,
BLUEJET,BLUE JET HEALTHCARE LTD,2586013.00,19297.23,,,
PROZONER,PROZONE REALTY LIMITED,207613.00,113.16,,,
JIOFIN,JIO FIN SERVICES LTD,48063701.00,147340.50,,,
SHRIRAMPPS,SHRIRAM PROPERTIES LTD,5456311.00,5379.51,,,
BELRISE,BELRISE INDUSTRIES LTD,14172712.00,20667.45,,,
TNPL,TAMIL NADU NEWSPRINT,663030.00,1143.42,,,
JPPOWER,JAIPRAKASH POWER VEN. LTD,75118503.00,15407.80,,,
TRANSRAILL,TRANSRAIL LIGHTING LTD,2665818.00,19702.60,,,
OLECTRA,OLECTRA GREENTECH LIMITED,2015177.00,30736.34,,,
VIKRAN,VIKRAN ENGINEERING LTD,428856.00,422.56,,,
SIGACHI,SIGACHI INDUSTRIES LTD,9103010.00,3957.15,,,
ZENTEC,ZEN TECHNOLOGIES LIMITED,855078.00,13895.13,,,
IKS,INVENTURUS KNOWLEDGE SO L,455611.00,7307.21,,,
NV20IETF,ICICI PRUDENTIAL NV20 ETF,831973.00,121.16,,,
HYUNDAI,HYUNDAI MOTOR INDIA LTD,413052.00,10677.80,,,
WAAREERTL,WAAREE RENEWABLE TECH LTD,505720.00,5568.74,,,
ZYDUSLIFE,ZYDUS LIFESCIENCES LTD,623876.00,6359.38,,,
JSWINFRA,JSW INFRASTRUCTURE LTD,4239905.00,12846.20,,,
RPEL,RAGHAV PRODUCTIVITY ENH L,86239.00,562.31,,,
COALINDIA,COAL INDIA LTD,10048207.00,39872.43,,,
APOLLO,APOLLO MICRO SYSTEMS LTD,3174478.00,8248.38,,,
BDL,BHARAT DYNAMICS LIMITED,3920720.00,66813.46,,,
MANALIPETC,MANALI PETROCHEMICALS LT,738130.00,564.20,,,
ATALREAL,ATAL REALTECH LIMITED,1421604.00,309.20,,,
ASHOKLEY,ASHOK LEYLAND -DEP SETT,5990654.00,7975.64,,,
KROSS,KROSS LIMITED,930324.00,1990.02,,,
PGEL,PG ELECTROPLAST LTD,4242182.00,23456.25,,,
UCOBANK,UCO BANK,37266830.00,12583.17,,,
ZUARI,ZUARI AGRO CHEMICALS LTD,466563.00,1281.95,,,
CRIZAC,CRIZAC LIMITED,978422.00,3047.61,,,
TARC,TARC LIMITED,2062234.00,3619.62,,,
VEDL,VEDANTA LIMITED,13705282.00,61708.34,,,
DATAMATICS,DATAMATICS GLOBAL SER LTD,376385.00,3249.11,,,
KIRLPNU,KIRLOSKAR PNEUMATIC COM L,122907.00,1618.61,,,
NMDC,NMDC LTD.,23057577.00,16990.06,,,
POWERGRID,POWER GRID CORP. LTD.,5411263.00,16052.67,,,
PREMEXPLN,PREMIER EXPLOSIVES LTD,911107.00,5410.34,,,
ESCORTS,ESCORTS KUBOTA LIMITED,203849.00,7419.85,,,
FEDERALBNK,FEDERAL BANK LTD,5182809.00,10438.32,,,
NTPC,NTPC LTD,8368902.00,29683.30,,,
PTC,PTC INDIA LIMITED,2969430.00,5397.00,,,
UNIMECH,UNIMECH AEROSPACE N MFG L,27390.00,292.80,,,
LLOYDSME,LLOYDS METALS N ENERGY L,1370360.00,17940.86,,,
PRIVISCL,PRIVI SPECIALITY CHE LTD,443735.00,10439.99,,,
FSL,FIRSTSOURCE SOLUTIONS LIM,2050937.00,7300.18,,,
RTNINDIA,RATTANINDIA ENT LIMITED,16639945.00,9615.59,,,
INDHOTEL,THE INDIAN HOTELS CO. LTD,4136770.00,31567.97,,,
MMTC,MMTC LIMITED,2429571.00,1764.01,,,
KUANTUM,KUANTUM PAPERS LIMITED,309415.00,375.72,,,
POLICYBZR,PB FINTECH LIMITED,364036.00,6579.89,,,
LEMONTREE,LEMON TREE HOTELS LTD,6395757.00,10564.32,,,
BALAJITELE,BALAJI TELEFILMS LTD.,66528.00,85.70,,,
CONFIPET,CONFIDENCE PETRO IND LTD.,3736843.00,2298.03,,,
MEDICO,MEDICO REMEDIES LIMITED,11270.00,4.84,,,
SBFC,SBFC FINANCE LIMITED,3168176.00,3446.31,,,
INFIBEAM,INFIBEAM AVENUES LIMITED,21634660.00,4109.47,,,
ALEMBICLTD,ALEMBIC LIMITED,2522440.00,3045.79,,,
HINDALCO,HINDALCO  INDUSTRIES  LTD,1436383.00,10131.40,,,
OAL,ORIENTAL AROMATICS LTD,20521.00,94.76,,,
RHIM,RHI MAGNESITA INDIA LTD,1203544.00,5990.80,,,
BOMDYEING,BOMBAY DYEING & MFG. CO L,6421806.00,10913.41,,,
BORANA,BORANA WEAVES LIMITED,44004.00,99.18,,,
AFCONS,AFCONS INFRASTRUCTURE LTD,1358262.00,6123.29,,,
SBC,SBC EXPORTS LIMITED,28743724.00,4937.79,,,
LXCHEM,LAXMI ORGANIC INDUS LTD,2865324.00,6495.56,,,
RENUKA,SHREE RENUKA SUGARS LTD,21757750.00,7848.04,,,
BALPHARMA,BAL PHARMA LTD.,150.00,0.13,,,
RESPONIND,RESPONSIVE INDUSTRIES LTD,1992132.00,4562.53,,,
SANSTAR,SANSTAR LIMITED,1143033.00,1165.96,,,
SBICARD,SBI CARDS & PAY SER LTD,533703.00,4860.02,,,
BANKBETF,BFAM - BANKBETF,10741.00,5.98,,,
HDFCNIFIT,HDFCAMC - HDFCNIFIT,378067.00,140.98,,,
VAL30IETF,ICICIPRAMC - VAL30IETF,10488.00,1.41,,,
JUBLCPL,JUBILANT AGRI N CON PRO L,71.00,1.94,,,
MANKIND,MANKIND PHARMA LIMITED,188537.00,4787.55,,,
MOREALTY,MOTILALAMC - MOREALTY,870454.00,798.23,,,
HARIOMPIPE,HARIOM PIPE INDUSTRIES L,485097.00,2600.62,,,
PHOENIXLTD,THE PHOENIX MILLS LTD,334509.00,5385.10,,,
ACC,ACCNPP310899DEPO,763457.00,14723.32,,,
ACE,ACTION CONST EQUIP LTD,831155.00,9816.91,,,
SHAKTIPUMP,SHAKTI PUMPS (I) LTD,938237.00,8251.57,,,
JBCHEPHARM,J B CHEMICALS AND PHARMA,63751.00,1108.72,,,
SUPREMEIND,SUPREME INDUSTRIES LTD,178224.00,7922.83,,,
HCLTECH,HCL TECHNOLOGIES LTD,2172781.00,33569.85,,,
ASIANPAINT,ASIAN PAINTS LIMITED,893460.00,22115.03,,,
FIRSTCRY,BRAINBEES SOLUTIONS LTD,2466826.00,9584.86,,,
AEGISVOPAK,AEGIS VOPAK TERMINALS LTD,373849.00,971.11,,,
VOLTAMP,VOLTAMP TRANSFORMERS LTD,122305.00,10119.42,,,
JINDALSTEL,JINDAL STEEL LIMITED,417614.00,4217.39,,,
PAISALO,PAISALO DIGITAL LIMITED,12711435.00,4864.57,,,
CYIENT,CYIENT LIMITED,787062.00,10321.11,,,
TATACHEM,TATA CHEMICALS LTD,1250669.00,12047.16,,,
EICHERMOT,EICHER MOTORS LTD,88411.00,5771.44,,,
MHRIL,MAHINDRA HOLIDAYS LTD,295305.00,1079.86,,,
TRITURBINE,TRIVENI TURBINE LIMITED,1114796.00,6641.02,,,
SHALBY,SHALBY LIMITED,812432.00,1942.35,,,
AWFIS,AWFIS SPACE SOLUTIONS LTD,798019.00,4883.59,,,
SCILAL,SHIPPING CORP OF ILA LTD,2073468.00,1126.16,,,
POWERINDIA,HITACHI ENERGY INDIA LTD,74707.00,14115.61,,,
DLINKINDIA,D-LINK INDIA LTD,413036.00,2057.02,,,
EMAMILTD,EMAMI LIMITED,693768.00,4137.08,,,
MOM30IETF,ICICIPRAMC - ICICIMOM30,3000309.00,970.78,,,
KSCL,KAVERI SEED COMPANY LIMIT,352298.00,4215.60,,,
SIS,SIS LIMITED,122276.00,448.30,,,
GUJGASLTD,GUJARAT GAS LIMITED,524112.00,2573.87,,,
NAZARA,NAZARA TECHNOLOGIES LTD,31014497.00,88804.05,,,
ELGIEQUIP,ELGI EQUIPMENTS LTD,894851.00,4775.84,,,
SHOPERSTOP,SHOPPERS STOP LIMITED,71953.00,420.46,,,
JTEKTINDIA,JTEKT INDIA LIMITED,494411.00,871.98,,,
AVANTIFEED,AVANTI FEEDS LIMITED,1206424.00,8959.86,,,
RAMKY,RAMKY INFRA LTD,1356420.00,7910.78,,,
SUNDARMFIN,SUNDARAM FINANCE LTD,46928.00,2194.26,,,
VIMTALABS,VIMTA LABS LIMITED,392864.00,2937.46,,,
GLENMARK,GLENMARK PHARMACEUTICALS,308826.00,6230.94,,,
BAJAJELEC,BAJAJ ELECT.LTD,404725.00,2453.32,,,
GEOJITFSL,GEOJIT FINANCIAL SER L,1589414.00,1343.39,,,
ROUTE,ROUTE MOBILE LIMITED,849456.00,8746.01,,,
JGCHEM,J.G.CHEMICALS LIMITED,224712.00,1079.01,,,
MFSL,MAX FINANCIAL SERV LTD,80881.00,1260.42,,,
TIRUMALCHM,THIRUMALAI CHEMICALS LTD.,1516763.00,4487.68,,,
DOLATALGO,DOLAT ALGOTECH LIMITED,594271.00,565.36,,,
CPSEETF,CPSE ETF,3057208.00,2840.84,,,
SPIC,SPIC LTD,3167316.00,3259.07,,,
LALPATHLAB,DR. LAL PATH LABS LTD.,96437.00,3091.67,,,
MOLDTKPAC,MOLD-TEK PACKAGING LTD,153713.00,1123.39,,,
IFBIND,IFB INDUSTRIES LTD,266799.00,4270.99,,,
EPIGRAL,EPIGRAL LIMITED,264237.00,4719.14,,,
SURYODAY,SURYODAY SMALL FIN BK LTD,578130.00,822.84,,,
BIRLANU,BIRLANU LIMITED,42243.00,926.72,,,
DALMIASUG,DALMIA BHARAT SUG IN LTD,275632.00,1086.56,,,
LUMAXTECH,LUMAX AUTO TECH LTD,179208.00,1870.08,,,
COROMANDEL,COROMANDEL INTERNTL. LTD,218956.00,5182.15,,,
THYROCARE,THYROCARE TECH LTD,53062.00,664.87,,,
HUHTAMAKI,HUHTAMAKI INDIA LIMITED,1147341.00,3982.65,,,
SANGHVIMOV,SANGHVI MOVERS LTD,1220539.00,4100.33,,,
AMRUTANJAN,AMRUTAJAN HEALTH LTD,41858.00,316.78,,,
PAGEIND,PAGE INDUSTRIES LTD,9925.00,4408.52,,,
DOLLAR,DOLLAR INDUSTRIES LIMITED,171235.00,687.85,,,
RPTECH,RASHI PERIPHERALS LIMITED,256527.00,829.10,,,
ORIENTELEC,ORIENT ELECTRIC LIMITED,364763.00,806.17,,,
BRITANNIA,BRITANNIA INDUST.DEP SETT,82748.00,4909.51,,,
METROPOLIS,METROPOLIS HEALTHCARE LTD,65987.00,1370.93,,,
BAYERCROP,BAYER CROPSCIENCE LTD,68149.00,3644.08,,,
KIMS,KRISHNA INST OF MED SCI L,544437.00,3897.98,,,
HESTERBIO,HESTER BIOSCIENCES LTD,7939.00,165.67,,,
SUPRAJIT,SUPRAJIT ENGINEERING LTD,264813.00,1263.02,,,
ASTRAZEN,ASTRAZENECA PHARMA IND LT,28035.00,2275.74,,,
GUJTHEM,GUJARAT THEMIS BIOSYN LTD,1054284.00,4277.22,,,
RUSHIL,RUSHIL DECOR LIMITED,996803.00,335.58,,,
THANGAMAYL,THANGAMAYIL JEWELLERY LTD,23618.00,492.16,,,
OMINFRAL,OM INFRA LIMITED,460342.00,541.14,,,
TVSHLTD,TVS HOLDINGS LIMITED,15333.00,1846.21,,,
INDIQUBE,INDIQUBE SPACES LIMITED,182964.00,431.35,,,
GREENLAM,GREENLAM INDUSTRIES LTD.,132593.00,340.44,,,
UTINIFTETF,UTIAMC - UTINIFTETF,7393.00,20.03,,,
AGARIND,AGARWAL INDS CORP LTD.,43309.00,436.56,,,
KRISHANA,KRISHANA PHOSCHEM LIMITED,98810.00,511.77,,,
SERVOTECH,SERVOTECH REN POW SYS LTD,563092.00,780.48,,,
GUJAPOLLO,GUJ. APOLLO IND. LTD.,947.00,4.72,,,
DAMCAPITAL,DAM CAPITAL ADVISORS LTD,1418530.00,3532.28,,,
JINDALPHOT,JINDAL PHOTO LIMITED,520.00,6.05,,,
TVSSRICHAK,TVS SRICHAKRA LIMITED,5162.00,182.09,,,
WHEELS,WHEELS INDIA LTD,81712.00,671.96,,,
VENUSPIPES,VENUS PIPES & TUBES LTD,321008.00,4535.70,,,
ATHERENERG,ATHER ENERGY LIMITED,806756.00,4576.30,,,
BLACKBUCK,BLACKBUCK LIMITED,1211666.00,7114.68,,,
SHANKARA,SHANKARA BLDG PRODUCT LTD,1734.00,4.84,,,
INFRABEES,NIP IND ETF INFRA BEES,32720.00,307.92,,,
MID150CASE,ZERODHAAMC - MID150CASE,1203304.00,129.71,,,
ALPL30IETF,ICICIPRAMC - ICICIALPLV,925828.00,263.28,,,
FMCGIETF,ICICIPRAMC - ICICIFMCG,3133724.00,1870.39,,,
FINIETF,ICICIPRAMC-ICICIFIN,530974.00,159.66,,,
SILVER360,360ONEAMC - SILVER360,18339.00,28.15,,,
STANLEY,STANLEY LIFESTYLES LTD,81348.00,261.19,,,
GHCLTEXTIL,GHCL TEXTILES LIMITED,107384.00,96.70,,,
LYKALABS,LYKA LABS LTD,20875.00,26.64,,,
HINDCOMPOS,HINDUSTAN COMPOSITES LTD,4183.00,19.65,,,
INDIANHUME,INDIAN HUME PIPE CO. LTD,89687.00,370.66,,,
MENONBE,MENON BEARINGS LIMITED,18026.00,24.85,,,
PRIMO,PRIMO CHEMICALS LIMITED,12647.00,3.51,,,
BANSWRAS,BANSWARA SYNTEX LIMITED,3608.00,5.89,,,
ICEMAKE,ICE MAKE REFRIGERAT LTD,26977.00,226.29,,,
EIHAHOTELS,EIH ASSOCIATED HOTELS LTD,39197.00,153.18,,,
VALIANTLAB,VALIANT LABORATORIES LTD,23989.00,24.22,,,
ELDEHSG,ELDECO HSG & IND LTD.,338.00,2.69,,,
DIVGIITTS,DIVGI TORQTRANSFER SYST L,11976.00,80.29,,,
SCODATUBES,SCODA TUBES LIMITED,374319.00,715.97,,,
AUTOIND,AUTOLINE INDUSTRIES LIMIT,55300.00,45.37,,,
GOKUL,GOKUL REFOILS & SOLV LTD,9788.00,4.17,,,
SHIVAMAUTO,SHIVAM AUTO.LTD,47057.00,15.52,,,
CENTEXT,CENTURY EXTRUSIONS LIMITE,31483.00,9.46,,,
UFO,UFO MOVIEZ INDIA LTD.,87132.00,80.89,,,
INTENTECH,INTENSE TECHNOLOGIES LTD,500.00,0.67,,,
DAVANGERE,DAVANGERE SUGAR COMPANY L,6497289.00,259.25,,,
FOSECOIND,FOSECO INDIA LTD,4078.00,242.25,,,
VIKASLIFE,VIKAS LIFECARE LIMITED,743831.00,22.21,,,
HIRECT,HIND RECTIFIERS LIMITED,38511.00,627.51,,,
MEGASOFT,MEGASOFT LIMITED,5068.00,7.97,,,
JAYAGROGN,JAYANT AGRO ORGANICS LTD,14689.00,39.89,,,
RISHABH,RISHABH INSTRUMENTS LTD,32376.00,138.38,,,
ABINFRA,A B INFRABUILD LIMITED,220.00,0.44,,,
BANARISUG,BANNARI AMMAN SUGAR LTD.,443.00,15.96,,,
INDBANK,INDBANK MERCHANT BANKING,10520.00,4.53,,,
VIDHIING,VIDHI SPCLTY F INGRDNTS L,827166.00,3573.67,,,
TOP10ADD,DSPAMC - TOP10ADD,111897.00,107.52,,,
SGFIN,SG FINSERVE LIMITED,36012.00,133.82,,,
TATSILV,TATAAML-TATSILV,9069176.00,1272.72,,,
KOTHARIPET,KOTHARI PETROCHEM LTD,96631.00,160.54,,,
AHLEAST,ASIAN HOTELS (EAST) LTD,962.00,1.48,,,
KOTARISUG,KOTHARI SUGARS AND CHEMIC,20669.00,7.17,,,
TOP100CASE,ZERODHAAMC - TOP100CASE,249247.00,26.60,,,
EVIETF,ICICIPRAMC - EVIETF,123578.00,39.66,,,
SENSEXETF,MIRAEAMC - SENSEXETF,5330.00,4.46,,,
LIQUIDBETF,BFAM - LIQUIDBETF,40.00,0.42,,,
BFSI,MIRAEAMC - MAFSETF,1133861.00,307.13,,,
MIDSELIETF,ICICI PRUD MIDCAP SEL ETF,677026.00,120.70,,,
MAGADSUGAR,MAGADH SUGAR & ENERGY LTD,17197.00,119.31,,,
OSWALAGRO,OSWAL AGRO MILLS LTD,150315.00,129.28,,,
SUNDARAM,SUNDARAM MULTI PAP LTD,34259.00,0.72,,,
AXISNIFTY,AXISAMC - AXISNIFTY,20026.00,54.62,,,
VHL,VARDHMAN HOLDINGS LIMITED,371.00,17.37,,,
MOQUALITY,MOTILALAMC - MOQUALITY,1270.00,2.48,,,
BANKETFADD,DSPAMC - DSPBANKETF,2515.00,1.44,,,
IVP,IVP LIMITED,1270.00,2.09,,,
LIQUID1,KOTAKMAMC - KOTAKLIQ,67.00,0.72,,,
SBIETFPB,SBIAMC - SBIETFPB,799.00,2.16,,,
AMJLAND,AMJ LAND HOLDINGS LIMITED,200.00,0.12,,,
SNXT30BEES,NIPPONAMC - SNXT30BEES,2548.00,1.00,,,
EGOLD,EDELAMC - EGOLD,64705.00,67.80,,,
BANKPSU,MIRAEAMC - BANKPSU,13073.00,9.49,,,
MURUDCERA,MURUDESHWAR CERAMICS LTD,6730.00,3.35,,,
VALIANTORG,VALIANT ORGANICS LIMITED,3175.00,15.32,,,
JPOLYINVST,JIND POL INV & FIN CO LTD,2156.00,18.77,,,
AYMSYNTEX,AYM SYNTEX LIMITED,14164.00,28.68,,,
SINCLAIR,SINCLAIRS HOTELS LIMITED,42173.00,47.13,,,
INVENTURE,INVENTURE GRO & SEC LTD,159162.00,3.21,,,
PODDARMENT,PODDAR PIGMENTS LIMITED,261.00,0.79,,,
TRU,TRUCAP FINANCE LIMITED,15235.00,1.86,,,
AARTISURF,AARTI SURFACTANTS LIMITED,1692.00,8.28,,,
LIQUIDSBI,SBIAMC - LIQUIDSBI,11.00,0.11,,,
RHFL,RELIANCE HOME FINANCE LTD,10000.00,0.56,,,
SKMEGGPROD,SKM EGG PROD EXPORT(I) LT,613.00,1.65,,,
AXISCADES,AXISCADES TECH LTD,5105.00,86.93,,,
ASHOKAMET,ASHOKA METCAST LIMITED,936.00,0.17,,,
PILITA,PIL ITALICA LIFESTYLE LTD,70649.00,10.11,,,
MOMIDMTM,MOTILALAMC - MOMIDMTM,3953.00,2.45,,,
STEL,STEL HOLDINGS LIMITED,400.00,1.99,,,
ABSLLIQUID,BIRLASLAMC - ABSLLIQUID,11.00,0.11,,,
PLATIND,PLATINUM INDUSTRIES LTD,513304.00,1590.07,,,
BLS,BLS INTL SERVS LTD,7473240.00,28393.98,,,
HFCL,HFCL LIMITED,40738976.00,36888.13,,,
SAMMAANCAP,SAMMAAN CAPITAL LIMITED,41297058.00,59556.93,,,
BAJAJHFL,BAJAJ HOUSING FINANCE LTD,22242077.00,26881.83,,,
RELIANCE,RELIANCE INDUSTRIES LTD,10065573.00,140384.04,,,
SUZLON,SUZLON ENERGY LIMITED,142292395.00,86774.33,,,
CANBK,CANARA BANK,24836972.00,27223.12,,,
PGHL,PROCTER & GAMBLE HEALTH L,19930.00,1243.44,,,
KEC,KEC INTL. LIMITED,1233446.00,10940.85,,,
PAYTM,ONE 97 COMMUNICATIONS LTD,1515978.00,14947.90,,,
RPOWER,RELIANCE POWER LIMITED,5826662.00,2635.02,,,
GICRE,GENERAL INS CORP OF INDIA,2767782.00,11027.20,,,
BEML,BEML LIMITED,844636.00,36652.63,,,
RAYMONDREL,RAYMOND REALTY LIMITED,558339.00,3494.31,,,
REDINGTON,REDINGTON LIMITED,3645052.00,10479.28,,,
SHYAMMETL,SHYAM METALICS AND ENGY L,1075338.00,9214.41,,,
UTISXN50,UTIAMC - UTISXN50,4959.00,4.48,,,
PFC,POWER FIN CORP LTD.,14739816.00,61998.32,,,
ADSL,ALLIED DIGITAL SERVICES L,369474.00,733.76,,,
KPITTECH,KPIT TECHNOLOGIES LIMITED,1789161.00,23560.27,,,
NLCINDIA,NLC INDIA LIMITED,5494481.00,13742.36,,,
DHANI,DHANI SERVICES LIMITED,5838455.00,3853.13,,,
DLF,DLF LIMITED,4787819.00,37661.17,,,
ADANIPOWER,ADANI POWER LTD,28422989.00,40919.65,,,
AWL,AWL AGRI BUSINESS LIMITED,4676531.00,12999.83,,,
BLKASHYAP,B.L.KASHYAP & SON LTD,669810.00,472.69,,,
DCXINDIA,DCX SYSTEMS LIMITED,2560053.00,7320.04,,,
GIPCL,GUJ IND POW CO. LTD,2250169.00,4611.44,,,
IREDA,INDIAN RENEWABLE ENERGY,25103092.00,41948.33,,,
TATATECH,TATA TECHNOLOGIES LIMITED,3582780.00,27682.23,,,
UNIECOM,UNICOMMERCE ESOLUTIONS L,1050860.00,1547.87,,,
AVANTEL,AVANTEL LIMITED,4992797.00,8865.28,,,
GARUDA,GARUDA CONSTRUCT N ENG L,699996.00,1351.80,,,
VPRPL,VISHNU PRAKASH R PUNGLI L,3332159.00,4676.18,,,
HOMEFIRST,HOME FIRST FIN CO IND LTD,293530.00,3700.11,,,
CASTROLIND,CASTROL INDIA LIMITED,7596867.00,16594.05,,,
PREMIERENE,PREMIER ENERGIES LIMITED,3275701.00,34351.36,,,
PNB,PUNJAB NATIONAL BANK,32068137.00,34504.14,,,
CROMPTON,CROMPT GREA CON ELEC LTD,5716205.00,18683.32,,,
SUNPHARMA,SUN PHARMACEUTICAL IND L,591791.00,9916.83,,,
SAPPHIRE,SAPPHIRE FOODS INDIA LTD,1815338.00,5836.45,,,
SALASAR,SALASAR TECHNO ENGG. LTD.,13662011.00,1423.19,,,
NILASPACES,NILA SPACES LIMITED,27543.00,4.46,,,
QUICKHEAL,QUICK HEAL TECH LTD,625198.00,2241.90,,,
SBIN,STATE BANK OF INDIA,5769003.00,46817.98,,,
JNKINDIA,JNK INDIA LIMITED,128094.00,447.23,,,
AADHARHFC,AADHAR HOUSING FINANCE L,1056454.00,5389.45,,,
SAMBHV,SAMBHV STEEL TUBES LTD,1635720.00,1942.74,,,
ACMESOLAR,ACME SOLAR HOLDINGS LTD,1903901.00,5643.81,,,
NBCC,NBCC (INDIA) LIMITED,21435159.00,23957.44,,,
JKTYRE,JK TYRE & INDUSTRIES LTD,1416066.00,5333.03,,,
RUCHIRA,RUCHIRA PAPERS LIMITED,124329.00,191.54,,,
MOL,MEGHMANI ORGANICS LIMITED,5552137.00,4949.97,,,
QUADFUTURE,QUADRANT FUTURE TEK LTD,562730.00,2528.76,,,
CHOLAFIN,CHOLAMANDALAM IN & FIN CO,279098.00,4293.05,,,
ARKADE,ARKADE DEVELOPERS LIMITED,2862223.00,5184.10,,,
ASAL,AUTOMOTIVE STAMPINGS AND,47454.00,279.60,,,
ITI,ITI LTD,735601.00,2561.83,,,
HMAAGRO,HMA AGRO INDUSTRIES LTD,447527.00,152.89,,,
SANDESH,SANDESH LTD,911.00,14.93,,,
JAYSREETEA,JAYSREETEA - DEPO SETT,40108.00,43.68,,,
TOLINS,TOLINS TYRES LIMITED,318414.00,597.46,,,
SILVERBEES,NIPPONAMC - NETFSILVER,18997704.00,23919.26,,,
CELLO,CELLO WORLD LIMITED,587794.00,3641.63,,,
CONSOFINVT,CONSO. FIN. & HOLD. LTD.,1688.00,3.73,,,
MASFIN,MAS FINANCIAL SERV LTD,285754.00,864.41,,,
ABB,ABB INDIA LIMITED,479149.00,27577.31,,,
ORICONENT,ORICON ENTERPRISES LTD,301535.00,149.21,,,
CENTUM,CENTUM ELECTRONICS LTD,44695.00,1141.04,,,
GANESHBE,GANESH BENZOPLAST LIMITED,343467.00,404.69,,,
QUAL30IETF,ICICIPRAMC - ICICIQTY30,538841.00,116.48,,,
NIFTYQLITY,BIRLASLAMC - NIFTYQLITY,44303.00,9.55,,,
JYOTICNC,JYOTI CNC AUTOMATION LTD,839136.00,8816.24,,,
KHADIM,KHADIM INDIA LIMITED,12671.00,36.93,,,
ALPHAETF,MIRAEAMC - ALPHAETF,2199299.00,559.90,,,
INTERNET,MIRAEAMC - INTERNET,5716.00,0.80,,,
RACLGEAR,RACL GEARTECH LIMITED,35525.00,400.62,,,
TORNTPOWER,TORRENT POWER LTD,856952.00,11582.33,,,
UBL,UNITED BREWERIES LTD,224570.00,4275.24,,,
RSWM,RSWM LIMITED,297808.00,514.72,,,
BIOCON,BIOCON LIMITED.,3366446.00,12421.50,,,
POLYCAB,POLYCAB INDIA LIMITED,158772.00,10205.73,,,
BIKAJI,BIKAJI FOODS INTERN LTD,494162.00,3861.14,,,
CSBBANK,CSB BANK LIMITED,846229.00,3190.13,,,
INDIANB,INDIAN BANK,477471.00,3124.20,,,
EXPLEOSOL,EXPLEO SOLUTIONS LIMITED,39679.00,456.75,,,
SHARDACROP,SHARDA CROPCHEM LTD.,282038.00,2504.34,,,
SKIPPER,SKIPPER LIMITED,1060252.00,5583.13,,,
HDFCGOLD,HDFC GOLD ETF,1681232.00,1557.72,,,
PITTIENG,PITTI ENGINEERING LIMITED,135393.00,1387.43,,,
DCW,DCW LTD 16.5% NCD,4305874.00,3354.17,,,
EMIL,ELECTRONICS MART IND LTD,2692919.00,4146.37,,,
GNA,GNA AXLES LIMITED,164265.00,570.06,,,
KRBL,KRBL LIMITED,1563126.00,6041.14,,,
ERIS,ERIS LIFESCIENCES LIMITED,90028.00,1509.93,,,
LIKHITHA,LIKHITHA INFRASTRUC LTD,223616.00,676.23,,,
SETFNIF50,SBI-ETF NIFTY 50,418208.00,1104.58,,,
HEIDELBERG,HEIDELBERGCEMENT (I) LTD,829109.00,1776.44,,,
THOMASCOOK,THOMAS COOK  (INDIA)  LTD,2930515.00,5009.09,,,
CEIGALL,CEIGALL INDIA LIMITED,655877.00,1801.63,,,
RATEGAIN,RATEGAIN TRAVEL TECHN LTD,2448959.00,14041.19,,,
TALBROAUTO,TALBROS AUTO. COMP. LTD,214522.00,666.34,,,
DEN,DEN NETWORKS LTD,3179579.00,1278.93,,,
MGL,MAHANAGAR GAS LTD.,701160.00,9896.36,,,
IONEXCHANG,ION EXCHANGE (INDIA) LTD,813688.00,4167.76,,,
UNIPARTS,UNIPARTS INDIA LIMITED,192451.00,821.32,,,
SOBHA,SOBHA LIMITED,277242.00,4383.69,,,
BALKRISIND,BALKRISHNA IND. LTD,150077.00,3806.39,,,
RATNAMANI,RATNAMANI MET & TUB LTD.,41562.00,1119.01,,,
MUTHOOTMF,MUTHOOT MICROFIN LIMITED,644424.00,1024.69,,,
NUVAMA,NUVAMA WEALTH MANAGE LTD,175791.00,12100.24,,,
RAJESHEXPO,RAJESH EXPORTS LTD,1829514.00,4024.96,,,
GANESHHOU,GANESH HOUSING LIMITED,457176.00,4375.81,,,
PTCIL,PTC INDUSTRIES LIMITED,34049.00,5039.01,,,
VESUVIUS,VESUVIUS INDIA LTD,221797.00,1206.98,,,
GLOBUSSPR,GLOBUS SPIRITS LTD,165145.00,1855.73,,,
LTTS,L&T TECHNOLOGY SER. LTD.,248473.00,11034.92,,,
AJAXENGG,AJAX ENGINEERING LIMITED,141547.00,944.46,,,
KAJARIACER,KAJARIA CERAMICS LTD,523175.00,6085.75,,,
CLSEL,CHAMAN LAL SETIA EXP LTD,235749.00,724.98,,,
DIAMONDYD,PRATAAP SNACKS LIMITED,834538.00,8564.02,,,
CHOICEIN,CHOICE INTERNATIONAL LTD,1587658.00,12081.36,,,
MADRASFERT,MADRAS FERTILISERS LTD,520992.00,494.57,,,
PRUDENT,PRUDENT CORP ADV SER LTD,27944.00,747.36,,,
SHK,S H KELKAR AND CO. LTD.,700009.00,1727.56,,,
AIIL,AUTHUM INVEST & INFRA LTD,71757.00,2029.06,,,
GALAPREC,GALA PRECISION ENG LTD,49360.00,465.98,,,
NAVINFLUOR,NAVIN FLUORINE INT. LTD,93405.00,4331.11,,,
JUNIPER,JUNIPER HOTELS LIMITED,110119.00,358.34,,,
ESTER,ESTER INDUSTRIES LTD,341395.00,458.65,,,
RUPA,RUPA & COMPANY LTD,515086.00,1152.66,,,
SANATHAN,SANATHAN TEXTILES LIMITED,78824.00,396.14,,,
PGHH,P&G HYGIENE & HEALTH CARE,5480.00,764.06,,,
UGARSUGAR,THE UGAR SUGAR WORKS LTD,298673.00,153.62,,,
DEEPINDS,DEEP INDUSTRIES LIMITED,538813.00,2692.04,,,
SHREECEM,SHREE CEMENT LIMITED,11165.00,3319.46,,,
THELEELA,SCHLOSS BANGALORE LIMITED,129840.00,558.38,,,
CANTABIL,CANTABIL RETAIL LTD,1153518.00,3081.90,,,
UNIVCABLES,UNIVERSAL CABLES LTD,249425.00,1641.80,,,
MAHSCOOTER,MAHARASHTRA SCOOTERS LTD,11271.00,1605.04,,,
SUDARSCHEM,SUDARSHAN CHEM IND LTD,226218.00,2728.96,,,
SPENCERS,SPENCER'S RETAIL LIMITED,381552.00,298.08,,,
NELCAST,NELCAST LIMITED,92167.00,142.50,,,
AUTOBEES,NIPPONAMC - NETFAUTO,272240.00,732.80,,,
MANGLMCEM,MANGALAM CEMENT LTD,898262.00,6891.95,,,
MASTERTR,MASTER TRUST LIMITED,921146.00,1367.44,,,
HNDFDS,HINDUSTAN FOODS LIMITED,64233.00,354.00,,,
CAMLINFINE,CAMLIN FINE SCIENCES LTD,1669652.00,3465.70,,,
ADOR,ADOR WELDING LTD,24583.00,265.55,,,
VETO,VETO SWITCHGEAR CABLE LTD,14875.00,18.07,,,
ABAN,ABAN OFFSHORE LTD.,750.00,0.58,,,
HONASA,HONASA CONSUMER LIMITED,464326.00,1343.49,,,
ADFFOODS,ADF FOODS LIMITED,781500.00,2031.10,,,
PSUBNKIETF,ICICIPRAMC - PSUBANKICI,376944.00,274.16,,,
NEXT50IETF,ICICIPRAMC - ICICINXT50,954077.00,690.96,,,
CARERATING,CARE RATINGS LIMITED,145310.00,2603.16,,,
ASHIANA,ASHIANA HOUSING LTD,99030.00,310.90,,,
BBNPPGOLD,BARODABNP - BBNPPGOLD,5207.00,5.79,,,
GSLSU,GLOBAL SURFACES LIMITED,195277.00,276.79,,,
SOLARA,SOLARA ACTIVE PHA SCI LTD,118269.00,752.71,,,
MUKKA,MUKKA PROTEINS LIMITED,616165.00,193.53,,,
HPAL,HP ADHESIVES LIMITED,113199.00,90.97,,,
INFOBEAN,INFOBEANS TECHNO. LTD.,17376.00,100.87,,,
BALAJEE,SHREE TIRUPATI BALAJEE L,122184.00,67.54,,,
EIMCOELECO,EIMCO ELECON (INDIA) LTD,36291.00,799.61,,,
ALBERTDAVD,ALBERT DAVID LIMITED,3866.00,31.85,,,
ARIES,ARIES AGRO LTD.,111959.00,445.14,,,
HILINFRA,HIGHWAY INFRASTRUCTURE L,40728.00,33.54,,,
DEVIT,DEV INFO TECHNOLOGY LTD,27642.00,13.83,,,
VLEGOV,VL E GOV AND IT SOL LTD,16856.00,5.55,,,
HARRMALAYA,HARRISONS MALAYALAM,9039.00,19.44,,,
STCINDIA,THE STATE TRADING CORPN,13896.00,20.13,,,
LAMBODHARA,LAMBODHARA TEXTILES LTD.,10304.00,14.82,,,
PDMJEPAPER,PUDUMJEE PAPER PRO. LTD,95311.00,123.54,,,
MODISONLTD,MODISON LIMITED,69346.00,117.08,,,
SAHYADRI,SAHYADRI INDUSTRIES LTD,1681.00,5.03,,,
GTPL,GTPL HATHWAY LIMITED,36278.00,47.33,,,
JASH,JASH ENGINEERING LIMITED,275835.00,1523.24,,,
SGLTL,STANDARD GLASS LIN TECH L,102008.00,179.67,,,
AXITA,AXITA COTTON LIMITED,52134.00,6.75,,,
JSLL,JEENA SIKHO LIFECARE LTD,43805.00,345.15,,,
SIKKO,SIKKO INDUSTRIES LIMITED,4103.00,3.51,,,
IFGLEXPOR,IFGL REFRACTORIES LIMITED,47150.00,140.85,,,
BLUESTONE,BLUESTONE JEWEL LFSTL LTD,138751.00,962.55,,,
BCONCEPTS,BRAND CONCEPTS LIMITED,916.00,4.08,,,
ATAM,ATAM VALVES LIMITED,1889.00,1.85,,,
KAKATCEM,KAKATIYA CEM SUGAR &IND L,607.00,1.11,,,
PRITI,PRITI INTERNATIONAL LTD,1416.00,1.25,,,
ASMS,BARTRONICS INDIA LIMITED,35629.00,5.59,,,
HMVL,HINDUSTAN MEDIA VENT LTD,25442.00,22.68,,,
DBOL,DHAMPUR BIO ORGANICS LTD,64527.00,59.01,,,
RELINFRA,RELIANCE INFRASTRUCTU LTD,147669.00,356.90,,,
PRIMESECU,PRIME SECURITIES LIMITED,885697.00,2472.74,,,
RAMCOSYS,RAMCO SYSTEMS LTD.,29725.00,149.37,,,
HITECHCORP,HITECH CORPORATION LTD,1415.00,2.95,,,
TRF,TRF LIMITED,24104.00,92.51,,,
LOVABLE,LOVABLE LINGERIE LTD,6055.00,7.76,,,
MOMENTUM50,MOTILALAMC - MOMENTUM50,1971070.00,1027.02,,,
PAVNAIND,PAVNA INDUSTRIES LIMITED,26190.00,11.51,,,
DIVOPPBEES,NIP IND ETF DIV OPP,153678.00,125.09,,,
NIFTYBETF,BFAM - NIFTYBETF,1336.00,3.40,,,
LICNETFGSC,LICNAMC - LICNMFET,6782.00,1.92,,,
SETFNIFBK,SBI-ETF NIFTY BANK,15502.00,88.30,,,
DYNPRO,DYNEMIC PRODUCTS LIMITED,4810.00,17.26,,,
HDFCPVTBAN,HDFCAMC - HDFCPVTBAN,62820.00,17.28,,,
MIDCAP,KOTAKMAMC - KOTAKMID50,75197.00,125.27,,,
BSLSENETFG,BIRLASLAMC - BSLSENETFG,840.00,0.69,,,
DPWIRES,D P WIRES LIMITED,30026.00,83.73,,,
AONETOTAL,AONEAMC - AONETOTAL,965785.00,113.35,,,
BEDMUTHA,BEDMUTHA INDUST LTD,8083.00,11.64,,,
AVG,AVG LOGISTICS LIMITED,2101.00,5.75,,,
PATINTLOG,PATEL INT. LOG. LTD,101510.00,17.43,,,
ALICON,ALICON CASTALLOY LIMITED,8210.00,85.70,,,
PLAZACABLE,PLAZA WIRES LIMITED,2705.00,1.68,,,
SBIBPB,SBIAMC - SBIBPB,2749.00,1.18,,,
CHEMBOND,CHEMBOND MATERIALTECH LTD,573.00,3.16,,,
LIQUIDPLUS,MIRAEAMC - LIQUIDPLUS,79.00,0.83,,,
AKSHARCHEM,AKSHARCHEM INDIA LIMITED,250.00,0.77,,,
EMMBI,EMMBI INDUSTRIES LIMITED,1351.00,1.67,,,
APOLSINHOT,APOLLO SINDOORI HOTEL LTD,501.00,8.37,,,
PASHUPATI,PASHUPATI COTSPIN LIMITED,710.00,5.07,,,
NACLIND,NACL INDUSTRIES LIMITED,2884.00,2.92,,,
TTKHLTCARE,TTK HEALTHCARE LIMITED,1832.00,24.55,,,
PLASTIBLEN,PLASTIBLENDS INDIA LIMITE,3680.00,7.34,,,
DIGISPICE,DIGISPICE TECHNOLOGIES LT,791.00,0.26,,,
CENTRUM,CENTRUM CAPITAL LIMITED,12627.00,4.67,,,
JITFINFRA,JITF INFRALOGISTICS LTD,7668.00,31.12,,,
INDSWFTLAB,IND SWIFT LABORATORIES LT,17.00,0.02,,,
SRD,SHANKAR LAL RAMPAL LTD,100538.00,85.44,,,
SAKAR,SAKAR HEALTHCARE LTD.,1252.00,3.18,,,
INNOVANA,INNOVANA THINKLABS LTD.,203.00,0.65,,,
NRL,NUPUR RECYCLERS LIMITED,55472.00,42.68,,,
MEIL,MANGAL ELECTRICAL IND L,12781.00,59.66,,,
IWEL,INOX WIND ENERGY LIMITED,5.00,0.48,,,
BHANDARI,BHANDARI HOSIERY EXP LTD,891782.00,46.17,,,
NATHBIOGEN,NATH BIO-GENES (I) LTD,2200.00,4.88,,,
VENUSREM,VENUS REMEDIES LIMITED,250.00,0.85,,,
SML100CASE,ZERODHAAMC - SML100CASE,1430.00,0.14,,,
MITTAL,MITTAL LIFE STYLE LIMITED,8111.00,0.13,,,
WEALTH,WEALTH FRST PORT. MG. LTD,462.00,5.52,,,
ANDREWYU,ANDREW YULE & CO LTD,3900.00,1.04,,,
SCI,SHIPPING CORP OF INDIA LT,7623907.00,17446.80,,,
LLOYDSENT,LLOYDS ENTERPRISES LTD,39344704.00,26213.81,,,
BCLIND,BCL INDUSTRIES LIMITED,1552597.00,698.21,,,
ELECTCAST,ELECTROSTEEL CASTINGS LTD,7675794.00,8830.42,,,
GPIL,GODAWARI POW & ISP LTD,7959795.00,17727.81,,,
JAYNECOIND,JAYASWAL NECO INDUSTR LTD,6201943.00,3528.99,,,
VAIBHAVGBL,VAIBHAV GLOBAL LIMITED,1098072.00,2824.88,,,
AEROENTER,AEROFLEX ENTERPRISES LTD,976532.00,1007.39,,,
GRSE,GARDEN REACH SHIP&ENG LTD,1446660.00,38092.54,,,
POCL,PONDY OXIDES & CHEM LTD,298393.00,3594.82,,,
MAZDOCK,MAZAGON DOCK SHIPBUIL LTD,3514878.00,108417.94,,,
BEL,BHARAT ELECT LTD-DEPO SET,22819515.00,87604.50,,,
COCHINSHIP,COCHIN SHIPYARD LIMITED,2686258.00,54357.80,,,
IPCALAB,IPCA LABS LTD,136725.00,1970.53,,,
J&KBANK,J & K BANK LTD.,18555971.00,19911.60,,,
ZEEL,ZEEL NPP 090699 DEPO,35731427.00,47221.10,,,
ANANTRAJ,ANANT RAJ LIMITED,7377790.00,49442.38,,,
SEPC,SEPC LIMITED,13164275.00,1985.98,,,
TRIDENT,TRIDENT LIMITED,28303170.00,9117.04,,,
INFY,INFOSYS LIMITED,4293410.00,66227.82,,,
PROTEAN,PROTEAN EGOV TECHNO LTD,1184702.00,11598.96,,,
SANDUMA,SANDUR MANG & IRON ORES L,2282069.00,4210.75,,,
EDELWEISS,EDELWEISS FIN SERV LTD,16964497.00,18523.93,,,
HEALTHIETF,ICICIPRAMC - ICICIPHARM,108406.00,160.83,,,
BAJFINANCE,BAJAJ FINANCE LIMITED,2874524.00,27046.72,,,
NETWORK18,NETWORK18 MEDIA & INV LTD,18851100.00,10740.11,,,
ALLCARGO,ALLCARGO LOGISTICS LTD,14815868.00,5544.69,,,
CGCL,CAPRI GLOBAL CAPITAL LTD,4699872.00,8469.20,,,
IRCON,IRCON INTERNATIONAL LTD,16857639.00,34208.93,,,
ASHAPURMIN,ASHAPURA MINECHEM LTD,1524363.00,7376.13,,,
CUPID,CUPID LIMITED,20547811.00,29965.69,,,
IDEA,VODAFONE IDEA LIMITED,489554522.00,38293.70,,,
ITBEES,NIP IND ETF IT,19354951.00,7638.09,,,
APOLLOPIPE,APOLLO PIPES LIMITED,382142.00,1651.37,,,
BOROSCI,BOROSIL SCIENTIFIC LTD,62372.00,93.16,,,
GATEWAY,GATEWAY DISTRIPARKS LTD,5295587.00,3639.92,,,
MUNJALAU,MUNJAL AUTO IND. LTD.,535226.00,547.82,,,
ULTRACEMCO,ULTRATECH CEMENT LIMITED,108896.00,13324.92,,,
WIPRO,WIPRO LTD,8254576.00,21049.38,,,
ADANIENSOL,ADANI ENERGY SOLUTION LTD,1590088.00,13995.66,,,
AARTIDRUGS,AARTI DRUGS LTD.,259878.00,1337.09,,,
DCMSRIND,DCM SHRIRAM IND LTD,550568.00,1009.87,,,
DWARKESH,DWARIKESH SUGAR IND LTD,2511836.00,1349.27,,,
LANCORHOL,LANCOR HOLDINGS LIMITED,23786.00,6.12,,,
MEDICAMEQ,MEDICAMEN BIOTECH LIMITED,20581.00,92.55,,,
TIMETECHNO,TIME TECHNOPLAST LTD.,2316158.00,5247.35,,,
DRREDDY,DR. REDDY'S LABORATORIES,522362.00,6704.98,,,
REFEX,REFEX INDUSTRIES LIMITED,410978.00,1633.97,,,
DOMS,DOMS INDUSTRIES LIMITED,119759.00,3176.15,,,
KNRCON,KNR CONSTRU LTD.,6104331.00,13923.57,,,
INDTERRAIN,IND TERRAIN FASHIONS LTD,17971.00,7.78,,,
KALYANKJIL,KALYAN JEWELLERS IND LTD,5515552.00,28947.66,,,
PRECAM,PRECISION CAMSHAFTS LTD.,672794.00,1486.35,,,
AXISBANK,AXIS BANK LIMITED,1843082.00,21339.96,,,
GVPIL,GE POWER INDIA LIMITED,530468.00,1876.90,,,
TRENT,TRENT LIMITED - DEPO,2159952.00,113415.28,,,
ZUARIIND,ZUARI INDUSTRIES LIMITED,273208.00,978.32,,,
NORTHARC,NORTHERN ARC CAPITAL LTD,3583766.00,9100.48,,,
PAKKA,PAKKA LIMITED,222800.00,398.25,,,
PARAGMILK,PARAG MILK FOODS LTD.,4133008.00,9292.53,,,
PNBHOUSING,PNB HOUSING FIN LTD.,1897333.00,17052.17,,,
GPTINFRA,GPT INFRAPROJECTS LTD,99512.00,121.74,,,
THEMISMED,THEMIS MEDICARE LTD.,175622.00,298.44,,,
GLAXO,GLAXOSMITHKLINE PHARMA LT,113052.00,3362.81,,,
OBEROIRLTY,OBEROI REALTY LIMITED,595076.00,10589.76,,,
BAJAJ-AUTO,BAJAJ AUTO LIMITED,457521.00,40596.80,,,
HINDWAREAP,HINDWARE HME INOVATON LTD,1388620.00,4064.87,,,
SOLARINDS,SOLAR INDUSTRIES (I) LTD,202829.00,29849.66,,,
VMM,VISHAL MEGA MART LIMITED,6268067.00,9111.15,,,
IXIGO,LE TRAVENUES TECHNOLOGY L,2559485.00,7018.28,,,
CREST,CREST VENTURES LIMITED,23185.00,100.40,,,
CENTRALBK,CENTRAL BANK OF INDIA,38457483.00,15928.58,,,
SILVER,BIRLASLAMC - SILVER,1286558.00,1526.13,,,
ATL,ALLCARGO TERMINALS LTD,963748.00,421.80,,,
NEWGEN,NEWGEN SOFTWARE TECH LTD,1229591.00,12449.96,,,
IDFCFIRSTB,IDFC FIRST BANK LIMITED,54887000.00,38480.68,,,
PATELRMART,PATEL RETAIL LIMITED,8215.00,18.71,,,
SHANTIGOLD,SHANTI GOLD INTERNATION L,802976.00,1746.65,,,
UJJIVANSFB,UJJIVAN SMALL FINANC BANK,22295287.00,10285.79,,,
ANANDRATHI,ANAND RATHI WEALTH LTD,78278.00,2093.53,,,
CONCOR,CONTAINER CORP OF INDIA,3725141.00,22166.77,,,
GENUSPAPER,GENUS P&B LIMITED,146090.00,30.90,,,
AFFORDABLE,AFFORD ROBO & AUTO LTD,7139.00,19.44,,,
GANECOS,GANESHA ECOSPHERE LIMITED,135572.00,2072.93,,,
SMALLCAP,MIRAEAMC - SMALLCAP,5166809.00,2405.49,,,
MOCAPITAL,MOTILALAMC - MOCAPITAL,858733.00,382.26,,,
THEJO,THEJO ENGINEERING LIMITED,4835.00,100.95,,,
TINNARUBR,TINNA RUBBER AND INFR LTD,18565.00,180.53,,,
TIPSMUSIC,TIPS MUSIC LIMITED,587234.00,3664.04,,,
GREENPLY,GREENPLY INDUSTRIES LTD,368560.00,1157.12,,,
HATHWAY,HATHWAY CABLE & DATACOM,29346927.00,4610.47,,,
PARKHOTELS,PARKHOTELS,4175165.00,6449.87,,,
FINPIPE,FINOLEX INDUSTRIES LTD,2865142.00,6429.06,,,
KALPATARU,KALPATARU LIMITED,24588.00,97.31,,,
ACI,ARCHEAN CHEMICAL IND LTD,301402.00,1997.28,,,
GRASIM,GRASIM IND LTD.,290434.00,7796.11,,,
PVRINOX,PVR INOX LIMITED,648674.00,7544.93,,,
NAUKRI,INFO EDGE (I) LTD,452593.00,6543.54,,,
TITAN,TITAN COMPANY LIMITED,462236.00,16177.98,,,
BAJAJHLDNG,BAJAJ HOLDINGS & INVS LTD,65124.00,8466.99,,,
PSB,PUNJAB & SIND BANK,10385034.00,3439.84,,,
AVALON,AVALON TECHNOLOGIES LTD,240193.00,2348.08,,,
UGROCAP,SEC RED NCD 10.03%,581090.00,1055.12,,,
RICOAUTO,RICO AUTO INDUSTRIES LTD,1223125.00,1227.61,,,
DABUR,DABUR INDIA LTD,1989902.00,10394.33,,,
RAIN,RAIN INDUSTRIES LIMITED,4996760.00,7528.16,,,
NELCO,NELCO LTD,438134.00,4201.89,,,
JSWENERGY,JSW ENERGY LIMITED,5153486.00,27601.84,,,
EIHOTEL,EIH LIMITED,783153.00,3118.58,,,
HITECH,HI-TECH PIPES LIMITED,7287157.00,8389.49,,,
DCMSHRIRAM,DCM SHRIRAM LIMITED,175012.00,2272.94,,,
MUTHOOTFIN,MUTHOOT FINANCE LIMITED,81726.00,2353.34,,,
SRF,SRF LTD,160108.00,4814.48,,,
JUBLFOOD,JUBILANT FOODWORKS LTD,1977607.00,13011.97,,,
SULA,SULA VINEYARDS LIMITED,2348430.00,7380.59,,,
ELLEN,ELLENBARRIE INDUS GASES L,395654.00,2088.04,,,
JKIL,JKUMAR INFR.LTD.,622741.00,4320.91,,,
JYOTHYLAB,JYOTHY LABS LIMITED,1439611.00,5135.45,,,
VEEDOL,VEEDOL CORPORATION LTD,57690.00,1084.13,,,
BALRAMCHIN,BALRAMCHINNPP310100DEPO,946199.00,4979.64,,,
NAVA,NAVA LIMITED,1760903.00,10690.77,,,
VGUARD,V-GUARD IND LTD.,452844.00,1774.32,,,
AVTNPL,AVT NATURAL PRODUCTS LTD,45828.00,42.37,,,
SSWL,STEEL STRIPS WHEELS LTD.,798452.00,1891.37,,,
BALAMINES,BALAJI AMINES LIMITED,269002.00,4486.11,,,
JSL,JINDAL STAINLESS LIMITED,445540.00,3332.31,,,
AETHER,AETHER INDUSTRIES LIMITED,492384.00,3774.73,,,
ASAHIINDIA,ASAHI INDIA GLASS LIMITED,186413.00,1622.99,,,
GOLDIETF,ICICI PRUDENTIAL GOLD ETF,3802260.00,3714.28,,,
MANYAVAR,VEDANT FASHIONS LIMITED,746743.00,5719.46,,,
BANSALWIRE,BANSAL WIRE INDUSTRIES L,193866.00,784.60,,,
JCHAC,JOHNSON CONTROLS HITACHI,97328.00,1777.23,,,
RAINBOW,RAINBOW CHILDRENS MED LTD,180967.00,2628.10,,,
PIXTRANS,PIX TRANSMISSIONS LIMITED,41662.00,647.87,,,
SMLISUZU,SML ISUZU LIMITED,73159.00,2296.49,,,
TATACOMM,TATA COMMUNICATIONS LTD,353624.00,6024.13,,,
ORCHPHARMA,ORCHID PHARMA LIMITED,95023.00,746.25,,,
PURVA,PURAVANKARA LIMITED,691998.00,2000.78,,,
HDFCAMC,HDFC AMC LIMITED,112396.00,6071.26,,,
INNOVACAP,INNOVA CAPTAB LIMITED,72118.00,637.66,,,
SINDHUTRAD,SINDHU TRADE LINKS LTD,2500755.00,604.71,,,
MPSLTD,MPS LIMITED,100297.00,2290.56,,,
KRSNAA,KRSNAA DIAGNOSTICS LTD,199146.00,1663.71,,,
VENTIVE,VENTIVE HOSPITALITY LTD,1226069.00,9218.41,,,
GODIGIT,GO DIGIT GENERAL INS LTD,278460.00,995.84,,,
BSLNIFTY,ADITYBIRLA SL NIF ETF-GR,413700.00,119.53,,,
SHANTIGEAR,SHANTHI GEARS LTD,96777.00,551.16,,,
GSPL,GUJARAT STATE PETRO LTD,851111.00,2887.33,,,
ARTEMISMED,ARTEMIS MED SERVICE LTD,182565.00,470.23,,,
SIRCA,SIRCA PAINT INDIA LIMITED,1556958.00,6679.17,,,
CENTENKA,CENTURY ENKA LTD,57895.00,342.39,,,
LGBBROSLTD,LG BALAKRISHNAN & BROS,128410.00,1788.20,,,
PILANIINVS,PILANI INV & IND COR LTD,12588.00,685.48,,,
CREDITACC,CREDITACCESS GRAMEEN LTD,345179.00,4326.95,,,
LTGILTBEES,NIP IND ETF LONGTERM GILT,54424.00,15.65,,,
SESHAPAPER,SESHASAYEE PAPER & BOARDS,45441.00,136.04,,,
SASKEN,SASKEN TECHNOLOGIES LTD,58966.00,891.66,,,
TMB,TAMILNAD MERCA BANK LTD,313253.00,1395.80,,,
SILVERAG,MIRAEAMC - MASILVER,283182.00,355.90,,,
TCIEXP,TCI EXPRESS LIMITED,109027.00,899.62,,,
NRBBEARING,NRB BEARING LIMITED,492408.00,1459.72,,,
BANKBEES,NIP IND ETF BANK BEES,603331.00,3438.52,,,
BIRLACORPN,BIRLA JUTE & INDUSTRIES,288860.00,3807.91,,,
SPMLINFRA,SPML INFRA LIMITED,1256467.00,3421.58,,,
SCHAEFFLER,SCHAEFFLER INDIA LIMITED,58712.00,2387.05,,,
VSSL,VARDHMAN SPC STEEL LTD,62100.00,177.11,,,
CHALET,CHALET HOTELS LIMITED,163313.00,1605.38,,,
NIF100BEES,NIP IND ETF NIFTY 100,41818.00,113.03,,,
GALAXYSURF,GALAXY SURFACTANTS LTD,45144.00,1112.18,,,
SETFNN50,SBI-ETF NIFTY NEXT 50,32365.00,242.16,,,
GREENPANEL,GREENPANEL INDUSTRIES LTD,379537.00,1161.32,,,
MCLOUD,MAGELLANIC CLOUD LIMITED,4930955.00,3870.59,,,
SURAJEST,SURAJ ESTATE DEVELOPERS L,1194551.00,4003.53,,,
ANURAS,ANUPAM RASAYAN INDIA LTD,3262283.00,31369.68,,,
RAMRAT,RAM RATNA WIRES LIMITED,57865.00,392.35,,,
SMSPHARMA,SMS PHARMACEUTICALS LTD.,437936.00,1202.77,,,
BIRLAMONEY,ADITYA BIRLA MONEY LTD,49357.00,89.51,,,
REPRO,REPRO INDIA LIMITED,6383.00,34.01,,,
PEL,PIRAMAL ENTERPRISES LTD,294064.00,3451.01,,,
ITETF,MIRAEAMC - ITETF,811452.00,301.38,,,
XPROINDIA,XPRO INDIA LIMITED,102471.00,1264.14,,,
NIITMTS,NIIT LEARNING SYSTEMS LTD,177169.00,621.37,,,
MOMOMENTUM,MOSL NIFTY 200 MOMENTUM  30 ET,326843.00,219.09,,,
MANINDS,MAN INDUSTRIES (I) LTD.,574543.00,2217.36,,,
MGEL,MANGALAM GLOBAL ENT LTD,1316906.00,225.81,,,
PTL,PTL ENTERPRISES LIMITED,6806.00,2.78,,,
CAPITALSFB,CAPITAL SMALL FIN BANK L,106880.00,307.80,,,
VLSFINANCE,VLS FINANCE LTD.,61190.00,152.77,,,
ANTELOPUS,ANTELOPUS SELAN ENRGY LTD,114874.00,742.45,,,
OMAXE,OMAXE LIMITED,383413.00,366.88,,,
RKSWAMY,R K SWAMY LIMITED,85723.00,147.83,,,
PRAKASHSTL,PRAKASH STEELAGE LTD,1080.00,0.09,,,
DTIL,DHUNSERI TEA & IND. LTD.,4248.00,8.74,,,
TOKYOPLAST,TOKYO PLAST INTL LTD,5019.00,6.50,,,
IGCL,INDOGULF CROPSCIENCES LTD,403042.00,449.91,,,
BHAGERIA,BHAGERIA INDUSTRIES LTD,70893.00,134.31,,,
TARMAT,TARMAT LIMITED,7585.00,4.31,,,
PRITIKAUTO,PRITIKA AUTO INDUS LTD,53332.00,12.31,,,
TRIGYN,TRIGYN TECHNOLOGIES LTD,8126.00,8.15,,,
SAURASHCEM,SAURASHTRA CEMENT LIMITED,305604.00,354.89,,,
TVSELECT,TVS ELECTRONICS LTD,28558.00,175.70,,,
DCI,DC INFOTECH AND COMUN LTD,300.00,0.89,,,
BHAGCHEM,BHAGIRADHA CHEM & INDS L,593680.00,1739.82,,,
CCCL,CONS. CONST. CONSORT LTD,460472.00,113.98,,,
ABSLPSE,BIRLASLAMC-ABSLPSE,104898.00,10.51,,,
AIRAN,AIRAN LIMITED,68553.00,19.91,,,
AVROIND,AVRO INDIA LIMITED,200.00,0.30,,,
BASML,BANNARI AM SPIN MILL LTD.,72001.00,21.43,,,
VINYLINDIA,VINYL CHEMICALS (I) LTD.,13041.00,41.07,,,
SARLAPOLY,SARLA PERF. FIBERS LTD,15764.00,15.99,,,
AONENIFTY,AONEAMC - AONENIFTY,53692.00,5.47,,,
GROWWDEFNC,GROWWAMC - GROWWDEFNC,977951.00,804.56,,,
BUTTERFLY,BTRFLY GANDHI APPL LTD,8667.00,65.98,,,
SIGNPOST,SIGNPOST INDIA LIMITED,170954.00,429.78,,,
ESG,MIRAEAMC - MAESGETF,27825.00,11.99,,,
RPPL,RAJSHREE POLYPACK LTD,25240.00,6.39,,,
SBIETFQLTY,SBIAMC - SBIETFQLTY,3919.00,8.80,,,
SUNDROP,SUNDROP BRANDS LIMITED,77574.00,620.58,,,
GSEC5IETF,ICICIPRAMC - ICICI5GSEC,1448.00,0.92,,,
DIGIDRIVE,DIGIDRIVE DISTRIBUTORS L,5301.00,1.73,,,
BHAGYANGR,BHAGYANAGAR INDIA LIMITED,1000.00,0.97,,,
TNPETRO,TAMILNADU PETROPRODUCTS L,26001.00,22.72,,,
NECLIFE,NECTAR LIFESCIENCES LIMIT,3907.00,1.33,,,
SHREERAMA,SHREERAMANPP240200DEPO,50184.00,22.62,,,
ACL,ANDHRA CEMENTS LIMITED,62.00,0.04,,,
KAPSTON,KAPSTON SERVICES LIMITED,8.00,0.02,,,
GLOBECIVIL,GLOBE CIVIL PROJECTS LTD,134176.00,103.99,,,
VARDHACRLC,VARDHAMAN ACRYLICS LTD,1659.00,0.76,,,
PASUPTAC,PASUPATI ACRYLON LIMITED,1682.00,0.78,,,
IZMO,IZMO LIMITED,4733.00,29.25,,,
FOODSIN,FOODS & INNS LIMITED,17144.00,17.35,,,
GEECEE,GEECEE VENTURES LIMITED,200.00,0.77,,,
GEMAROMA,GEM AROMATICS LIMITED,30799.00,76.39,,,
OCCL,ORIENTAL CARBN & CHEM LTD,720.00,2.26,,,
COFFEEDAY,COFFEE DAY ENTERPRISE LTD,57653.00,28.25,,,
GROWWNET,GROWWAMC - GROWWNET,163181.00,17.43,,,
AONEGOLD,AONEAMC - AONEGOLD,21802.00,2.49,,,
MOLOWVOL,MOTILALAMC - MOLOWVOL,9285.00,3.48,,,
GROWWLOVOL,GROWWAMC - GROWWLOVOL,4674.00,0.49,,,
SRGHFL,SRG HOUSING FINANCE L,2.00,0.01,,,
PANCARBON,PANA CARBON IND CO LTD,100.00,0.50,,,
TEXRAIL,TEXMACO RAIL & ENG. LTD.,8946045.00,14914.55,,,
VBL,VARUN BEVERAGES LIMITED,9694933.00,48197.96,,,
NHPC,NHPC LTD,33337838.00,30417.18,,,
ITC,ITC LTD.,12619561.00,52846.35,,,
EKC,EVEREST KANTO CYLINDER LI,1304723.00,1949.62,,,
LLOYDSENGG,LLOYDS ENGG WORK LIMITED,18243698.00,12029.87,,,
PARADEEP,PARADEEP PHOSPHATES LTD,7062833.00,13615.56,,,
ORIENTHOT,ORIENT HOTELS LTD,2710799.00,3802.70,,,
GSS,GSS INFOTECH LIMITED,551422.00,155.93,,,
IEX,INDIAN ENERGY EXC LTD,8809113.00,14508.92,,,
SONATSOFTW,SONATA SOFTWARE LTD,1996355.00,8091.07,,,
TEJASNET,TEJAS NETWORKS LIMITED,4225514.00,30806.71,,,
INOXWIND,INOX WIND LIMITED,21681284.00,36223.71,,,
MRPL,MRPL,7445902.00,11598.08,,,
ARE&M,AMARA RAJA ENERGY MOB LTD,1542616.00,16494.29,,,
PCJEWELLER,PC JEWELLER LTD,72714102.00,10122.15,,,
BAJAJFINSV,BAJAJ FINSERV LTD.,975756.00,19494.39,,,
MSPL,MSP STEEL & POWER LTD.,1034332.00,381.24,,,
WABAG,VA TECH WABAG LTD,921668.00,13456.56,,,
LODHA,LODHA DEVELOPERS LIMITED,1891816.00,24010.58,,,
ALOKINDS,ALOK INDUSTRIES LIMITED,13928294.00,2764.79,,,
DMART,AVENUE SUPERMARTS LIMITED,296552.00,13253.76,,,
HDFCBANK,HDFC BANK LTD,3651354.00,34377.98,,,
CYIENTDLM,CYIENT DLM LIMITED,762641.00,3841.66,,,
PYRAMID,PYRAMID TECHNOPLAST LTD,40500.00,71.44,,,
SAREGAMA,SAREGAMA INDIA LIMITED,698660.00,3683.40,,,
ICICIBANK,ICICI BANK LTD.,2374348.00,32990.14,,,
HAL,HINDUSTAN AERONAUTICS LTD,2826217.00,134191.98,,,
INDUSINDBK,INDUSIND BANK LIMITED,4720925.00,38358.93,,,
TATAMOTORS,TATA MOTORS LIMITED,15619686.00,114349.31,,,
BSE,BSE LIMITED,3930377.00,93959.76,,,
WESTLIFE,WESTLIFE FOODWORLD LTD,83943.00,636.36,,,
MOTILALOFS,MOTILAL OSWAL FIN LTD,1393596.00,12176.43,,,
ASTRAL,ASTRAL LIMITED,977394.00,14751.01,,,
CHAMBLFERT,CHAMBAL FERTILIZERS LTD.,4785292.00,26516.28,,,
ITCHOTELS,ITC HOTELS LIMITED,6617892.00,15125.17,,,
JINDRILL,JINDAL DRILLING IND. LTD,487477.00,3284.73,,,
JKLAKSHMI,JK LAKSHMI CEMENT LTD,267453.00,2442.18,,,
KECL,KIRLOSKAR ELECTRIC CO LTD,221634.00,306.28,,,
NIITLTD,NIIT LIMITED,2899296.00,4165.30,,,
JMFINANCIL,JM FINANCIAL LIMITED,12034588.00,19544.72,,,
ASTRAMICRO,ASTRA MICROWAVE LTD,2017623.00,18362.59,,,
LTIM,LTIMINDTREE LIMITED,156064.00,8474.14,,,
WAAREEENER,WAAREE ENERGIES LIMITED,1674960.00,56957.07,,,
SYNCOMF,SYNCOM FORMU (I) LTD,231705.00,43.96,,,
ATULAUTO,ATUL AUTO LIMITED,266851.00,1367.95,,,
GODREJPROP,GODREJ PROPERTIES LTD,1131498.00,25362.80,,,
GABRIEL,GABRIEL INDIA LTD,178104.00,1775.03,,,
BOSCHLTD,BOSCH LIMITED,14017.00,5514.28,,,
INTELLECT,INTELLECT DESIGN ARENA,487004.00,4922.68,,,
SIEMENS,SIEMENS LTD,362233.00,12682.37,,,
SWANCORP,SWAN CORP LIMITED,6449915.00,32324.36,,,
BSOFT,BIRLASOFT LIMITED,5277357.00,23106.12,,,
PANACEABIO,PANACEA BIOTEC LTD.,377622.00,1577.19,,,
SHALPAINTS,SHALIM PAINTS LTD,905124.00,874.46,,,
DBEIL,DEEPAK BUILDERS & ENG I L,153350.00,275.11,,,
APOLLOHOSP,APOLLO HOSPITALS ENTER. L,110961.00,8403.98,,,
HDFCLIFE,HDFC LIFE INS CO LTD,928575.00,7056.11,,,
INDIGO,INTERGLOBE AVIATION LTD,486583.00,27354.50,,,
CUB,CITY UNION BANK LTD,1300599.00,2649.90,,,
SUBEXLTD,SUBEX LTD,775799.00,129.25,,,
TFCILTD,TOURISM FINANCE CORP. OF,56563267.00,29888.54,,,
AMBER,AMBER ENTERPRISES (I) LTD,147400.00,11610.80,,,
REPCOHOME,REPCO HOME FINANCE LTD,924084.00,3806.94,,,
MVGJL,MANOJ VAIBHAV GEM N JEW L,276218.00,622.65,,,
COFORGE,COFORGE LIMITED,1055078.00,18288.44,,,
IGL,INDRAPRASTHA GAS LTD,1855417.00,4052.37,,,
ITDC,INDIA TOUR. DEV. CO. LTD.,225911.00,1489.29,,,
SCHAND,S CHAND AND COMPANY LTD,136762.00,292.31,,,
ARVIND,ARVIND LIMITED,1343359.00,4519.17,,,
DEVYANI,DEVYANI INTERNATIONAL LTD,9722455.00,16951.33,,,
EASEMYTRIP,EASY TRIP PLANNERS LTD,67708118.00,8367.17,,,
FIVESTAR,FIVE-STAR BUS FIN LTD,2089019.00,12400.40,,,
MIDQ50ADD,DSPAMC - DSPQ50ETF,29219.00,74.24,,,
SMLT,SARTHAK METALS LIMITED,4221.00,4.76,,,
PETRONET,PETRONET LNG LIMITED,2385309.00,7128.06,,,
POLYMED,POLY MEDICURE LIMITED,306554.00,6672.97,,,
JUBLPHARMA,JUBILANT PHARMOVA LTD,474102.00,5300.47,,,
FACT,FERT & CHEM TRAVANCORE,752979.00,7429.93,,,
KPIL,KALPATARU PROJECT INT LTD,188103.00,2311.80,,,
KARURVYSYA,KARUR VYSYA BANK LTD,2912225.00,6259.30,,,
KOTAKBANK,KOTAK MAHINDRA BANK LTD,336429.00,7040.00,,,
VOLTAS,VOLTAS LTD,496108.00,6997.30,,,
BRIGADE,BRIGADE ENTER. LTD,760793.00,7847.07,,,
NIVABUPA,NIVA BUPA HEALTH INS CO L,6621157.00,5616.89,,,
OIL,OIL INDIA LTD,3567845.00,16116.58,,,
NSIL,NALWA SONS INVESTMENT LTD,26520.00,2032.23,,,
TI,TILAKNAGAR INDUSTRIES LTD,3522870.00,15650.08,,,
SHARDAMOTR,SHARDA MOTOR INDS LTD,129294.00,1380.12,,,
ASKAUTOLTD,ASK AUTOMOTIVE LIMITED,309914.00,1612.42,,,
JKPAPER,JK PAPER LIMITED,733918.00,3015.00,,,
MPHASIS,MPHASIS LIMITED,194909.00,5536.62,,,
SHRIRAMFIN,SEC RED NCD 9.50% SR. IV,3609670.00,23732.52,,,
RADHIKAJWE,RADHIKA JEWELTECH LIMITED,451848.00,434.65,,,
SJS,SJS ENTERPRISES LIMITED,156108.00,2039.47,,,
SUPRIYA,SUPRIYA LIFESCIENCE LTD,453005.00,3183.33,,,
MAYURUNIQ,MAYUR UNIQUOTERS LTD,146634.00,816.37,,,
ZYDUSWELL,ZYDUS WELLNESS LIMITED,264377.00,1205.27,,,
MAMATA,MAMATA MACHINERY LIMITED,529165.00,2554.51,,,
TTKPRESTIG,TTK PRESTIGE LTD,105073.00,727.64,,,
VTL,VARDHMAN TEXTILES LIMITED,674638.00,3184.17,,,
UNOMINDA,UNO MINDA LIMITED,363234.00,4577.57,,,
APARINDS,APAR INDUSTRIES LIMITED,74899.00,6182.54,,,
TASTYBITE,TASTY BITE EATABLES LTD,7964.00,865.98,,,
INDUSTOWER,INDUS TOWERS LIMITED,5262967.00,18435.56,,,
TDPOWERSYS,TD POWER SYSTEMS LTD.,716050.00,3769.58,,,
BLISSGVS,BLISS GVS PHARMA LTD,693387.00,1122.67,,,
PFOCUS,PRIME FOCUS LIMITED,1267237.00,2287.75,,,
WELCORP,WELSPUN CORP LIMITED,1584773.00,13437.55,,,
CIEINDIA,CIE AUTOMOTIVE INDIA LTD,568459.00,2568.47,,,
VSTIND,VST INDUSTRIES LTD,1316918.00,3933.63,,,
PFIZER,PFIZER LTD,55705.00,3003.05,,,
HATSUN,HATSUN AGRO PRODUCT LTD.,55588.00,527.24,,,
PNBGILTS,PNB GILTS LIMITED,3630688.00,3836.08,,,
PNGJL,P N GADGIL JEWELLERS LTD,671101.00,4156.23,,,
WINDLAS,WINDLAS BIOTECH LIMITED,225492.00,2055.70,,,
HIMATSEIDE,HIMATSINGKA SEIDE LTD,2850988.00,4240.90,,,
MANINFRA,MAN INFRA LTD,1800215.00,3189.90,,,
EXICOM,EXICOM TELE SYSTEMS LTD,746650.00,1254.89,,,
SPANDANA,SPANDANA SPHOORTY FIN LTD,711304.00,2471.64,,,
MONARCH,MONARCH NETWORTH CAP LTD,357256.00,1288.28,,,
KDDL,KDDL LIMITED,32165.00,881.57,,,
KIRLOSBROS,KIRLOSKAR BROTHERS LTD,187596.00,3958.23,,,
DSSL,DYNACONS SYS & SOLN LTD,100568.00,1088.35,,,
TARSONS,TARSONS PRODUCTS LIMITED,1509209.00,5574.68,,,
KOLTEPATIL,KOLTE PATIL DEV. LTD.,319565.00,1414.88,,,
TAJGVK,TAJ GVK HOTELS & RESORTS,1027710.00,4521.80,,,
CRAFTSMAN,CRAFTSMAN AUTOMATION LTD,24265.00,1482.55,,,
ARVINDFASN,ARVIND FASHIONS LIMITED,469071.00,2481.39,,,
PFS,PTC INDIA FIN SERV LTD,1987234.00,806.20,,,
CHEMPLASTS,CHEMPLAST SANMAR LIMITED,215673.00,967.43,,,
RSYSTEMS,R SYS INTERNATIONAL LTD,439891.00,2000.14,,,
ARMANFIN,ARMAN FIN SERV LTD,63449.00,1003.32,,,
WHIRLPOOL,WHIRLPOOL OF INDIA LTD,215845.00,2792.00,,,
KTKBANK,KARNATAKABANK-,15181645.00,28344.37,,,
AJMERA,AJMERA REALTY & INF I LTD,198567.00,1902.01,,,
ORIENTPPR,ORIENT PAPER AND INDS LTD,3437138.00,1152.72,,,
AJANTPHARM,AJANTA PHARMA LIMITED,82755.00,2206.27,,,
KSL,KALYANI STEELS LIMITED,279128.00,2418.06,,,
KCP,KCP LTD,1376922.00,2994.60,,,
AVL,ADITYA VISION LIMITED,129650.00,681.06,,,
JKCEMENT,JK CEMENT LIMITED,38436.00,2578.20,,,
GILLETTE,GILLETTE INDIA LTD,32073.00,3165.36,,,
CEMPRO,CEMINDIA PROJECTS LIMITED,935834.00,6846.50,,,
IGPL,I G PETROCHEMICALS LTD,98538.00,517.88,,,
STYLEBAAZA,BAAZAR STYLE RETAIL LTD,762074.00,2654.14,,,
GROWWRAIL,GROWWAMC - GROWWRAIL,2067054.00,752.36,,,
TEAMLEASE,TEAMLEASE SERVICES LTD.,95105.00,1933.35,,,
FMGOETZE,FEDERAL-MOGUL GOETZE (IND,109874.00,572.49,,,
MMFL,MM FORGINGS LTD,275031.00,1003.51,,,
DALBHARAT,DALMIA BHARAT LIMITED,50075.00,1128.84,,,
ECOSMOBLTY,ECOS (INDIA) MOB & HOSP L,267805.00,760.73,,,
HDFCNEXT50,HDFCAMC - HDFCNEXT50,113082.00,77.97,,,
NIFTYIETF,ICICI PRUD NIFTY ETF,514896.00,1413.24,,,
SATIN,SATIN CREDIT NET LTD,429710.00,695.10,,,
GOLDCASE,ZERODHAAMC - GOLDCASE,2159980.00,387.32,,,
DYNAMATECH,DYNAMATIC TECHNOLOGIES,78313.00,5478.73,,,
CARRARO,CARRARO INDIA LIMITED,73585.00,337.10,,,
STAR,STRIDES PHARMA SCI LTD,857795.00,6787.90,,,
HDFCMOMENT,HDFCAMC - HDFCMOMENT,592885.00,190.90,,,
SANOFICONR,SANOFI CONS HEALTHC IND L,2746.00,140.12,,,
BHARATRAS,BHARAT RASAYAN LTD,10123.00,1077.83,,,
PVTBANKADD,DSPAMC - DSPPVBKETF,35574.00,9.64,,,
CPPLUS,ADITYA INFOTECH LIMITED,50929.00,694.50,,,
INFRAIETF,ICICIPRAMC - ICICIINFRA,164371.00,154.07,,,
BIRLACABLE,BIRLA CABLE LIMITED,13752.00,25.74,,,
MMP,MMP INDUSTRIES LIMITED,33511.00,94.03,,,
SHRIPISTON,SHRIRAM PIST. & RING LTD,53467.00,1358.43,,,
SBISILVER,SBIAMC - SBISILVER,563262.00,772.12,,,
ALLTIME,ALL TIME PLASTICS LIMITED,145960.00,417.68,,,
VERANDA,VERANDA LEARNING SOL LTD,6156316.00,14193.54,,,
EVINDIA,MIRAEAMC - EVINDIA,241626.00,73.99,,,
MASPTOP50,MIRAEAMC - MASPTOP50,499146.00,310.39,,,
HEUBACHIND,HEUBACH COLORANTS IND LTD,31705.00,178.30,,,
MIDSMALL,MIRAEAMC - MIDSMALL,1264203.00,614.74,,,
JLHL,JUPITER LIFE LINE HOSP L,16428.00,244.19,,,
JAGRAN,JAGRAN PRAKASHAN LIMITED,729175.00,539.91,,,
BIGBLOC,BIGBLOC CONSTRUCTION LTD,70674.00,69.04,,,
SUMMITSEC,SUMMIT SECURITIES LTD,16931.00,364.20,,,
ALLDIGI,ALLDIGI TECH LIMITED,32310.00,251.70,,,
ARIHANTSUP,ARIHANT SUPERSTRUCT LTD,183153.00,776.50,,,
DONEAR,DONEAR IND. LIMITED,32764.00,34.47,,,
SAGCEM,SAGAR CEMENTS LIMITED,270693.00,724.96,,,
CORDSCABLE,CORDS CABLE INDUS LTD.,6535.00,12.40,,,
ROSSTECH,ROSSELL TECHSYS LIMITED,73815.00,541.18,,,
NATCAPSUQ,NATURAL CAPSULES LIMITED,11200.00,31.07,,,
SAKHTISUG,SAKTHI SUGARS LTD,1077557.00,454.26,,,
GOLDTECH,AION-TECH SOLUTIONS LTD,1700.00,1.15,,,
NILAINFRA,NILA INFRASTRUCTURES LTD,61167.00,7.68,,,
VSTL,VIBHOR STEEL TUBES LTD,9003.00,16.28,,,
MATRIMONY,MATRIMONY.COM LIMITED,17830.00,115.87,,,
LANCER,LANCER CONTAINER LINE LTD,2000.00,0.25,,,
STLNETWORK,STL NETWORKS LIMITED,390474.00,114.91,,,
HCL-INSYS,HCL INFOSYSTEMS LTD,100325.00,15.81,,,
BRNL,BHARAT ROAD NETWORK LTD,1907.00,0.43,,,
NDRAUTO,NDR AUTO COMPONENTS LTD,31013.00,335.83,,,
AGRITECH,AGRI-TECH (INDIA) LIMITED,3499.00,6.57,,,
AURUM,AURUM PROPTECH LIMITED,149441.00,284.38,,,
MINDTECK,MINDTECK (INDIA) LIMITED,6353.00,18.18,,,
SANGAMIND,SANGAM (INDIA) LTD.,19468.00,88.39,,,
STEELCITY,STEEL CITY SECURITIES LTD,513.00,0.52,,,
NILKAMAL,NILKAMAL LIMITED,6819.00,119.27,,,
URJA,URJA GLOBAL LIMITED,288714.00,41.78,,,
AARON,AARON INDUSTRIES LIMITED,891.00,2.16,,,
AXISTECETF,AXISAMC - AXISTECETF,13206.00,52.47,,,
THEINVEST,THE INVEST TRUST OF IND L,1715.00,2.42,,,
NAHARPOLY,NAHAR POLY FILMS LIMITED,1092.00,3.24,,,
AMANTA,AMANTA HEALTHCARE LIMITED,1742.00,2.39,,,
VISHWARAJ,VISHWARAJ SUGAR IND LTD,194818.00,23.14,,,
PSUBANK,KOTAK PSU BANK,25646.00,184.75,,,
BSHSL,BOMBAY SUPER HYBRID SEEDS,10584.00,15.53,,,
CHEMFAB,CHEMFAB ALKALIS LIMITED,7193.00,50.28,,,
LOKESHMACH,LOKESH MACHINES LTD,1983.00,5.49,,,
COASTCORP,COASTAL CORPORATION LTD,15542.00,6.15,,,
ITETFADD,DSPAMC - DSPITETF,21092.00,7.78,,,
MOSMALL250,MOTILALAMC - MOSMALL250,2534056.00,438.47,,,
MOMENTUM,BIRLASLAMC - MOMENTUM,62615.00,19.83,,,
MIDCAPIETF,ICICIPRAMC - ICICIM150,4127465.00,904.20,,,
GROWWGOLD,GROWWAMC - GROWWGOLD,221525.00,254.99,,,
HDFCNIFBAN,HDFCAMC - HDFCNIFBAN,80875.00,45.06,,,
SGIL,SYNERGY GREEN IND. LTD,30499.00,168.73,,,
HDFCGROWTH,HDFCAMC - HDFCGROWTH,9685.00,11.84,,,
MAKEINDIA,MIRAEAMC - MAMFGETF,25648.00,37.95,,,
AXISBPSETF,AXISAMC - AXISBPSETF,8796.00,1.14,,,
BHARATGEAR,BHARAT GEARS LTD.,7703.00,9.68,,,
TECH,BIRLASLAMC - TECH,23302.00,9.04,,,
NIFTY1,KOTAK NIFTY ETF,62041.00,169.32,,,
LICNETFN50,LICNAMC - LICNFENGP,248.00,0.67,,,
SADBHAV,SADBHAV ENGINEERING LTD,570859.00,75.51,,,
MBLINFRA,MBL INFRASTRUCTURE LTD,160306.00,69.88,,,
UNIDT,UNITED DRILLING TOOLS LTD,3524.00,8.08,,,
GROWWMOM50,GROWWAMC - GROWWMOM50,236821.00,25.39,,,
GROWWSLVR,GROWWAMC - GROWWSLVR,199984.00,288.02,,,
LIQUIDADD,DSP BSE Liquid Rate ETF - Regu,2080.00,22.71,,,
GEEKAYWIRE,GEEKAY WIRES LIMITED,1781.00,1.39,,,
IMPAL,IND MOTOR PART & ACC LTD,671.00,7.87,,,
MANGALAM,MANGALAM DRUG & CHEM LTD,5465.00,4.86,,,
EMKAY,EMKAY GLOBAL FIN SERV LTD,2075.00,8.00,,,
ZODIAC,ZODIAC ENERGY LIMITED,137.00,0.62,,,
DREAMFOLKS,DREAMFOLKS SERVICES LTD,10025.00,22.90,,,
SILINV,SIL INVESTMENTS LIMITED,518.00,3.70,,,
SHREEJISPG,SHREEJI SHIPPING GLOBAL L,37254.00,85.07,,,
GROWWN200,GROWWAMC - GROWWN200,25418.00,2.87,,,
EVERESTIND,EVEREST INDUSTRIES LTD,8565.00,58.87,,,
500245,KIRLOSKAR FERROUS INDUSTRIES L,2.00,0.01,,,
AGSTRA,AGS TRANSACT TECH LTD,3262.00,3.15,,,
CASHIETF,ICICIPRAMC - CASHIETF,10.00,0.10,,,
HDFCLIQUID,HDFCAMC - HDFCLIQUID,12.00,0.12,,,
AVONMORE,AVONMORE CAP&MGT SERV LTD,19927.00,3.76,,,
KANPRPLA,KANPUR PLASTIPACK LIMITED,150.00,0.35,,,
NAHARINDUS,NAHAR INDUSTRIAL ENTERPRI,12660.00,16.68,,,
AARTECH,AARTECH SOLONICS LIMITED,1000.00,0.53,,,
TPHQ,TEAMO PRODUCTIONS HQ LTD,10000.00,0.07,,,
SURAJLTD,SURAJ LIMITED,47.00,0.15,,,
GMDCLTD,GUJARAT MINERAL DEV CORP,5225096.00,26171.14,,,
GENUSPOWER,GENUS POWER INFRASTRU LTD,3778678.00,13759.32,,,
IRB,IRB INFRA DEV LTD.,64410415.00,31899.65,,,
IGARASHI,IGARASHI MOTORS INDIA LTD,180489.00,1009.11,,,
IOLCP,IOL CHEM AND PHARMA LTD,6074818.00,6380.56,,,
RVNL,RAIL VIKAS NIGAM LIMITED,17894542.00,69013.71,,,
TBZ,TRIB BHIMJI ZAVERI LTD,414141.00,830.63,,,
BAJAJHCARE,BAJAJ HEALTHCARE LIMITED,939364.00,4702.89,,,
MOTISONS,MOTISONS JEWELLERS LTD,3783968.00,760.88,,,
ONGC,OIL AND NATURAL GAS CORP.,11112274.00,28425.29,,,
ASTERDM,ASTER DM HEALTHCARE LTD.,439740.00,2701.29,,,
CYBERTECH,CYBERTECH SYSTEMS & SOFTW,50333.00,121.27,,,
PERSISTENT,PERSISTENT SYSTEMS LTD,474983.00,26107.97,,,
HINDZINC,HINDUSTAN ZINC LIMITED,7095519.00,34070.90,,,
BALAXI,BALAXI PHARMA LTD,93433.00,55.49,,,
SWSOLAR,STRLNG & WIL REN ENE LTD,9050575.00,27121.93,,,
NETWEB,NETWEB TECH INDIA LTD,431758.00,14585.51,,,
MOSCHIP,MOSCHIP TECHNOLOGIES LTD,2545470.00,6202.61,,,
DYCL,DYNAMIC CABLES LIMITED,206129.00,900.65,,,
KAMDHENU,KAMDHENU LIMITED,7106417.00,2234.75,,,
YESBANK,YES BANK LIMITED,357652364.00,76034.01,,,
ENGINERSIN,ENGINEERS INDIA LTD,11929525.00,25780.94,,,
HINDOILEXP,HIND. OIL EXPLORATION,3985850.00,7878.81,,,
DENTA,DENTA WATER N INFRA SOL L,425275.00,1835.92,,,
CLEAN,CLEAN SCIENCE & TECH LTD,946791.00,12608.35,,,
EIEL,ENVIRO INFRA ENGINEERS L,3801461.00,9921.37,,,
NCC,NCC LIMITED,13220195.00,30537.07,,,
ALPHAGEO,ALPHAGEO (INDIA) LIMITED,4333.00,11.56,,,
GTLINFRA,GTL INFRA.LTD,7228804.00,122.67,,,
TATAPOWER,TATA POWER CO LTD,10160472.00,40365.20,,,
SAIL,STEEL AUTHORITY OF INDIA,18103258.00,23980.43,,,
TCS,TATA CONSULTANCY SERV LTD,4364163.00,140335.79,,,
ATGL,ADANI TOTAL GAS LIMITED,1711723.00,11905.32,,,
CEWATER,CONCORD ENVIRO SYSTEMS L,81074.00,459.70,,,
KOPRAN,KOPRAN LTD.,374884.00,685.50,,,
NESTLEIND,NESTLE INDIA LIMITED,633849.00,7525.72,,,
MOREPENLAB,MOREPAN LABORATORIES LTD.,13685162.00,8269.64,,,
HGS,HINDUJA GLOBAL SOLS. LTD.,112674.00,721.53,,,
IRFC,7.18 NCD 19FEB23 TR1 SR1,45763795.00,64506.45,,,
RTNPOWER,RATTANINDIA POWER LIMITED,24697922.00,3332.06,,,
BLAL,BEML LAND ASSETS LIMITED,90059.00,209.68,,,
JSWCEMENT,JSW CEMENT LIMITED,3194421.00,4745.35,,,
GULFOILLUB,GULF OIL LUB. IND. LTD.,184110.00,2282.35,,,
ACLGATI,ALLCARGO GATI LIMITED,1073957.00,800.22,,,
MINDACORP,MINDA CORPORATION LTD,768627.00,4346.55,,,
UTIAMC,UTI ASSET MNGMT CO LTD,274022.00,3689.21,,,
SKYGOLD,SKY GOLD AND DIAMONDS LTD,1509704.00,4509.63,,,
ENRIN,SIEMENS ENERGY INDIA LTD,174987.00,5928.90,,,
AGARWALEYE,DR AGARWALS HEALTH CARE L,123875.00,575.42,,,
DBL,DILIP BUILDCON LIMITED,724699.00,3620.24,,,
ZEEMEDIA,ZEE MEDIA CORPORATION LTD,2706071.00,367.08,,,
TANLA,TANLA PLATFORMS LIMITED,2382409.00,16609.94,,,
KAYNES,KAYNES TECHNOLOGY IND LTD,388901.00,26243.73,,,
MUFTI,CREDO BRANDS MARKETING L,484851.00,642.03,,,
EBGNG,GNG ELECTRONICS LIMITED,209528.00,782.26,,,
VIPIND,VIP INDUSTRIES LTD,1105097.00,4871.17,,,
IRCTC,INDIAN RAIL TOUR CORP LTD,3369548.00,26798.49,,,
NAM-INDIA,NIPPON L I A M LTD,689930.00,4983.09,,,
PRAJIND,PRAJ INDUSTRIES LTD,4625641.00,20944.50,,,
GODFRYPHLP,GODFREY PHILLIPS INDIA LT,828769.00,28144.94,,,
SUNFLAG,SUNFLAG IRON AND STEEL CO,615740.00,1767.20,,,
HIKAL,HIKAL LIMITED,1262886.00,4123.20,,,
NH,NARAYANA HRUDAYALAYA LTD.,599351.00,11186.79,,,
REGAAL,REGAAL RESOURCES LIMITED,84039.00,76.04,,,
LICHSGFIN,LIC HOUSING FINANCE LTD,3141534.00,18968.75,,,
TARIL,TRANS & RECTI. LTD,1450830.00,7583.43,,,
DISHTV,DISH TV INDIA LTD.,3083528.00,196.96,,,
SBILIFE,SBI LIFE INSURANCE CO LTD,283617.00,5144.92,,,
COHANCE,COHANCE LIFESCIENCES LTD,781132.00,7119.34,,,
HDBFS,HDB FINANCIAL SERVICES L,616884.00,4700.95,,,
INDOTECH,INDO TECH TRANSFORM LTD.,7321.00,129.24,,,
METAL,MIRAEAMC - METAL,1425125.00,147.44,,,
PHARMABEES,NIPPONAMC - NETFPHARMA,7905658.00,1781.62,,,
SAILIFE,SAI LIFE SCIENCES LIMITED,839190.00,7278.41,,,
NIFMID150,UTIAMC - NIFMID150,28251.00,61.95,,,
VIKASECO,VIKAS ECOTECH LIMITED,113799.00,2.44,,,
WONDERLA,WONDERLA HOLIDAYS LTD.,171163.00,1541.56,,,
PENIND,PENNAR INDUSTRIES LTD,1955882.00,4595.03,,,
SDBL,SOM DIST & BREW LTD,6488796.00,8594.20,,,
RAMCOIND,RAMCO INDUSTRIES LTD,732867.00,2399.84,,,
ZENSARTECH,ZENSAR TECHNOLOGIES LTD,739579.00,6035.65,,,
INDOAMIN,INDO AMINES LIMITED,228658.00,372.34,,,
BHARTIARTL,BHARTI AIRTEL LIMITED,1236153.00,23601.18,,,
LTFOODS,LT FOODS LIMITED,1317516.00,5808.05,,,
SUNCLAY,SUNDARAM CLAYTON LIMITED,24955.00,473.20,,,
VMART,VMART RETAIL LTD,131242.00,1171.40,,,
FUSION,FUSION FINANCE LIMITED,1690095.00,4043.32,,,
ORIENTCEM,ORIENT CEMENT LTD.,2894126.00,7191.85,,,
GAIL,GAIL (INDIA) LTD,17254490.00,32308.16,,,
PRSMJOHNSN,PRISM JOHNSON LIMITED,1103962.00,1864.45,,,
KELLTONTEC,KELLTON TECH SOL LTD,4513370.00,1211.91,,,
AUROPHARMA,AUROBINDO PHARMA NPP DEPO,840242.00,9734.54,,,
GOLDBEES,NIP IND ETF GOLD BEES,22125347.00,20939.50,,,
MTARTECH,MTAR TECHNOLOGIES LIMITED,297452.00,5380.81,,,
SUNTV,SUN TV NETWORK LIMITED,541650.00,3304.25,,,
PRINCEPIPE,PRINCE PIPES FITTINGS LTD,852458.00,3085.76,,,
EPL,EPL LIMITED,1780668.00,4142.03,,,
GPPL,GUJARAT PIPAVAV PORT LTD,8871411.00,17539.12,,,
CERA,CERA SANITARYWARE LIMITED,47596.00,3187.38,,,
PRICOLLTD,PRICOL LIMITED,428081.00,2062.57,,,
AUBANK,AU SMALL FINANCE BANK LTD,925663.00,6796.21,,,
DEEPAKFERT,DEEPAK FERTILIZERS & PETR,644887.00,8579.94,,,
HDFCNIF100,HDFCAMC - HDFCNIF100,40188.00,10.63,,,
RBLBANK,RBL BANK LIMITED,14396959.00,37544.76,,,
GOCOLORS,GO FASHION INDIA LTD,124671.00,979.96,,,
ABREL,ADITYA BIRLA REAL EST LTD,396855.00,7971.85,,,
UNIONBANK,UNION BANK OF INDIA,23858586.00,32737.11,,,
JUBLINGREA,JUBILANT INGREVIA LIMITED,1047822.00,7695.41,,,
MAHSEAMLES,MAHARASHTRA SEAMLESS LTD,1095432.00,7545.21,,,
JAICORPLTD,JAI CORP LIMITED,1652144.00,2858.67,,,
LINDEINDIA,LINDE INDIA LIMITED,147562.00,9983.53,,,
RGL,RENAISSANCE GLOBAL LTD,1094870.00,1425.56,,,
THERMAX,THERMAX LTD,272299.00,9482.53,,,
TCI,TRANSPORT CORPN OF INDIA,18538.00,214.21,,,
AEGISLOG,AEGIS LOGISTICS LIMITED,855501.00,6933.42,,,
BFINVEST,BF INVESTMENT LIMITED,101712.00,545.78,,,
TATACONSUM,TATA CONSUMER PRODUCT LTD,562324.00,6157.59,,,
HAPPSTMNDS,HAPPIEST MINDS TECHNO LTD,2857287.00,19112.99,,,
HGINFRA,H.G.INFRA ENGINEERING LTD,479913.00,5254.10,,,
HDFCSML250,HDFCAMC - HDFCSML250,3002190.00,5201.73,,,
GODREJCP,GODREJ CONSUMER PRODUCTS,515567.00,6392.75,,,
TIMKEN,TIMKEN INDIA LTD.,77402.00,2598.50,,,
LUPIN,LUPIN LIMITED,452689.00,8995.70,,,
TIINDIA,TUBE INVEST OF INDIA LTD,206721.00,6709.44,,,
ANUP,THE ANUP ENGINEERING LTD,94613.00,2477.96,,,
RAMCOCEM,THE RAMCO CEMENTS LIMITED,294778.00,3060.12,,,
360ONE,360 ONE WAM LIMITED,450816.00,4882.96,,,
INSECTICID,INSECTICIDES (I) LTD,108507.00,914.25,,,
PIDILITIND,PIDILITE INDUSTRIES LTD,369535.00,5650.03,,,
INGERRAND,INGERSOLL-RAND INDIA LTD,63985.00,2245.87,,,
INDOSTAR,INDOSTAR CAPITAL FIN LTD,1058061.00,3219.52,,,
KKCL,KEWAL KIRAN CLOTHING LTD,189065.00,960.32,,,
KIRIINDUS,KIRI INDUSTRIES LIMITED,2655575.00,16255.46,,,
MUFIN,MUFIN GREEN FINANCE LTD,589513.00,529.42,,,
ELECON,ELECON ENG. CO. LTD,1225359.00,7661.48,,,
GICHSGFIN,GIC HOUSING FINANCE LTD,1193551.00,2385.08,,,
BHARTIHEXA,BHARTI HEXACOM LIMITED,115985.00,2076.51,,,
ZFCVINDIA,ZF COM VE CTR SYS IND LTD,10742.00,1444.21,,,
ISGEC,ISGEC HEAVY ENG LTD,186000.00,2038.18,,,
ROLEXRINGS,ROLEX RINGS LIMITED,124689.00,1811.16,,,
SOTL,SAVITA OIL TECHNOLO. LTD,101182.00,459.48,,,
PRECWIRE,PRECISION WIRES INDIA LTD,543757.00,1005.94,,,
UFLEX,UFLEX LIMITED,189869.00,1077.03,,,
ALIVUS,ALIVUS LIFE SCIENCES LTD,221465.00,2296.19,,,
COSMOFIRST,COSMO FIRST LIMITED,434720.00,4369.55,,,
NEULANDLAB,NEULAND LAB LTD.,50633.00,6869.41,,,
WENDT,WENDT (INDIA) LIMITED,34578.00,3394.07,,,
CARTRADE,CARTRADE TECH LIMITED,171600.00,3567.86,,,
SPLPETRO,SUPREME PETROCHEM LIMITED,102548.00,852.05,,,
RALLIS,RALLIS-12.50%NCD80-2001,1299835.00,4365.59,,,
GOPAL,GOPAL SNACKS LIMITED,578141.00,2103.62,,,
PANAMAPET,PANAMA PETROCHEM LTD,107679.00,363.41,,,
MAHLOG,MAHINDRA LOGISTIC LIMITED,413102.00,1489.44,,,
NUCLEUS,NUCLEUS SOFTWARE EXPORTS,72540.00,822.89,,,
XCHANGING,XCHANGING SOLUTIONS LTD,353387.00,363.82,,,
PGIL,PEARL GLOBAL IND LIMITED,111742.00,1567.92,,,
TIIL,TECHNOCRAFT IND LTD,29967.00,810.94,,,
SURYAROSNI,SURYA ROSHNI LTD,732862.00,2250.41,,,
HAPPYFORGE,HAPPY FORGINGS LIMITED,71138.00,684.45,,,
GOCLCORP,GOCL CORPORATION LIMITED,353373.00,1366.49,,,
BSLGOLDETF,ADITYBIRLA SL GOLD ETF-GR,217334.00,215.39,,,
KIRLOSIND,KIRLOSKAR INDUSTRIES LIMI,26018.00,1026.71,,,
AHLUCONT,AHLUWALIA CONT IND LTD,258623.00,2639.07,,,
CONTROLPR,CONTROL PRINT LIMITED,53507.00,429.92,,,
3MINDIA,3M INDIA LIMITED,8584.00,2599.97,,,
V2RETAIL,V2 RETAIL LIMITED,333184.00,6622.52,,,
NCLIND,NCL INDUSTRIES LIMITED,209653.00,458.48,,,
ESABINDIA,ESAB INDIA LTD.,10641.00,567.88,,,
MANGCHEFER,MANG.CHEM.FERT.LTD,210507.00,672.40,,,
HDFCMID150,HDFCAMC - HDFCMID150,783817.00,165.15,,,
DPABHUSHAN,D. P. ABHUSHAN LIMITED,10279.00,156.63,,,
SIGMA,SIGMA SOLVE LIMITED,56632.00,33.40,,,
TIPSFILMS,TIPS FILMS LIMITED,115.00,0.56,,,
BALUFORGE,BALU FORGE INDUSTRIES LTD,217106.00,1433.18,,,
DRCSYSTEMS,DRC SYSTEMS INDIA LIMITED,8247.00,1.71,,,
LIQUID,MIRAEAMC - LIQUID,448.00,4.48,,,
MON100,MOTILAL OS NASDAQ100 ETF,1534775.00,3377.32,,,
LIQUIDIETF,ICICIPRAMC - ICICILIQ,23.00,0.23,,,
SUBROS,SUBROS LIMITED,125009.00,1306.82,,,
METALIETF,ICICIPRAMC - METALIETF,5755568.00,584.59,,,
MIDCAPETF,MIRAEAMC - MAM150ETF,7727099.00,1660.51,,,
GOLD360,360ONEAMC - GOLD360,8903.00,11.41,,,
RANEHOLDIN,RANE HOLDINGS LIMITED,15944.00,266.20,,,
JYOTISTRUC,JYOTI STRUCTURES LTD,22084617.00,4110.62,,,
YATRA,YATRA ONLINE LIMITED,1193254.00,1664.90,,,
WINDMACHIN,WINDSOR MACHINES LIMITED,107339.00,362.71,,,
SURAKSHA,SURAKSHA DIAGNOSTIC LTD,358430.00,1113.17,,,
HLVLTD,HLV LIMITED,867604.00,126.51,,,
GFLLIMITED,GFL LIMITED,21738.00,15.02,,,
YASHO,YASHO INDUSTRIES LIMITED,10112.00,182.68,,,
KRONOX,KRONOX LAB SCIENCES LTD,190627.00,348.25,,,
SREEL,SREELEATHERS LIMITED,11262.00,28.78,,,
BYKE,THE BYKE HOSPITALITY LTD,3300.00,2.29,,,
SARVESHWAR,SARVESHWAR FOODS LIMITED,2974802.00,208.72,,,
FLATPROD,FLATPRODEQUIP-ROLL SETT,17.00,1.02,,,
SSDL,SARASWATI SAREE DEPOT LTD,11465.00,11.10,,,
DMCC,DMCC SPECIALITY CHEMICALS,15665.00,51.36,,,
DENORA,DE NORA INDIA LIMITED,11768.00,106.52,,,
BAJEL,BAJEL PROJECTS LIMITED,163041.00,340.70,,,
STALLION,STALLION IND FLUOROCHEM L,158265.00,374.48,,,
DIAMINESQ,DIAMINES & CHEMICALS LTD,250.00,1.00,,,
MALLCOM,MALLCOM (INDIA) LIMITED,5197.00,64.53,,,
DHUNINV,DHUNSERI INVESTMENTS LTD,1259.00,22.95,,,
EXXARO,EXXARO TILES LIMITED,143031.00,11.54,,,
RMDRIP,R M DRIP & SPRINK SYS LTD,117797.00,89.71,,,
5PAISA,5PAISA CAPITAL LIMITED,29182.00,132.18,,,
MONTECARLO,MONTE CARLO FASHIONS LTD.,52413.00,368.79,,,
KAVDEFENCE,KAVVERI DFS & WIR TEC LTD,115.00,0.11,,,
MAANALU,MAAN ALUMINIUM LIMITED,3000.00,3.42,,,
VIRINCHI,VIRINCHI LIMITED,11387.00,3.57,,,
RELTD,RAVINDRA ENERGY LIMITED,49112.00,84.49,,,
AAATECH,AAA TECHNOLOGIES LIMITED,15408.00,19.05,,,
JMA,JULLUNDUR MOT AGENCY LTD,298.00,0.33,,,
ELIN,ELIN ELECTRONICS LIMITED,69075.00,150.57,,,
NOVAAGRI,NOVA AGRITECH LIMITED,28117.00,16.19,,,
CONSUMBEES,NIP IND ETF CONSUMPTION,384269.00,516.63,,,
ESSENTIA,INTEGRA ESSENTIA LIMITED,77743.00,1.90,,,
DCMNVL,DCM NOUVELLE LIMITED,3536.00,6.35,,,
SPECIALITY,SPECIALITY REST LTD,47266.00,70.72,,,
WORTH,WORTH PERIPHERALS LIMITED,18847.00,29.53,,,
RACE,RACE ECO CHAIN LIMITED,49105.00,125.18,,,
KOHINOOR,KOHINOOR FOODS LIMITED,1042.00,0.45,,,
HDFCBSE500,HDFCAMC - HDFCBSE500,16610.00,6.21,,,
AXSENSEX,AXISAMC - AXSENSEX,1735.00,1.45,,,
PVTBANIETF,ICICIPRAMC - ICICIBANKP,1465506.00,400.09,,,
MOM50,MOTILAL OSWAL M50 ETF,22729.00,58.45,,,
GRPLTD,GRP LIMITED,3219.00,78.15,,,
HDFCSENSEX,HDFCAMC - HDFCSENSEX,32117.00,29.33,,,
MAHESHWARI,MAHESHWARI LOGISTICS LTD.,5745.00,3.57,,,
UTIBANKETF,UTIAMC - UTIBANKETF,50774.00,29.10,,,
GSEC10YEAR,MIRAEAMC - MAGS813ETF,1105.00,0.33,,,
IVC,IL&FS INVESTMENT MANAGERS,237593.00,26.90,,,
IDFNIFTYET,BANDHANAMC - IDFNIFTYET,7344.00,20.18,,,
MOGSEC,MOTILALAMC - G5,4671.00,2.92,,,
BPL,BPL LTD - RS 2.50 PAID UP,60394.00,50.70,,,
AXISVALUE,AXISAMC - AXISVALUE,8640.00,2.56,,,
AXISCETF,AXISAMC - AXISCETF,15402.00,19.52,,,
COMPUSOFT,COMPUCOM SOFTWARE LTD,35841.00,7.71,,,
MANBA,MANBA FINANCE LIMITED,152226.00,229.00,,,
LOWVOL1,KOTAKMAMC - KOTAKLOVOL,5996.00,1.22,,,
SENSEXADD,DSPAMC - DSPSENXETF,1432.00,1.20,,,
AMNPLST,AMINES & PLASTICIZERS LTD,1858.00,5.73,,,
SAKUMA,SAKUMA EXPORTS LIMITED,15100.00,0.64,,,
LINC,LINC LIMITED,12894.00,25.05,,,
GLOSTERLTD,GLOSTER LIMITED,4489.00,29.91,,,
ONWARDTEC,ONWARD TECHNOLOGIES LTD.,6962.00,22.31,,,
SBINEQWETF,SBIAMC - SBINEQWETF,5372.00,1.74,,,
EQUAL200,MIRAEAMC - EQUAL200,2326.00,0.31,,,
MON50EQUAL,MOTILALAMC - MON50EQUAL,2608.00,0.85,,,
LIQUIDSHRI,SHRIRAM NIFTY 1D RATE LIQUID E,60.00,0.64,,,
BELLACASA,BELLA CASA FASH AND RET L,6062.00,23.64,,,
JAIPURKURT,NANDANI CREATION LIMITED,850.00,0.35,,,
AERONEU,AEROFLEX NEU LIMITED,2000.00,1.65,,,
BANKETF,MIRAEAMC - BANKETF,6420.00,36.23,,,
DHARMAJ,DHARMAJ CROP GUARD LTD,4017.00,12.20,,,
GROWWPOWER,GROWWAMC - GROWWPOWER,32082.00,3.26,,,
RNBDENIMS,R&B DENIMS LIMITED,3.00,0.00,,,
KOVAI,KOVAI MEDICAL CENTER & HO,50.00,3.15,,,
OILCOUNTUB,OIL COUNTRY TUBULAR LTD,163.00,0.11,,,
SUNDRMFAST,SUNDRAM FASTENERS LTD,107129.00,1129.39,,,
SHILPAMED,SHILPA MEDICARE LTD,92136.00,370.70,,,
GRAPHITE,GRAPHITE INDIA LIMITED,1445932.00,8221.81,,,
OPTIEMUS,OPTIEMUS INFRACOM LTD,582560.00,3536.84,,,
RIIL,RELIANCE INDL INFRA LTD,427038.00,4398.84,,,
SWELECTES,SWELECT ENERGY SYS LTD,43010.00,373.45,,,
GRANULES,GRANULES INDIA LIMITED,4190962.00,21305.61,,,
ANTHEM,ANTHEM BIOSCIENCES LTD,177459.00,1440.36,,,
POLYPLEX,POLYPLEX CORPORATION LTD,336143.00,3986.65,,,
HINDCOPPER,HINDUSTAN COPPER LTD,14366417.00,40450.05,,,
IFCI,IFCI LTD.,18616249.00,11200.74,,,
SJVN,SJVN LTD,23998061.00,25467.24,,,
BFUTILITIE,BF UTILITIES LIMITED,420460.00,3354.82,,,
IDEAFORGE,IDEAFORGE TECHNO LTD,1172599.00,6381.47,,,
POONAWALLA,SEC RED NCD SR. V,3884694.00,17974.93,,,
JISLJALEQS,JAIN IRRIGATION SYSTEMS,16598286.00,9724.26,,,
CDSL,CENTRAL DEPO SER (I) LTD,5798179.00,92826.04,,,
BAJAJHIND,BAJAJ HINDUSTHAN SUGAR LT,22602462.00,5753.36,,,
LAXMIINDIA,LAXMI INDIA FINANCE LTD,330799.00,541.69,,,
BHEL,BHEL,12239854.00,30149.72,,,
GREAVESCOT,GREAVES NPP190799DEPO,5377595.00,11956.09,,,
JAMNAAUTO,JAMNA AUTO IND LTD,6217268.00,6675.15,,,
NAVKARCORP,NAVKAR CORPORATION LTD.,1731087.00,2162.34,,,
AMBUJACEM,AMBUJA CEMENTS LTD,2227791.00,12990.72,,,
SOUTHBANK,THE SOUTH INDIAN BANK LTD,28216824.00,8110.98,,,
GNFC,GUJ NAR VAL FER & CHEM L,2009704.00,11098.71,,,
MOIL,MOIL LIMITED,2675004.00,10405.95,,,
ALANKIT,ALANKIT LIMITED,266685.00,37.98,,,
ABFRL,ADITYA BIRLA FASHION & RT,31359787.00,39373.01,,,
BANDHANBNK,BANDHAN BANK LIMITED,14378677.00,24897.92,,,
BANKBARODA,BANK OF BARODA,6361221.00,15693.45,,,
MAHABANK,BANK OF MAHARASHTRA,36821360.00,20630.32,,,
DHAMPURSUG,DHAMPUR SUGAR MILLS LTD.,895317.00,1379.38,,,
MAHLIFE,MAHINDRA LIFESPACE DEVLTD,1102259.00,4733.45,,,
SAMHI,SAMHI HOTELS LIMITED,3395312.00,6818.91,,,
MOTHERSON,SAMVRDHNA MTHRSN INTL LTD,15500895.00,16415.72,,,
RELAXO,RELAXO FOOT LTD.,699158.00,3412.88,,,
BANKINDIA,BANKINDIA NPP DEP,20506667.00,24304.36,,,
CESC,CESC LTD.,5867637.00,9919.49,,,
INDORAMA,INDO RAMA SYNTHETICS LTD,134852.00,75.38,,,
POKARNA,POKARNA LIMITED,187873.00,1728.62,,,
SANGHIIND,SANGHI INDUSTRIES LTD,996187.00,728.13,,,
DPSCLTD,DPSC LIMITED,59935.00,10.29,,,
RAMASTEEL,RAMA STEEL TUBES LIMITED,59708450.00,6292.99,,,
ASIANENE,ASIAN ENERGY SERVICES LTD,561046.00,1918.76,,,
MSTCLTD,MSTC LIMITED,1289632.00,7264.77,,,
ABSLAMC,ADIT BIRL SUN LIF AMC LTD,442980.00,3687.69,,,
IMAGICAA,IMAGICAAWORLD ENT LTD,2722557.00,1799.45,,,
TBOTEK,TBO TEK LIMITED,80809.00,1255.59,,,
JTLIND,JTL INDUSTRIES LIMITED,13898719.00,10861.72,,,
KPRMILL,K.P.R. MILL LIMITED,289223.00,3255.14,,,
MASTEK,MASTEK LTD,299528.00,7498.60,,,
PARAS,PARAS DEF AND SPCE TECH L,520100.00,3956.72,,,
CHEMCON,CHEMCON SPECIAL CHEM LTD,246618.00,663.37,,,
DELHIVERY,DELHIVERY LIMITED,1731575.00,7596.90,,,
MARKSANS,MARKSANS PHARMA LIMITED,3988812.00,8184.97,,,
TATAINVEST,TATA INVESTMENT CORP LTD,247602.00,23666.69,,,
INOXGREEN,INOX GREEN ENERGY SER LTD,2944660.00,5968.61,,,
RAJOOENG,RAJOO ENGINEERS LIMITED,1341629.00,1415.53,,,
PCBL,PCBL CHEMICAL LIMITED,4431905.00,18162.40,,,
TATAELXSI,TATA ELXSI LIMITED,407982.00,25186.33,,,
IKIO,IKIO TECHNOLOGIES LIMITED,371155.00,881.37,,,
PARACABLES,PARAMOUNT COMM LTD,2335483.00,1282.51,,,
DBREALTY,VALOR ESTATE LIMITED,4094504.00,7556.46,,,
HEROMOTOCO,HERO MOTOCORP LIMITED,237810.00,12242.34,,,
NTPCGREEN,NTPC GREEN ENERGY LIMITED,17910402.00,18965.97,,,
PNCINFRA,PNC INFRATECH LTD.,1633351.00,5316.84,,,
SURANASOL,SURANA SOLAR LIMITED,2943.00,1.05,,,
MTNL,MAHA TEL NIGAM LTD.,6177120.00,2994.84,,,
PATANJALI,PATANJALI FOODS LIMITED,3193943.00,19471.36,,,
AAVAS,AAVAS FINANCIERS LIMITED,258285.00,4612.78,,,
GENESYS,GENESYS INTERNATIONAL COR,524367.00,3465.88,,,
GMMPFAUDLR,GMM PFAUDLER LIMITED,263416.00,3148.18,,,
MID150,KOTAKMAMC - MID150,5024.00,1.10,,,
KSOLVES,KSOLVES INDIA LIMITED,37776.00,130.31,,,
LAXMIDENTL,LAXMI DENTAL LIMITED,256986.00,943.15,,,
NEOGEN,NEOGEN CHEMICALS LIMITED,150283.00,2389.73,,,
SBIETFIT,SBIAMC - SBIETFIT,16708.00,66.57,,,
SBCL,SHIVALIK BIMETAL CON. LTD,146331.00,797.38,,,
STARCEMENT,STAR CEMENT LIMITED,636070.00,1730.10,,,
TOP15IETF,ICICIPRAMC - TOP15IETF,4838.00,0.51,,,
GMRAIRPORT,GMR AIRPORTS LIMITED,20651872.00,18034.03,,,
NATCOPHARM,NATCO PHARMA LTD.,2425913.00,23835.24,,,
APEX,APEX FROZEN FOODS LIMITED,151142.00,367.57,,,
HAVELLS,HAVELLS INDIA LIMITED,804534.00,12735.35,,,
MAXHEALTH,MAX HEALTHCARE INS LTD,1145800.00,13343.30,,,
MANAPPURAM,MANAPPURAM FINANCE LTD,3916187.00,10291.39,,,
SIYSIL,SIYARAM SILK MILLS LTD,197132.00,1512.64,,,
ICICIGI,ICICI LOMBARD GIC LIMITED,106271.00,2079.17,,,
HCG,HEALTHCARE GLOB. ENT. LTD,350745.00,2165.51,,,
APLAPOLLO,APL APOLLO TUBES LTD,284765.00,4851.13,,,
DATAPATTNS,DATA PATTERNS INDIA LTD,488551.00,13625.50,,,
GOLD1,KOTAK GOLD ETF,1049221.00,992.13,,,
LAURUSLABS,LAURUS LABS LIMITED,5123999.00,39125.13,,,
ABCAPITAL,ADITYA BIRLA CAPITAL LTD.,3885708.00,9882.79,,,
UNITDSPR,UNITED SPIRITS LIMITED,1320117.00,18400.27,,,
SAFARI,SAFARI IND (INDIA) LTD,36534.00,783.11,,,
SHAREINDIA,SHARE IND. SECURITIES LTD,2065905.00,3835.98,,,
HEXT,HEXAWARE TECHNOLOGIES LTD,495996.00,3694.95,,,
MBEL,M AND B ENGINEERING LTD,228192.00,932.34,,,
GODREJAGRO,GODREJ AGROVET LIMITED,814377.00,6171.82,,,
PIIND,PI INDUSTRIES LTD,160578.00,6116.87,,,
UPL,UPL LIMITED,1274758.00,8777.03,,,
SANSERA,SANSERA ENGINEERING LTD,239044.00,3167.72,,,
IGIL,INTERNATIO GEMM INS (I) L,771747.00,3131.65,,,
EMSLIMITED,EMS LIMITED,1186005.00,7459.00,,,
MARUTI,MARUTI SUZUKI INDIA LTD.,76474.00,11503.66,,,
TORNTPHARM,TORRENT PHARMACEUTICALS L,49653.00,1772.99,,,
CAMPUS,CAMPUS ACTIVEWEAR LIMITED,1115042.00,3204.21,,,
SUNTECK,SUNTECK REALTY LIMITED,1247532.00,5771.14,,,
EMUDHRA,EMUDHRA LIMITED,163014.00,1192.66,,,
GUFICBIO,GUFIC BIOSCIENCES LTD.,156848.00,571.12,,,
ATUL,ATUL LTD,253703.00,14925.24,,,
JUSTDIAL,JUSTDIAL LTD.,999667.00,9188.02,,,
PRESTIGE,PRESTIGE ESTATE LTD,642528.00,10143.98,,,
AFFLE,AFFLE 3I LIMITED,216515.00,4203.75,,,
VENKEYS,VENKY S (INDIA) LIMITED,155064.00,2499.69,,,
SANOFI,SANOFI INDIA LIMITED,40861.00,2175.42,,,
GOLDETF,MIRAEAMC - MAGOLDETF,561255.00,611.38,,,
CAPACITE,CAPACITE INFRAPROJECT LTD,1732837.00,5888.67,,,
CARYSIL,CARYSIL LIMITED,294953.00,2607.21,,,
FAIRCHEMOR,FAIRCHEM ORGANICS LIMITED,31855.00,312.29,,,
INDIACEM,THE INDIA CEMENTS LIMITED,662216.00,2380.57,,,
FIEMIND,FIEM INDUSTRIES LIMITED,108332.00,2151.77,,,
JUNIORBEES,NIP IND ETF JUNIOR BEES,368087.00,2673.95,,,
KRN,KRN HEAT EXCHANGE N REF L,848834.00,7322.26,,,
BODALCHEM,BODAL CHEMICALS LTD,746456.00,547.21,,,
GOACARBON,GOA CARBON LIMITED,30298.00,167.63,,,
HONAUT,HONEYWELL AUTO INDIA LTD.,9839.00,3893.84,,,
VSTTILLERS,VST TILLERS TRACTORS LTD,43181.00,2209.99,,,
DEEDEV,DEE DEVELOPMENT ENG LTD,169464.00,498.67,,,
LUXIND,LUX INDUSTRIES LIMITED,168376.00,2629.04,,,
DECCANCE,DECCAN CEMENTS LIMITED,200257.00,1988.64,,,
INDIAGLYCO,INDIA GLYCOLS LTD,1298046.00,10075.08,,,
GRWRHITECH,GARWARE HI-TECH FILMS LTD,153648.00,5559.69,,,
RELIGARE,RELIGARE ENTERPRISES LIMI,6481363.00,16949.55,,,
ABLBL,ADITYA BIRLA LIFES BRAN L,7602747.00,11397.83,,,
RADICO,RADICO KHAITAN LTD,210692.00,5898.38,,,
FDC,FDC LIMITED,471660.00,2350.53,,,
GMBREW,G M BREWERIES LTD,132948.00,1018.09,,,
ONMOBILE,ONMOBILE GLOBAL LTD.,1403226.00,911.19,,,
BLUSPRING,BLUSPRING ENTERPRISES LTD,256418.00,216.71,,,
INDIAMART,INDIAMART INTERMESH LTD,123063.00,3088.75,,,
METROBRAND,METRO BRANDS LIMITED,49581.00,615.53,,,
CRISIL,CRISIL LTD,85073.00,4415.94,,,
PDSL,PDS LIMITED,451602.00,1766.37,,,
ESAFSFB,ESAF SMALL FINANCE BANK L,1632763.00,577.83,,,
FLAIR,FLAIR WRITING INDUST LTD,232368.00,768.70,,,
UTTAMSUGAR,UTTAM SUGAR MILLS LTD.,278675.00,883.08,,,
FAZE3Q,FAZE THREE LIMITED,40277.00,216.54,,,
INOXINDIA,INOX INDIA LIMITED,138746.00,1693.51,,,
HARSHA,HARSHA ENGINEERS INT LTD,1071792.00,4820.57,,,
GRINDWELL,GRINDWELL NORTON LIMITED,65397.00,1172.35,,,
CHOLAHLDNG,CHOLAMANDALAM FIN HOL LTD,92435.00,1798.12,,,
SWARAJENG,SWARAJ ENGINES LTD,39918.00,1679.65,,,
SYMPHONY,SYMPHONY LIMITED,230639.00,2561.57,,,
VINATIORGA,VINATI ORGANICS LTD,57903.00,1040.66,,,
GOLDSHARE,UTI GOLD ETF,1122608.00,896.27,,,
AARTIPHARM,AARTI PHARMALABS LIMITED,333326.00,2845.48,,,
RPGLIFE,RPG LIFE SCIENCES LTD,22958.00,560.64,,,
TRAVELFOOD,TRAVEL FOOD SERVICES LTD,46150.00,602.93,,,
VINDHYATEL,VINDHYA TELELINKS LTD,121765.00,1979.43,,,
ANDHRSUGAR,ANDHRA SUGARS LTD.,493267.00,521.85,,,
GILT5YBEES,RELCAPAMC - NETFGILT5Y,11241.00,7.07,,,
MRF,MRF LTD.,2921.00,3793.66,,,
NIFTY50ADD,DSPAMC - DSPN50ETF,18032.00,46.53,,,
HDFCLOWVOL,HDFCAMC - HDFCLOWVOL,36271.00,7.58,,,
SILVERADD,DSPAMC - DSPSILVETF,198165.00,264.55,,,
INTLCONV,INTL CONVEYORS LIMITED,370862.00,380.89,,,
SUPREME,SUPREME HOLDIN N HOSP I L,35315.00,30.45,,,
BHARATWIRE,BHARAT WIRE ROPES LTD.,886807.00,1942.63,,,
DCM,DCM LTD,4963.00,6.57,,,
DVL,DHUNSERI VENTURES LIMITED,21024.00,82.95,,,
NDTV,NDTV LTD,15437.00,19.40,,,
FILATFASH,FILATEX FASHIONS LIMITED,1886289.00,10.64,,,
NIF100IETF,ICICI PRUD NIFTY 100 ETF,393000.00,112.62,,,
INDOCO,INDOCO REMEDIES LTD.,119971.00,368.75,,,
CONSUMER,MIRAEAMC - CONSUMER,189262.00,22.94,,,
MONQ50,MOTILALAMC - MONQ50,602538.00,549.47,,,
MUNJALSHOW,MUNJAL SHOWA LTD,102111.00,152.90,,,
GREENPOWER,ORIENT GREEN POWER CO LTD,4331350.00,617.89,,,
KPEL,K.P. ENERGY LIMITED,502228.00,2235.13,,,
VINCOFE,VINTAGE COFFEE N BVRGS L,1415738.00,2088.40,,,
YUKEN,YUKEN INDIA LIMITED,6556.00,70.93,,,
PVSL,POPULAR VEHICLES N SER L,115119.00,164.05,,,
EXCELINDUS,EXCEL INDUSTRIES LTD,27488.00,345.95,,,
INDNIPPON,INDIANIPPONELECT,80916.00,751.56,,,
DIFFNKG,DIFFUSION ENGINEERS LTD,155613.00,577.01,,,
MAHEPC,MAHINDRA EPC IRRIG LTD,60821.00,100.92,,,
EMAMIPAP,EMAMI PAPER MILLS LIMITED,183276.00,202.51,,,
SUYOG,SUYOG TELEMATICS LIMITED,62089.00,498.64,,,
NECCLTD,NORTH EAST CARRY CORP LTD,11609.00,2.66,,,
PROSTARM,PROSTARM INFO SYSTEMS LTD,649911.00,1406.15,,,
VIPCLOTHNG,VIP CLOTHING LIMITED,120999.00,48.33,,,
UMIYA-MRO,UMIYA BUILDCON LIMITED,690.00,0.72,,,
20MICRONS,20 MICRONS LTD,197987.00,492.66,,,
INDIASHLTR,INDIA SHELTER FIN CORP L,411147.00,3409.65,,,
TRANSWORLD,TRANSWORLD SHIP LINES LTD,72457.00,230.22,,,
HINDMOTORS,HINDUSTAN MOTORS LIMITED,40483.00,8.69,,,
UYFINCORP,U. Y. FINCORP LIMITED,88086.00,14.19,,,
ELECTHERM,ELECTROTHERM (INDIA) LTD,7128.00,74.38,,,
GLOBALVECT,GLOBAL VEC HELICORP LTD,2714.00,6.07,,,
GRAUWEIL,GRAUER & WEIL IND LTD,2600.00,2.38,,,
SHAILY,SHAILY ENG PLASTICS LTD,227944.00,5114.36,,,
MAZDA,MAZDA LIMITED,37355.00,109.98,,,
MARINE,MARINE ELECTRICAL (I) LTD,63181.00,138.72,,,
AFSL,ABANS FINANCIAL SRVCS LTD,28077.00,68.73,,,
GULFPETRO,GP PETROLEUMS LIMITED,55796.00,25.29,,,
RPPINFRA,R.P.P INFRA PROJECTS LTD.,68185.00,99.84,,,
RBZJEWEL,RBZ JEWELLERS LIMITED,47511.00,67.71,,,
KCPSUGIND,KCP SUG & IND CORP LTD.,7103.00,2.55,,,
SUNDARMHLD,SUNDARAM FINANCE HOLD LTD,332901.00,1719.32,,,
ALKALI,ALKALI METALS LTD,1180.00,1.14,,,
BAJAJINDEF,INDEF MANUFACTURING LTD,9114.00,34.33,,,
SHARIABEES,NIP IND ETF SHARIAH BEES,10026.00,50.19,,,
RAJSREESUG,RAJSHREE SUGARS & CHEM,2631.00,1.24,,,
JSWHL,JSW HOLDINGS LIMITED,707.00,122.19,,,
RANASUG,RANA SUGARS LTD.,236128.00,46.65,,,
CREATIVE,CREATIVE NEWTECH LIMITED,372633.00,2556.78,,,
STARPAPER,STAR PAPER MILLS LTD,943.00,1.77,,,
MOKSH,MOKSH ORNAMENTS LIMITED,722673.00,102.24,,,
ASIANTILES,ASIAN GRANITO IND. LTD.,97551.00,56.25,,,
MUTHOOTCAP,MUTHOOT CAP SERV LTD,17087.00,53.21,,,
SILVERTUC,SILVER TOUCH TECHNO LTD,4831.00,35.34,,,
GOYALALUM,GOYAL ALUMINIUMS LIMITED,1560.00,0.13,,,
TAINWALCHM,TAINWALA CHEMICAL AND PLA,1420.00,3.53,,,
QNIFTY,QUANTUM NIFTY 50 ETF,1170.00,31.73,,,
NV20,KOTAKMAMC - KTKNV20ETF,5641.00,8.62,,,
HDFCPSUBK,HDFCAMC HDFCPSUBK,18800.00,13.73,,,
GANDHITUBE,GANDHI SPL. TUBES LTD,27667.00,252.58,,,
MONIFTY500,MOTILALAMC - MONIFTY500,693231.00,163.75,,,
IT,KOTAKMAMC - KOTAKIT,429906.00,167.52,,,
UNIONGOLD,UNIONAMC - UNIONGOLD,2805.00,3.40,,,
SCPL,SHEETAL COOL PRODUCTS LTD,4185.00,13.65,,,
NEXT50,MIRAEAMC - MANXT50,11080.00,77.02,,,
UTISENSETF,UTIAMC - UTISENSETF,1191.00,10.72,,,
RUBFILA,RUBFILA INTERNATIONAL LTD,10670.00,8.95,,,
ABGSEC,BIRLASLAMC - ABGSEC,2824.00,3.13,,,
ALPA,ALPA LABORATORIES LIMITED,2698.00,2.97,,,
GROWWLIQID,GROWWAMC - GROWWLIQID,1205.00,1.27,,,
SDL26BEES,RELCAPAMC-NETFSDL26,3468.00,4.61,,,
ECAPINSURE,EDELAMC - ECAPINSURE,483258.00,113.61,,,
TREL,TRANSINDIA REAL ESTATE L,61259.00,22.27,,,
GSEC10IETF,ICICIPRAMC - ICICI10GS,229.00,0.59,,,
HDFCVALUE,HDFCAMC - HDFCVALUE,525.00,0.70,,,
KHAICHEM,KHAITAN CHEM & FERT LTD,657048.00,814.67,,,
WALCHANNAG,WALCHANDNAGAR INDUSTRIES,56549.00,125.83,,,
KINGFA,KINGFA SCI & TEC IND LTD.,321.00,13.82,,,
BLSE,BLS E-SERVICES LIMITED,56345.00,109.44,,,
NIRAJ,NIRAJ CEMENT STRUC LTD,16.00,0.01,,,
EBBETF0431,EDELAMC - EBBETF0431,479.00,6.57,,,
OMAXAUTO,OMAX AUTOS LTD,2.00,0.00,,,
PARSVNATH,PARSVNATH DEVELOPER LTD,3318.00,0.76,,,
NIFTY100EW,KOTAKMAMC - NIFTY100EW,3457.00,1.17,,,
SHAH,SHAH METACORP LIMITED,5961.00,0.20,,,
SHREYANIND,SHREYANS INDUSTRIES LTD,400.00,1.19,,,
VAISHALI,VAISHALI PHARMA LIMITED,50001.00,6.24,,,
BGRENERGY,BGR ENERGY SYSTEMS LTD,1.00,0.00,,,
THOMASCOTT,THOMAS SCOTT (INDIA) LTD,2000.00,6.60,,,
LGHL,LAXMI GOLDORNA HOUSE LTD,40.00,0.37,,,
GVKPIL,GVK POW. & INFRA LTD.,20000.00,1.93,,,
AJOONI,AJOONI BIOTECH LIMITED,7000.00,0.40,,,
RKFORGE,RAMKRISHNA FORGINGS LTD,2525051.00,15964.19,,,
STYRENIX,STYRENIX PERFORMANCE LTD,112392.00,3038.24,,,
USHAMART,USHA MARTIN LTD.,2263322.00,8998.33,,,
GSFC,GUJ STATE FERT & CHEM LTD,7149446.00,14965.43,,,
EMBDL,EMBASSY DEVELOPMENTS LTD,38841840.00,45201.75,,,
HEMIPROP,HEMISPHERE PROP IND LTD,3074525.00,4895.27,,,
NATIONALUM,NATIONAL ALUMINIUM CO LTD,9070409.00,18187.18,,,
PPLPHARMA,PIRAMAL PHARMA LIMITED,9270688.00,19243.80,,,
WCIL,WESTERN CARRIERS (IND) L,1094635.00,1439.90,,,
VAKRANGEE,VAKRANGEE LIMITED,386615.00,36.56,,,
ETERNAL,ETERNAL LIMITED,9297047.00,26075.92,,,
HUDCO,HSG & URBAN DEV CORPN LTD,12729647.00,30766.28,,,
JINDALSAW,JINDAL SAW LIMITED,8911660.00,20341.28,,,
CHENNPETRO,CHENNAI PETROLEUM CORP LT,1770692.00,13303.03,,,
DEEPAKNTR,DEEPAK NITRITE LTD,619519.00,12474.31,,,
SAGILITY,SAGILITY LIMITED,28012590.00,12454.62,,,
VIKRAMSOLR,VIKRAM SOLAR LIMITED,112120.00,366.41,,,
MANORAMA,MANORAMA INDUSTRIES LTD,273024.00,3971.33,,,
WELENT,WELSPUN ENTERPRISES LTD.,994097.00,5086.37,,,
EXIDEIND,EXIDE INDUSTRIES LTD,5791211.00,25394.63,,,
MCLEODRUSS,MCLEOD RUSSEL INDIA LTD.,129489.00,49.00,,,
NITCO,NITCO LIMITED,534582.00,721.99,,,
SEQUENT,SEQUENT SCIENTIFIC LTD.,1302461.00,2546.39,,,
HUBTOWN,HUBTOWN LIMITED,3163802.00,9334.49,,,
IOC,INDIAN OIL CORP LTD,16571794.00,24599.94,,,
LICI,LIFE INSURA CORP OF INDIA,3459270.00,31533.29,,,
DHANBANK,DHANLAXMI BANK LIMITED,528355.00,145.96,,,
FCL,FINEOTEX CHEMICAL LIMITED,1422529.00,3749.17,,,
HEG,HEG LTD,1628923.00,8549.97,,,
KPIGREEN,KPI GREEN ENERGY LIMITED,1943877.00,9464.65,,,
BBOX,BLACK BOX LIMITED,94188.00,529.38,,,
DIACABS,DIAMOND POWER INFRA LTD,3327897.00,5031.09,,,
KABRAEXTRU,KABRA EXTRUSION TECHNIK L,14551.00,39.61,,,
ANGELONE,ANGEL ONE LIMITED,1290229.00,33332.00,,,
TVSMOTOR,TVS MOTOR COMPANY LTD,209793.00,7018.02,,,
BLUEDART,BLUE DART EXPRESS LTD,75202.00,4636.60,,,
RECLTD,BOND8.19% PA TF TR II S1A,17138240.00,70540.80,,,
IOB,INDIAN OVERSEAS BANK,29218558.00,12520.95,,,
MSUMI,MOTHERSON SUMI WRNG IND L,10288185.00,4691.40,,,
TEXMOPIPES,TEXMO PIPE & PRODUCTS LTD,18385.00,11.55,,,
MICEL,MIC ELECTRONICS LTD,1793220.00,1215.14,,,
ADANIGREEN,ADANI GREEN ENERGY LTD,2589193.00,27549.65,,,
LT,LARSEN & TOUBRO LIMITED,1008404.00,35383.39,,,
YATHARTH,YATHARTH HOSP & TRA C S L,822531.00,5761.70,,,
GODREJIND,GODREJ INDUSTRIES LTD,204670.00,2395.86,,,
BBTC,BOMBAY BURMAH TRADING COR,266815.00,5163.85,,,
ABDL,ALLIED BLEND N DISTILS L,899595.00,4377.15,,,
MEDIASSIST,MEDI ASSIST HEALTH SER L,199693.00,1067.89,,,
GAEL,GUJARAT AMBUJA EXPORTS LT,1805095.00,2269.64,,,
MCX,MULTI COMMODITY EXCHANGE,360959.00,29107.58,,,
WOCKPHARMA,WOCKHARDT LTD.,1912095.00,29111.38,,,
SHREDIGCEM,SHREE DIGVIJAY CEM CO LTD,730729.00,688.04,,,
BORORENEW,BOROSIL RENEWABLES LTD,1409776.00,8329.14,,,
APOLLOTYRE,APOLLOTYRENPP270999DEPO,1126637.00,5460.74,,,
SCHNEIDER,SCHNEIDER ELECTRIC INFRA,76572.00,646.94,,,
SENCO,SENCO GOLD LIMITED,1007240.00,3886.63,,,
GRAVITA,GRAVITA INDIA LIMITED,866620.00,15502.84,,,
DIGITIDE,DIGITIDE SOLUTIONS LTD,486202.00,1036.31,,,
SNOWMAN,SNOWMAN LOGISTICS LTD.,1216408.00,782.23,,,
RCF,RASHTRIYA CHEMICALS & FER,9915963.00,16243.48,,,
TTML,TATA TELESERV(MAHARASTRA),424246.00,279.67,,,
IIFLCAPS,IIFL CAPITAL SERVICES LTD,1337812.00,4160.62,,,
NSLNISP,NMDC STEEL LIMITED,21057493.00,9527.05,,,
STARHEALTH,STAR HEALTH & AL INS CO L,1057738.00,4957.08,,,
AKZOINDIA,AKZO NOBEL INDIA LIMITED,28907.00,1032.53,,,
ASHOKA,ASHOKA BUILDCON LTD,4853603.00,10229.34,,,
TVSSCS,TVS SUPPLY CHAIN SOL L,3012968.00,4309.15,,,
DIXON,DIXON TECHNO (INDIA) LTD,172858.00,28594.00,,,
BATAINDIA,BATA INDIA DEP RS,305891.00,3891.60,,,
DBCORP,D.B.CORP LTD,140347.00,379.77,,,
CMSINFO,CMS INFO SYSTEMS LIMITED,711621.00,2998.51,,,
NOCIL,NOCIL LIMITED,2544565.00,5386.86,,,
BPCL,BHARAT PETROLEUM CORP  LT,2291778.00,7525.89,,,
MIRZAINT,MIRZA INTERNATIONAL LIMIT,199828.00,82.93,,,
DELTACORP,DELTA CORP LIMITED,9131004.00,8826.89,,,
RUBYMILLS,THE RUBY MILLS LTD,6833.00,16.80,,,
FEDFINA,FEDBANK FINANCIAL SER L,2965350.00,4156.65,,,
GOKEX,GOKALDAS EXPORTS LIMITED,931926.00,7542.80,,,
SENSEXIETF,ICICI PRUD SENSEX ETF,9373.00,87.20,,,
JINDALPOLY,JINDAL POLY FILMS LIMITED,206623.00,1305.29,,,
NIBE,NIBE LIMITED,12274.00,191.40,,,
SUKHJITS,SUKHJIT STARCH & CHEM LTD,1734.00,3.55,,,
SFL,SHEELA FOAM LIMITED,376557.00,2748.88,,,
OFSS,ORACLE FIN SERV SOFT LTD.,158659.00,14555.56,,,
ACUTAAS,ACUTAAS CHEMICALS LIMITED,263729.00,3424.05,,,
FINCABLES,FINOLEX CABLES LTD,1026843.00,9817.90,,,
BANCOINDIA,BANCO PRODUCTS (I) LTD,462175.00,3458.87,,,
RAILTEL,RAILTEL CORP OF IND LTD,6839087.00,28365.68,,,
FORTIS,FORTIS HEALTHCARE LTD,437095.00,3611.83,,,
BERGEPAINT,BERGER PAINTS (I) LTD,344511.00,1913.83,,,
TECHNOE,TECHNO ELEC & ENG CO. LTD,592106.00,8429.73,,,
ICICIPRULI,ICICI PRU LIFE INS CO LTD,1023174.00,6445.06,,,
NAVNETEDUL,NAVNEET EDUCATION LTD,701401.00,1094.31,,,
SYNGENE,SYNGENE INTERNATIONAL LTD,721872.00,4954.09,,,
KFINTECH,KFIN TECHNOLOGIES LIMITED,2076503.00,24610.52,,,
FLUOROCHEM,GUJARAT FLUOROCHEM LTD,608122.00,22511.00,,,
AARTIIND,AARTI INDUSTRIES LTD,3954172.00,17444.67,,,
JAGSNPHARM,JAGSONPAL PHARMA LTD.,148065.00,366.85,,,
SANDHAR,SANDHAR TECHNOLOGIES LTD,371063.00,1776.19,,,
APCOTEXIND,APCOTEX INDUSTRIES LIMITE,32126.00,135.88,,,
TEGA,TEGA INDUSTRIES LIMITED,1802917.00,35966.77,,,
HERITGFOOD,HERITAGE FOODS LTD,1143724.00,5719.56,,,
GMRP&UI,GMR POW AND URBAN INFRA L,12262224.00,14259.12,,,
MAPMYINDIA,C.E. INFO SYSTEMS LIMITED,201223.00,3735.51,,,
BHARATFORG,BHARAT FORGE LTD,1233946.00,15781.10,,,
BECTORFOOD,MRS BECTORS FOOD SPE LTD,225010.00,3200.38,,,
SILVERETF,UTIAMC - SILVERETF,717055.00,952.45,,,
QPOWER,QUALITY POWER ELEC EQUP L,757792.00,6045.48,,,
WSTCSTPAPR,WEST COAST PAPER MILLS LT,355612.00,1937.90,,,
DIVISLAB,DIVI S LABORATORIES LTD,229783.00,14387.25,,,
CAPLIPOINT,CAPLIN POINT LAB LTD.,120141.00,2564.86,,,
BAJAJCON,BAJAJ CONSUMER CARE LTD,1682813.00,3990.13,,,
NIACL,THE NEW INDIA ASSU CO LTD,3357067.00,7166.19,,,
M&MFIN,M&M FIN. SERVICES LTD,2524080.00,7087.64,,,
SKFINDIA,SKF INDIA LTD,64139.00,3023.30,,,
KIRLOSENG,KIRLOSKAR OIL ENG LTD,420370.00,3914.48,,,
RBA,RESTAURANT BRAND ASIA LTD,6070813.00,5072.31,,,
LINCOLN,LINCOLN PHARMA LTD,138600.00,836.42,,,
GANDHAR,GANDHAR OIL REFINE IND L,726031.00,1253.02,,,
ADVENZYMES,ADVANCED ENZYME TECH LTD,673292.00,2386.21,,,
BOROLTD,BOROSIL LIMITED,361905.00,1345.91,,,
VARROC,VARROC ENGINEERING LTD.,397475.00,2373.88,,,
GOKULAGRO,GOKUL AGRO RESOURCES LTD,209741.00,771.25,,,
CANFINHOME,CAN FIN HOMES LTD,634068.00,4957.21,,,
LUMAXIND,LUMAX INDUSTRIES LTD,9992.00,458.73,,,
STYLAMIND,STYLAM INDUSTRIES LIMITED,71461.00,1286.96,,,
PSPPROJECT,PSP PROJECTS LIMITED,491023.00,3672.68,,,
UDS,UPDATER SERVICES LIMITED,861430.00,2532.97,,,
SUMICHEM,SUMITOMO CHEM INDIA LTD,591376.00,3360.30,,,
SMCGLOBAL,SMC GLOBAL SECURITIES LTD,1124941.00,1643.19,,,
PPL,PRAKASH PIPES LIMITED,280478.00,1015.35,,,
CENTURYPLY,CENTURY PLYBOARDS (INDIA),100231.00,839.68,,,
KEI,KEI INDUSTRIES LTD.,95186.00,3666.50,,,
AKUMS,AKUMS DRUGS AND PHARMA L,458417.00,2377.11,,,
HLEGLAS,HLE GLASCOAT LIMITED,347884.00,1771.89,,,
GULPOLY,GULSHAN POLYOLS LIMITED,289462.00,512.52,,,
BARBEQUE,BARBEQUE NATION HOSP. LTD,376700.00,1068.29,,,
GUJALKALI,GUJALKALI NPP010699DEPO,364035.00,2348.00,,,
CCL,CCL PRODUCTS (I) LTD,146332.00,1230.62,,,
KALAMANDIR,SAI SILKS (KALAMANDIR) L,2799765.00,4904.07,,,
FINEORG,FINE ORGANIC IND. LTD.,29498.00,1434.71,,,
VISHNU,VISHNU CHEMICALS LIMITED,557245.00,2754.71,,,
CARBORUNIV,CARBORUNDUM UNIVERSAL LTD,359004.00,3581.88,,,
RATNAVEER,RATNAVEER PRECISION ENG L,385898.00,600.88,,,
ARVSMART,ARVIND SMARTSPACES LTD,169101.00,1127.14,,,
DODLA,DODLA DAIRY LIMITED,54280.00,754.55,,,
ANDHRAPAP,ANDHRA PAPER LIMITED,583411.00,491.70,,,
HDFCSILVER,HDFCAMC - HDFCSILVER,2154028.00,2842.67,,,
TVTODAY,TV TODAY NETWORK LTD,268628.00,507.96,,,
STOVEKRAFT,STOVE KRAFT LIMITED,202547.00,1367.76,,,
GLAND,GLAND PHARMA LIMITED,174066.00,3430.79,,,
VADILALIND,VADILAL INDUSTRIES LTD,16528.00,908.70,,,
DDEVPLSTIK,DDEV PLASTIKS IND LTD,198629.00,638.38,,,
AIAENG,AIA ENGINEERING LIMITED,76902.00,2554.89,,,
KMEW,KNOWLEDGE MARINE & EN W L,38061.00,805.50,,,
IMFA,INDIAN METALS & FERRO,236023.00,2019.05,,,
AZAD,AZAD ENGINEERING LIMITED,549883.00,9278.31,,,
MID150BEES,NIP IND ETF MIDCAP 150,808167.00,1772.41,,,
AVADHSUGAR,AVADH SUG & ENERGY LTD,239796.00,1240.75,,,
INDIGOPNTS,INDIGO PAINTS LIMITED,127875.00,1507.90,,,
IRMENERGY,IRM ENERGY LIMITED,277897.00,1021.70,,,
GRINFRA,G R INFRAPROJECTS LIMITED,70226.00,937.07,,,
SMARTWORKS,SMARTWORKS COWORKING SP L,50716.00,280.45,,,
ABBOTINDIA,ABBOTT INDIA LIMITED,11313.00,3564.96,,,
ICICIB22,ICICIPRAMC - BHARATIWIN,500797.00,554.88,,,
ETHOSLTD,ETHOS LIMITED,31219.00,834.27,,,
EMCURE,EMCURE PHARMACEUTICALS L,76432.00,1059.17,,,
ICRA,ICRA LIMITED,3790.00,251.05,,,
UNICHEMLAB,UNICHEM LABORATORIES LTD,87444.00,529.15,,,
ASALCBR,ASSO ALCOHOLS & BREW LTD,110634.00,1090.59,,,
NPST,NETWORK PEOPLE SRV TECH L,40663.00,830.86,,,
LICMFGOLD,LIC MF - LIC GOLD ETF,14545.00,1539.64,,,
FISCHER,FISCHER MEDICAL VENTURE L,117640.00,126.96,,,
SRHHYPOLTD,SREE RAYALASEEMA HI-STREN,52105.00,341.02,,,
SPAL,S. P. APPARELS LIMITED,64472.00,492.02,,,
LIQUIDBEES,NIP IND ETF LIQUID BEES,62499.00,625.07,,,
AURIONPRO,AURIONPRO SOLN LTD,415748.00,5340.94,,,
HDFCQUAL,HDFCAMC - HDFCQUAL,26517.00,15.37,,,
AXISHCETF,AXISAMC - AXISHCETF,5028.00,7.12,,,
OLAELEC,OLA ELECTRIC MOBILITY LTD,9381469.00,5648.58,,,
MEGASTAR,MEGASTAR FOODS LIMITED,32.00,0.10,,,
KRYSTAL,KRYSTAL INTEGRATED SER L,33071.00,220.62,,,
MANAKSIA,MANAKSIA LIMITED,17925.00,15.47,,,
DCAL,DISHMAN CARBO AMCIS LTD,336034.00,971.91,,,
BSE500IETF,ICICIPRAMC - ICICI500,554403.00,217.20,,,
BBL,BHARAT BIJLEE LTD,100372.00,2957.49,,,
MAXESTATES,MAX ESTATES LIMITED,334404.00,1655.05,,,
IVZINGOLD,INVESCO INDIA GOLD ETF,604.00,63.90,,,
OILIETF,ICICIPRAMC - OILIETF,3495107.00,401.81,,,
EUREKAFORB,EUREKA FORBES LIMITED,96502.00,556.22,,,
ACCELYA,ACCELYA KALE SOLUTION LTD,302378.00,4377.32,,,
BANKNIFTY1,KOTAKMAMC-KOTAKBKETF,15861.00,88.56,,,
MOM100,MOTILAL OS MIDCAP100 ETF,1256566.00,781.65,,,
CONSUMIETF,ICICIPRAMC - ICICICONSU,64984.00,79.88,,,
BANKIETF,ICICIPRAMC - IPRU5008,414542.00,235.08,,,
TRACXN,TRACXN TECHNOLOGIES LTD,277711.00,186.96,,,
CHEVIOT,CHEVIOT COMPANY LIMITED,2748.00,35.32,,,
ADVANIHOTR,ADVANI HOT.& RES.(I) LTD,35655.00,23.08,,,
KOKUYOCMLN,KOKUYO CAMLIN LIMITED,160999.00,201.31,,,
ORIENTCER,ORIENT CERATECH LIMITED,59480.00,23.52,,,
SHREEPUSHK,SHRE PUSH CHEM & FERT LTD,95100.00,382.17,,,
SASTASUNDR,SASTASUNDAR VENTURES LTD,22655.00,67.69,,,
RADIANTCMS,RADIANT CASH MGMT SER LTD,341983.00,212.88,,,
ARISINFRA,ARISINFRA SOLUTIONS LTD,539818.00,849.11,,,
KANORICHEM,KANORIA CHEM & IND LTD,12036.00,15.93,,,
ZOTA,ZOTA HEALTH CARE LIMITED,94849.00,1132.11,,,
BHARATSE,BHARAT SEATS LIMITED,48637.00,88.34,,,
MOLDTECH,MOLD-TEK TECHNOLOGIES LTD,39817.00,81.96,,,
WANBURY,WANBURY LIMITED,31478.00,82.88,,,
SURANAT&P,SURANA TELECOM AND POW LT,33608.00,8.11,,,
INDOTHAI,INDO THAI SEC LTD,102776.00,333.72,,,
KICL,KALYANI INVEST CO LTD,4691.00,242.47,,,
SRM,SRM CONTRACTORS LIMITED,79318.00,433.97,,,
ALMONDZ,ALMONDZ GLOBAL SEC LTD,11269.00,2.45,,,
MANAKALUCO,MANAK ALUMINIUM CO. LTD.,200.00,0.06,,,
INDOWIND,INDOWIND ENERGY LTD,14830.00,2.78,,,
MODEFENCE,MOTILALAMC - MODEFENCE,5203694.00,4656.41,,,
ARIHANTCAP,ARIHANT CAPITAL MKTS LTD,279217.00,295.88,,,
ZIMLAB,ZIM LABORATORIES LIMITED,24440.00,26.50,,,
SPECTRUM,SPECTRUM ELECTRIC IND LTD,334.00,5.06,,,
CIFL,CAPITAL INDIA FINANCE LTD,43589.00,16.56,,,
KITEX,KITEX GARMENTS LTD,201986.00,409.84,,,
SILVER1,KOTAKMAMC - KOTAKSILVE,445553.00,561.94,,,
ASPINWALL,ASPINWALL & CO LTD,240.00,0.68,,,
TPLPLASTEH,TPL PLASTECH LIMITED,74994.00,64.71,,,
APTECHT,APTECH LIMITED,87000.00,127.27,,,
USK,UDAYSHIVAKUMAR INFRA LTD,8262.00,2.88,,,
NAGAFERT,NAGARJUN FERT AND CHE LTD,41868.00,2.74,,,
KESORAMIND,KESORAM INDUSTRIES LTD,136503.00,8.31,,,
NV20BEES,NIP IND ETF ETF NV20,19866.00,29.54,,,
SIMPLEXINF,SIMPLEX INFRASTRUCTURES L,163802.00,489.91,,,
SBIETFCON,SBIAMC - SBIETFCON,7809.00,9.92,,,
SUPERHOUSE,SUPERHOUSE LIMITED,2761.00,5.12,,,
ABSLNN50ET,BIRLASLAMC - ABSLNN50ET,172617.00,131.16,,,
SILVERCASE,ZERODHAAMC - SILVERCASE,1331306.00,180.67,,,
ABSLBANETF,BIRLASLAMC - ABSLBANETF,16582.00,9.25,,,
EMULTIMQ,EDELAMC - EMULTIMQ,43715.00,18.68,,,
SETF10GILT,SBIAMC - SETF10GILT,5144.00,13.29,,,
MOHEALTH,MOTILALAMC - MOHEALTH,32053.00,14.34,,,
EBBETF0430,EDELAMC - EBBETF0430,834.00,12.76,,,
HISARMETAL,HISAR METAL IND. LIMITED,2522.00,5.34,,,
ESILVER,EDELAMC - ESILVER,43461.00,55.49,,,
FIBERWEB,FIBERWEB INDIA LIMITED,5672.00,2.73,,,
OBCL,ORISSA BENGAL CARRIER LTD,2382.00,1.43,,,
EFCIL,EFC (I) LIMITED,121730.00,378.27,,,
EUROBOND,EURO PANEL PRODUCTS LTD,1699.00,3.88,,,
PVP,PVP VENTURES LIMITED,8758.00,2.39,,,
BBETF0432,EDELAMC - BBETF0432,193.00,2.48,,,
CLEDUCATE,CL EDUCATE LIMITED,1.00,0.00,,,
KILITCH,KILITCH DRUGS INDIA LTD,1.00,0.00,,,
DOLPHIN,DOLPHIN OFF ENT (IND) L,407.00,1.67,,,
HERCULES,HERCULES HOI. LTD.,809.00,1.52,,,
IFBAGRO,IFB AGRO INDUSTRIES LTD,1049.00,10.20,,,
SALSTEEL,S.A.L. STEEL LTD.,15771.00,2.97,,,
AKSHOPTFBR,AKSH OPTIFIBRE  LTD,1000.00,0.07,,,
GROWWNIFTY,GROWWAMC - GROWWNIFTY,5.00,0.00,,,
TIGERLOGS,TIGER LOGISTICS (INDIA) L,37.00,0.02,,,
AONELIQUID,AONEAMC - AONELIQUID,7.00,0.07,,,
MOGOLD,MOTILALAMC - MOGOLD,30.00,0.04,,,
MOTOUR,MOTILALAMC - MOTOUR,251.00,0.22,,,
OCCLLTD,OCCL LIMITED,2000.00,2.56,,,
HINDCON,HINDCON CHEMICALS LIMITED,78.00,0.03,,,
KRITINUT,KRITI NUTRIENTS LIMITED,2050.00,1.93,,,
JWL,JUPITER WAGONS LIMITED,4562096.00,17489.72,,,
GHCL,GHCL LIMITED,620771.00,3755.56,,,
SARDAEN,SARDA ENERGY & MIN LTD,1584512.00,8790.13,,,
ORIENTTECH,ORIENT TECHNOLOGIES LTD,477201.00,2130.42,,,
SYRMA,SYRMA SGS TECHNOLOGY LTD,1137721.00,8768.23,,,
GALLANTT,GALLANTT ISPAT LIMITED,169312.00,1154.54,,,
FINOPB,FINO PAYMENTS BANK LTD,764862.00,2235.31,,,
IDBI,IDBI BANK LIMITED,36541410.00,33627.52,,,
NFL,NATIONAL FERT. LTD,9558530.00,10046.21,,,
MIDHANI,MISHRA DHATU NIGAM LTD,2662687.00,11022.65,,,
FILATEX,FILATEX INDIA LTD,3059270.00,1683.16,,,
ITIETF,ICICIPRAMC - ICICITECH,1808429.00,718.07,,,
FORCEMOT,FORCE MOTORS LIMITED,60523.00,10044.92,,,
MARATHON,MARATHON NXTGEN REALT LTD,1101713.00,7106.73,,,
AEROFLEX,AEROFLEX INDUSTRIES LTD,2492278.00,4794.57,,,
STEELCAS,STEELCAST LIMITED,32890.00,76.31,,,
ZAGGLE,ZAGGLE PREPA OCEAN SER L,1729799.00,6405.93,,,
LAOPALA,LA OPALA RG LIMITED,308737.00,859.45,,,
LOTUSDEV,SRI LOTUS DEVLPRS N RTY L,1766900.00,3408.92,,,
TATASTEEL,TATA STEEL LIMITED,12539885.00,19806.09,,,
FCSSOFT,FCS SOFTWARE SOLN. LTD.,380039.00,10.89,,,
ADANIPORTS,ADANI PORT & SEZ LTD,2278327.00,31716.13,,,
CGPOWER,CG POWER AND IND SOL LTD,3742480.00,26342.22,,,
ANUHPHR,ANUH PHARMA LIMITED,25329.00,24.48,,,
GESHIP,THE GE SHPG.LTD,967326.00,10331.75,,,
HINDPETRO,HINDUSTAN PETROLEUM CORP,1590901.00,6557.98,,,
RITES,RITES LIMITED,4793426.00,13809.92,,,
SAKSOFT,SAKSOFT LIMITED,705606.00,1535.48,,,
SWIGGY,SWIGGY LIMITED,7045823.00,30350.25,,,
TATAGOLD,TATAAML-TATAGOLD,17080110.00,1912.28,,,
CIPLA,CIPLA LTD,364864.00,5595.00,,,
JINDWORLD,JINDAL WORLDWIDE LTD,2823818.00,1334.29,,,
PATELENG,PATEL ENGINEERING LTD.,5822698.00,2512.98,,,
CAMS,COMPUTER AGE MNGT SER LTD,1015561.00,41243.93,,,
LATENTVIEW,LATENT VIEW ANALYTICS LTD,873706.00,3808.69,,,
SILVERIETF,ICICIPRAMC - ICICISILVE,4278591.00,5878.99,,,
CUMMINSIND,CUMMINS INDIA LIMITED,178190.00,6885.88,,,
MOBIKWIK,ONE MOBIKWIK SYSTEMS LTD,2746399.00,7983.52,,,
APTUS,APTUS VALUE HSG FIN I LTD,1848456.00,6083.98,,,
STLTECH,STERLITE TECHNOLOGIES LTD,1364196.00,1602.99,,,
SPARC,SUN PHARMA ADV.RES.CO.LTD,1675555.00,2741.94,,,
SALZERELEC,SALZER ELECTRONICS LTD,263941.00,2424.88,,,
PICCADIL,PICCADILY AGRO INDUSTRI L,125920.00,887.40,,,
LTF,L&T FINANCE LIMITED,3914726.00,8285.46,,,
ROTO,ROTO PUMPS LIMITED,860434.00,799.27,,,
HCC,HINDUSTAN CONSTRUC CO.,6094627.00,1823.47,,,
OSWALPUMPS,OSWAL PUMPS LIMITED,495024.00,3948.15,,,
3IINFOLTD,3I INFOTECH LIMITED,515873.00,184.04,,,
63MOONS,63 MOONS TECHNOLOGIES LTD,301771.00,2693.91,,,
DCBBANK,DCB BANK LIMITED,5216376.00,6726.82,,,
KERNEX,KERNEX MICROSYSTEMS (INDI,38998.00,410.78,,,
HINDUNILVR,HINDUSTAN UNILEVER LTD.,548802.00,14052.15,,,
IPL,INDIA PESTICIDES LIMITED,916823.00,2015.84,,,
HERANBA,HERANBA INDUSTRIES LTD,114675.00,393.54,,,
PSUBANKADD,DSPAMC - DSPPSBKETF,31476.00,23.30,,,
ECLERX,ECLERX SERVICES LTD,60670.00,2436.97,,,
ENTERO,ENTERO HEALTHCARE SOLU L,299933.00,3600.41,,,
EQUITASBNK,EQUITAS SMALL FIN BNK LTD,10561669.00,6778.12,,,
INDOFARM,INDO FARM EQUIPMENT LTD,288396.00,714.84,,,
INDRAMEDCO,INDRAPRASTHA MEDICAL CORP,388864.00,2037.98,,,
ALPHA,KOTAKMAMC - KOTAKALPHA,5044359.00,2489.27,,,
NINSYS,NINTEC SYSTEMS LIMITED,2407.00,12.53,,,
TNIDETF,TATAAML - TNIDETF,59413.00,54.89,,,
NPBET,TATAAML - NPBET,4335.00,12.31,,,
JAIBALAJI,JAI BALAJI INDUSTRIES LTD,8981796.00,10607.99,,,
WELSPUNLIV,WELSPUN LIVING LIMITED,10052342.00,14179.13,,,
SONACOMS,SONA BLW PRECISION FRGS L,4379780.00,20549.61,,,
AWHCL,ANTONY WASTE HDG CELL LTD,243013.00,1523.33,,,
HBLENGINE,HBL ENGINEERING LTD,3240752.00,23851.69,,,
TECHM,TECH MAHINDRA LIMITED,1330389.00,20897.42,,,
M&M,MAHINDRA & MAHINDRA LTD,1069667.00,36852.20,,,
HPL,HPL ELECTRIC & POWER LTD,719107.00,3893.35,,,
GOLDIAM,GOLDIAM INTERNATIONAL LTD,2078377.00,7905.10,,,
HNGSNGBEES,NIP IND ETF HANGSENG BEES,470099.00,2327.38,,,
NYKAA,FSN E COMMERCE VENTURES,1647266.00,3808.21,,,
ADANIENT,ADANI ENTERPRISES LIMITED,954853.00,24917.93,,,
LMW,LMW LIMITED,22074.00,3319.37,,,
SIGNATURE,SIGNATUREGLOBAL INDIA LTD,768233.00,9192.08,,,
BALMLAWRIE,BALMER LAWRIE & CO LTD,1775545.00,4072.48,,,
INDGN,INDEGENE LIMITED,1033577.00,6097.82,,,
BEPL,BHANSALI ENG. POLYMERS LT,2721457.00,3241.11,,,
RRKABEL,R R KABEL LIMITED,263393.00,3540.42,,,
EVEREADY,EVEREADY INDS. IND. LTD.,1358039.00,5627.70,,,
MEDANTA,GLOBAL HEALTH LIMITED,160497.00,2142.56,,,
QUESS,QUESS CORP LIMITED,580049.00,1825.33,,,
REDTAPE,REDTAPE LIMITED,1360890.00,2033.11,,,
TRIVENI,TRIVENI ENGINEERING & IND,1302362.00,5044.27,,,
PSUBNKBEES,NIP IND ETF PSU BANK BEES,4813860.00,3916.29,,,
POWERMECH,POWER MECH PROJECTS LTD.,263320.00,7854.85,,,
NIFTYBEES,NIP IND ETF NIFTY BEES,5187067.00,14442.84,,,
AXISGOLD,AXIS MF - AXIS GOLD ETF,1891131.00,1804.42,,,
MARICO,MARICO LIMITED,458370.00,3305.03,,,
KIOCL,KIOCL LIMITED,469381.00,2409.31,,,
GRMOVER,GRM OVERSEAS LIMITED,2312517.00,8466.77,,,
KANSAINER,KANSAI NEROLAC PAINTS LTD,695732.00,1794.68,,,
ORISSAMINE,ORISSA MIN DEV CO LTD,41858.00,2485.57,,,
CEATLTD,CEAT LIMITED,150153.00,5239.27,,,
NESCO,NESCO LTD.,269048.00,3477.54,,,
VRLLOG,VRL LOGISTICS LIMITED,750597.00,2152.17,,,
JSWSTEEL,JSW STEEL LIMITED,303167.00,3205.33,,,
AGI,AGI GREENPAC LIMITED,437559.00,3840.69,,,
GARFIBRES,GARWARE TECH FIBRES LTD,70479.00,604.60,,,
BASF,BASF INDIA LTD,167420.00,8664.75,,,
COLPAL,COLGATE PALMOLIVE LTD.,638735.00,15421.37,,,
EIDPARRY,EID PARRY INDIA LTD,232601.00,2469.52,,,
ROSSARI,ROSSARI BIOTECH LIMITED,177740.00,1271.21,,,
SATIA,SATIA INDUSTRIES LIMITED,927381.00,852.79,,,
CONCORDBIO,CONCORD BIOTECH LIMITED,200602.00,3488.17,,,
IIFL,SEC RE NCD 0% SR.II,1858442.00,8166.93,,,
MUKANDLTD,MUKAND LTD.,448569.00,655.35,,,
ENDURANCE,ENDURANCE TECHNO. LTD.,105658.00,3027.56,,,
MEDPLUS,MEDPLUS HEALTH SERV LTD,636780.00,4827.31,,,
GVT&D,GE VERNOVA T&D INDIA LTD,123811.00,3555.63,,,
STERTOOLS,STERLING TOOLS LIMITED,322297.00,1210.92,,,
ICIL,INDO COUNT INDUSTRIES LTD,821794.00,2505.10,,,
VASCONEQ,VASCON ENGINEERS LTD,4391543.00,2806.58,,,
LANDMARK,LANDMARK CARS LIMITED,69375.00,410.73,,,
TCPLPACK,TCPL PACKAGING LIMITED,25116.00,1010.11,,,
MAFANG,MIRAEAMC - MAFANG,557460.00,846.65,,,
TATVA,TATVA CHIN PHARM CHEM LTD,169411.00,1757.54,,,
RAJRATAN,RAJRATAN GLOBAL WIRE LTD,413999.00,1513.03,,,
BLUESTARCO,BLUE STAR LIMITED,209943.00,3971.94,,,
RAYMONDLSL,RAYMOND LIFESTYLE LIMITED,387858.00,4732.96,,,
UTKARSHBNK,UTKARSH SMALL FIN BANK L,13074342.00,3785.08,,,
NITINSPIN,NITIN SPINNERS LIMITED,311068.00,1146.11,,,
MAITHANALL,MAITHAN ALLOYS LTD,199558.00,2276.61,,,
SENORES,SENORES PHARMACEUTICALS L,551049.00,3748.72,,,
DREDGECORP,DREDGING CORP OF INDIA,163831.00,1137.48,,,
AMBIKCO,AMBIKA COTTON MILL LTD.,16292.00,250.41,,,
GPTHEALTH,GPT HEALTHCARE LIMITED,536228.00,866.26,,,
BESTAGRO,BEST AGROLIFE LIMITED,65295.00,304.41,,,
RUSTOMJEE,KEYSTONE REALTORS LIMITED,48393.00,305.06,,,
EQUAL50ADD,DSPAMC - DSPNEWETF,18038.00,59.03,,,
WEL,WONDER ELECTRICALS LTD,1257395.00,1901.04,,,
ONESOURCE,ONESOURCE SPECL PHARMA L,214199.00,4305.87,,,
APLLTD,ALEMBIC PHARMA LTD,222931.00,2261.99,,,
SPORTKING,SPORTKING INDIA LIMITED,351891.00,405.61,,,
HONDAPOWER,HONDA I POWER PRODUCT LTD,24648.00,733.33,,,
DHANUKA,DHANUKA AGRITECH LTD,80351.00,1318.66,,,
ALKYLAMINE,ALKYL AMINES CHEM. LTD,161166.00,3378.26,,,
RPSGVENT,RPSG VENTURES LIMITED,578718.00,5465.30,,,
SETFGOLD,SBI-ETF GOLD,1147159.00,1131.96,,,
HDFCNIFTY,HDFCAMC - HDFCNIFTY,52514.00,142.75,,,
ALKEM,ALKEM LABORATORIES LTD.,25034.00,1371.95,,,
VIJAYA,VIJAYA DIAGNOSTIC CEN LTD,131578.00,1397.70,,,
NUVOCO,NUVOCO VISTAS CORP LTD,620997.00,2656.38,,,
KSB,KSB LIMITED,150367.00,1254.17,,,
CIGNITITEC,CIGNITI TECHNOLOGIES LTD,65114.00,991.64,,,
ASTEC,ASTEC LIFESCIENCES LTD,321692.00,3249.92,,,
BRIGHOTEL,BRIGADE HOTEL VENTURE LTD,191562.00,163.14,,,
AUTOAXLES,AUTOMOTIVE AXLES LIMITED,26500.00,490.66,,,
GROWWEV,GROWWAMC - GROWWEV,241387.00,73.83,,,
MNC,KOTAKMAMC - KOTAKMNC,268340.00,83.16,,,
NEXT30ADD,DSPAMC - NEXT30ADD,2994.00,1.17,,,
GOODLUCK,GOODLUCK INDIA LIMITED,764240.00,7716.59,,,
LIQUIDCASE,ZERODHAAMC - LIQUIDCASE,47935.00,52.70,,,
UTINEXT50,UTIAMC - UTINEXT50,184164.00,141.73,,,
GOLDETFADD,DSPAMC - DSPGOLDETF,25832.00,29.04,,,
NETF,TATAAML - NETF,23865.00,64.00,,,
REMSONSIND,REMSONS INDUSTRIES LTD,118074.00,160.84,,,
JAYBARMARU,JAYBHARATMARU-,16709.00,14.33,,,
RAYMOND,RAYMOND LTD,745532.00,5532.14,,,
CSLFINANCE,CSL FINANCE LIMITED,8193.00,25.94,,,
RELCHEMQ,RELIANCE CHEMOTEX IND LTD,125.00,0.24,,,
SHIVALIK,SHIVALIK RASAYAN LIMITED,28616.00,158.99,,,
MBAPL,MADHYA BHARAT AGRO PROD L,132450.00,560.77,,,
AUTOIETF,ICICIPRAMC - ICICIAUTO,1418984.00,385.51,,,
LOWVOLIETF,ICICI PR NIF LW VL 30 ETF,913401.00,203.07,,,
SOMANYCERA,SOMANY CERAMICS LIMITED,107785.00,571.60,,,
RITCO,RITCO LOGISTICS LIMITED,127194.00,402.73,,,
NIFTYETF,MIRAEAMC - MAN50ETF,212553.00,562.24,,,
STEELXIND,STEEL EXCHANGE INDIA LTD,5028628.00,536.15,,,
PUNJABCHEM,PUNJAB CHEM & CROP PROT L,29049.00,386.08,,,
SEAMECLTD,SEAMEC LIMITED,113153.00,1095.02,,,
ENIL,ENTERTAIN NET. IND. LTD.,35820.00,58.72,,,
NAHARSPING,NAHAR SPINNING MILLS LTD.,60147.00,147.76,,,
JSFB,JANA SMALL FIN BANK LTD,348736.00,1775.28,,,
WEBELSOLAR,WEBSOL ENERGY SYSTEM LTD,378223.00,5038.35,,,
MAWANASUG,MAWANA SUGARS LIMITED,28646.00,28.47,,,
LIQUIDETF,DSP LIQUID ETF,1048.00,10.48,,,
SGMART,SG MART LIMITED,3326.00,12.07,,,
PRABHA,PRABHA ENERGY LIMITED,12955.00,32.13,,,
PENINLAND,PENINSULA LAND LIMITED,203903.00,74.38,,,
OSWALGREEN,OSWAL GREENTECH LIMITED,255856.00,113.09,,,
DUCON,DUCON INFRATECHNOLOGIES L,133560.00,8.16,,,
SUVEN,SUVEN LIFE SCIENCES LTD,85720.00,177.72,,,
HILTON,HILTON METAL FORGING LTD,103649.00,48.17,,,
AFIL,AKME FINTRADE (INDIA) LTD,12909028.00,1002.89,,,
MANAKCOAT,MAN COAT METAL & IND LTD,106966.00,150.00,,,
KAMATHOTEL,KAMAT HOTELS (I) LTD,192130.00,582.98,,,
RADIOCITY,MUSIC BROADCAST LIMITED,14159.00,1.43,,,
SOMICONVEY,SOMI CONVEYOR BELT. LTD.,175.00,0.25,,,
VRAJ,VRAJ IRON AND STEEL LTD,47655.00,105.43,,,
GTL,GTL LTD,109921.00,13.76,,,
PONNIERODE,PONNIE SUGARS (ERODE) LTD,20410.00,67.11,,,
ISFT,INTRASOFT TECH. LTD,173820.00,195.84,,,
ARROWGREEN,ARROW GREENTECH LIMITED,5377.00,32.65,,,
ZEELEARN,ZEE LEARN LIMITED,23500.00,2.31,,,
ARCHIDPLY,ARCHIDPLY IND. LTD,1100.00,1.13,,,
ASHIMASYN,ASHIMA LTD,1000.00,0.25,,,
LIBERTSHOE,LIBERTY SHOES LTD,16601.00,59.50,,,
COMMOIETF,ICICIPRAMC - ICICICOMMO,86925.00,78.00,,,
MAHKTECH,MIRAEAMC - MAHKTECH,3153782.00,855.70,,,
NDL,NANDAN DENIM LIMITED,367146.00,14.01,,,
UNIENTER,UNIPHOS ENTERPRISES LTD,1000.00,1.70,,,
AGIIL,AGI INFRA LIMITED,476143.00,4936.28,,,
ROHLTD,ROYAL ORCHID HOTELS LTD,355778.00,1613.11,,,
AXISILVER,AXISAMC - AXISILVER,365940.00,502.07,,,
MOVALUE,MOTILALAMC - MOVALUE,133203.00,136.14,,,
MSCIINDIA,KOTAKMAMC - MSCIINDIA,24094.00,7.08,,,
MAXIND,MAX INDIA LIMITED,17726.00,38.91,,,
HEALTHY,BIRLASLAMC - HEALTHY,201614.00,29.99,,,
MULTICAP,MIRAEAMC - MULTICAP,122223.00,19.33,,,
BAIDFIN,BAID FINSERV LIMITED,37553.00,4.64,,,
QGOLDHALF,QUANTUM GOLD FUND,273529.00,258.49,,,
AHLADA,AHLADA ENGINEERS LIMITED,5546.00,5.25,,,
MANCREDIT,MANGAL CREDIT N FINCORP L,3880.00,6.89,,,
NIF10GETF,UTIAMC - NIF10GETF,2488.00,0.65,,,
BEARDSELL,BEARDSELL LIMITED,4301.00,1.49,,,
SELECTIPO,MIRAEAMC - SELECTIPO,3701.00,1.82,,,
EBBETF0433,EDELAMC - EBBETF0433,93.00,1.17,,,
BBNPNBETF,BARODABNP - BBNPNBETF,217.00,0.12,,,
AARVI,AARVI ENCON LIMITED,505.00,0.62,,,
KMSUGAR,K.M.SUGAR MILLS LIMITED,4876.00,1.61,,,
AXISBNKETF,AXISAMC - AXISBNKETF,2417.00,13.89,,,
NRAIL,N R AGARWAL INDS LTD,5633.00,20.60,,,
UNITEDTEA,UNITED NILGIRI TEA LTD,50.00,0.25,,,
MAGNUM,MAGNUM VENTURES LTD.,8848.00,2.91,,,
GODAVARIB,GODAVARI BIOREFINERIES L,11421.00,31.18,,,
MIRCELECTR,MIRC ELECTRONICS LTD,336.00,0.07,,,
ONEPOINT,ONE POINT ONE SOL LTD,777416.00,369.54,,,
MARALOVER,MARAL OVERSEAS LTD,27.00,0.01,,,
VISAKAIND,VISAKA INDUSTRIES LIMITED,40979.00,34.74,,,
PREMIERPOL,PREMIER POLYFILM LTD,4854.00,2.29,,,
UCAL,UCAL LIMITED,15042.00,22.78,,,
TREJHARA,TREJHARA SOLUTIONS LTD,1.00,0.00,,,
INTERARCH,INTERARCH BLDNG SOLTN LTD,19208.00,380.83,,,
ASAHISONG,ASAHI SONGWON COLOR LTD,1574.00,4.60,,,
NIF5GETF,UTI NIFTY 5 YR BENCHMARK G-SEC,2586.00,1.65,,,
VIPULLTD,VIPUL LIMITED,209995.00,21.79,,,
ORIENTBELL,ORIENT BELL LIMITED,484.00,2.39,,,
ANMOL,ANMOL INDIA LIMITED,2000.00,0.33,,,
CPCAP,CP CAPITAL LIMITED,225.00,0.35,,,
SHIVATEX,SHIVA TEXYARN LIMITED,10.00,0.02,,,
HTMEDIA,HT MEDIA LIMITED,10000.00,2.89,,,
INDOBORAX,INDO BORAX & CHEMICAL LTD,1988.00,3.59,,,
JOCIL,JOCIL LIMITED,0.00,0.00,,,
MOINFRA,MOTILALAMC - MOINFRA,204.00,0.12,,,
COMSYN,COMMERCIAL SYN BAGS LTD,2151.00,3.30,,,
LIQGRWBEES,NIPPONAMC - LIQGRWBEES,1.00,0.01,,,
