sebi_report_as_on_reporting_date_10oct2025,unnamed_1,unnamed_2,unnamed_3,unnamed_4,unnamed_5,unnamed_6,unnamed_7
Sr.No.,Particulars,Rs. In Lakhs,,,,,
1,Scripwise Total Outstanding on the beginning of the day,10780688.86,,,,,
2,Fresh Exposure taken during the day,380976.95,,,,,
3,Exposure liquidated during the day,391153.53,,,,,
4,Net scripwise outstanding at the end of the day,10770512.29,,,,,
Symbol,Name,Qty Fin by all the members(No.of Shares),Amt Fin by all the members(Rs. In Lakhs),,,,
JBMA,JBM AUTO LIMITED,2488946.00,17320.00,,,,
TRANSRAILL,TRANSRAIL LIGHTING LTD,2639889.00,19502.43,,,,
SUPREMEIND,SUPREME INDUSTRIES LTD,173237.00,7706.37,,,,
BDL,BHARAT DYNAMICS LIMITED,3905125.00,66507.53,,,,
CYIENT,CYIENT LIMITED,792609.00,10379.56,,,,
ACE,ACTION CONST EQUIP LTD,833135.00,9831.11,,,,
POWERGRID,POWER GRID CORP. LTD.,5218493.00,15496.39,,,,
TVSHLTD,TVS HOLDINGS LIMITED,15190.00,1828.23,,,,
JIOFIN,JIO FIN SERVICES LTD,47609125.00,145987.61,,,,
ASHOKLEY,ASHOK LEYLAND -DEP SETT,6485513.00,8662.08,,,,
INFIBEAM,INFIBEAM AVENUES LIMITED,21622133.00,4132.30,,,,
LXCHEM,LAXMI ORGANIC INDUS LTD,2876347.00,6497.33,,,,
PGEL,PG ELECTROPLAST LTD,3176301.00,17637.78,,,,
PHOENIXLTD,THE PHOENIX MILLS LTD,339660.00,5476.24,,,,
ROUTE,ROUTE MOBILE LIMITED,878103.00,8949.34,,,,
TIRUMALCHM,THIRUMALAI CHEMICALS LTD.,1491407.00,4418.28,,,,
TRITURBINE,TRIVENI TURBINE LIMITED,1109396.00,6600.31,,,,
SHRIRAMPPS,SHRIRAM PROPERTIES LTD,5392078.00,5296.90,,,,
HCLTECH,HCL TECHNOLOGIES LTD,1944963.00,30184.34,,,,
OLECTRA,OLECTRA GREENTECH LIMITED,2047566.00,31214.18,,,,
JBCHEPHARM,JBCHEPHARM,65277.00,1134.10,,,,
NMDC,NMDC LTD.,25002213.00,18544.78,,,,
COALINDIA,COAL INDIA LTD,9995292.00,39649.60,,,,
COROMANDEL,COROMANDEL INTERNTL. LTD,234462.00,5524.10,,,,
POLICYBZR,PB FINTECH LIMITED,361170.00,6544.78,,,,
ZYDUSLIFE,ZYDUS LIFESCIENCES LTD,625830.00,6383.77,,,,
VEDL,VEDANTA LIMITED,12823224.00,57760.91,,,,
BLACKBUCK,BLACKBUCK LIMITED,922015.00,5520.24,,,,
PTC,PTC INDIA LIMITED,2996687.00,5435.31,,,,
BOMDYEING,BOM DYEING - DEPO SETT.,6385489.00,10849.28,,,,
ASIANPAINT,ASIAN PAINTS LIMITED,894837.00,22124.97,,,,
BAJAJELEC,BAJAJ ELECT.LTD,399688.00,2422.00,,,,
AFCONS,AFCONS INFRASTRUCTURE LTD,1366874.00,6180.22,,,,
JSWINFRA,JSW INFRASTRUCTURE LTD,4256139.00,12884.13,,,,
JPPOWER,JAIPRAKASH POWER VEN. LT,75429998.00,15436.28,,,,
FSL,FIRSTSOURCE SOLU. LTD.,1987402.00,7087.83,,,,
HSCL,HIMADRI SPECIALITY CHEM L,4077233.00,19940.22,,,,
MANKIND,MANKIND PHARMA LIMITED,189706.00,4815.49,,,,
EICHERMOT,EICHER MOTORS LTD,84014.00,5472.84,,,,
HYUNDAI,HYUNDAI MOTOR INDIA LTD,468217.00,11981.29,,,,
JINDALSTEL,JINDAL STEEL LIMITED,459084.00,4636.84,,,,
TITAGARH,TITAGARH RAIL SYSTEMS LTD,2655884.00,25094.68,,,,
PAISALO,PAISALO DIGITAL LIMITED,12060592.00,4623.80,,,,
FEDERALBNK,FEDERAL BANK LTD-DEP SET,4833484.00,9807.14,,,,
NTPC,8.41%S-R-NCD SERIES 1A,8148002.00,28887.83,,,,
DATAMATICS,DATAMATICS GLOBAL SER.LTD,388672.00,3358.02,,,,
LEMONTREE,LEMON TREE HOTELS LTD,6776823.00,11194.85,,,,
INDHOTEL,THE INDIAN HOTELS CO. LTD,4096720.00,31268.71,,,,
ACC,ACCNPP310899DEPO,731874.00,14138.94,,,,
BAYERCROP,BAYER CROPSCIENCE LTD,66506.00,3551.97,,,,
SBICARD,SBI CARDS & PAY SER LTD,529390.00,4825.68,,,,
MHRIL,MAHINDRA HOLIDAYS LTD,295237.00,1078.92,,,,
AVANTIFEED,AVANTI FEEDS LIMITED,1202892.00,8911.69,,,,
PRAKASH,PRAKASH INDUSTRIES LTD,3320841.00,5489.38,,,,
EPACK,EPACK DURABLE LIMITED,1324108.00,5058.64,,,,
NAZARA,NAZARA TECHNOLOGIES LTD,30972962.00,88663.68,,,,
VENUSPIPES,VENUS PIPES & TUBES LTD,319709.00,4516.93,,,,
KIMS,KRISHNA INST OF MED SCI L,573687.00,4100.78,,,,
PAGEIND,PAGE INDUSTRIES LTD,10967.00,4844.30,,,,
RTNINDIA,RATTANINDIA ENT LIMITED,16604143.00,9588.05,,,,
RENUKA,SHREE RENUKA SUGARS LIMIT,21633193.00,7803.22,,,,
LALPATHLAB,DR. LAL PATH LABS LTD.,96258.00,3084.67,,,,
APOLLO,APOLLO MICRO SYSTEMS LTD,3207193.00,8359.04,,,,
TATACHEM,TATA CHEMICALS LTD,1266613.00,12168.34,,,,
BELRISE,BELRISE INDUSTRIES LTD,14702602.00,21512.28,,,,
EMAMILTD,EMAMI LIMITED,715161.00,4249.42,,,,
GUJGASLTD,GUJARAT GAS LIMITED,538172.00,2631.67,,,,
HINDALCO,HINDALCO INDUSTRIES LTD,1523155.00,10809.64,,,,
ALEMBICLTD,ALEMBIC LIMITED,2483545.00,3001.90,,,,
EPIGRAL,EPIGRAL LIMITED,264321.00,4716.93,,,,
UCOBANK,UCO BANK,36255026.00,12278.95,,,,
RHIM,RHI MAGNESITA INDIA LTD,1249861.00,6185.38,,,,
DAMCAPITAL,DAM CAPITAL ADVISORS LTD,1415184.00,3524.84,,,,
ZENTEC,ZEN TECHNOLOGIES LIMITED,880664.00,14232.23,,,,
WAAREERTL,WAAREE RENEWABLE TECH LTD,571179.00,6337.20,,,,
GEOJITFSL,GEOJIT FINANCIAL SER L,1572344.00,1322.38,,,,
POWERINDIA,HITACHI ENERGY INDIA LTD,76648.00,14433.83,,,,
SBFC,SBFC FINANCE LIMITED,3161220.00,3437.98,,,,
BRITANNIA,BRITANNIA INDUSTRIES LTD,83834.00,4969.74,,,,
LLOYDSME,LLOYDS METALS N ENERGY L,1426818.00,18752.18,,,,
KSCL,KAVERI SEED CO. LTD.,338581.00,4049.35,,,,
FMCGIETF,ICICIPRAMC - ICICIFMCG,3352950.00,1998.04,,,,
VOLTAMP,VOLTAMP TRANSFORMERS LTD,122236.00,10112.78,,,,
MANALIPETC,MANALI PETROCHEMICALS LT,669167.00,521.49,,,,
MFSL,MAX FINANCIAL SERV LTD,85119.00,1336.37,,,,
SPIC,SPIC LTD,3200127.00,3286.39,,,,
JTEKTINDIA,JTEKT INDIA LIMITED,501019.00,880.31,,,,
ELGIEQUIP,ELGI EQUIPMENTS LTD,903309.00,4813.88,,,,
VIKRAN,VIKRAN ENGINEERING LTD,788110.00,803.84,,,,
SUNDARMFIN,SUNDARAM FINANCE LTD,47658.00,2223.66,,,,
FIRSTCRY,BRAINBEES SOLUTIONS LTD,2404280.00,9322.34,,,,
TATSILV,TATAAML-TATSILV,19573763.00,3041.38,,,,
SANGHVIMOV,SANGHVI MOVERS LTD.,1230631.00,4148.06,,,,
PRIVISCL,PRIVI SPECIALITY CHE LTD,446878.00,10523.21,,,,
UNIMECH,UNIMECH AEROSPACE N MFG L,27765.00,295.78,,,,
AWFIS,AWFIS SPACE SOLUTIONS LTD,793234.00,4854.90,,,,
RPTECH,RASHI PERIPHERALS LIMITED,294658.00,975.09,,,,
DAVANGERE,DAVANGERE SUGAR COMPANY L,5820720.00,231.87,,,,
SERVOTECH,SERVOTECH REN POW SYS LTD,572915.00,791.95,,,,
LUMAXTECH,LUMAX AUTO TECH LTD,171920.00,1767.78,,,,
SIGACHI,SIGACHI INDUSTRIES LTD,9005782.00,3912.75,,,,
HIRECT,HIND RECTIFIER LIMITED,38578.00,628.27,,,,
AEGISVOPAK,AEGIS VOPAK TERMINALS LTD,359275.00,932.29,,,,
CONFIPET,CONFIDENCE PETRO IND LTD.,3960545.00,2389.47,,,,
SHAKTIPUMP,SHAKTI PUMPS (I) LTD,940688.00,8262.22,,,,
OMINFRAL,OM INFRA LIMITED,459499.00,540.44,,,,
VIDHIING,VIDHI SPCLTY F INGRDNTS L,825168.00,3566.52,,,,
CRIZAC,CRIZAC LIMITED,985450.00,3063.14,,,,
THYROCARE,THYROCARE TECH LTD,54124.00,678.67,,,,
TARC,TARC LIMITED,2048914.00,3584.60,,,,
PILITA,PIL ITALICA LIFESTYLE LTD,70649.00,10.11,,,,
KIRLPNU,KIRLOSKAR PNEUMATIC COM L,124505.00,1635.94,,,,
BLUEJET,BLUE JET HEALTHCARE LTD,2596610.00,19349.68,,,,
VIKASLIFE,VIKAS LIFECARE LIMITED,720492.00,21.64,,,,
DLINKINDIA,D-LINK INDIA LTD,405826.00,2018.40,,,,
RAMKY,RAMKY INFRA LTD,1365933.00,7970.04,,,,
STANLEY,STANLEY LIFESTYLES LTD,82675.00,264.87,,,,
DALMIASUG,DALMIA BHARAT SUG IN LTD,272673.00,1076.34,,,,
RESPONIND,RESPONSIVE INDUSTRIES LTD,1993491.00,4563.26,,,,
GHCLTEXTIL,GHCL TEXTILES LIMITED,107021.00,96.24,,,,
RML,RANE (MADRAS) LIMITED,26758.00,234.50,,,,
ATHERENERG,ATHER ENERGY LIMITED,981988.00,5687.22,,,,
KROSS,KROSS LIMITED,921415.00,1966.08,,,,
SBC,SBC EXPORTS LIMITED,28837988.00,5003.19,,,,
SIS,SIS LIMITED,123576.00,452.39,,,,
CPSEETF,CPSE ETF,3079804.00,2862.07,,,,
RUSHIL,RUSHIL DECOR LIMITED,1000677.00,335.50,,,,
BFSI,MIRAEAMC - MAFSETF,1139722.00,308.83,,,,
PROZONER,PROZONE REALTY LIMITED,155593.00,83.17,,,,
OSWALAGRO,OSWAL AGRO MILLS LTD,153370.00,131.49,,,,
SUPRAJIT,SUPRAJIT ENGINEERING LIMI,273784.00,1299.38,,,,
JGCHEM,J.G.CHEMICALS LIMITED,219075.00,1053.35,,,,
THANGAMAYL,THANGAMAYIL JEWELLERY LTD,25718.00,535.05,,,,
MENONBE,MENON BEARINGS LIMITED,17736.00,24.47,,,,
SANSTAR,SANSTAR LIMITED,1156840.00,1179.35,,,,
PREMEXPLN,PREMIER EXPLOSIVES LTD,951374.00,5725.49,,,,
MOM30IETF,ICICIPRAMC - ICICIMOM30,2820837.00,914.37,,,,
ICEMAKE,ICE MAKE REFRIGERAT LTD,26908.00,225.55,,,,
GREENLAM,GREENLAM INDUSTRIES LTD.,133436.00,342.49,,,,
PRIMO,PRIMO CHEMICALS LIMITED,11935.00,3.30,,,,
VHL,VARDHMAN HOLDINGS LIMITED,373.00,17.45,,,,
WHEELS,WHEELS INDIA LTD,101932.00,863.23,,,,
KOTHARIPET,KOTHARI PETROCHEM LTD,97189.00,161.17,,,,
RISHABH,RISHABH INSTRUMENTS LTD,7101.00,27.58,,,,
JAYAGROGN,JAYAGROGN -,14754.00,40.04,,,,
GUJAPOLLO,GUJ. APOLLO IND. LTD.,427.00,2.08,,,,
ZUARI,ZUARI AGRO CHEMICALS LTD,467387.00,1297.70,,,,
SCILAL,SHIPPING CORP OF ILA LTD,2090704.00,1133.70,,,,
UTINIFTETF,UTIAMC - UTINIFTETF,6720.00,18.18,,,,
SCODATUBES,SCODA TUBES LIMITED,392305.00,746.00,,,,
AMRUTANJAN,AMRUTAJAN HEALTH LTD,43025.00,324.96,,,,
SHALBY,SHALBY LIMITED,828776.00,1982.18,,,,
ORIENTELEC,ORIENT ELECTRIC LIMITED,349985.00,776.20,,,,
MEDICO,MEDICO REMEDIES LIMITED,10270.00,4.37,,,,
GUJTHEM,GUJARAT THEMIS BIOSYN LTD,1079105.00,4380.79,,,,
MMTC,MMTC LIMITED,2722139.00,1973.78,,,,
ALPL30IETF,ICICIPRAMC - ICICIALPLV,919582.00,261.59,,,,
TOP10ADD,DSP Nifty Top 10 Equal Weight,104659.00,100.64,,,,
GLENMARK,GLENMARKNPP200799DEPO,311384.00,6274.13,,,,
TEXINFRA,TEXMACO INFRA & HOLDG LTD,709925.00,827.94,,,,
BIRLANU,BIRLANU LIMITED,42379.00,923.27,,,,
HINDCOMPOS,HINDUSTAN COMPOSITES LTD.,4173.00,19.61,,,,
METROPOLIS,METROPOLIS HEALTHCARE LTD,78717.00,1624.05,,,,
JUBLCPL,JUBILANT AGRI N CON PRO L,52.00,1.39,,,,
ESCORTS,ESCORTS KUBOTA LIMITED,195061.00,7083.08,,,,
VALIANTLAB,VALIANT LABORATORIES LTD,23692.00,23.97,,,,
INDIANHUME,INDIAN HUME PIPE CO. LTD.,89384.00,369.33,,,,
VIMTALABS,VIMTA LABS LIMITED,407349.00,3037.49,,,,
DOLATALGO,DOLAT ALGOTECH LIMITED,589933.00,556.06,,,,
KRISHANA,KRISHANA PHOSCHEM LIMITED,115408.00,608.01,,,,
TNPL,TAMILNADU NEWSPRT & PAPER,658187.00,1134.51,,,,
DOLLAR,DOLLAR INDUSTRIES LIMITED,170302.00,683.43,,,,
HARIOMPIPE,HARIOM PIPE INDUSTRIES L,488433.00,2613.09,,,,
SURYODAY,SURYODAY SMALL FIN BK LTD,553673.00,788.11,,,,
IKS,INVENTURUS KNOWLEDGE SO L,457172.00,7330.80,,,,
AXISNIFTY,AXISAMC - AXISNIFTY,18449.00,50.33,,,,
MOLDTKPAC,MOLD-TEK PACKAGING LTD,149203.00,1089.19,,,,
RPEL,RAGHAV PRODUCTIVITY ENH L,88234.00,577.35,,,,
AYMSYNTEX,AYM SYNTEX LIMITED,14164.00,28.68,,,,
GOKUL,GOKUL REFOILS & SOLV LTD,7463.00,3.17,,,,
JPOLYINVST,JIND POL INV & FIN CO LTD,4667.00,45.48,,,,
OAL,ORIENTAL AROMATICS LTD,20521.00,94.76,,,,
SINCLAIR,SINCLAIRS HOTELS LIMITED,42013.00,46.97,,,,
EIHAHOTELS,EIH ASSOCIATED HOTELS,40396.00,157.78,,,,
DIVGIITTS,DIVGI TORQTRANSFER SYST L,10662.00,70.46,,,,
AGARIND,AGARWAL INDS CORP LTD.,42976.00,433.39,,,,
SHIVAMAUTO,SHIVAM AUTO.LTD,47057.00,15.52,,,,
LYKALABS,LYKA LABS LTD,20990.00,26.75,,,,
ASTRAZEN,ASTRAZENECA PHARMA IND LT,27691.00,2244.96,,,,
MAGADSUGAR,MAGADH SUGAR & ENERGY LTD,16823.00,116.93,,,,
BANKETFADD,DSPAMC - DSPBANKETF,2635.00,1.51,,,,
KUANTUM,KUANTUM PAPERS LIMITED,309896.00,376.23,,,,
TVSSRICHAK,TVS SRICHAKRA LIMITED,5448.00,194.02,,,,
BANARISUG,BANNARI AMMAN SUGAR LTD.,463.00,16.88,,,,
HUHTAMAKI,HUHTAMAKI INDIA LIMITED,1158632.00,4007.58,,,,
SHOPERSTOP,SHOPPERS STOP LIMITED,70567.00,412.47,,,,
FOSECOIND,FOSECO INDIA LTD,4152.00,245.76,,,,
IFBIND,IFB INDUSTRIES LTD,267669.00,4283.96,,,,
MID150CASE,ZERODHAAMC - MID150CASE,1444410.00,155.96,,,,
MOREALTY,MOTILALAMC - MOREALTY,1048634.00,958.43,,,,
TOP100CASE,ZERODHAAMC - TOP100CASE,186957.00,19.92,,,,
EVIETF,ICICIPRAMC - EVIETF,125085.00,40.13,,,,
EGOLD,EDELAMC - EGOLD,67127.00,70.90,,,,
HDFCNIFIT,HDFCAMC - HDFCNIFIT,365156.00,136.34,,,,
SHANKARA,SHANKARA BLDG PRODUCT LTD,26765.00,40.80,,,,
HESTERBIO,HESTER BIOSCIENCES LTD,7831.00,162.74,,,,
INDIQUBE,INDIQUBE SPACES LIMITED,163906.00,385.67,,,,
ATALREAL,ATAL REALTECH LIMITED,1661604.00,364.39,,,,
ELDEHSG,ELDECO HSG & IND LTD.,338.00,2.69,,,,
CENTEXT,CENTURY EXTRUSIONS LIMITE,41481.00,13.19,,,,
BALAJITELE,BALAJI TELEFILMS LIMITED,58305.00,75.28,,,,
AUTOIND,AUTOLINE INDUSTRIES LIMIT,55299.00,45.37,,,,
UFO,UFO MOVIEZ INDIA LTD.,87974.00,81.49,,,,
MURUDCERA,MURUDESHWAR CERAMICS LTD,6830.00,3.39,,,,
MEGASOFT,MEGASOFT LIMITED,6951.00,10.87,,,,
KOTARISUG,KOTHARI SUG & CHEM LTD.,20852.00,7.23,,,,
VALIANTORG,VALIANT ORGANICS LIMITED,3175.00,15.32,,,,
AXISCADES,AXISCADES TECH LTD,2858.00,48.90,,,,
JINDALPHOT,JINDAL PHOTO LIMITED,128.00,2.01,,,,
SILVER360,360ONEAMC - SILVER360,17059.00,26.55,,,,
LIQUIDBETF,BFAM - LIQUIDBETF,40.00,0.42,,,,
LIQUID1,KOTAKMAMC - KOTAKLIQ,67.00,0.72,,,,
LIQUIDSBI,SBIAMC - LIQUIDSBI,11.00,0.11,,,,
FINIETF,ICICIPRAMC-ICICIFIN,532528.00,160.18,,,,
BORANA,BORANA WEAVES LIMITED,41458.00,93.49,,,,
NV20IETF,ICICI PRUDENTIAL NV20 ETF,744601.00,108.52,,,,
BANSWRAS,BANSWARA SYNTEX LIMITED,3608.00,5.89,,,,
INVENTURE,INVENTURE GRO & SEC LTD,160012.00,3.23,,,,
VAL30IETF,ICICIPRAMC - VAL30IETF,13130.00,1.78,,,,
MIDSELIETF,ICICI PRUD MIDCAP SEL ETF,682323.00,121.67,,,,
INFRABEES,NIP IND ETF INFRA BEES,32704.00,307.78,,,,
BANKBETF,BFAM - BANKBETF,20537.00,11.60,,,,
SBIETFPB,SBIAMC - SBIETFPB,798.00,2.15,,,,
SENSEXETF,MIRAEAMC - SENSEXETF,4848.00,4.06,,,,
SGFIN,SG FINSERVE LIMITED,43556.00,161.12,,,,
BANKPSU,MIRAEAMC - BANKPSU,13386.00,9.74,,,,
MOQUALITY,MOTILALAMC - MOQUALITY,1270.00,2.48,,,,
ASHOKAMET,ASHOKA METCAST LIMITED,1186.00,0.21,,,,
IVP,IVP LTD,1270.00,2.09,,,,
SUNDARAM,SUNDARAM MULTI PAP LTD,34424.00,0.73,,,,
INDBANK,INDBANK MERCH BANK,4929.00,2.15,,,,
SNXT30BEES,NIPPONAMC - SNXT30BEES,2144.00,0.84,,,,
AMJLAND,AMJ LAND HOLDINGS LIMITED,200.00,0.12,,,,
BALPHARMA,BAL PHARMA LIMITED,150.00,0.13,,,,
ABSLLIQUID,BIRLASLAMC - ABSLLIQUID,11.00,0.11,,,,
TRU,TRUCAP FINANCE LIMITED,15255.00,1.86,,,,
RHFL,RELIANCE HOME FINANCE LTD,10000.00,0.56,,,,
SKMEGGPROD,SKM EGG PROD EXPORT(I) LT,613.00,1.65,,,,
AARTISURF,AARTI SURFACTANTS LIMITED,1692.00,8.28,,,,
AHLEAST,ASIAN HOTELS (EAST) LTD,1201.00,1.84,,,,
PODDARMENT,PODDAR PIGMENTS LIMITED,261.00,0.79,,,,
MOMIDMTM,MOTILALAMC - MOMIDMTM,3953.00,2.45,,,,
STEL,STEL HOLDINGS LIMITED,400.00,1.99,,,,
ABINFRA,A B INFRABUILD LIMITED,220.00,0.44,,,,
BAJAJHFL,BAJAJ HOUSING FINANCE LTD,22546857.00,27172.32,,,,
HFCL,HFCL LIMITED,39134546.00,35575.83,,,,
BALKRISIND,BALKRISHNA IND. LTD,161132.00,4058.22,,,,
DLF,DLF LIMITED,4708137.00,37059.56,,,,
BLS,BLS INTL SERVS LTD,7663343.00,29025.27,,,,
REDINGTON,REDINGTON LIMITED,3462753.00,9987.41,,,,
ADANIPOWER,ADANI POWER LTD,29073420.00,41918.45,,,,
PFC,8.43% TAX FREE NCD,14639946.00,61584.40,,,,
AWL,AWL AGRI BUSINESS LIMITED,4472560.00,12451.57,,,,
IONEXCHANG,ION EXCHANGE (INDIA) LTD,821555.00,4188.28,,,,
NLCINDIA,NLC INDIA LIMITED,5654785.00,14175.48,,,,
PAYTM,ONE 97 COMMUNICATIONS LTD,1474414.00,14465.77,,,,
CANBK,CANARA BANK,25153199.00,27743.38,,,,
CASTROLIND,CASTROL INDIA LIMITED,7648499.00,16688.51,,,,
GICRE,GENERAL INS CORP OF INDIA,2715435.00,10840.53,,,,
IREDA,INDIAN RENEWABLE ENERGY,25085863.00,41888.30,,,,
JYOTICNC,JYOTI CNC AUTOMATION LTD,870321.00,9148.10,,,,
KEC,KEC INTL. LIMITED,1253513.00,11098.78,,,,
SUZLON,SUZLON ENERGY LIMITED,144603613.00,87832.88,,,,
SILVERBEES,NIPPONAMC - NETFSILVER,25458025.00,35567.52,,,,
SBIN,STATE BANK OF INDIA,5011519.00,40398.77,,,,
PREMIERENE,PREMIER ENERGIES LIMITED,3344630.00,35049.47,,,,
TORNTPOWER,TORRENT POWER LTD,851038.00,11504.09,,,,
NBCC,NBCC (INDIA) LIMITED,21378003.00,23922.90,,,,
QUADFUTURE,QUADRANT FUTURE TEK LTD,553461.00,2481.55,,,,
SKIPPER,SKIPPER LIMITED,1041445.00,5476.78,,,,
SAMMAANCAP,SAMMAAN CAPITAL LIMITED,39284725.00,56695.22,,,,
CROMPTON,CROMPT GREA CON ELEC LTD,5845877.00,18974.31,,,,
PNB,PUNJAB NATIONAL BANK,29410164.00,31639.63,,,,
SOBHA,SOBHA LIMITED,294117.00,4613.99,,,,
RELIANCE,RELIANCE INDUSTRIES LTD,10023016.00,139781.50,,,,
RAJESHEXPO,RAJESH EXPORTS LTD,1832585.00,4025.38,,,,
KRBL,KRBL LIMITED,1636084.00,6300.11,,,,
RATEGAIN,RATEGAIN TRAVEL TECHN LTD,2500099.00,14403.34,,,,
GIPCL,GUJ IND POW CO - DEP RS,2309640.00,4713.82,,,,
RPOWER,RELIANCE POWER LTD.,7449440.00,3431.98,,,,
AADHARHFC,AADHAR HOUSING FINANCE L,1024295.00,5221.81,,,,
BIOCON,BIOCON LIMITED.,3341362.00,12330.37,,,,
JKTYRE,JK TYRE & INDUSTRIES LTD,1388662.00,5231.27,,,,
KAJARIACER,KAJARIA CERAMICS LTD,512861.00,5962.55,,,,
BEML,BEML LIMITED,844906.00,36686.97,,,,
VPRPL,VISHNU PRAKASH R PUNGLI L,3609598.00,4891.14,,,,
TATATECH,TATA TECHNOLOGIES LIMITED,3406458.00,26334.70,,,,
UBL,UNITED BREWERIES LTD,215084.00,4104.43,,,,
SUNPHARMA,SUN PHARMACEUTICAL IND L,557167.00,9355.75,,,,
DHANI,DHANI SERVICES LIMITED,5937262.00,3907.89,,,,
CARERATING,CARE RATINGS LIMITED,158653.00,2795.43,,,,
ABB,ABB INDIA LIMITED,476159.00,27393.19,,,,
AVANTEL,AVANTEL LIMITED,5616012.00,10198.67,,,,
MGL,MAHANAGAR GAS LTD.,710578.00,10013.15,,,,
POLYCAB,POLYCAB INDIA LIMITED,146895.00,9574.66,,,,
THOMASCOOK,THOMAS COOK (INDIA) LTD,2957103.00,5045.68,,,,
GANESHHOU,GANESH HOUSING LIMITED,452690.00,4334.57,,,,
KPITTECH,KPIT TECHNOLOGIES LIMITED,1804252.00,23707.53,,,,
THELEELA,SCHLOSS BANGALORE LIMITED,208743.00,920.16,,,,
MOL,MEGHMANI ORGANICS LIMITED,5550828.00,4941.29,,,,
EMIL,ELECTRONICS MART IND LTD,2725083.00,4189.61,,,,
RUPA,RUPA & COMPANY LTD,518023.00,1157.82,,,,
QUICKHEAL,QUICK HEAL TECH LTD,626319.00,2236.09,,,,
ARKADE,ARKADE DEVELOPERS LIMITED,2888917.00,5220.59,,,,
DCW,DCW LIMITED,4314071.00,3355.46,,,,
INDIANB,INDIAN BANK,433328.00,2814.83,,,,
LTTS,L&T TECHNOLOGY SER. LTD.,242990.00,10805.05,,,,
RATNAMANI,RATNAMANI MET & TUB LTD.,41845.00,1125.13,,,,
SAPPHIRE,SAPPHIRE FOODS INDIA LTD,1848468.00,5918.12,,,,
CHOLAFIN,CHOLAMANDALAM IN & FIN CO,274533.00,4224.85,,,,
DCXINDIA,DCX SYSTEMS LIMITED,2602927.00,7415.42,,,,
NAVINFLUOR,NAVIN FLUORINE INTERNATIO,88841.00,4109.92,,,,
NUVAMA,NUVAMA WEALTH MANAGE LTD,153983.00,10617.09,,,,
BIKAJI,BIKAJI FOODS INTERN LTD,495682.00,3867.96,,,,
ITI,ITI LTD,960381.00,3323.82,,,,
UNIPARTS,UNIPARTS INDIA LIMITED,192812.00,825.92,,,,
ACMESOLAR,ACME SOLAR HOLDINGS LTD,1950923.00,5776.83,,,,
VESUVIUS,VESUVIUS INDIA LTD,235201.00,1273.31,,,,
ADFFOODS,ADF FOODS LIMITED,792714.00,2053.54,,,,
SAMBHV,SAMBHV STEEL TUBES LTD,1663500.00,1968.40,,,,
DEVIT,DEV INFO TECHNOLOGY LTD,27642.00,13.83,,,,
LIKHITHA,LIKHITHA INFRASTRUC LTD,222877.00,674.25,,,,
HONASA,HONASA CONSUMER LIMITED,464084.00,1343.04,,,,
CSBBANK,CSB BANK LIMITED,847359.00,3198.80,,,,
GANESHBE,GANESH BENZOPLAST LIMITED,341968.00,401.78,,,,
SUDARSCHEM,SUDARSHAN CHEM IND LTD,229342.00,2767.38,,,,
SHARDACROP,SHARDA CROPCHEM LTD.,279187.00,2476.94,,,,
HOMEFIRST,HOME FIRST FIN CO IND LTD,284730.00,3591.60,,,,
HEIDELBERG,HEIDELBERGCEMENT (I) LTD,769666.00,1649.95,,,,
SALASAR,SALASAR TECHNO ENGG. LTD.,13801302.00,1434.93,,,,
KHADIM,KHADIM INDIA LIMITED,11568.00,33.74,,,,
SIKKO,SIKKO INDUSTRIES LIMITED,4103.00,3.51,,,,
CELLO,CELLO WORLD LIMITED,611684.00,3788.08,,,,
ALICON,ALICON CASTALLOY LIMITED,7703.00,81.16,,,,
RAYMONDREL,RAYMOND REALTY LIMITED,565918.00,3539.71,,,,
DBOL,DHAMPUR BIO ORGANICS LTD,63283.00,57.79,,,,
MODISONLTD,MODISON LIMITED,70010.00,118.08,,,,
BHANDARI,BHANDARI HOSIERY EXP LTD,891782.00,46.17,,,,
VENUSREM,VENUS REMEDIES LIMITED,250.00,0.85,,,,
RUCHIRA,RUCHIRA PAPERS LIMITED,125012.00,192.00,,,,
EIMCOELECO,EIMCO ELECON (INDIA) LTD,48168.00,1028.77,,,,
PLATIND,PLATINUM INDUSTRIES LTD,508753.00,1574.01,,,,
SHYAMMETL,SHYAM METALICS AND ENGY L,1080008.00,9264.03,,,,
MAHSCOOTER,MAHSCOOTER - DEP SETT,11266.00,1604.33,,,,
ESTER,ESTER INDUSTRIES LTD,345530.00,463.44,,,,
GARUDA,GARUDA CONSTRUCT N ENG L,688574.00,1339.80,,,,
RELINFRA,RELIANCE INFRASTRUCTU LTD,143851.00,345.25,,,,
CLSEL,CHAMAN LAL SETIA EXP LTD,235585.00,722.85,,,,
BEDMUTHA,BEDMUTHA INDUST LTD,7083.00,10.25,,,,
PDMJEPAPER,PUDUMJEE PAPER PRO. LTD,97179.00,125.71,,,,
UGARSUGAR,THE UGAR SUGAR WORKS LTD,298115.00,152.72,,,,
ADSL,ALLIED DIGITAL SERV. LTD,369869.00,733.46,,,,
TTKHLTCARE,TTK HEALTHCARE LIMITED,1900.00,25.35,,,,
PATINTLOG,PATEL INT. LOG. LTD,101510.00,17.43,,,,
NILASPACES,NILA SPACES LIMITED,7856.00,1.05,,,,
GSLSU,GLOBAL SURFACES LIMITED,181130.00,262.70,,,,
HMAAGRO,HMA AGRO INDUSTRIES LTD,463411.00,157.28,,,,
SETFNIF50,SBI-ETF NIFTY 50,395441.00,1044.55,,,,
BALAJEE,SHREE TIRUPATI BALAJEE L,92991.00,52.50,,,,
LICNETFGSC,LICNAMC - LICNMFET,6948.00,1.97,,,,
HDFCPVTBAN,HDFCAMC - HDFCPVTBAN,46933.00,12.91,,,,
ASMS,BARTRONICS INDIA LIMITED,35629.00,5.59,,,,
DIGISPICE,DIGISPICE TECHNOLOGIES LT,791.00,0.26,,,,
HDFCGOLD,HDFC GOLD ETF,1907204.00,1801.08,,,,
AUTOBEES,NIPPONAMC - NETFAUTO,269948.00,726.78,,,,
IFGLEXPOR,IFGL REFRACTORIES LIMITED,47851.00,140.81,,,,
CHOICEIN,CHOICE INTERNATIONAL LTD,1638062.00,12484.26,,,,
DEN,DEN NETWORKS LTD,3211283.00,1289.54,,,,
AXITA,AXITA COTTON LIMITED,52636.00,6.79,,,,
MUTHOOTMF,MUTHOOT MICROFIN LIMITED,635387.00,1009.15,,,,
AVG,AVG LOGISTICS LIMITED,2001.00,5.50,,,,
DPWIRES,D P WIRES LIMITED,30371.00,84.35,,,,
JITFINFRA,JITF INFRALOGISTICS LTD,634.00,2.76,,,,
BCONCEPTS,BRAND CONCEPTS LIMITED,916.00,4.08,,,,
ALPHAETF,MIRAEAMC - ALPHAETF,2099988.00,534.90,,,,
MUKKA,MUKKA PROTEINS LIMITED,602747.00,188.45,,,,
NEXT50IETF,ICICIPRAMC - ICICINXT50,929328.00,673.79,,,,
RACLGEAR,RACL GEARTECH LIMITED,37744.00,429.17,,,,
TOLINS,TOLINS TYRES LIMITED,316558.00,592.55,,,,
ORICONENT,ORICON ENTERPRISES LTD,307431.00,152.18,,,,
SAKAR,SAKAR HEALTHCARE LTD.,1252.00,3.18,,,,
JASH,JASH ENGINEERING LIMITED,277202.00,1527.57,,,,
CENTRUM,CENTRUM CAPITAL LIMITED,12627.00,4.67,,,,
SPENCERS,SPENCER'S RETAIL LIMITED,383127.00,298.93,,,,
PAVNAIND,PAVNA INDUSTRIES LIMITED,24566.00,10.88,,,,
DEEPINDS,DEEP INDUSTRIES LIMITED,543390.00,2709.16,,,,
SANATHAN,SANATHAN TEXTILES LIMITED,77676.00,390.23,,,,
SGLTL,STANDARD GLASS LIN TECH L,109953.00,193.89,,,,
STCINDIA,THE STATE TRADING CORPN,13656.00,19.80,,,,
CENTUM,CENTUM ELECTRONICS LTD,45820.00,1171.58,,,,
PTCIL,PTC INDUSTRIES LIMITED,34893.00,5191.19,,,,
HPAL,HP ADHESIVES LIMITED,121138.00,94.75,,,,
AIIL,AUTHUM INVEST & INFRA LTD,75952.00,2169.42,,,,
PRUDENT,PRUDENT CORP ADV SER LTD,27176.00,727.06,,,,
SHK,S H KELKAR AND CO. LTD.,727866.00,1788.71,,,,
CEIGALL,CEIGALL INDIA LIMITED,662076.00,1815.83,,,,
INDSWFTLAB,IND SWIFT LABORATORIES LT,17.00,0.02,,,,
PGHL,PROCTER & GAMBLE HEALTH L,18729.00,1163.89,,,,
TALBROAUTO,TALBROS AUTOMOTIVE COMPON,215064.00,667.32,,,,
AJAXENGG,AJAX ENGINEERING LIMITED,140811.00,938.52,,,,
BLKASHYAP,B. L. KASHYAP AND SONS LI,650945.00,457.91,,,,
GLOBUSSPR,GLOBUS SPIRITS LIMITED,158154.00,1777.60,,,,
RSWM,RSWM LIMITED,297439.00,513.67,,,,
MASTERTR,MASTER TRUST LIMITED,1070925.00,1589.95,,,,
SRD,SHANKAR LAL RAMPAL LTD,100538.00,85.44,,,,
CONSOFINVT,CONSO. FIN. & HOLD. LTD.,1688.00,3.73,,,,
PRIMESECU,PRIME SECURITIES LIMITED,884576.00,2470.17,,,,
ADOR,ADOR WELDING LTD,23898.00,258.54,,,,
CAMLINFINE,CAMLIN FINE SCIENCES LTD,1827720.00,3783.99,,,,
MADRASFERT,MADRAS FERTILISERS LTD,524104.00,497.10,,,,
HNDFDS,HINDUSTAN FOODS LIMITED,64566.00,355.26,,,,
CANTABIL,CANTABIL RETAIL LTD,1163957.00,3107.75,,,,
SETFNIFBK,SBI-ETF NIFTY BANK,14755.00,84.15,,,,
HMVL,HINDUSTAN MEDIA VENT LTD,25341.00,22.60,,,,
NELCAST,NELCAST LIMITED,104461.00,154.66,,,,
ASAL,AUTOMOTIVE STAMPINGS & AS,46841.00,275.34,,,,
GNA,GNA AXLES LIMITED,166752.00,577.81,,,,
EXPLEOSOL,EXPLEO SOLUTIONS LIMITED,40146.00,461.35,,,,
NACLIND,NACL INDUSTRIES LIMITED,2884.00,2.92,,,,
ERIS,ERIS LIFESCIENCES LIMITED,90446.00,1516.20,,,,
JNKINDIA,JNK INDIA LIMITED,130657.00,456.08,,,,
JAYSREETEA,JAYSHREE TEA & INDUSTRIES,40577.00,44.12,,,,
JUNIPER,JUNIPER HOTELS LIMITED,138980.00,434.82,,,,
SOLARA,SOLARA ACTIVE PHA SCI LTD,125200.00,794.70,,,,
GALAPREC,GALA PRECISION ENG LTD,48888.00,462.02,,,,
PITTIENG,PITTI ENGINEERING LIMITED,131355.00,1346.94,,,,
MANGLMCEM,MANGALAM CEMENT LTD,898715.00,6895.06,,,,
MASFIN,MAS FINANCIAL SERV LTD,296476.00,897.05,,,,
ASHIANA,ASHIANA HOUSING LTD,97974.00,308.00,,,,
UNIVCABLES,UNIVCABLES NPP130599 DEPO,250310.00,1647.69,,,,
ARIES,ARIES AGRO LTD.,111609.00,443.70,,,,
INNOVANA,INNOVANA THINKLABS LTD,203.00,0.65,,,,
SHREECEM,SHREE CEMENT LIMITED,10587.00,3149.33,,,,
HITECHCORP,HITECH CORPORATION LTD,1415.00,2.95,,,,
APOLSINHOT,APOLLO SINDOORI HOTEL LTD,501.00,8.37,,,,
UNIECOM,UNICOMMERCE ESOLUTIONS L,1048243.00,1543.35,,,,
TRF,TRF LIMITED,22698.00,86.90,,,,
SANDESH,SANDESH LTD,911.00,14.93,,,,
INFOBEAN,INFOBEANS TECHNO. LTD.,17259.00,100.08,,,,
PGHH,P&G HYGIENE & HEALTH CARE,5379.00,749.90,,,,
LOVABLE,LOVABLE LINGERIE LTD,6055.00,7.76,,,,
GTPL,GTPL HATHWAY LIMITED,35616.00,46.56,,,,
RAMCOSYS,RAMCO SYSTEMS LIMITED,34922.00,180.52,,,,
AONETOTAL,AONEAMC - AONETOTAL,820602.00,96.26,,,,
DIAMONDYD,PRATAAP SNACKS LIMITED,831547.00,8531.77,,,,
BBNPPGOLD,BARODABNP - BBNPPGOLD,17761.00,20.45,,,,
MOMENTUM50,MOTILALAMC - MOMENTUM50,1899010.00,989.68,,,,
DIVOPPBEES,NIP IND ETF DIV OPP,144827.00,118.32,,,,
PSUBNKIETF,ICICIPRAMC - PSUBANKICI,367624.00,267.64,,,,
MIDCAP,KOTAKMAMC - KOTAKMID50,70176.00,116.93,,,,
JSLL,JEENA SIKHO LIFECARE LTD,47699.00,375.65,,,,
LAMBODHARA,LAMBODHARA TEXTILES LTD.,10804.00,15.49,,,,
BLUESTONE,BLUESTONE JEWEL LFSTL LTD,545309.00,3935.76,,,,
HILINFRA,HIGHWAY INFRASTRUCTURE L,52016.00,42.63,,,,
VLEGOV,VL E GOV AND IT SOL LTD,17856.00,5.84,,,,
VETO,VETO SWITCHGEAR CABLE LTD,14325.00,17.45,,,,
KAKATCEM,KAKATIYA CEM SUGAR &IND L,136.00,0.32,,,,
AKSHARCHEM,AKSHARCHEM INDIA LIMITED,250.00,0.77,,,,
EMMBI,EMMBI INDUSTRIES LIMITED,1351.00,1.67,,,,
HARRMALAYA,HARRISON MALAYALAM LTD,7321.00,15.96,,,,
DYNPRO,DYNEMIC PRODUCTS LIMITED,4721.00,16.97,,,,
PLAZACABLE,PLAZA WIRES LIMITED,3347.00,2.01,,,,
WEALTH,WEALTH FRST PORT. MG. LTD,682.00,8.15,,,,
LIQUIDPLUS,MIRAEAMC - LIQUIDPLUS,76.00,0.80,,,,
MEIL,MANGAL ELECTRICAL IND L,16615.00,77.01,,,,
QUAL30IETF,ICICIPRAMC - ICICIQTY30,531041.00,114.82,,,,
BSLSENETFG,BIRLASLAMC - BSLSENETFG,844.00,0.69,,,,
UTISXN50,UTIAMC - UTISXN50,4544.00,4.10,,,,
NIFTYBETF,BFAM - NIFTYBETF,1214.00,3.09,,,,
NIFTYQLITY,BIRLASLAMC - NIFTYQLITY,40388.00,8.71,,,,
ANDREWYU,ANDREW YULE & CO LTD,3900.00,1.04,,,,
ATAM,ATAM VALVES LIMITED,1899.00,1.86,,,,
SBIBPB,SBIAMC - SBIBPB,2948.00,1.26,,,,
PLASTIBLEN,PLASTIBLENDS INDIA LIMITE,4680.00,9.17,,,,
CHEMBOND,CHEMBOND MATERIALTECH LTD,573.00,3.16,,,,
ALBERTDAVD,ALBERT DAVID LIMITED,3916.00,32.25,,,,
PRITI,PRITI INTERNATIONAL LTD,1416.00,1.25,,,,
SAHYADRI,SAHYADRI INDUSTRIES LTD,1681.00,5.03,,,,
NRL,NUPUR RECYCLERS LIMITED,53733.00,41.38,,,,
INTERNET,MIRAEAMC - INTERNET,6716.00,0.95,,,,
PASHUPATI,PASHUPATI COTSPIN LIMITED,710.00,5.07,,,,
MITTAL,MITTAL LIFE STYLE LIMITED,8111.00,0.13,,,,
IWEL,INOX WIND ENERGY LIMITED,5.00,0.48,,,,
SML100CASE,ZERODHAAMC - SML100CASE,1668.00,0.17,,,,
NATHBIOGEN,NATH BIO-GENES (I) LTD,2200.00,4.88,,,,
ABAN,ABAN OFFSHORE LTD.,750.00,0.58,,,,
EDELWEISS,EDELWEISS FIN SERV LTD,16522647.00,18132.15,,,,
VGUARD,V-GUARD IND LTD.,512465.00,1981.68,,,,
ZEEL,ZEE ENTERTAINMENT ENT LTD,36366900.00,47851.42,,,,
J&KBANK,J & K BANK LTD.,17690041.00,19018.54,,,,
SCI,SHIPPING CORP OF INDIA LT,7592835.00,17371.24,,,,
CENTRALBK,CENTRAL BANK OF INDIA,37675670.00,15628.60,,,,
NETWORK18,NETWORK18 MEDIA & INV LTD,19048611.00,10829.61,,,,
IDEA,VODAFONE IDEA LIMITED,504485657.00,39875.85,,,,
GRSE,GARDEN REACH SHIP&ENG LTD,1488761.00,39261.05,,,,
DABUR,DABUR INDIA LTD,1913137.00,10008.33,,,,
IDFCFIRSTB,BOND 0% 2022 TR-2 SR-II,52393131.00,36746.25,,,,
BAJAJ-AUTO,BAJAJ AUTO LIMITED,416675.00,36952.77,,,,
INFY,INFOSYS LIMITED,4058118.00,62746.68,,,,
MANYAVAR,VEDANT FASHIONS LIMITED,742948.00,5687.91,,,,
MAZDOCK,MAZAGON DOCK SHIPBUIL LTD,3532823.00,108840.70,,,,
ANANTRAJ,ANANT RAJ LIMITED,8254653.00,55537.81,,,,
BEL,BHARAT ELECTRONICS LTD,21301827.00,81548.43,,,,
IRCON,IRCON INTERNATIONAL LTD,16951529.00,34333.08,,,,
KNRCON,KNR CONSTRU LTD.,6168580.00,14035.90,,,,
BAJFINANCE,BAJAJ FINANCE LIMITED,2810640.00,26467.28,,,,
FINPIPE,FINOLEX INDUSTRIES LTD,2936122.00,6553.96,,,,
JYOTHYLAB,JYOTHY LABS LIMITED,1428375.00,5092.46,,,,
NEWGEN,NEWGEN SOFTWARE TECH LTD,1252423.00,12596.59,,,,
OBEROIRLTY,OBEROI REALTY LIMITED,593018.00,10553.50,,,,
PNBHOUSING,PNB HOUSING FIN LTD.,2019493.00,18090.24,,,,
PROTEAN,PROTEAN EGOV TECHNO LTD,1177973.00,11527.33,,,,
RAIN,RAIN INDUSTRIES LIMITED,5021129.00,7553.21,,,,
WIPRO,WIPRO LTD,7638789.00,19547.88,,,,
VSSL,VARDHMAN SPC STEEL LTD,59763.00,170.57,,,,
EIHOTEL,EIH LIMITED,787250.00,3134.29,,,,
PSB,PUNJAB & SIND BANK,10241882.00,3393.66,,,,
ALLCARGO,ALLCARGO LOGISTICS LTD,14711442.00,5502.96,,,,
BALRAMCHIN,BALRAMCHINNPP310100DEPO,948136.00,4984.38,,,,
TITAN,TITAN COMPANY LIMITED,442760.00,15508.86,,,,
TRENT,TRENT LIMITED - DEPO,2151425.00,112843.38,,,,
JSWENERGY,JSW ENERGY LIMITED,5037176.00,26981.00,,,,
GRASIM,GRASIM INDUSTRIES LTD,283400.00,7600.41,,,,
PARAGMILK,PARAG MILK FOODS LTD.,4134764.00,9296.43,,,,
SULA,SULA VINEYARDS LIMITED,2357584.00,7391.41,,,,
TRIDENT,TRIDENT LIMITED,28546645.00,9179.65,,,,
TIPSMUSIC,TIPS MUSIC LIMITED,596136.00,3704.45,,,,
DRREDDY,DR. REDDY S LABORATORIES,530437.00,6810.49,,,,
CONCOR,CONTAINER CORP OF IND LTD,3698203.00,22012.19,,,,
HDFCAMC,HDFC AMC LIMITED,115857.00,6260.40,,,,
GVPIL,GE POWER INDIA LIMITED,529226.00,1867.73,,,,
UJJIVANSFB,UJJIVAN SMALL FINANC BANK,21964475.00,10136.86,,,,
HITECH,HI-TECH PIPES LIMITED,7459974.00,8598.81,,,,
ELLEN,ELLENBARRIE INDUS GASES L,417416.00,2175.60,,,,
GPIL,GODAWARI POW & ISP LTD,8138558.00,18158.41,,,,
MUTHOOTFIN,MUTHOOT FINANCE LIMITED,106729.00,3158.73,,,,
JUBLFOOD,JUBILANT FOODWORKS LTD,2070541.00,13554.27,,,,
KALYANKJIL,KALYAN JEWELLERS IND LTD,5582359.00,29255.18,,,,
GLAXO,GLAXOSMITHKLINE PHARMA LT,108563.00,3238.17,,,,
BAJAJHLDNG,BAJAJ HOLDINGS & INVS LTD,67586.00,8749.61,,,,
HATHWAY,HATHWAY CABLE & DATACOM,29589820.00,4642.85,,,,
CGCL,CAPRI GLOBAL CAPITAL LTD,4643512.00,8363.27,,,,
DWARKESH,DWARIKESH SUGAR IND LTD,2465845.00,1329.28,,,,
GATEWAY,GATEWAY DISTRIPARKS LTD,5346664.00,3669.97,,,,
ANURAS,ANUPAM RASAYAN INDIA LTD,3412571.00,33002.50,,,,
CREDITACC,CREDITACCESS GRAMEEN LTD,344040.00,4322.51,,,,
VMM,VISHAL MEGA MART LIMITED,7173976.00,10440.21,,,,
GSPL,GUJARAT STATE PETRO LTD,826441.00,2781.69,,,,
NAUKRI,INFO EDGE (INDIA) LIMITED,538044.00,7691.08,,,,
ASAHIINDIA,ASAHI INDIA GLASS LIMITED,175658.00,1527.96,,,,
KRSNAA,KRSNAA DIAGNOSTICS LTD,198435.00,1658.26,,,,
PVRINOX,PVR INOX LIMITED,703655.00,8141.62,,,,
ULTRACEMCO,ULTRATECH CEMENT LIMITED,98358.00,12048.94,,,,
COCHINSHIP,COCHIN SHIPYARD LIMITED,2754311.00,55507.10,,,,
SCHAEFFLER,SCHAEFFLER INDIA LIMITED,56868.00,2325.45,,,,
SOLARINDS,SOLAR INDUSTRIES (I) LTD,205752.00,30250.19,,,,
TATACOMM,TATA COMMUNICATIONS LTD,330358.00,5830.54,,,,
SANDUMA,SANDUR MANG & IRON ORES L,2228364.00,4179.12,,,,
DOMS,DOMS INDUSTRIES LIMITED,118781.00,3149.08,,,,
BALAMINES,BALAJI AMINES LIMITED,257776.00,4286.92,,,,
SRF,SRF LTD,144208.00,4354.59,,,,
AXISBANK,AXIS BANK LIMITED,1821276.00,21114.26,,,,
SILVER,BIRLASLAMC - SILVER,1484212.00,1891.47,,,,
TIMETECHNO,TIME TECHNOPLAST LTD.,2317676.00,5246.79,,,,
ITBEES,NIP IND ETF IT,18475317.00,7307.64,,,,
AARTIDRUGS,AARTI DRUGS LTD.,280781.00,1444.63,,,,
SEPC,SEPC LIMITED,13180674.00,1984.46,,,,
GANECOS,GANESHA ECOSPHERE LIMITED,134534.00,2056.50,,,,
SSWL,STEEL STRIPS WHEELS LTD.,798539.00,1890.73,,,,
ATL,ALLCARGO TERMINALS LTD,891612.00,392.05,,,,
JSL,JINDAL STAINLESS LIMITED,400938.00,3006.11,,,,
BCLIND,BCL INDUSTRIES LIMITED,1582033.00,710.08,,,,
RAINBOW,RAINBOW CHILDRENS MED LTD,183258.00,2656.79,,,,
SIRCA,SIRCA PAINT INDIA LIMITED,1517153.00,6518.13,,,,
ACI,ARCHEAN CHEMICAL IND LTD,304668.00,2015.74,,,,
ADANIENSOL,ADANI ENERGY SOLUTION LTD,1485595.00,13064.20,,,,
APOLLOPIPE,APOLLO PIPES LIMITED,387743.00,1666.93,,,,
ARTEMISMED,ARTEMIS MED SERVICE LTD,168339.00,433.77,,,,
BHAGCHEM,BHAGIRADHA CHEM & INDS L,593749.00,1739.25,,,,
CHALET,CHALET HOTELS LIMITED,171557.00,1682.56,,,,
JKIL,JKUMAR INFR.LTD.,610005.00,4240.78,,,,
LLOYDSENT,LLOYDS ENTERPRISES LTD,39417926.00,26251.31,,,,
BANKBEES,NIP IND ETF BANK BEES,520517.00,2963.09,,,,
BIRLACORPN,BIRLA CORPORATION LTD,302697.00,3970.40,,,,
ELECTCAST,ELECTROSTEEL CAST LTD.,7584986.00,8739.68,,,,
ASHAPURMIN,ASHAPURA MINECHEM LTD,1450863.00,6947.06,,,,
ANANDRATHI,ANAND RATHI WEALTH LTD,80484.00,2159.01,,,,
POCL,PONDY OXIDES & CHEM LTD,297880.00,3614.02,,,,
PRECAM,PRECISION CAMSHAFTS LTD.,678902.00,1495.67,,,,
RAMRAT,RAM RATNA WIRES LIMITED,60902.00,411.83,,,,
RICOAUTO,RICO AUTO INDUSTRIES LTD,1211198.00,1214.12,,,,
BANSALWIRE,BANSAL WIRE INDUSTRIES L,204393.00,818.51,,,,
IPCALAB,IPCA LABS LTD,153485.00,2195.15,,,,
SHANTIGOLD,SHANTI GOLD INTERNATION L,959177.00,2092.26,,,,
REFEX,REFEX INDUSTRIES LIMITED,421102.00,1668.19,,,,
PILANIINVS,PILANI INV & IND COR LTD,12883.00,700.79,,,,
NELCO,NELCO LTD,449226.00,4294.57,,,,
IXIGO,LE TRAVENUES TECHNOLOGY L,3018669.00,8479.27,,,,
ZUARIIND,ZUARI INDUSTRIES LIMITED,281047.00,1003.62,,,,
VENTIVE,VENTIVE HOSPITALITY LTD,1235925.00,9287.70,,,,
JCHAC,JOHNSON CONTROLS HITACHI,95996.00,1752.71,,,,
AIRAN,AIRAN LIMITED,80395.00,22.78,,,,
TARMAT,TARMAT LIMITED,5585.00,3.27,,,,
TNPETRO,TNPETRO-NPP271099DEPO,25681.00,22.39,,,,
DTIL,DHUNSERI TEA & IND. LTD.,4248.00,8.74,,,,
VEEDOL,VEEDOL CORPORATION LTD,58773.00,1104.32,,,,
MUNJALAU,MUNJAL AUTO IND. LTD.,545057.00,556.82,,,,
SMLISUZU,SML ISUZU LIMITED,73362.00,2294.73,,,,
IGCL,INDOGULF CROPSCIENCES LTD,396028.00,442.84,,,,
SPMLINFRA,SPML INFRA LIMITED,1247027.00,3395.31,,,,
PARKHOTELS,PARKHOTELS,4124220.00,6371.26,,,,
XPROINDIA,XPRO INDIA LIMITED,102692.00,1266.03,,,,
THEJO,THEJO ENGINEERING LIMITED,4952.00,103.02,,,,
AVTNPL,AVT NATURAL PRODUCTS LTD,43602.00,40.35,,,,
PURVA,PURAVANKARA LIMITED,708827.00,2038.80,,,,
ANTELOPUS,ANTELOPUS SELAN ENRGY LTD,114276.00,738.64,,,,
VINYLINDIA,VINYL CHEMICALS (I) LTD.,12947.00,40.64,,,,
DCMSHRIRAM,DCM SHRIRAM LIMITED,174006.00,2259.71,,,,
SURAJEST,SURAJ ESTATE DEVELOPERS L,1206984.00,4029.20,,,,
TRIGYN,TRIGYN TECHNOLOGIES LTD,7780.00,7.89,,,,
BOROSCI,BOROSIL SCIENTIFIC LTD,60785.00,90.91,,,,
MGEL,MANGALAM GLOBAL ENT LTD,1533746.00,262.21,,,,
PASUPTAC,PASUPATI ACRYLON LIMITED,1682.00,0.78,,,,
BSLNIFTY,ADITYBIRLA SL NIF ETF-GR,400706.00,115.88,,,,
CUPID,CUPID LIMITED,19985430.00,29406.08,,,,
MCLOUD,MAGELLANIC CLOUD LIMITED,5053993.00,3955.31,,,,
CCCL,CONS. CONST. CONSORT LTD,457487.00,113.14,,,,
PTL,PTL ENTERPRISES LTD,6808.00,2.78,,,,
GOLDIETF,ICICI PRUDENTIAL GOLD ETF,4397415.00,4355.67,,,,
SINDHUTRAD,SINDHU TRADE LINKS LTD,2502908.00,604.91,,,,
GLOBECIVIL,GLOBE CIVIL PROJECTS LTD,133615.00,103.53,,,,
GPTINFRA,GPT INFRAPROJECTS LTD,113076.00,136.88,,,,
LGBBROSLTD,LG BALAKRISHNAN & BROS,128419.00,1787.66,,,,
VAIBHAVGBL,VAIBHAV GLOBAL LIMITED,1176702.00,2994.28,,,,
PAKKA,PAKKA LIMITED,234917.00,415.28,,,,
AFFORDABLE,AFFORD ROBO & AUTO LTD,5540.00,15.43,,,,
VLSFINANCE,VLS FINANCE LTD.,61630.00,153.63,,,,
MANINDS,MAN INDUSTRIES (I) LTD.,581662.00,2244.71,,,,
SMALLCAP,MIRAEAMC - SMALLCAP,5401852.00,2513.09,,,,
SHREERAMA,SHREE RAMA MULTI TECH LTD,50134.00,22.60,,,,
NAVA,NAVA LIMITED,1787719.00,10840.98,,,,
OMAXE,OMAXE LIMITED,426278.00,401.24,,,,
LTGILTBEES,NIP IND ETF LONGTERM GILT,70166.00,20.22,,,,
TINNARUBR,TINNA RUBBER AND INFR LTD,17776.00,172.92,,,,
KALPATARU,KALPATARU LIMITED,25892.00,102.06,,,,
PIXTRANS,PIX TRANSMISSIONS LIMITED,41019.00,638.17,,,,
SMSPHARMA,SMS PHARMACEUTICALS LTD.,461279.00,1266.33,,,,
DCMSRIND,DCM SHRIRAM IND LTD,533291.00,968.29,,,,
SIGNPOST,SIGNPOST INDIA LIMITED,166955.00,420.17,,,,
NORTHARC,NORTHERN ARC CAPITAL LTD,3686038.00,9400.22,,,,
GREENPLY,GREENPLYINDUS,398076.00,1243.30,,,,
THEMISMED,THEMIS MEDICARE LTD.,230372.00,372.55,,,,
GREENPANEL,GREENPANEL INDUSTRIES LTD,252247.00,789.15,,,,
INNOVACAP,INNOVA CAPTAB LIMITED,70812.00,626.54,,,,
AVALON,AVALON TECHNOLOGIES LTD,240625.00,2375.23,,,,
TCIEXP,TCI EXPRESS LIMITED,109174.00,898.58,,,,
NIF100BEES,NIP IND ETF NIFTY 100,37067.00,100.13,,,,
TVSELECT,TVS ELECTRONICS LTD,30200.00,185.08,,,,
JAYNECOIND,JAYASWAL NECO INDUSTR LTD,6728464.00,3924.35,,,,
VARDHACRLC,VARDHAMAN ACRYLICS LTD,1659.00,0.76,,,,
CAPITALSFB,CAPITAL SMALL FIN BANK L,108296.00,311.72,,,,
TMB,TAMILNAD MERCA BANK LTD,311099.00,1386.42,,,,
GODIGIT,GO DIGIT GENERAL INS LTD,242060.00,867.77,,,,
AEROENTER,AEROFLEX ENTERPRISES LTD,977472.00,1007.37,,,,
SAURASHCEM,SAURASHTRA CEMENT LIMITED,345520.00,396.55,,,,
SHANTIGEAR,SHANTHI GEARS LTD,97237.00,553.39,,,,
ACL,ANDHRA CEMENTS LIMITED,62.00,0.04,,,,
IZMO,IZMO LIMITED,120.00,1.39,,,,
HINDWAREAP,HINDWARE HME INOVATON LTD,1418709.00,4171.27,,,,
NRBBEARING,NRB BEARING LIMITED,500589.00,1480.96,,,,
UGROCAP,UGRO CAPITAL LIMITED,601966.00,1093.35,,,,
GALAXYSURF,GALAXY SURFACTANTS LTD,45175.00,1112.73,,,,
GENUSPAPER,GENUS P&B LIMITED,143190.00,30.17,,,,
FOODSIN,FOODS & INNS LIMITED,14703.00,15.34,,,,
BUTTERFLY,BTRFLY GANDHI APPL LTD,8691.00,66.06,,,,
AETHER,AETHER INDUSTRIES LIMITED,492638.00,3776.32,,,,
BIRLAMONEY,ADITYA BIRLA MONEY LTD,49318.00,89.32,,,,
GEECEE,GEECEE VENTURES LIMITED,250.00,0.96,,,,
RKSWAMY,R K SWAMY LIMITED,85646.00,147.29,,,,
ORCHPHARMA,ORCHID PHARMA LIMITED,92665.00,728.37,,,,
MEDICAMEQ,MEDICAMEN BIOTECH LIMITED,18745.00,85.50,,,,
BHAGERIA,BHAGERIA INDUSTRIES LTD,85277.00,160.87,,,,
KAPSTON,KAPSTON SERVICES LIMITED,8.00,0.02,,,,
SETFNN50,SBI-ETF NIFTY NEXT 50,31425.00,235.65,,,,
SASKEN,SASKEN TECHNOLOGIES LTD,58300.00,880.98,,,,
CENTENKA,CENTURY ENKA LTD,54589.00,314.88,,,,
CREST,CREST VENTURES LIMITED,23185.00,100.40,,,,
NIITMTS,NIIT LEARNING SYSTEMS LTD,177112.00,621.20,,,,
PEL,PIRAMAL ENTERPRISES LTD,293264.00,3442.20,,,,
MOCAPITAL,MOTILALAMC - MOCAPITAL,670112.00,301.19,,,,
MPSLTD,MPS LIMITED,99857.00,2280.43,,,,
SILVERAG,MIRAEAMC - MASILVER,509609.00,715.28,,,,
HEALTHIETF,ICICIPRAMC - ICICIPHARM,113913.00,169.24,,,,
ITETF,MIRAEAMC - ITETF,841922.00,313.29,,,,
GROWWDEFNC,GROWWAMC - GROWWDEFNC,941151.00,774.59,,,,
MOMOMENTUM,MOSL NIFTY 200 MOMENTUM  30 ET,308606.00,207.15,,,,
SESHAPAPER,SESHASAYE PAP & BOARDS,45031.00,134.53,,,,
PRITIKAUTO,PRITIKA AUTO INDUS LTD,53832.00,12.40,,,,
BASML,BANNARI AM SPIN MILL LTD.,72903.00,21.63,,,,
NECLIFE,NECTAR LIFESCIENCES LTD.,3907.00,1.33,,,,
REPRO,REPRO INDIA LIMITED,6238.00,33.22,,,,
DCI,DC INFOTECH AND COMUN LTD,25200.00,61.85,,,,
SARLAPOLY,SARLA PERF. FIBERS LTD,18186.00,18.28,,,,
GROWWNET,GROWWAMC - GROWWNET,152071.00,16.24,,,,
COFFEEDAY,COFFEE DAY ENTERPRISE LTD,53054.00,26.11,,,,
GEMAROMA,GEM AROMATICS LIMITED,34857.00,87.12,,,,
DIGIDRIVE,DIGIDRIVE DISTRIBUTORS L,5300.00,1.73,,,,
ESG,MIRAEAMC - MAESGETF,23907.00,10.33,,,,
SUNDROP,SUNDROP BRANDS LIMITED,90035.00,718.09,,,,
SBIETFQLTY,SBIAMC - SBIETFQLTY,3909.00,8.78,,,,
ABSLPSE,BIRLASLAMC-ABSLPSE,118539.00,11.90,,,,
RPPL,RAJSHREE POLYPACK LTD,25240.00,6.39,,,,
INDTERRAIN,IND TERRAIN FASHIONS LTD,17971.00,7.78,,,,
PATELRMART,PATEL RETAIL LIMITED,27214.00,61.92,,,,
PANCARBON,PANA CARBON IND CO LTD,100.00,0.50,,,,
AVROIND,AVRO INDIA LIMITED,500.00,0.75,,,,
LANCORHOL,LANCOR HOLDINGS LIMITED,21786.00,5.68,,,,
AONENIFTY,AONEAMC - AONENIFTY,48975.00,4.99,,,,
GSEC5IETF,ICICIPRAMC - ICICI5GSEC,1898.00,1.21,,,,
TOKYOPLAST,TOKYO PLAST INTL LTD,5019.00,6.50,,,,
MOLOWVOL,MOTILALAMC - MOLOWVOL,9285.00,3.48,,,,
AONEGOLD,AONEAMC - AONEGOLD,60787.00,6.94,,,,
BHAGYANGR,BHAGYANAGAR INDIA LIMITED,1000.00,0.97,,,,
PRAKASHSTL,PRAKASH STEELAGE LTD,1080.00,0.09,,,,
OCCL,ORIENTAL CARBN & CHEM LTD,720.00,2.26,,,,
SRGHFL,SRG HOUSING FINANCE L,2.00,0.01,,,,
GROWWLOVOL,GROWWAMC - GROWWLOVOL,4674.00,0.49,,,,
UNITECH,UNITECH LIMITED,20000.00,1.51,,,,
INOXWIND,INOX WIND LIMITED,20948013.00,35162.34,,,,
BSOFT,BIRLASOFT LIMITED,5295781.00,23151.35,,,,
ASTRAL,ASTRAL LIMITED,959029.00,14484.50,,,,
TATAMOTORS,TATA MOTORS LIMITED,14167482.00,103188.63,,,,
KPIL,KALPATARU PROJECT INT LTD,186066.00,2287.32,,,,
NHPC,NHPC LTD,32378828.00,29570.55,,,,
HDFCBANK,HDFC BANK LTD.,3599197.00,33890.92,,,,
IEX,INDIAN ENERGY EXC LTD,8943867.00,14688.91,,,,
GODREJPROP,GODREJ PROPERTIES LTD,1086031.00,24406.18,,,,
TEJASNET,TEJAS NETWORKS LIMITED,4201394.00,30593.35,,,,
BSE,BSE LIMITED,3529899.00,85485.76,,,,
HAL,HINDUSTAN AERONAUTICS LTD,2753055.00,130734.62,,,,
SWANCORP,SWAN CORP LIMITED,6538074.00,32692.98,,,,
EASEMYTRIP,EASY TRIP PLANNERS LTD,67204839.00,8305.03,,,,
TEXRAIL,TEXMACO RAIL & ENG. LTD.,8961783.00,14913.11,,,,
CHAMBLFERT,CHAMBAL FERTILIZERS LTD,4885109.00,26982.94,,,,
WAAREEENER,WAAREE ENERGIES LIMITED,1718453.00,58382.47,,,,
HDFCLIFE,HDFC LIFE INS CO LTD,948634.00,7203.94,,,,
INDUSTOWER,INDUS TOWERS LIMITED,5348603.00,18816.80,,,,
ITCHOTELS,ITC HOTELS LIMITED,6823298.00,15551.61,,,,
KTKBANK,KARNATAKA BANK LIMITED,15215508.00,28393.25,,,,
VSTIND,VST INDUSTRIES LTD,1325111.00,3951.86,,,,
MOTILALOFS,MOTILAL OSWAL FIN LTD,1256625.00,11018.89,,,,
ARE&M,AMARA RAJA ENERGY MOB LTD,1520036.00,16244.13,,,,
ICICIBANK,ICICI BANK LTD DEPO SETT,2347735.00,32633.66,,,,
DMART,AVENUE SUPERMARTS LIMITED,302778.00,13526.86,,,,
AJANTPHARM,AJANTPHARMNPP200400DEPO,79276.00,2116.01,,,,
IGL,INDRAPRASTHA GAS LTD,2056481.00,4496.52,,,,
MRPL,MRPL,7436119.00,11574.86,,,,
SIEMENS,SIEMENS LTD,389990.00,13557.16,,,,
OIL,OIL INDIA LTD,3459372.00,15663.19,,,,
VOLTAS,VOLTAS LTD,407637.00,5775.75,,,,
HIMATSEIDE,HIMATSINGKA SEIDE LTD,2815664.00,4185.47,,,,
DALBHARAT,DALMIA BHARAT LIMITED,51325.00,1157.04,,,,
FIVESTAR,FIVE-STAR BUS FIN LTD,2096269.00,12414.49,,,,
ITC,ITC LTD,12160418.00,50956.26,,,,
PARADEEP,PARADEEP PHOSPHATES LTD,7679393.00,14669.22,,,,
LLOYDSENGG,LLOYDS ENGG WORK LIMITED,18566667.00,12230.38,,,,
VBL,VARUN BEVERAGES LIMITED,9499544.00,47255.72,,,,
JKLAKSHMI,JK LAKSHMI CEMENT LTD,265687.00,2424.96,,,,
COFORGE,COFORGE LIMITED,1045053.00,18152.44,,,,
ALOKINDS,ALOK INDUSTRIES LIMITED,14135034.00,2800.42,,,,
CIEINDIA,CIE AUTOMOTIVE INDIA LTD,573461.00,2588.07,,,,
JMFINANCIL,JM FINANCIAL LIMITED,12121893.00,19698.17,,,,
AMBER,AMBER ENTERPRISES (I) LTD,156585.00,12368.98,,,,
APOLLOHOSP,APOLLO HOSPITALS ENTER. L,94730.00,7195.75,,,,
BAJAJFINSV,BAJAJ FINSERV LTD.,999333.00,19996.95,,,,
SHRIRAMFIN,SHRIRAM FINANCE LIMITED,3510723.00,23119.76,,,,
CYIENTDLM,CYIENT DLM LIMITED,754564.00,3812.20,,,,
DEVYANI,DEVYANI INTERNATIONAL LTD,9608245.00,16724.13,,,,
INDUSINDBK,INDUSIND BANK LIMITED,4434053.00,36124.72,,,,
JKPAPER,JK PAPER LIMITED,721801.00,2967.85,,,,
WABAG,VA TECH WABAG LTD,930833.00,13587.89,,,,
NIVABUPA,NIVA BUPA HEALTH INS CO L,6649992.00,5634.49,,,,
PETRONET,PETRONET LNG LIMITED,2406057.00,7179.88,,,,
SPANDANA,SPANDANA SPHOORTY FIN LTD,716819.00,2479.62,,,,
KIRLOSBROS,KIRLOSKAR BROTHERS LTD,191483.00,4032.23,,,,
SONATSOFTW,SONATA SOFTWARE LTD,2075207.00,8383.58,,,,
VTL,VARDHMAN TEXTILES LIMITED,690043.00,3239.25,,,,
CUB,CITY UNION BANK LTD,1313273.00,2673.91,,,,
TI,TILAKNAGAR INDUSTRIES LTD,3537859.00,15714.27,,,,
WELCORP,WELSPUN CORP LIMITED,1589922.00,13475.72,,,,
UNOMINDA,UNO MINDA LIMITED,429828.00,5370.69,,,,
TFCILTD,TOURISM FINANCE CORP,57584000.00,30653.88,,,,
PNBGILTS,PNB GILTS LIMITED,3662449.00,3863.70,,,,
ASTRAMICRO,ASTRA MICROWAVE LTD,2097454.00,19279.92,,,,
KOTAKBANK,KOTAK MAHINDRA BANK LTD,320985.00,6722.15,,,,
ARVIND,ARVIND LIMITED,1401323.00,4666.57,,,,
LTIM,LTIMINDTREE LIMITED,134277.00,7323.69,,,,
PCJEWELLER,PC JEWELLER LTD,74622020.00,10360.84,,,,
POLYMED,POLY MEDICURE LIMITED,310463.00,6736.47,,,,
INTELLECT,INTELLECT DESIGN ARENA,482992.00,4883.70,,,,
LODHA,LODHA DEVELOPERS LIMITED,1786589.00,22787.03,,,,
TDPOWERSYS,TD POWER SYSTEMS LTD.,772632.00,4115.66,,,,
WHIRLPOOL,WHIRLPOOL OF INDIA LTD,226750.00,2913.31,,,,
INDIGO,INTERGLOBE AVIATION LTD,460307.00,25853.51,,,,
JUBLPHARMA,JUBILANT PHARMOVA LTD,471808.00,5277.12,,,,
MPHASIS,MPHASIS LIMITED,194085.00,5513.06,,,,
PFIZER,PFIZER LTD,52171.00,2818.91,,,,
SAREGAMA,SAREGAMA INDIA LIMITED,697411.00,3655.96,,,,
KARURVYSYA,KARUR VYSYA BANK LTD,2892087.00,6229.78,,,,
CEMPRO,CEMINDIA PROJECTS LIMITED,905397.00,6606.79,,,,
BOSCHLTD,BOSCH LIMITED,13821.00,5436.24,,,,
STAR,STRIDES PHARMA SCI LTD,817078.00,6450.51,,,,
NSIL,NALWA SONS INVESTMENT LTD,25761.00,1973.07,,,,
KCP,KCP LIMITED,1389167.00,3018.40,,,,
MMFL,MM FORGINGS LTD,270745.00,989.69,,,,
TAJGVK,TAJ GVK HOTELS & RESORTS,984853.00,4331.96,,,,
KOLTEPATIL,KOLTE PATIL DEV. LTD.,323250.00,1432.08,,,,
HATSUN,HATSUN AGRO PRODUCT LTD.,60767.00,573.38,,,,
SUPRIYA,SUPRIYA LIFESCIENCE LTD,460333.00,3237.34,,,,
JINDRILL,JINDAL DRILLING AND INDUS,484854.00,3257.85,,,,
ARMANFIN,ARMAN FIN SERV LTD,63285.00,1002.57,,,,
BRIGADE,BRIGADE ENTER. LTD,680181.00,7091.88,,,,
FACT,FERT & CHEM TRAVANCORE,753279.00,7428.86,,,,
REPCOHOME,REPCO HOME FINANCE LTD,940417.00,3875.07,,,,
KSL,KALYANI STEELS LIMITED,278697.00,2414.73,,,,
CPPLUS,ADITYA INFOTECH LIMITED,33251.00,461.69,,,,
SYNCOMF,SYNCOM FORMU (I) LTD,219112.00,41.83,,,,
SUBEXLTD,SUBEX LTD,766441.00,127.98,,,,
MSPL,MSP STEEL & POWER LTD.,1043048.00,384.46,,,,
GILLETTE,GILLETTE INDIA L-DEP SETT,32256.00,3181.00,,,,
APARINDS,APAR INDUSTRIES LTD.,77323.00,6388.10,,,,
ARVINDFASN,ARVIND FASHIONS LIMITED,501019.00,2640.14,,,,
STLNETWORK,STL NETWORKS LIMITED,476003.00,139.35,,,,
NAHARINDUS,NAHAR INDS ENT LTD,12660.00,16.68,,,,
EKC,EVEREST KANTO CYLINDERLTD,1332559.00,1988.95,,,,
SHARDAMOTR,SHARDA MOTOR INDS LTD,130962.00,1397.39,,,,
DONEAR,DONEAR IND. LIMITED,32790.00,34.49,,,,
SADBHAV,SADBHAV ENGINEERING LTD,570859.00,75.51,,,,
MANINFRA,MAN INFRA LTD,1793610.00,3157.66,,,,
SHRIPISTON,SHRIRAM PIST. & RING LTD,53607.00,1362.34,,,,
ALLTIME,ALL TIME PLASTICS LIMITED,157153.00,446.43,,,,
JKCEMENT,JK CEMENT LIMITED,35682.00,2400.32,,,,
EXICOM,EXICOM TELE SYSTEMS LTD,739175.00,1242.05,,,,
TPHQ,TEAMO PRODUCTIONS HQ LTD,10000.00,0.07,,,,
ITDC,INDIA TOUR. DEV. CO. LTD.,220950.00,1454.01,,,,
SJS,SJS ENTERPRISES LIMITED,157155.00,2058.61,,,,
DREAMFOLKS,DREAMFOLKS SERVICES LTD,4038.00,10.50,,,,
ASKAUTOLTD,ASK AUTOMOTIVE LIMITED,327501.00,1689.86,,,,
TTKPRESTIG,TTK PRESTIGE LTD,104010.00,720.07,,,,
GABRIEL,GABRIEL INDIA LTD,191150.00,1949.24,,,,
TEAMLEASE,TEAMLEASE SERVICES LTD.,95265.00,1934.69,,,,
RSYSTEMS,R SYS INTERNATIONAL LTD,433569.00,1971.29,,,,
DYNAMATECH,DYNAMATIC TECHNOLOGIES,71325.00,5013.52,,,,
DSSL,DYNACONS SYS & SOLN LTD,98724.00,1068.50,,,,
RADHIKAJWE,RADHIKA JEWELTECH LIMITED,445141.00,427.79,,,,
MIDCAPIETF,ICICIPRAMC - ICICIM150,4633367.00,1017.16,,,,
BIGBLOC,BIGBLOC CONSTRUCTION LTD,70110.00,68.37,,,,
MIDSMALL,MIRAEAMC - MIDSMALL,1244639.00,605.94,,,,
URJA,URJA GLOBAL LIMITED,302805.00,43.35,,,,
MONARCH,MONARCH NETWORTH CAP LTD,357506.00,1287.90,,,,
NIFTYIETF,ICICI PRUD NIFTY ETF,474339.00,1300.32,,,,
NILAINFRA,NILA INFRASTRUCTURES LTD,60087.00,7.57,,,,
ZYDUSWELL,ZYDUS WELLNESS LIMITED,280788.00,1278.76,,,,
ORIENTPPR,ORIENT PAPER AND INDS LTD,3411642.00,1140.83,,,,
ALLDIGI,ALLDIGI TECH LIMITED,32198.00,250.66,,,,
SHALPAINTS,SHALIMAR PAINTS LTD,879004.00,849.56,,,,
MBLINFRA,MBL INFRASTRUCTURE LTD,165616.00,72.15,,,,
MASPTOP50,MIRAEAMC - MASPTOP50,488783.00,303.50,,,,
AARON,AARON INDUSTRIES LIMITED,891.00,2.16,,,,
PFOCUS,PRIME FOCUS LIMITED,1396617.00,2492.76,,,,
KDDL,KDDL LIMITED,32532.00,892.81,,,,
CARRARO,CARRARO INDIA LIMITED,73260.00,335.50,,,,
ORIENTHOT,ORIENT HOTELS LTD,2713455.00,3795.22,,,,
ZODIAC,ZODIAC ENERGY LIMITED,137.00,0.62,,,,
CHEMFAB,CHEMFAB ALKALIS LIMITED,7335.00,51.13,,,,
SCHAND,S CHAND AND COMPANY LTD,133428.00,284.40,,,,
SATIN,SATIN CREDIT NET LTD,436417.00,704.31,,,,
DBEIL,DEEPAK BUILDERS & ENG I L,152944.00,274.18,,,,
KECL,KIRLOSKAR ELECTRIC CO LTD,223198.00,307.79,,,,
NDRAUTO,NDR AUTO COMPONENTS LTD,30159.00,325.69,,,,
WINDLAS,WINDLAS BIOTECH LIMITED,223528.00,2031.32,,,,
ROSSTECH,ROSSELL TECHSYS LIMITED,75964.00,556.53,,,,
SANOFICONR,SANOFI CONS HEALTHC IND L,3228.00,162.59,,,,
AXISBPSETF,AXISAMC - AXISBPSETF,8672.00,1.12,,,,
AVL,ADITYA VISION LIMITED,129334.00,681.21,,,,
TASTYBITE,TASTY BITE EATABLES LTD,7873.00,854.06,,,,
ATULAUTO,ATUL AUTO LIMITED,258005.00,1322.43,,,,
HDFCNIFBAN,HDFCAMC - HDFCNIFBAN,82912.00,46.29,,,,
GEEKAYWIRE,GEEKAY WIRES LIMITED,1773.00,1.38,,,,
JLHL,JUPITER LIFE LINE HOSP L,16351.00,242.94,,,,
VSTL,VIBHOR STEEL TUBES LTD,9251.00,16.65,,,,
ARIHANTSUP,ARIHANT SUPERSTRUCT LTD,177964.00,755.42,,,,
NIITLTD,NIIT LIMITED,2897342.00,4161.00,,,,
ECOSMOBLTY,ECOS (INDIA) MOB & HOSP L,255944.00,729.81,,,,
JAGRAN,JAGRAN PRAKASHAN LIMITED,729379.00,539.83,,,,
BSHSL,BOMBAY SUPER HYBRID SEEDS,8650.00,12.81,,,,
NILKAMAL,NILKAMAL LIMITED,6760.00,118.31,,,,
MAMATA,MAMATA MACHINERY LIMITED,533464.00,2570.50,,,,
PFS,PTC INDIA FIN SERV LTD,1996222.00,808.56,,,,
BLISSGVS,BLISS GVS PHARMA LTD,800331.00,1296.95,,,,
PNGJL,P N GADGIL JEWELLERS LTD,628889.00,3893.59,,,,
SANGAMIND,SANGAM (INDIA) LTD,26889.00,121.71,,,,
NIFTY1,KOTAK NIFTY ETF,57506.00,156.89,,,,
MINDTECK,MINDTECK (INDIA) LIMITED,6903.00,19.76,,,,
IMPAL,IND MOTOR PART & ACC LTD,682.00,7.99,,,,
EMKAY,EMKAY GLOBAL FIN SERV LTD,222.00,0.78,,,,
PSUBANK,KOTAK PSU BANK,22763.00,164.75,,,,
PANACEABIO,PANACEA BIOTEC LTD,360537.00,1506.82,,,,
TARSONS,TARSONS PRODUCTS LIMITED,1499376.00,5539.79,,,,
SGIL,SYNERGY GREEN IND. LTD,29860.00,165.70,,,,
SILINV,SIL INVESTMENTS LIMITED,518.00,3.70,,,,
IGPL,I G PETROCHEMICALS LTD,100100.00,524.01,,,,
SAGCEM,SAGAR CEMENTS LIMITED,272109.00,727.90,,,,
INFRAIETF,ICICIPRAMC - ICICIINFRA,164396.00,154.10,,,,
SUMMITSEC,SUMMIT SECURITIES LTD,17087.00,367.55,,,,
WESTLIFE,WESTLIFE FOODWORLD LTD,102410.00,755.35,,,,
MAYURUNIQ,MAYUR UNIQUOTERS LTD,146642.00,814.50,,,,
MVGJL,MANOJ VAIBHAV GEM N JEW L,254353.00,578.96,,,,
AJMERA,AJMERA REALTY & INF I LTD,202571.00,1943.95,,,,
AURUM,AURUM PROPTECH LIMITED,149917.00,284.95,,,,
CHEMPLASTS,CHEMPLAST SANMAR LIMITED,229160.00,1016.49,,,,
MMP,MMP INDUSTRIES LIMITED,35747.00,100.26,,,,
CRAFTSMAN,CRAFTSMAN AUTOMATION LTD,27759.00,1712.31,,,,
FMGOETZE,FEDERAL-MOGUL GOETZE (IND,113548.00,589.45,,,,
LICNETFN50,LICNAMC - LICNFENGP,241.00,0.65,,,,
PVTBANKADD,DSPAMC - DSPPVBKETF,34983.00,9.51,,,,
PYRAMID,PYRAMID TECHNOPLAST LTD,40500.00,71.30,,,,
GOLDCASE,ZERODHAAMC - GOLDCASE,2737490.00,499.90,,,,
GROWWRAIL,GROWWAMC - GROWWRAIL,2097396.00,763.10,,,,
STYLEBAAZA,BAAZAR STYLE RETAIL LTD,783586.00,2723.26,,,,
HDFCNEXT50,HDFCAMC - HDFCNEXT50,109909.00,75.82,,,,
SBISILVER,SBIAMC - SBISILVER,860806.00,1272.60,,,,
MOSMALL250,MOTILALAMC - MOSMALL250,2506748.00,431.89,,,,
BHARATRAS,BHARAT RASAYAN LTD,10161.00,1081.07,,,,
HDFCMOMENT,HDFCAMC - HDFCMOMENT,589368.00,189.82,,,,
VERANDA,VERANDA LEARNING SOL LTD,6165273.00,14213.47,,,,
GSS,GSS INFOTECH LIMITED,551422.00,152.84,,,,
HEUBACHIND,HEUBACH COLORANTS IND LTD,31114.00,174.79,,,,
MATRIMONY,MATRIMONY.COM LIMITED,18605.00,119.82,,,,
SHREEJISPG,SHREEJI SHIPPING GLOBAL L,46454.00,112.13,,,,
GOLDTECH,AION-TECH SOLUTIONS LTD,1500.00,1.02,,,,
LANCER,LANCER CONTAINER LINE LTD,2000.00,0.25,,,,
BRNL,BHARAT ROAD NETWORK LTD,1907.00,0.43,,,,
MANGALAM,MANGALAM DRUG & CHEM LTD,5489.00,4.87,,,,
STEELCITY,STEEL CITY SECURITIES LTD,513.00,0.52,,,,
BHARATGEAR,BHARAT GEARS LTD.,7703.00,9.68,,,,
VISHWARAJ,VISHWARAJ SUGAR IND LTD,134518.00,17.14,,,,
SAKHTISUG,SAKTHI SUGARS LTD.,1096405.00,458.22,,,,
AGRITECH,AGRI-TECH (INDIA) LIMITED,3499.00,6.57,,,,
GROWWGOLD,GROWWAMC - GROWWGOLD,333130.00,389.48,,,,
HDFCLIQUID,HDFCAMC - HDFCLIQUID,12.00,0.12,,,,
LIQUIDADD,DSPAMC - LIQUIDADD,2340.00,25.57,,,,
MAKEINDIA,MIRAEAMC - MAMFGETF,24604.00,36.38,,,,
UNIDT,UNITED DRILLING TOOLS LTD,4399.00,9.81,,,,
SMLT,SARTHAK METALS LIMITED,4221.00,4.76,,,,
EVINDIA,MIRAEAMC - EVINDIA,248736.00,76.20,,,,
MIDQ50ADD,DSPAMC - DSPQ50ETF,29219.00,74.24,,,,
ITETFADD,DSPAMC - DSPITETF,15723.00,5.85,,,,
AXISTECETF,AXISAMC - AXISTECETF,12035.00,48.04,,,,
COASTCORP,COASTAL CORPORATION LTD,15542.00,6.15,,,,
AARTECH,AARTECH SOLONICS LIMITED,800.00,0.42,,,,
CORDSCABLE,CORDS CABLE INDUS LTD.,6535.00,12.40,,,,
GROWWSLVR,GROWWAMC - GROWWSLVR,449652.00,714.04,,,,
GROWWMOM50,GROWWAMC - GROWWMOM50,226890.00,24.35,,,,
TECH,BIRLASLAMC - TECH,32406.00,12.52,,,,
CASHIETF,ICICIPRAMC - CASHIETF,12.00,0.12,,,,
MOMENTUM,BIRLASLAMC - MOMENTUM,62547.00,19.79,,,,
HDFCGROWTH,HDFCAMC - HDFCGROWTH,9440.00,11.55,,,,
THEINVEST,THE INVEST TRUST OF IND L,1715.00,2.43,,,,
AVONMORE,AVONMORE CAP&MGT SERV LTD,12927.00,2.45,,,,
NAHARPOLY,NAHAR POLY FILMS LIMITED,567.00,1.67,,,,
EVERESTIND,EVEREST INDUSTRIES LTD,10021.00,68.92,,,,
MOSILVER,MOTILALAMC - MOSILVER,5600.00,8.95,,,,
SURAJLTD,SURAJ LIMITED,47.00,0.15,,,,
GROWWN200,GROWWAMC - GROWWN200,26266.00,2.97,,,,
AMANTA,AMANTA HEALTHCARE LIMITED,10847.00,14.57,,,,
BIRLACABLE,BIRLA CABLE LIMITED,14051.00,26.21,,,,
AGSTRA,AGS TRANSACT TECH LTD,3262.00,3.15,,,,
500245,KIRLOSKAR FERROUS INDUSTRIES L,2.00,0.01,,,,
LOKESHMACH,LOKESH MACHINES LTD,1245.00,3.79,,,,
NATCAPSUQ,NATURAL CAPSULES LIMITED,200.00,0.45,,,,
HCL-INSYS,HCL INFOSYSTEMS LTD,325.00,0.06,,,,
KANPRPLA,KANPUR PLASTIPACK LIMITED,150.00,0.35,,,,
MINDACORP,MINDA CORPORATION LTD,759010.00,4300.22,,,,
YESBANK,YES BANK LIMITED,338422893.00,72446.92,,,,
SWSOLAR,STRLNG & WIL REN ENE LTD,8913858.00,26705.61,,,,
RVNL,RAIL VIKAS NIGAM LIMITED,18141707.00,69815.17,,,,
JAICORPLTD,JAI CORP LIMITED,1659503.00,2861.21,,,,
ATGL,ADANI TOTAL GAS LIMITED,1714627.00,11900.72,,,,
IRB,IRB INFRA DEV LTD.,63523400.00,31476.25,,,,
SAIL,STEEL AUTHORITY OF INDIA,18654269.00,24726.76,,,,
IRCTC,INDIAN RAIL TOUR CORP LTD,3323529.00,26433.16,,,,
ONGC,OIL AND NATURAL GAS CORP.,10862643.00,27807.93,,,,
IRFC,BOND 8.19% PA TF TII-SIA,45158328.00,63692.94,,,,
NCC,NCC LIMITED,13100867.00,30282.86,,,,
GAIL,GAIL (INDIA) LTD,16921886.00,31687.80,,,,
GPPL,GUJARAT PIPAVAV PORT LTD,9027380.00,17779.18,,,,
HGINFRA,H.G.INFRA ENGINEERING LTD,482721.00,5275.23,,,,
HIKAL,HIKAL LIMITED,1317832.00,4257.03,,,,
PRAJIND,PRAJ INDUSTRIES LTD,4728436.00,21262.62,,,,
PRINCEPIPE,PRINCE PIPES FITTINGS LTD,857749.00,3102.00,,,,
SKYGOLD,SKY GOLD AND DIAMONDS LTD,1427428.00,4280.38,,,,
HDBFS,HDB FINANCIAL SERVICES L,646273.00,4902.65,,,,
NESTLEIND,NESTLE INDIA LIMITED,556870.00,6620.86,,,,
TATAPOWER,TATA POWER CO LTD,9858807.00,39171.15,,,,
ENGINERSIN,ENGINEERS INDIA LTD,12019896.00,25956.59,,,,
NH,NARAYANA HRUDAYALAYA LTD.,618700.00,11526.02,,,,
GMDCLTD,GUJARAT MINERAL DEV CORP,5747600.00,30485.98,,,,
AEGISLOG,AEGIS LOGISTICS LIMITED,860337.00,6963.97,,,,
EIEL,ENVIRO INFRA ENGINEERS L,3790985.00,9887.86,,,,
EPL,EPL LIMITED,1790571.00,4160.33,,,,
TCS,TATA CONSULTANCY SERV LT,4467884.00,143439.06,,,,
VMART,VMART RETAIL LTD,103552.00,942.13,,,,
HINDOILEXP,HIND. OIL EXPLORATION,4008852.00,7899.39,,,,
GENUSPOWER,GENUS POWER INFRASTRU LTD,3793661.00,13787.88,,,,
UNIONBANK,UNION BANK OF INDIA,23270214.00,31957.32,,,,
RBLBANK,RBL BANK LIMITED,14240107.00,37274.44,,,,
SAILIFE,SAI LIFE SCIENCES LIMITED,779526.00,6754.90,,,,
RALLIS,RALLIS INDIA LTD,1302473.00,4368.96,,,,
HINDZINC,HINDUSTAN ZINC LIMITED,7189940.00,34774.26,,,,
PIDILITIND,PIDILITE INDUSTRIES LTD,358895.00,5491.61,,,,
RTNPOWER,RATTANINDIA POWER LIMITED,25073951.00,3364.21,,,,
360ONE,360 ONE WAM LIMITED,457356.00,4955.35,,,,
ABREL,ADITYA BIRLA REAL EST LTD,386937.00,7805.14,,,,
AUBANK,AU SMALL FINANCE BANK LTD,902936.00,6630.10,,,,
AUROPHARMA,AUROPHARMA-DEP SETT,776105.00,9037.53,,,,
THERMAX,THERMAX DEP RS,261633.00,9135.85,,,,
ELECON,ELECON ENG. CO. LTD,1413987.00,8721.02,,,,
MOREPENLAB,MOREPEN LAB. LTD,14108588.00,8457.00,,,,
GOLDBEES,NIP IND ETF GOLD BEES,26206875.00,25182.77,,,,
LTFOODS,LT FOODS LIMITED,1304631.00,5723.41,,,,
LUPIN,LUPIN LIMITED,426911.00,8507.37,,,,
ZENSARTECH,ZENSAR TECHNOLOGIES -DEPO,694049.00,5687.69,,,,
KAYNES,KAYNES TECHNOLOGY IND LTD,436685.00,29670.49,,,,
SURYAROSNI,SURYA ROSHNI LTD,744811.00,2280.33,,,,
BHARTIARTL,BHARTI AIRTEL LIMITED,1227042.00,23442.09,,,,
ENRIN,SIEMENS ENERGY INDIA LTD,218387.00,7339.18,,,,
GODREJCP,GODREJ CONS PRODUCTS LTD,524591.00,6486.67,,,,
DEEPAKFERT,DEEPAK FERTILIZERS & PETR,659630.00,8791.56,,,,
HAPPSTMNDS,HAPPIEST MINDS TECHNO LTD,2835307.00,18962.72,,,,
MTARTECH,MTAR TECHNOLOGIES LIMITED,285392.00,5173.72,,,,
PENIND,PENNAR INDUSTRIES LTD,1969926.00,4630.24,,,,
ORIENTCEM,ORIENT CEMENT LTD.,2845621.00,7070.66,,,,
TATACONSUM,TATA CONSUMER PRODUCT LTD,567893.00,6221.03,,,,
IGARASHI,IGARASHI MOTORS INDIA LIM,178836.00,993.06,,,,
CLEAN,CLEAN SCIENCE & TECH LTD,947828.00,12598.94,,,,
JUBLINGREA,JUBILANT INGREVIA LIMITED,1054282.00,7726.78,,,,
LICHSGFIN,LIC HOUSING FINANCE LTD,3202286.00,19295.59,,,,
NAM-INDIA,NIPPON L I A M LTD,737664.00,5400.41,,,,
KIRIINDUS,KIRI INDUSTRIES LIMITED,2667885.00,16326.75,,,,
NETWEB,NETWEB TECH INDIA LTD,448258.00,15706.79,,,,
GULFOILLUB,GULF OIL LUB. IND. LTD.,187931.00,2327.88,,,,
ANUP,THE ANUP ENGINEERING LTD,95795.00,2505.90,,,,
TANLA,TANLA PLATFORMS LIMITED,2409048.00,16827.35,,,,
GODFRYPHLP,GODFREY PHILLIPS INDIA LT,746999.00,25454.75,,,,
TARIL,TRANS & RECTI. LTD,1453310.00,7589.96,,,,
PRICOLLTD,PRICOL LIMITED,426369.00,2053.84,,,,
SBILIFE,SBI LIFE INSURANCE CO LTD,255269.00,4639.83,,,,
VIPIND,VIP INDUSTRIES LTD,1103245.00,4857.71,,,,
COHANCE,COHANCE LIFESCIENCES LTD,717744.00,6557.07,,,,
SUNTV,SUN TV NETWORK LIMITED,531238.00,3242.74,,,,
LINDEINDIA,LINDE INDIA LIMITED,145832.00,9839.43,,,,
SDBL,SOM DIST & BREW LTD,6468869.00,8684.06,,,,
PERSISTENT,PERSISTENT SYSTEMS LTD,486223.00,26735.82,,,,
ASTERDM,ASTER DM HEALTHCARE LTD.,463906.00,2893.87,,,,
TIINDIA,TUBE INVEST OF INDIA LTD,212850.00,6905.35,,,,
WONDERLA,WONDERLA HOLIDAYS LTD.,167787.00,1519.06,,,,
ACLGATI,ALLCARGO GATI LIMITED,1105438.00,817.39,,,,
AMNPLST,AMINES & PLASTICIZERS LTD,1858.00,5.73,,,,
MAHLOG,MAHINDRA LOGISTIC LIMITED,407260.00,1468.84,,,,
JYOTISTRUC,JYOTI STRUCTURES LTD,22021026.00,4075.50,,,,
GICHSGFIN,GIC HOUSING FINANCE LTD,1192478.00,2382.55,,,,
MAHSEAMLES,MAHARASHTRA SEAMLESS LTD,1093612.00,7525.70,,,,
MOSCHIP,MOSCHIP TECHNOLOGIES LTD,2406631.00,5837.07,,,,
TIMKEN,TIMKEN INDIA LTD.,76125.00,2558.34,,,,
PRECWIRE,PRECISION WIRES INDIA LTD,565563.00,1062.73,,,,
IOLCP,IOL CHEM AND PHARMA LTD,5926031.00,6233.18,,,,
TIIL,TECHNOCRAFT IND LTD,34130.00,911.24,,,,
NEULANDLAB,NEULAND LAB LTD.,48366.00,6540.44,,,,
ZFCVINDIA,ZF COM VE CTR SYS IND LTD,10601.00,1423.87,,,,
INGERRAND,INGERSOLL-RAND INDIA LTD,67116.00,2370.59,,,,
UTIAMC,UTI ASSET MNGMT CO LTD,290919.00,3905.81,,,,
JSWCEMENT,JSW CEMENT LIMITED,2988014.00,4439.55,,,,
SUNFLAG,SUNFLAG IRON AND STEEL CO,611041.00,1754.88,,,,
PRSMJOHNSN,PRISM JOHNSON LIMITED,1151584.00,1940.13,,,,
KELLTONTEC,KELLTON TECH SOL LTD,4499862.00,1207.26,,,,
SUBROS,SUBROS LIMITED,142536.00,1521.08,,,,
CARTRADE,CARTRADE TECH LIMITED,546115.00,12724.96,,,,
INDOAMIN,INDO AMINES LIMITED,224943.00,367.07,,,,
TBZ,TRIB BHIMJI ZAVERI LTD,411463.00,824.96,,,,
BAJEL,BAJEL PROJECTS LIMITED,166398.00,347.21,,,,
MOTISONS,MOTISONS JEWELLERS LTD,3963525.00,789.91,,,,
GTLINFRA,GTL INFRA.LTD,10686049.00,174.30,,,,
DISHTV,DISH TV INDIA LTD.,3724135.00,227.77,,,,
KOPRAN,KOPRAN LTD,386591.00,707.35,,,,
ALPHAGEO,ALPHAGEO (INDIA) LIMITED,5910.00,15.54,,,,
ISGEC,ISGEC HEAVY ENG LTD,184886.00,2006.25,,,,
BALUFORGE,BALU FORGE INDUSTRIES LTD,198659.00,1324.79,,,,
COSMOFIRST,COSMO FIRST LIMITED,434345.00,4366.50,,,,
WENDT,WENDT (INDIA) LTD.,34752.00,3405.09,,,,
RMDRIP,R M DRIP & SPRINK SYS LTD,120947.00,91.86,,,,
MUFTI,CREDO BRANDS MARKETING L,490412.00,647.75,,,,
DHARMAJ,DHARMAJ CROP GUARD LTD,4021.00,12.36,,,,
NOVAAGRI,NOVA AGRITECH LIMITED,30238.00,17.14,,,,
INSECTICID,INSECTICIDES (INDIA) LIMI,112634.00,942.60,,,,
ESSENTIA,INTEGRA ESSENTIA LIMITED,77743.00,1.90,,,,
PVTBANIETF,ICICIPRAMC - ICICIBANKP,1427335.00,389.60,,,,
ZEEMEDIA,ZEE MEDIA CORPORATION LTD,2718456.00,367.56,,,,
HDFCSML250,HDFCAMC - HDFCSML250,3331868.00,5768.92,,,,
HDFCSENSEX,HDFCAMC - HDFCSENSEX,30684.00,28.02,,,,
UTIBANKETF,UTIAMC - UTIBANKETF,43423.00,24.94,,,,
MON100,MOTILAL OS NASDAQ100 ETF,1804475.00,4044.45,,,,
SARVESHWAR,SARVESHWAR FOODS LIMITED,3871889.00,262.54,,,,
PHARMABEES,NIPPONAMC - NETFPHARMA,8656681.00,1951.90,,,,
MIDCAPETF,MIRAEAMC - MAM150ETF,7432976.00,1596.14,,,,
XCHANGING,XCHANGING SOLUTIONS LTD,345718.00,356.98,,,,
AHLUCONT,AHLUWALIA CONT IND LTD,261435.00,2665.68,,,,
KAMDHENU,KAMDHENU LIMITED,7118550.00,2237.45,,,,
INDOSTAR,INDOSTAR CAPITAL FIN LTD,1057491.00,3215.77,,,,
DBL,DILIP BUILDCON LIMITED,711287.00,3551.28,,,,
RAMCOCEM,THE RAMCO CEMENTS LIMITED,347289.00,3590.31,,,,
VIKASECO,VIKAS ECOTECH LIMITED,86808.00,1.90,,,,
YATRA,YATRA ONLINE LIMITED,1176119.00,1642.80,,,,
HGS,HINDUJA GLOBAL SOLS. LTD.,113339.00,724.73,,,,
GRPLTD,GRP LIMITED,3230.00,78.39,,,,
SURAKSHA,SURAKSHA DIAGNOSTIC LTD,361023.00,1120.78,,,,
TCI,TRANSPORT CORPN OF INDIA,18547.00,214.27,,,,
RGL,RENAISSANCE GLOBAL LTD,1042268.00,1367.58,,,,
CYBERTECH,CYBERTECH SYSTEMS & SOFTW,14786.00,34.99,,,,
NCLIND,NCL INDUSTRIES LIMITED,213123.00,465.68,,,,
GOCLCORP,GOCL CORPORATION LIMITED,359609.00,1388.32,,,,
RACE,RACE ECO CHAIN LIMITED,52382.00,132.54,,,,
MUFIN,MUFIN GREEN FINANCE LTD,593444.00,532.73,,,,
NUCLEUS,NUCLEUS SOFTWARE EXPORTS,72481.00,822.98,,,,
STALLION,STALLION IND FLUOROCHEM L,190508.00,497.15,,,,
AGARWALEYE,DR AGARWALS HEALTH CARE L,122511.00,577.76,,,,
GOCOLORS,GO FASHION INDIA LTD,125241.00,983.59,,,,
WINDMACHIN,WINDSOR MACHINES LIMITED,109897.00,370.22,,,,
DMCC,DMCC SPECIALITY CHEMICALS,16189.00,52.93,,,,
BAJAJHCARE,BAJAJ HEALTHCARE LIMITED,943466.00,4720.54,,,,
SPLPETRO,SUPREME PETROCHEM LIMITED,104911.00,869.08,,,,
LINC,LINC LIMITED,12193.00,24.17,,,,
BSLGOLDETF,ADITYBIRLA SL GOLD ETF-GR,344565.00,352.82,,,,
ROLEXRINGS,ROLEX RINGS LIMITED,129642.00,1873.13,,,,
GFLLIMITED,GFL LIMITED,22722.00,15.62,,,,
BLAL,BEML LAND ASSETS LIMITED,89128.00,207.40,,,,
DPABHUSHAN,D. P. ABHUSHAN LIMITED,11712.00,177.35,,,,
DYCL,DYNAMIC CABLES LIMITED,207738.00,906.91,,,,
5PAISA,5PAISA CAPITAL LIMITED,80286.00,309.39,,,,
CONTROLPR,CONTROL PRINT LIMITED,54743.00,439.62,,,,
V2RETAIL,V2 RETAIL LIMITED,442710.00,9362.23,,,,
BPL,BPL LTD - RS 2.50 PAID UP,68944.00,57.26,,,,
DENTA,DENTA WATER N INFRA SOL L,415069.00,1789.71,,,,
HLVLTD,HLV LIMITED,863414.00,125.25,,,,
SOTL,SAVITA OIL TECHNOLO. LTD,100957.00,458.54,,,,
CEWATER,CONCORD ENVIRO SYSTEMS L,83725.00,472.57,,,,
PGIL,PEARL GLOBAL IND LIMITED,109773.00,1543.17,,,,
BFINVEST,BF INVESTMENT LIMITED,103256.00,553.11,,,,
SSDL,SARASWATI SAREE DEPOT LTD,11259.00,10.79,,,,
RAMCOIND,RAMCOINDUSTRIES LTD,742474.00,2434.10,,,,
MONTECARLO,MONTE CARLO FASHIONS LTD.,51831.00,364.08,,,,
GOPAL,GOPAL SNACKS LIMITED,584857.00,2126.30,,,,
RELTD,RAVINDRA ENERGY LIMITED,49635.00,85.07,,,,
SREEL,SREELEATHERS LIMITED,11262.00,28.78,,,,
KKCL,KEWAL KIRAN CLOTHING LIMI,188938.00,959.67,,,,
CERA,CERA SANITARYWARE LTD,50257.00,3346.15,,,,
DENORA,DE NORA INDIA LIMITED,11668.00,105.60,,,,
SPECIALITY,SPECIALITY REST LTD,55480.00,82.09,,,,
KIRLOSIND,KIRLOSKAR INDUSTRIES LTD,26846.00,1059.08,,,,
MANGCHEFER,MANG.CHEM.FERT.LTD,202834.00,644.16,,,,
BHARTIHEXA,BHARTI HEXACOM LIMITED,112497.00,2015.75,,,,
DHUNINV,DHUNSERI INVESTMENTS LTD,1259.00,22.95,,,,
INDOTECH,INDO TECH TRANSFORMERS LI,7300.00,128.83,,,,
GLOSTERLTD,GLOSTER LIMITED,4499.00,29.97,,,,
ESABINDIA,ESAB INDIA LTD,10039.00,532.83,,,,
RANEHOLDIN,RANE HOLDINGS LIMITED,16344.00,272.18,,,,
MALLCOM,MALLCOM (INDIA) LIMITED,5949.00,75.43,,,,
UFLEX,UFLEX LIMITED,183260.00,1038.12,,,,
HAPPYFORGE,HAPPY FORGINGS LIMITED,72500.00,697.09,,,,
KRONOX,KRONOX LAB SCIENCES LTD,193206.00,351.16,,,,
ALIVUS,ALIVUS LIFE SCIENCES LTD,220025.00,2279.45,,,,
PANAMAPET,PANAMA PETROCHEM LTD,109758.00,369.00,,,,
MANBA,MANBA FINANCE LIMITED,152620.00,227.78,,,,
FUSION,FUSION FINANCE LIMITED,1657079.00,3979.69,,,,
LOWVOL1,KOTAKMAMC - KOTAKLOVOL,5996.00,1.22,,,,
METALIETF,ICICIPRAMC - METALIETF,7342753.00,750.30,,,,
3MINDIA,3M INDIA LIMITED,8480.00,2568.40,,,,
METAL,MIRAEAMC - METAL,1835544.00,190.00,,,,
GOLD360,360ONEAMC - GOLD360,73593.00,91.59,,,,
CONSUMBEES,NIP IND ETF CONSUMPTION,386970.00,520.18,,,,
HDFCMID150,HDFCAMC - HDFCMID150,782365.00,164.85,,,,
YASHO,YASHO INDUSTRIES LIMITED,10301.00,185.67,,,,
SUNCLAY,SUNDARAM CLAYTON LIMITED,29481.00,544.40,,,,
ELIN,ELIN ELECTRONICS LIMITED,68298.00,148.92,,,,
ONWARDTEC,ONWARDTEC DEPO,6800.00,21.78,,,,
DIAMINESQ,DIAMINES & CHEMICALS LTD,250.00,1.00,,,,
REGAAL,REGAAL RESOURCES LIMITED,119761.00,108.94,,,,
EXXARO,EXXARO TILES LIMITED,143935.00,11.61,,,,
FLATPROD,FLATPRODEQUIP-ROLL SETT,15.00,0.92,,,,
BYKE,THE BYKE HOSPITALITY LTD,10400.00,7.36,,,,
EBGNG,GNG ELECTRONICS LIMITED,208650.00,777.56,,,,
COMPUSOFT,COMPUCOM SOFTWARE LTD,35901.00,7.72,,,,
BALAXI,BALAXI PHARMA LTD,89194.00,53.66,,,,
IVC,IL&FS INVESTMENT MANAGERS,235593.00,26.73,,,,
SIGMA,SIGMA SOLVE LIMITED,2166.00,1.65,,,,
LIQUIDIETF,ICICIPRAMC - ICICILIQ,23.00,0.23,,,,
LIQUIDSHRI,SHRIRAM - LIQUIDSHRI,60.00,0.64,,,,
LIQUID,MIRAEAMC - LIQUID,1373.00,13.73,,,,
KOHINOOR,KOHINOOR FOODS LIMITED,1042.00,0.45,,,,
BELLACASA,BELLA CASA FASH AND RET L,6062.00,23.64,,,,
HDFCNIF100,HDFCAMC - HDFCNIF100,32070.00,8.48,,,,
IDFNIFTYET,BANDHANAMC - IDFNIFTYET,7243.00,19.90,,,,
NIFMID150,UTIAMC - NIFMID150,27531.00,60.40,,,,
AXISCETF,AXISAMC - AXISCETF,14351.00,18.20,,,,
MOM50,MOTILAL OSWAL M50 ETF,22724.00,58.48,,,,
BANKETF,MIRAEAMC - BANKETF,5794.00,32.77,,,,
AXSENSEX,AXISAMC - AXSENSEX,1261.00,1.05,,,,
TIPSFILMS,TIPS FILMS LIMITED,115.00,0.56,,,,
KOVAI,KOVAI MEDICAL CENTER & HO,50.00,3.15,,,,
HDFCBSE500,HDFCAMC - HDFCBSE500,16097.00,6.02,,,,
AAATECH,AAA TECHNOLOGIES LIMITED,7167.00,9.35,,,,
AXISVALUE,AXISAMC - AXISVALUE,6540.00,1.94,,,,
MAHESHWARI,MAHESHWARI LOGISTICS LTD.,5745.00,3.57,,,,
MOGSEC,MOTILALAMC - G5,4222.00,2.64,,,,
SENSEXADD,DSPAMC - DSPSENXETF,1518.00,1.27,,,,
DCMNVL,DCM NOUVELLE LIMITED,3349.00,6.05,,,,
GSEC10YEAR,MIRAEAMC - MAGS813ETF,2094.00,0.62,,,,
JAIPURKURT,NANDANI CREATION LIMITED,850.00,0.35,,,,
VIRINCHI,VIRINCHI LIMITED,11387.00,3.57,,,,
OILCOUNTUB,OIL COUNTRY TUBULAR LTD.,163.00,0.11,,,,
SAKUMA,SAKUMA EXPORTS LIMITED,16100.00,0.66,,,,
SBINEQWETF,SBIAMC - SBINEQWETF,54.00,0.02,,,,
EQUAL200,MIRAEAMC - EQUAL200,3326.00,0.44,,,,
MON50EQUAL,MOTILALAMC - MON50EQUAL,2608.00,0.85,,,,
GROWWPOWER,GROWWAMC - GROWWPOWER,21909.00,2.23,,,,
RNBDENIMS,R&B DENIMS LIMITED,10.00,0.01,,,,
JMA,JULLUNDUR MOT AGENCY LTD,298.00,0.33,,,,
DRCSYSTEMS,DRC SYSTEMS INDIA LIMITED,9200.00,1.91,,,,
KAVDEFENCE,KAVVERI DFS & WIR TEC LTD,115.00,0.11,,,,
MSTCLTD,MSTC LIMITED,1334438.00,7524.43,,,,
RELIGARE,RELIGARE ENTER. LTD.,6621085.00,17331.45,,,,
BANKINDIA,BANK OF INDIA,20559687.00,24412.30,,,,
MAHABANK,BANK OF MAHARASHTRA,35953857.00,20153.93,,,,
INDIAGLYCO,INDIA GLYCOLS LTD,1330625.00,10531.88,,,,
MOTHERSON,SAMVRDHNA MTHRSN INTL LTD,15391906.00,16298.29,,,,
CDSL,CENTRAL DEPO SER (I) LTD,5461751.00,87664.85,,,,
GNFC,GUJ NAR VAL FER & CHEM L,1996603.00,11017.94,,,,
EMSLIMITED,EMS LIMITED,1199434.00,7527.02,,,,
DATAPATTNS,DATA PATTERNS INDIA LTD,496249.00,13843.95,,,,
HEROMOTOCO,HERO MOTOCORP LIMITED,248448.00,12838.72,,,,
AMBUJACEM,AMBUJA CEMENTS LTD,2203680.00,12850.52,,,,
IFCI,IFCI LTD,18793123.00,11291.48,,,,
ABCAPITAL,ADITYA BIRLA CAPITAL LTD.,4206985.00,10840.88,,,,
MARKSANS,MARKSANS PHARMA LIMITED,4154977.00,8491.61,,,,
NATCOPHARM,NATCO PHARMA LTD.,2475952.00,24227.85,,,,
PCBL,PCBL CHEMICAL LIMITED,4375292.00,17928.92,,,,
POKARNA,POKARNA LIMITED,210832.00,1893.85,,,,
SHAREINDIA,SHARE IND. SECURITIES LTD,2074087.00,3840.27,,,,
BANDHANBNK,BANDHAN BANK LIMITED,12920189.00,22491.21,,,,
MAHLIFE,MAHINDRA LIFESPACE DEVLTD,1078889.00,4647.33,,,,
GREAVESCOT,GREAVES NPP190799DEPO,5386039.00,11964.68,,,,
PARAS,PARAS DEF AND SPCE TECH L,511289.00,3891.07,,,,
SUNTECK,SUNTECK REALTY LIMITED,1232789.00,5700.55,,,,
PIIND,PI INDUSTRIES LTD,154320.00,5893.18,,,,
UPL,UPL LIMITED,1273756.00,8768.47,,,,
AFFLE,AFFLE 3I LIMITED,204580.00,3974.10,,,,
VINDHYATEL,VINDHYA TELELINKS LTD,121175.00,1968.83,,,,
TATAELXSI,TATA ELXSI LIMITED,466779.00,28354.24,,,,
CESC,CESC LTD,5217439.00,8846.50,,,,
MASTEK,MASTEK LTD,304321.00,7587.63,,,,
BANKBARODA,BANK OF BARODA,5930235.00,14615.17,,,,
NTPCGREEN,NTPC GREEN ENERGY LIMITED,17995598.00,19038.11,,,,
BHEL,BHEL,12206187.00,30053.95,,,,
CHOLAHLDNG,CHOLAMANDALAM FIN HOL LTD,97904.00,1898.11,,,,
CAMPUS,CAMPUS ACTIVEWEAR LIMITED,1095321.00,3149.95,,,,
SJVN,SJVN LTD,24234941.00,25654.57,,,,
HINDCOPPER,HINDUSTAN COPPER LTD,14729842.00,42336.70,,,,
INDNIPPON,INDIANIPPONELECT,87100.00,812.64,,,,
JAMNAAUTO,JAMNA AUTO IND LTD,6222138.00,6670.82,,,,
SOUTHBANK,THE SOUTH INDIAN BANK LTD,24762893.00,7201.93,,,,
TATAINVEST,TATA INVESTMENT CORP LTD,233228.00,22187.04,,,,
POONAWALLA,SEC RED NCD 10.50% SR. IV,3912601.00,18131.78,,,,
GODREJAGRO,GODREJ AGROVET LIMITED,826072.00,6233.99,,,,
MTNL,MAHANAGAR TELEPHONE NIGAM,6205227.00,3003.66,,,,
HCG,HEALTHCARE GLOB. ENT. LTD,341115.00,2106.48,,,,
ABFRL,ADITYA BIRLA FASHION & RT,31689070.00,39652.85,,,,
MARUTI,MARUTI SUZUKI INDIA LTD.,67318.00,10051.63,,,,
APLAPOLLO,APL APOLLO TUBES LTD,265000.00,4511.21,,,,
ATUL,ATUL LTD,255944.00,15058.56,,,,
PATANJALI,PATANJALI FOODS LIMITED,3202020.00,19519.21,,,,
JISLJALEQS,JAIN IRRIGATION SYSTEMS,16196516.00,9489.47,,,,
CARYSIL,CARYSIL LIMITED,252398.00,2235.39,,,,
EMUDHRA,EMUDHRA LIMITED,163309.00,1191.66,,,,
GMMPFAUDLR,GMM PFAUDLER LIMITED,272361.00,3243.48,,,,
GRAPHITE,GRAPHITE INDIA LIMITED,1919233.00,10949.51,,,,
MOIL,MOIL LIMITED,2730066.00,10629.19,,,,
LUXIND,LUX INDUSTRIES LIMITED,169023.00,2630.71,,,,
RIIL,RELIANCE INDUSTRIAL INFRA,436895.00,4493.77,,,,
ONMOBILE,ONMOBILE GLOBAL LTD.,1390280.00,902.25,,,,
UNITDSPR,UNITED SPIRITS LIMITED,1318400.00,18361.67,,,,
VENKEYS,VENKY S (INDIA) LIMITED,156071.00,2514.12,,,,
HEXT,HEXAWARE TECHNOLOGIES LTD,461493.00,3451.95,,,,
HAVELLS,HAVELLS INDIA LIMITED,812526.00,12835.19,,,,
GRANULES,GRANULES INDIA LIMITED,3993687.00,20351.66,,,,
GMRAIRPORT,GMR AIRPORTS LIMITED,20339151.00,17768.39,,,,
CRISIL,CRISIL LTD,81682.00,4253.30,,,,
INOXINDIA,INOX INDIA LIMITED,136958.00,1670.80,,,,
JUSTDIAL,JUSTDIAL LTD.,1014138.00,9299.78,,,,
ABSLAMC,ADIT BIRL SUN LIF AMC LTD,424110.00,3522.84,,,,
MAXHEALTH,MAX HEALTHCARE INS LTD,1031949.00,12046.05,,,,
PRESTIGE,PRESTIGE ESTATE LTD,554953.00,8856.32,,,,
MRF,MRF LTD,3144.00,4170.46,,,,
GOLDETF,MIRAEAMC - MAGOLDETF,596162.00,660.58,,,,
METROBRAND,METRO BRANDS LIMITED,51270.00,635.48,,,,
INDIASHLTR,INDIA SHELTER FIN CORP L,412199.00,3418.46,,,,
SAMHI,SAMHI HOTELS LIMITED,3377638.00,6778.54,,,,
RADICO,RADICO KHAITAN LTD,203576.00,5689.85,,,,
BAJAJHIND,BAJAJ HINDUSTHAN SUGAR LT,22556959.00,5743.97,,,,
PNCINFRA,PNC INFRATECH LTD.,1636409.00,5320.00,,,,
IDEAFORGE,IDEAFORGE TECHNO LTD,1189244.00,6450.14,,,,
LAURUSLABS,LAURUS LABS LIMITED,5176950.00,39589.09,,,,
KPRMILL,KPR MILL LTD.,299372.00,3357.84,,,,
SANOFI,AVENTIS PHARMA LIMITED,41554.00,2205.86,,,,
AAVAS,AAVAS FINANCIERS LIMITED,263593.00,4697.46,,,,
DELHIVERY,DELHIVERY LIMITED,1887001.00,8342.15,,,,
KPEL,K.P. ENERGY LIMITED,490301.00,2183.35,,,,
INDIACEM,THE INDIA CEMENTS LIMITED,615298.00,2198.07,,,,
SUNDRMFAST,SUNDRAM FASTENERS LTD,104241.00,1098.90,,,,
KRN,KRN HEAT EXCHANGE N REF L,853128.00,7354.00,,,,
MANAPPURAM,MANAPPURAM FINANCE LTD,4003790.00,10575.15,,,,
SYMPHONY,SYMPHONY LIMITED,235092.00,2596.28,,,,
FDC,FDC LIMITED,471860.00,2346.66,,,,
IKIO,IKIO TECHNOLOGIES LIMITED,366133.00,870.15,,,,
JUNIORBEES,NIP IND ETF JUNIOR BEES,371337.00,2698.38,,,,
CAPACITE,CAPACITE INFRAPROJECT LTD,1731424.00,5880.66,,,,
FIEMIND,FIEM INDUSTRIES LIMITED,122292.00,2423.69,,,,
HARSHA,HARSHA ENGINEERS INT LTD,1076295.00,4837.73,,,,
INDIAMART,INDIAMART INTERMESH LTD,124290.00,3116.35,,,,
ICICIGI,ICICI LOMBARD GIC LIMITED,128992.00,2503.20,,,,
IMAGICAA,IMAGICAAWORLD ENT LTD,2719378.00,1789.90,,,,
GENESYS,GENESYS INTL CORPN LTD,528802.00,3486.38,,,,
ANTHEM,ANTHEM BIOSCIENCES LTD,177404.00,1442.85,,,,
YUKEN,YUKEN INDIA LIMITED,6572.00,71.04,,,,
JTLIND,JTL INDUSTRIES LIMITED,14267401.00,11116.08,,,,
POLYPLEX,POLYPLEX CORPORATION LTD,342127.00,4043.70,,,,
SIYSIL,SIYARAM SILK MILLS LTD,194175.00,1491.21,,,,
GRINDWELL,GRINDWELL NORTON LIMITED,62407.00,1122.37,,,,
BFUTILITIE,BF UTILITIES LIMITED,419459.00,3345.01,,,,
RAMASTEEL,RAMA STEEL TUBES LIMITED,60833059.00,6405.97,,,,
DBREALTY,VALOR ESTATE LIMITED,4140057.00,7613.69,,,,
SHAILY,SHAILY ENG PLASTICS LTD,212416.00,4782.80,,,,
PARACABLES,PARAMOUNT COMM LTD,2346403.00,1284.15,,,,
GRWRHITECH,GARWARE HI-TECH FILMS LTD,156320.00,5628.41,,,,
VINATIORGA,VINATI ORGANICS LTD,56614.00,1017.60,,,,
IGIL,INTERNATIO GEMM INS (I) L,799517.00,3225.58,,,,
VIPCLOTHNG,VIP CLOTHING LIMITED,140997.00,55.23,,,,
VAISHALI,VAISHALI PHARMA LIMITED,50001.00,6.24,,,,
GLOBALVECT,GLOBAL VEC HELICORP LTD,2948.00,6.51,,,,
TREL,TRANSINDIA REAL ESTATE L,62112.00,22.52,,,,
BAJAJINDEF,INDEF MANUFACTURING LTD,10661.00,40.96,,,,
LAXMIINDIA,LAXMI INDIA FINANCE LTD,342226.00,558.61,,,,
MOKSH,MOKSH ORNAMENTS LIMITED,800191.00,113.91,,,,
MARINE,MARINE ELECTRICAL (I) LTD,102485.00,222.58,,,,
RANASUG,RANA SUGARS LTD.,222422.00,44.57,,,,
SHAH,SHAH METACORP LIMITED,233876.00,9.23,,,,
VINCOFE,VINTAGE COFFEE N BVRGS L,1433886.00,2110.00,,,,
GVKPIL,GVK POW. & INFRA LTD.,20000.00,1.93,,,,
GOACARBON,GOA CARBON LTD,31428.00,163.99,,,,
KHAICHEM,KHAITAN CHEM & FERT LTD,681011.00,844.05,,,,
PDSL,PDS LIMITED,464152.00,1804.99,,,,
MUNJALSHOW,MUNJAL SHOWA LTD,102773.00,153.82,,,,
RAJOOENG,RAJOO ENGINEERS LIMITED,1333592.00,1408.16,,,,
NECCLTD,NORTH EAST CARRY CORP LTD,9160.00,2.01,,,,
UTTAMSUGAR,UTTAM SUGAR MILLS LTD.,279877.00,885.50,,,,
ANDHRSUGAR,ANDHRA SUGARS LTD.,466569.00,500.59,,,,
NDTV,NDTV LTD,15407.00,19.33,,,,
BHARATWIRE,BHARAT WIRE ROPES LTD.,903459.00,1970.88,,,,
SUYOG,SUYOG TELEMATICS LIMITED,62741.00,503.74,,,,
GOLD1,KOTAK GOLD ETF,1230262.00,1180.74,,,,
GREENPOWER,ORIENT GREEN POWER CO LTD,4344373.00,619.50,,,,
ESAFSFB,ESAF SMALL FINANCE BANK L,1619817.00,572.91,,,,
UYFINCORP,U. Y. FINCORP LIMITED,37162.00,6.78,,,,
GMBREW,GM BREWERIES LTD,164587.00,1418.27,,,,
NIRAJ,NIRAJ CEMENT STRUC LTD,1312.00,0.49,,,,
DIFFNKG,DIFFUSION ENGINEERS LTD,154805.00,573.90,,,,
KSOLVES,KSOLVES INDIA LIMITED,33914.00,117.41,,,,
DEEDEV,DEE DEVELOPMENT ENG LTD,173958.00,510.56,,,,
BLUSPRING,BLUSPRING ENTERPRISES LTD,258935.00,218.57,,,,
OPTIEMUS,OPTIEMUS INFRACOM LTD,489623.00,2925.30,,,,
SANGHIIND,SANGHI INDUSTRIES LTD,976304.00,714.70,,,,
ABLBL,ADITYA BIRLA LIFES BRAN L,7551366.00,11321.16,,,,
FILATFASH,FILATEX FASHIONS LIMITED,886289.00,5.33,,,,
FLAIR,FLAIR WRITING INDUST LTD,232883.00,770.08,,,,
UTISENSETF,UTIAMC-UTISENSETF,1359.00,12.24,,,,
GOLDSHARE,UTI GOLD ETF,1200146.00,979.27,,,,
PROSTARM,PROSTARM INFO SYSTEMS LTD,639128.00,1375.34,,,,
NAVKARCORP,NAVKAR CORPORATION LTD.,1762243.00,2198.84,,,,
WALCHANNAG,WALCHANDNAGAR INDUSTRIES,70351.00,152.88,,,,
STARCEMENT,STAR CEMENT LIMITED,624443.00,1699.96,,,,
SUNDARMHLD,SUNDARAM FINANCE HOLD LTD,317480.00,1630.21,,,,
INOXGREEN,INOX GREEN ENERGY SER LTD,2996376.00,6127.77,,,,
DPSCLTD,DPSC LIMITED,60409.00,10.34,,,,
GUFICBIO,GUFIC BIOSCIENCES LIMITED,151126.00,550.54,,,,
TRANSWORLD,TRANSWORLD SHIP LINES LTD,72155.00,229.39,,,,
VSTTILLERS,VST TILLERS TRACTORS LTD,39396.00,2011.36,,,,
SHILPAMED,SHILPA MEDICARE LTD,95563.00,380.55,,,,
ELECTHERM,ELECTROTHERM (I) LTD.,7558.00,79.76,,,,
LAXMIDENTL,LAXMI DENTAL LIMITED,270998.00,987.16,,,,
FAZE3Q,FAZE THREE LIMITED,40318.00,214.75,,,,
OMAXAUTO,OMAX AUTOS LIMITED,2.00,0.00,,,,
AARTIPHARM,AARTI PHARMALABS LIMITED,342923.00,2924.12,,,,
BLSE,BLS E-SERVICES LIMITED,56326.00,109.25,,,,
TBOTEK,TBO TEK LIMITED,84556.00,1313.44,,,,
PVSL,POPULAR VEHICLES N SER L,115413.00,164.03,,,,
CHEMCON,CHEMCON SPECIAL CHEM LTD,254420.00,679.95,,,,
DHAMPURSUG,DHAMPUR SUGAR MILLS LTD.,888200.00,1368.07,,,,
MAHEPC,MAHINDRA EPC IRRIG LTD,64560.00,106.02,,,,
NEOGEN,NEOGEN CHEMICALS LIMITED,151651.00,2408.24,,,,
ASIANTILES,ASIAN GRANITO INDIA LIMIT,99101.00,57.14,,,,
ALANKIT,ALANKIT LIMITED,268837.00,38.25,,,,
RELAXO,RELAXO FOOT LTD.,699577.00,3410.42,,,,
SILVERTUC,SILVER TOUCH TECHNO LTD,7790.00,56.85,,,,
TORNTPHARM,TORRENT PHARMACEUTICALS L,52071.00,1860.02,,,,
BODALCHEM,BODAL CHEMICALS LTD,753765.00,551.00,,,,
INDORAMA,INDO RAMA SYNTHETICS LTD,139108.00,77.97,,,,
SBCL,SHIVALIK BIMETAL CON. LTD,147351.00,802.20,,,,
20MICRONS,20 MICRONS LTD,201422.00,498.14,,,,
AFSL,ABANS FINANCIAL SRVCS LTD,28248.00,68.99,,,,
DVL,DHUNSERI VENTURES LIMITED,21351.00,84.11,,,,
SDL26BEES,RELCAPAMC-NETFSDL26,2284.00,3.05,,,,
SWELECTES,SWELECT ENERGY SYS LTD,41621.00,362.86,,,,
NEXT50,MIRAEAMC - MANXT50,10893.00,75.70,,,,
RUBFILA,RUBFILA INTERNATIONAL LTD,10670.00,8.95,,,,
SILVERADD,DSPAMC - DSPSILVETF,277680.00,397.50,,,,
MAZDA,MAZDA LIMITED,35539.00,104.77,,,,
INTLCONV,INTL CONVEYORS LIMITED,335977.00,343.18,,,,
TRAVELFOOD,TRAVEL FOOD SERVICES LTD,42672.00,558.94,,,,
KCPSUGIND,KCP SUGAR IND CORP LTD.,7103.00,2.55,,,,
ASIANENE,ASIAN ENERGY SERVICES LTD,555886.00,1904.01,,,,
SWARAJENG,SWARAJ ENGINES LTD,40438.00,1702.06,,,,
APEX,APEX FROZEN FOODS LIMITED,152067.00,369.11,,,,
RPPINFRA,R.P.P. INFRA PROJECTS LTD,70623.00,102.75,,,,
SANSERA,SANSERA ENGINEERING LTD,239652.00,3175.99,,,,
KINGFA,KINGFA SCI & TEC IND LTD.,307.00,13.34,,,,
RBZJEWEL,RBZ JEWELLERS LIMITED,51009.00,72.90,,,,
DECCANCE,DECCAN CEMENTS LIMITED,201507.00,2008.89,,,,
MUTHOOTCAP,MUTHOOT CAP SERV LTD,17068.00,53.15,,,,
EMAMIPAP,EMAMI PAPER MILLS LIMITED,184165.00,203.42,,,,
RPGLIFE,RPG LIFE SCIENCES LIMITED,24112.00,586.66,,,,
SAFARI,SAFARI IND (INDIA) LTD,35454.00,759.01,,,,
GANDHITUBE,GANDHI SPL. TUBES LTD,26687.00,242.75,,,,
HONAUT,HONEYWELL AUTO INDIA LTD.,9823.00,3887.81,,,,
FAIRCHEMOR,FAIRCHEM ORGANICS LIMITED,30998.00,305.24,,,,
PARSVNATH,PARSVNATH DEVELOPER LTD,3318.00,0.76,,,,
CREATIVE,CREATIVE NEWTECH LIMITED,372333.00,2554.69,,,,
INDOCO,INDOCO REMEDIES LTD.,117409.00,359.93,,,,
SCPL,SHEETAL COOL PRODUCTS LTD,4185.00,13.65,,,,
EBBETF0431,EDELAMC - EBBETF0431,505.00,6.93,,,,
IT,KOTAKMAMC - KOTAKIT,352087.00,138.03,,,,
MONQ50,MOTILALAMC - MONQ50,621368.00,570.50,,,,
SHARIABEES,NIP IND ETF SHARIAH BEES,9697.00,48.59,,,,
NIF100IETF,ICICI PRUD NIFTY 100 ETF,383161.00,109.79,,,,
MONIFTY500,MOTILALAMC - MONIFTY500,631167.00,149.11,,,,
STARPAPER,STAR PAPER MILLS LTD,943.00,1.76,,,,
GULFPETRO,GP PETROLEUMS LIMITED,58556.00,26.38,,,,
MBEL,M AND B ENGINEERING LTD,233178.00,949.06,,,,
GRAUWEIL,GRAUER & WEIL IND LTD,2600.00,2.38,,,,
SUPREME,SUPREME HOLDIN N HOSP I L,42436.00,37.31,,,,
UMIYA-MRO,UMIYA BUILDCON LIMITED,690.00,0.72,,,,
HINDMOTORS,HINDUSTAN MOTORS LIMITED,40483.00,8.69,,,,
EXCELINDUS,EXCEL INDUSTRIES LIMITED,25886.00,325.35,,,,
SURANASOL,SURANA SOLAR LIMITED,2692.00,0.96,,,,
GOYALALUM,GOYAL ALUMINIUMS LIMITED,1560.00,0.13,,,,
RAJSREESUG,RAJSHREE SUGAR & CHEMICAL,3131.00,1.44,,,,
SHREYANIND,SHREYANS INDUSTRIES LTD,400.00,1.19,,,,
TOP15IETF,ICICIPRAMC - TOP15IETF,6637.00,0.70,,,,
JSWHL,JSW HOLDINGS LIMITED,713.00,123.45,,,,
GILT5YBEES,RELCAPAMC - NETFGILT5Y,11441.00,7.19,,,,
NIFTY50ADD,DSPAMC - DSPN50ETF,16944.00,43.72,,,,
CONSUMER,MIRAEAMC - CONSUMER,186279.00,22.57,,,,
NV20,KOTAKMAMC - KTKNV20ETF,5722.00,8.74,,,,
HDFCLOWVOL,HDFCAMC - HDFCLOWVOL,26067.00,5.43,,,,
QNIFTY,QUANTUM NIFTY 50 ETF,1077.00,29.21,,,,
SBIETFIT,SBIAMC - SBIETFIT,14934.00,59.92,,,,
HDFCPSUBK,HDFCAMC HDFCPSUBK,19596.00,14.34,,,,
ECAPINSURE,EDELAMC - ECAPINSURE,473702.00,111.39,,,,
THOMASCOTT,THOMAS SCOTT (INDIA) LTD,2020.00,6.67,,,,
ALPA,ALPA LABORATORIES LIMITED,2698.00,2.97,,,,
HDFCVALUE,HDFCAMC - HDFCVALUE,525.00,0.70,,,,
GROWWLIQID,GROWWAMC - GROWWLIQID,1205.00,1.27,,,,
TAINWALCHM,TAINWALA CHEMICAL AND PLA,1420.00,3.53,,,,
NIFTY100EW,KOTAKMAMC - NIFTY100EW,3557.00,1.20,,,,
ALKALI,ALKALI METALS LTD,1740.00,1.73,,,,
UNIONGOLD,UNIONAMC - UNIONGOLD,2610.00,3.10,,,,
GSEC10IETF,ICICIPRAMC - ICICI10GS,229.00,0.59,,,,
ABGSEC,BIRLASLAMC - ABGSEC,1.00,0.00,,,,
DCM,DCM LTD,4948.00,6.55,,,,
MID150,KOTAKMAMC - MID150,4724.00,1.04,,,,
LGHL,LAXMI GOLDORNA HOUSE LTD,117.00,0.66,,,,
AJOONI,AJOONI BIOTECH LIMITED,7000.00,0.40,,,,
BGRENERGY,BGR ENERGY SYSTEMS LTD,1.00,0.00,,,,
IOB,INDIAN OVERSEAS BANK,27986445.00,12024.42,,,,
MSUMI,MOTHERSON SUMI WRNG IND L,10920969.00,4973.60,,,,
KFINTECH,KFIN TECHNOLOGIES LIMITED,2045121.00,24269.81,,,,
KIRLOSENG,KIRLOSKAR OIL ENG LTD,417077.00,3885.76,,,,
IOC,INDIAN OIL CORP LTD,16370917.00,24326.04,,,,
HDFCSILVER,HDFCAMC - HDFCSILVER,2655621.00,3781.91,,,,
STARHEALTH,STAR HEALTH & AL INS CO L,1096251.00,5147.27,,,,
NATIONALUM,NATIONAL ALUMINIUM CO LTD,9528632.00,19373.95,,,,
AARTIIND,AARTI INDUSTRIES LTD,3903468.00,17221.86,,,,
HUDCO,15% HUDCO - DEP APS,12407630.00,30021.52,,,,
DIXON,DIXON TECHNO (INDIA) LTD,160134.00,26437.72,,,,
ETERNAL,ETERNAL LIMITED,8810790.00,24574.93,,,,
ASHOKA,ASHOKA BUILDCON LTD,4814340.00,10119.06,,,,
FINCABLES,FINOLEX CABLES LTD,1075672.00,10195.88,,,,
JINDALSAW,JINDAL SAW LIMITED,9088847.00,20688.81,,,,
RKFORGE,RAMKRISHNA FORGINGS LTD,2517606.00,15911.25,,,,
TVSSCS,TVS SUPPLY CHAIN SOL L,3032056.00,4331.00,,,,
SYNGENE,SYNGENE INTERNATIONAL LTD,653926.00,4516.04,,,,
NOCIL,NOCIL LIMITED,2527291.00,5345.08,,,,
ADANIGREEN,ADANI GREEN ENERGY LTD,2551481.00,27134.24,,,,
RAILTEL,RAILTEL CORP OF IND LTD,6848007.00,28375.10,,,,
SFL,SHEELA FOAM LIMITED,366388.00,2676.18,,,,
ANGELONE,ANGEL ONE LIMITED,1208223.00,31448.88,,,,
BHARATFORG,BHARAT FORGE LTD,1226847.00,15692.85,,,,
DIVISLAB,DIVI S LABORATORIES LIMIT,186279.00,11736.93,,,,
LICI,LIFE INSURA CORP OF INDIA,3418998.00,31162.94,,,,
EXIDEIND,EXIDE IND LTD-DEP SETT,5699437.00,24996.15,,,,
RCF,RASHTRIYA CHEM FERT LTD.,9964926.00,16308.26,,,,
EMBDL,EMBASSY DEVELOPMENTS LTD,39130459.00,45460.91,,,,
NSLNISP,NMDC STEEL LIMITED,21431530.00,9699.86,,,,
FORTIS,FORTIS HEALTHCARE LTD,413400.00,3379.25,,,,
GSFC,GUJ STATE FERT & CHEM LTD,7164481.00,14988.77,,,,
ANDHRAPAP,ANDHRA PAPER LIMITED,589554.00,495.81,,,,
APOLLOTYRE,APOLLO TYRES LTD,1128381.00,5471.86,,,,
DELTACORP,DELTA CORP LIMITED,9201476.00,8866.44,,,,
LT,LARSEN & TOUBRO LIMITED,924291.00,32376.55,,,,
NIACL,THE NEW INDIA ASSU CO LTD,3321087.00,7090.07,,,,
BATAINDIA,BATA INDIA LTD,319419.00,4049.97,,,,
DEEPAKNTR,DEEPAK NITRITE LTD,632772.00,12663.38,,,,
RBA,RESTAURANT BRAND ASIA LTD,6391525.00,5279.03,,,,
WELENT,WELSPUN ENTERPRISES LTD.,998465.00,5109.06,,,,
RECLTD,REC LIMITED,17351579.00,71274.66,,,,
HEMIPROP,HEMISPHERE PROP IND LTD,3024523.00,4804.91,,,,
PPLPHARMA,PIRAMAL PHARMA LIMITED,8952816.00,18619.66,,,,
BAJAJCON,BAJAJ CONSUMER CARE LTD,1652459.00,3944.40,,,,
HERITGFOOD,HERITAGE FOODS LTD,1150631.00,5749.92,,,,
GAEL,GUJARAT AMBUJA EXPORTS LT,1804593.00,2266.21,,,,
ACUTAAS,ACUTAAS CHEMICALS LIMITED,272610.00,3564.65,,,,
AZAD,AZAD ENGINEERING LIMITED,568660.00,9585.36,,,,
M&MFIN,M&M FIN. SERVICES LTD,2551183.00,7162.82,,,,
BERGEPAINT,BERGER PAINTS (I) LTD,339082.00,1884.40,,,,
BPCL,BHARAT PETROLEUM CORP  LT,2533351.00,8359.36,,,,
CAPLIPOINT,CAPLIN POINT LAB LTD.,122948.00,2621.99,,,,
ICICIPRULI,ICICI PRU LIFE INS CO LTD,1022949.00,6440.05,,,,
BLUEDART,BLUE DART EXPRESS LTD,79000.00,4840.37,,,,
STOVEKRAFT,STOVE KRAFT LIMITED,202154.00,1363.76,,,,
KEI,KEI INDUSTRIES LTD.,96379.00,3727.77,,,,
CHENNPETRO,CHENNAI PETRO CORP LTD DE,1803249.00,13576.51,,,,
TVSMOTOR,TVS MOTOR COMPANY  LTD,218693.00,7333.27,,,,
YATHARTH,YATHARTH HOSP & TRA C S L,861730.00,6104.62,,,,
HEG,HEG LTD,1896303.00,9969.49,,,,
MCX,MULTI COMMODITY EXCHANGE,278747.00,22639.55,,,,
INDIGOPNTS,INDIGO PAINTS LIMITED,128224.00,1508.87,,,,
BBTC,BOMBAY BURMAH TRADING COR,261631.00,5063.34,,,,
MOM100,MOTILAL OS MIDCAP100 ETF,1236689.00,769.24,,,,
OFSS,ORACLE FIN SERV SOFT LTD.,148838.00,13676.01,,,,
FCL,FINEOTEX CHEMICAL LIMITED,1390420.00,3657.38,,,,
CANFINHOME,CAN FIN HOMES LTD,625708.00,4892.96,,,,
BBL,BHARAT BIJLEE LTD,99356.00,2927.41,,,,
USHAMART,USHA MARTIN LTD.,2284094.00,9133.12,,,,
MEDIASSIST,MEDI ASSIST HEALTH SER L,198876.00,1062.52,,,,
GRAVITA,GRAVITA INDIA LIMITED,823423.00,14793.69,,,,
TEGA,TEGA INDUSTRIES LIMITED,1784625.00,35611.99,,,,
SEQUENT,SEQUENT SCIENTIFIC LTD.,1393962.00,2757.96,,,,
WOCKPHARMA,WOCKHARDT LIMITED-DEPO,1915999.00,29143.86,,,,
GOKEX,GOKALDAS EXPORTS LTD.,899124.00,7302.99,,,,
SUMICHEM,SUMITOMO CHEM INDIA LTD,588937.00,3339.23,,,,
TECHNOE,TECHNO ELEC & ENG CO. LTD,607325.00,8636.10,,,,
KPIGREEN,KPI GREEN ENERGY LIMITED,2044724.00,9885.30,,,,
CMSINFO,CMS INFO SYSTEMS LIMITED,791798.00,3285.40,,,,
CENTURYPLY,CENTURY PLYBOARDS (I) LTD,103140.00,848.83,,,,
MAPMYINDIA,C.E. INFO SYSTEMS LIMITED,198700.00,3690.36,,,,
ABBOTINDIA,ABBOTT INDIA LIMITED,11206.00,3526.73,,,,
AKUMS,AKUMS DRUGS AND PHARMA L,459098.00,2371.19,,,,
TVTODAY,TV TODAY NETWORK LIMITED,270009.00,509.60,,,,
VARROC,VARROC ENGINEERING LTD.,392811.00,2342.82,,,,
IMFA,INDIAN METALS & FERRO,250882.00,2224.35,,,,
BANCOINDIA,BANCO PRODUCTS (I) LTD,457309.00,3416.79,,,,
VIKRAMSOLR,VIKRAM SOLAR LIMITED,162079.00,530.27,,,,
GLAND,GLAND PHARMA LIMITED,177659.00,3501.40,,,,
SENCO,SENCO GOLD LIMITED,1223370.00,4576.77,,,,
GODREJIND,GODREJ INDUSTRIES LTD,219075.00,2544.35,,,,
SASTASUNDR,SASTASUNDAR VENTURES LTD,21149.00,62.99,,,,
GMRP&UI,GMR POW AND URBAN INFRA L,12237525.00,14228.69,,,,
AIAENG,AIA ENGINEERING LIMITED,74979.00,2500.14,,,,
DBCORP,D.B.CORP LTD,133971.00,362.45,,,,
MAXESTATES,MAX ESTATES LIMITED,333885.00,1653.59,,,,
ADVENZYMES,ADVANCED ENZYME TECH LTD,685899.00,2423.59,,,,
SHREDIGCEM,SHREE DIGVIJAY CEM CO LTD,729397.00,686.53,,,,
ETHOSLTD,ETHOS LIMITED,29185.00,783.87,,,,
STYRENIX,STYRENIX PERFORMANCE LTD,113023.00,3051.69,,,,
AKZOINDIA,AKZO NOBEL INDIA LIMITED,28487.00,1016.73,,,,
DCAL,DISHMAN CARBO AMCIS LTD,351610.00,1017.83,,,,
ARISINFRA,ARISINFRA SOLUTIONS LTD,517674.00,812.50,,,,
SMCGLOBAL,SMC GLOBAL SECURITIES LTD,1114069.00,1626.76,,,,
CARBORUNIV,CARBORUNDUM UNIV-NPP DEPO,362297.00,3608.61,,,,
MOLDTECH,MOLD-TEK TECHNOLOGIES LTD,48601.00,100.85,,,,
PPL,PRAKASH PIPES LIMITED,278796.00,1006.43,,,,
NAVNETEDUL,NAVNEET EDUCATION LTD,715052.00,1115.60,,,,
IIFLCAPS,IIFL CAPITAL SERVICES LTD,1328438.00,4133.79,,,,
JINDALPOLY,JINDAL POLY FILMS LIMITED,227078.00,1426.59,,,,
OLAELEC,OLA ELECTRIC MOBILITY LTD,6866928.00,4166.69,,,,
TTML,TATA TELESERV(MAHARASTRA),625324.00,397.91,,,,
DIACABS,DIAMOND POWER INFRA LTD,3423210.00,5160.91,,,,
AURIONPRO,AURIONPRO SOLN LTD,420134.00,5386.75,,,,
SCHNEIDER,SCHNEIDER ELECTRIC INFRA,77439.00,652.80,,,,
GULPOLY,GULSHAN POLYOLS LIMITED,287801.00,509.55,,,,
SAGILITY,SAGILITY LIMITED,26516876.00,11824.07,,,,
ARIHANTCAP,ARIHANT CAPITAL MKTS LTD,282830.00,300.16,,,,
SILVERETF,UTIAMC - SILVERETF,1186568.00,1741.44,,,,
UDS,UPDATER SERVICES LIMITED,879164.00,2571.43,,,,
WSTCSTPAPR,WEST COAST PAPER MILLS LT,356665.00,1941.75,,,,
UNICHEMLAB,UNICHEM LABORATORIES LTD,90286.00,542.92,,,,
BECTORFOOD,MRS BECTORS FOOD SPE LTD,224802.00,3195.61,,,,
SNOWMAN,SNOWMAN LOGISTICS LTD.,1221267.00,784.24,,,,
FISCHER,FISCHER MEDICAL VENTURE L,129376.00,137.66,,,,
ASALCBR,ASSO ALCOHOLS & BREW LTD,110823.00,1092.27,,,,
NIBE,NIBE LIMITED,12642.00,194.78,,,,
KITEX,KITEX GARMENTS LTD,369707.00,730.17,,,,
APTECHT,APTECH LIMITED,101084.00,144.16,,,,
FIBERWEB,FIBERWEB INDIA LIMITED,5672.00,2.73,,,,
AVADHSUGAR,AVADH SUG & ENERGY LTD,237747.00,1230.70,,,,
ORIENTCER,ORIENT CERATECH LIMITED,59280.00,23.43,,,,
MIRZAINT,MIRZA INTERNATIONAL LIMIT,228515.00,94.26,,,,
SRHHYPOLTD,SREE RAYALSEEMA HHP LTD.,52143.00,341.12,,,,
DDEVPLSTIK,DDEV PLASTIKS IND LTD,199731.00,640.29,,,,
TRACXN,TRACXN TECHNOLOGIES LTD,276508.00,186.02,,,,
IRMENERGY,IRM ENERGY LIMITED,289958.00,1061.61,,,,
DIGITIDE,DIGITIDE SOLUTIONS LTD,482975.00,1028.71,,,,
EFCIL,EFC (I) LIMITED,206986.00,652.60,,,,
MICEL,MIC ELECTRONICS LTD,1762927.00,1192.75,,,,
CIFL,CAPITAL INDIA FINANCE LTD,43591.00,16.56,,,,
BANKIETF,ICICIPRAMC - IPRU5008,283811.00,160.18,,,,
PVP,PVP VENTURES LIMITED,8758.00,2.39,,,,
VAKRANGEE,VAKRANGEE LIMITED,492924.00,45.37,,,,
ADVANIHOTR,ADVANI HOT.& RES.(I) LTD,35194.00,22.81,,,,
ALMONDZ,ALMONDZ GLOBAL SEC LTD,11271.00,2.45,,,,
DODLA,DODLA DAIRY LIMITED,55094.00,765.16,,,,
GANDHAR,GANDHAR OIL REFINE IND L,729942.00,1257.10,,,,
SENSEXIETF,ICICI PRUD SENSEX ETF,8488.00,78.99,,,,
BARBEQUE,BARBEQUE NATION HOSP. LTD,379723.00,1072.59,,,,
NAGAFERT,NAGARJUN FERT AND CHE LTD,41868.00,2.74,,,,
ICICIB22,ICICIPRAMC - BHARATIWIN,472498.00,524.44,,,,
NPST,NETWORK PEOPLE SRV TECH L,41905.00,853.69,,,,
SPAL,S. P. APPARELS LIMITED,65340.00,497.58,,,,
BORORENEW,BOROSIL RENEWABLES LTD,1458869.00,8664.13,,,,
FINEORG,FINE ORGANIC IND. LTD.,28924.00,1407.00,,,,
VADILALIND,VADILAL INDUSTRIES LTD,16470.00,904.86,,,,
HUBTOWN,HUBTOWN LIMITED,3161955.00,9329.48,,,,
SHREEPUSHK,SHRE PUSH CHEM & FERT LTD,127532.00,517.90,,,,
ICRA,ICRA LIMITED,3941.00,260.08,,,,
ABDL,ALLIED BLEND N DISTILS L,868670.00,4220.52,,,,
VISHNU,VISHNU CHEMICALS LIMITED,544566.00,2692.34,,,,
KILITCH,KILITCH DRUGS INDIA LTD,1.00,0.00,,,,
KOKUYOCMLN,KOKUYO CAMLIN LIMITED,157835.00,196.41,,,,
WANBURY,WANBURY LIMITED,24213.00,64.91,,,,
FLUOROCHEM,GUJARAT FLUOROCHEM LTD,516415.00,19201.57,,,,
KMEW,KNOWLEDGE MARINE & EN W L,39276.00,837.99,,,,
EUREKAFORB,EUREKA FORBES LIMITED,95124.00,547.57,,,,
SRM,SRM CONTRACTORS LIMITED,81284.00,445.98,,,,
KALAMANDIR,SAI SILKS (KALAMANDIR) L,2673933.00,4706.67,,,,
MANAKSIA,MANAKSIA LIMITED,17634.00,15.23,,,,
SETF10GILT,SBIAMC - SETF10GILT,2479.00,6.40,,,,
BANKNIFTY1,KOTAKMAMC-KOTAKBKETF,25186.00,143.46,,,,
TPLPLASTEH,TPL PLASTECH LIMITED,74994.00,64.71,,,,
ABSLBANETF,BIRLASLAMC - ABSLBANETF,9998.00,5.55,,,,
BSE500IETF,ICICIPRAMC - ICICI500,516869.00,202.69,,,,
WCIL,WESTERN CARRIERS (IND) L,1120914.00,1469.83,,,,
FEDFINA,FEDBANK FINANCIAL SER L,2987236.00,4206.04,,,,
SILVER1,KOTAKMAMC - KOTAKSILVE,724056.00,1004.39,,,,
ACCELYA,ACCELYA KALE SOLUTION LTD,308813.00,4474.00,,,,
GOKULAGRO,GOKUL AGRO RESOURCES LTD,165954.00,619.37,,,,
STYLAMIND,STYLAM INDUSTRIES LIMITED,67658.00,1300.30,,,,
BBOX,BLACK BOX LIMITED,82612.00,462.98,,,,
SANDHAR,SANDHAR TECHNOLOGIES LTD,311028.00,1505.27,,,,
NITCO,NITCO LIMITED,567287.00,759.32,,,,
SKFINDIA,SKF INDIA LTD,54438.00,2565.45,,,,
MANORAMA,MANORAMA INDUSTRIES LTD,282896.00,4122.99,,,,
ARVSMART,ARVIND SMARTSPACES LTD,170531.00,1135.20,,,,
SPECTRUM,SPECTRUM ELECTRIC IND LTD,344.00,5.20,,,,
KICL,KALYANI INVEST CO LTD,4663.00,241.00,,,,
JAGSNPHARM,JAGSONPAL PHARMACEUTICALS,143246.00,356.26,,,,
SIMPLEXINF,SIMPLEX INFRASTRUCTURES L,166839.00,497.86,,,,
MID150BEES,NIP IND ETF MIDCAP 150,767913.00,1683.35,,,,
LINCOLN,LINCOLN PHARMA LTD,139883.00,842.11,,,,
DHANBANK,DHANLAXMI BANK LIMITED,564784.00,155.30,,,,
BOROLTD,BOROSIL LIMITED,365313.00,1357.42,,,,
BBETF0432,EDELAMC - BBETF0432,193.00,2.48,,,,
RADIANTCMS,RADIANT CASH MGMT SER LTD,334963.00,208.91,,,,
RATNAVEER,RATNAVEER PRECISION ENG L,382565.00,595.46,,,,
LIQUIDBEES,NIP IND ETF LIQUID BEES,68185.00,681.92,,,,
HLEGLAS,HLE GLASCOAT LIMITED,330752.00,1692.32,,,,
KABRAEXTRU,KABRAEXTRUSION,15118.00,40.97,,,,
DOLPHIN,DOLPHIN OFF ENT (IND) L,307.00,1.28,,,,
CLEDUCATE,CL EDUCATE LIMITED,1.00,0.00,,,,
GRINFRA,G R INFRAPROJECTS LIMITED,70589.00,943.17,,,,
GUJALKALI,GUJARAT ALKALIES & CHEM,360281.00,2324.60,,,,
RUBYMILLS,THE RUBY MILLS LTD,7066.00,17.32,,,,
LICMFGOLD,LIC MF - LIC GOLD ETF,14655.00,1553.43,,,,
MCLEODRUSS,MCLEOD RUSSEL INDIA LTD.,130692.00,56.01,,,,
EMCURE,EMCURE PHARMACEUTICALS L,70589.00,974.57,,,,
CCL,CCL PRODUCTS (I) LTD,150970.00,1268.49,,,,
ZOTA,ZOTA HEALTH CARE LIMITED,103504.00,1266.50,,,,
EBBETF0430,BHARAT Bond ETF - April 2030 -,834.00,12.76,,,,
ZIMLAB,ZIM LABORATORIES LIMITED,29040.00,29.78,,,,
APCOTEXIND,APCOTEX INDUSTRIES LTD.,33612.00,141.30,,,,
LUMAXIND,LUMAX INDUSTRIES LTD,11941.00,555.26,,,,
PSPPROJECT,PSP PROJECTS LIMITED,487136.00,3649.84,,,,
SILVERCASE,ZERODHAAMC - SILVERCASE,2732573.00,423.01,,,,
CONSUMIETF,ICICIPRAMC - ICICICONSU,63398.00,77.99,,,,
MODEFENCE,MOTILALAMC - MODEFENCE,6088145.00,5442.40,,,,
QPOWER,QUALITY POWER ELEC EQUP L,760305.00,6084.61,,,,
BHARATSE,BHARAT SEATS LIMITED,43498.00,80.46,,,,
IVZINGOLD,INVESCO INDIA GOLD ETF,422.00,44.59,,,,
OILIETF,ICICIPRAMC - OILIETF,4231199.00,487.56,,,,
IFBAGRO,IFB AGRO INDUSTRIES LTD,2635.00,26.54,,,,
TEXMOPIPES,TEXMO PIPE & PRODUCTS LTD,17307.00,10.96,,,,
INDOWIND,INDOWIND ENERGY LTD,15335.00,2.86,,,,
HERCULES,HERCULES HOI. LTD.,23427.00,49.09,,,,
SURANAT&P,SURANA TELECOM AND POW LT,32585.00,7.85,,,,
MANAKALUCO,MANAK ALUMINIUM CO. LTD.,0.00,0.00,,,,
INDOTHAI,INDO THAI SEC LTD,69786.00,226.95,,,,
SMARTWORKS,SMARTWORKS COWORKING SP L,89735.00,516.03,,,,
OBCL,ORISSA BENGAL CARRIER LTD,2382.00,1.43,,,,
KANORICHEM,KANORIACHEMICALS-,7889.00,10.12,,,,
KESORAMIND,KESORAM INDUSTRIES LTD,143513.00,8.55,,,,
AONELIQUID,AONEAMC - AONELIQUID,9.00,0.09,,,,
HDFCQUAL,HDFCAMC - HDFCQUAL,26872.00,15.58,,,,
MOHEALTH,MOTILALAMC - MOHEALTH,28945.00,12.97,,,,
ABSLNN50ET,BIRLASLAMC - ABSLNN50ET,172834.00,131.32,,,,
NV20BEES,NIP IND ETF ETF NV20,19571.00,29.10,,,,
KRYSTAL,KRYSTAL INTEGRATED SER L,32286.00,215.43,,,,
SBIETFCON,SBIAMC - SBIETFCON,7959.00,10.11,,,,
AXISHCETF,AXISAMC - AXISHCETF,4995.00,7.07,,,,
SUPERHOUSE,SUPERHOUSE LIMITED,2761.00,5.12,,,,
EMULTIMQ,EDELAMC - EMULTIMQ,45465.00,19.41,,,,
WORTHPERI,WORTH PERIPHERALS LIMITED,18847.00,29.53,,,,
CHEVIOT,CHEVIOT COMPANY LIMITED,2748.00,35.32,,,,
SUKHJITS,SUKHJIT STARCH & CHEM LTD,1734.00,3.55,,,,
USK,UDAYSHIVAKUMAR INFRA LTD,16120.00,4.98,,,,
ESILVER,EDELAMC - ESILVER,52981.00,71.09,,,,
HISARMETAL,HISAR METAL IND. LIMITED,2522.00,5.34,,,,
EUROBOND,EURO PANEL PRODUCTS LTD,1973.00,4.43,,,,
HINDCON,HINDCON CHEMICALS LIMITED,78.00,0.03,,,,
KRITINUT,KRITI NUTRIENTS LIMITED,2050.00,1.93,,,,
AKSHOPTFBR,AKSH OPTIFIBRE LIMITED,2001.00,0.16,,,,
MEGASTAR,MEGASTAR FOODS LIMITED,32.00,0.10,,,,
ASPINWALL,ASPINWALL & CO LTD,240.00,0.68,,,,
SALSTEEL,S.A.L. STEEL LTD.,15771.00,2.97,,,,
GROWWNIFTY,GROWWAMC - GROWWNIFTY,5.00,0.00,,,,
MOGOLD,MOTILALAMC - MOGOLD,1334.00,1.60,,,,
TIGERLOGS,TIGER LOGISTICS (INDIA) L,4369.00,1.95,,,,
GROWWNXT50,GROWWAMC - GROWWNXT50,460.00,0.31,,,,
MOTOUR,MOTILALAMC - MOTOUR,250.00,0.22,,,,
OCCLLTD,OCCL LIMITED,2000.00,2.56,,,,
CAMS,COMPUTER AGE MNGT SER LTD,1036337.00,42041.19,,,,
IDBI,IDBI BANK LIMITED,35352681.00,32521.33,,,,
TECHM,TECH MAHINDRA LIMITED,1338719.00,21000.36,,,,
CGPOWER,CG POWER AND IND SOL LTD,3686492.00,25924.42,,,,
SARDAEN,SARDA ENERGY & MIN LTD,1576442.00,8738.55,,,,
HINDUNILVR,HINDUSTAN UNILEVER LTD,534846.00,13696.51,,,,
RAYMONDLSL,RAYMOND LIFESTYLE LIMITED,387214.00,4727.81,,,,
TATASTEEL,TATA STEEL LIMITED,12918806.00,20579.48,,,,
RITES,RITES LIMITED,4771745.00,13741.77,,,,
CEATLTD,CEAT LIMITED,146581.00,5121.81,,,,
MARICO,MARICO LIMITED,458098.00,3303.58,,,,
ADANIPORTS,ADANI PORT & SEZ LTD,2153824.00,29984.84,,,,
NFL,NATIONAL FERTILIZERS LIMI,9541274.00,10024.71,,,,
DCBBANK,DCB BANK LIMITED,5242555.00,6760.31,,,,
WELSPUNLIV,WELSPUN LIVING LIMITED,9959922.00,14059.53,,,,
LATENTVIEW,LATENT VIEW ANALYTICS LTD,796813.00,3491.33,,,,
MOBIKWIK,ONE MOBIKWIK SYSTEMS LTD,2681778.00,7797.51,,,,
SONACOMS,SONA BLW PRECISION FRGS L,3830439.00,18230.30,,,,
APLLTD,ALEMBIC PHARMA LTD,209219.00,2133.15,,,,
JWL,JUPITER WAGONS LIMITED,4575549.00,17524.34,,,,
GOODLUCK,GOODLUCK INDIA LIMITED,754623.00,7612.50,,,,
CIPLA,CIPLA LTD,265105.00,4082.08,,,,
BALMLAWRIE,BALMER LAWRIE & CO LTD,1772173.00,4052.97,,,,
MIDHANI,MISHRA DHATU NIGAM LTD,2661873.00,11014.73,,,,
ECLERX,ECLERX SERVICES LTD,62275.00,2499.34,,,,
EIDPARRY,EID PARRY INDIA LTD,235222.00,2490.77,,,,
ADANIENT,ADANI ENTERPRISES LIMITED,907412.00,23691.82,,,,
BASF,BASF INDIA LTD- DEPO SETT,167703.00,8676.02,,,,
LTF,L&T FINANCE LIMITED,4044063.00,8718.72,,,,
SYRMA,SYRMA SGS TECHNOLOGY LTD,1180154.00,9140.12,,,,
MEDANTA,GLOBAL HEALTH LIMITED,188581.00,2523.89,,,,
INDGN,INDEGENE LIMITED,1028434.00,6066.70,,,,
IIFL,SEC RED NCD 9.50 % SR. I,1870854.00,8264.11,,,,
VASCONEQ,VASCON ENGINEERS LTD,4889340.00,3181.21,,,,
NYKAA,FSN E COMMERCE VENTURES,1705449.00,3990.68,,,,
ENDURANCE,ENDURANCE TECHNO. LTD.,106962.00,3064.62,,,,
HBLENGINE,HBL ENGINEERING LTD,3367430.00,25029.54,,,,
COLPAL,COLGATE PALMOLIVE LTD.,629038.00,15180.28,,,,
EQUITASBNK,EQUITAS SMALL FIN BNK LTD,10646118.00,6818.93,,,,
GESHIP,THE GE SHPG.LTD,954419.00,10200.63,,,,
GHCL,GHCL LIMITED,631172.00,3831.02,,,,
HINDPETRO,HINDUSTAN PETROLEUM CORP,1665308.00,6912.14,,,,
CONCORDBIO,CONCORD BIOTECH LIMITED,212870.00,3683.13,,,,
MEDPLUS,MEDPLUS HEALTH SERV LTD,639458.00,4846.88,,,,
PATELENG,PATEL ENGINEERING LTD.,5898232.00,2539.33,,,,
NIFTYBEES,NIP IND ETF NIFTY BEES,4842957.00,13484.16,,,,
BLUESTARCO,BLUE STAR LIMITED,183681.00,3475.64,,,,
RAYMOND,RAYMOND - DEP SETT,737904.00,5478.37,,,,
POWERMECH,POWER MECH PROJECTS LTD.,267018.00,7947.62,,,,
ROSSARI,ROSSARI BIOTECH LIMITED,177532.00,1268.56,,,,
M&M,MAHINDRA & MAHINDRA LTD,1098999.00,37852.14,,,,
APTUS,APTUS VALUE HSG FIN I LTD,1833829.00,6026.04,,,,
ICIL,INDO COUNT INDUSTRIES LTD,796468.00,2432.97,,,,
TATAGOLD,TATAAML-TATAGOLD,21446965.00,2436.18,,,,
RRKABEL,R R KABEL LIMITED,273759.00,3671.76,,,,
SPARC,SUN PHARMA ADV.RES.CO.LTD,1630847.00,2668.12,,,,
AEROFLEX,AEROFLEX INDUSTRIES LTD,2471287.00,4748.33,,,,
QUESS,QUESS CORP LIMITED,573752.00,1798.11,,,,
GVT&D,GE VERNOVA T&D INDIA LTD,129901.00,3740.78,,,,
CUMMINSIND,CUMMINS INDIA LTD,191677.00,7438.27,,,,
PSUBNKBEES,NIP IND ETF PSU BANK BEES,4830883.00,3944.22,,,,
HPL,HPL ELECTRIC & POWER LTD,728290.00,3931.38,,,,
JSWSTEEL,JSW STEEL LIMITED,305864.00,3248.06,,,,
NESCO,NESCO LTD.,267672.00,3460.24,,,,
KANSAINER,KANSAI NEROLAC PAINTS LTD,701620.00,1808.88,,,,
IPL,INDIA PESTICIDES LIMITED,929324.00,2040.49,,,,
TATVA,TATVA CHIN PHARM CHEM LTD,167097.00,1732.86,,,,
INDRAMEDCO,INDRAPRASTHA MED CORP,403319.00,2122.70,,,,
JSFB,JANA SMALL FIN BANK LTD,354509.00,1803.00,,,,
GOLDIAM,GOLDIAM INTERNATIONAL LTD,2076638.00,7891.08,,,,
SWIGGY,SWIGGY LIMITED,6688224.00,28855.37,,,,
BEPL,BHANSALI ENG. POLYMERS LT,2733430.00,3249.70,,,,
VIJAYA,VIJAYA DIAGNOSTIC CEN LTD,140638.00,1484.95,,,,
OSWALPUMPS,OSWAL PUMPS LIMITED,480366.00,3838.76,,,,
ALKEM,ALKEM LABORATORIES LTD.,26417.00,1447.50,,,,
LMW,LMW LIMITED,21642.00,3252.52,,,,
ZAGGLE,ZAGGLE PREPA OCEAN SER L,1785808.00,6599.69,,,,
ROTO,ROTO PUMPS LIMITED,833880.00,770.39,,,,
SAKSOFT,SAKSOFT LIMITED,667394.00,1444.56,,,,
SATIA,SATIA INDUSTRIES LIMITED,923223.00,847.28,,,,
3IINFOLTD,3I INFOTECH LIMITED,439623.00,149.29,,,,
MARATHON,MARATHON NXTGEN REALT LTD,1123314.00,7229.73,,,,
HCC,HINDUSTAN CONSTRUCTION CO,7349000.00,2182.94,,,,
JINDWORLD,JINDAL WORLDWIDE LTD,2714595.00,1291.69,,,,
LOTUSDEV,SRI LOTUS DEVLPRS N RTY L,1722022.00,3317.86,,,,
FORCEMOT,FORCE MOTORS LIMITED,62823.00,10380.39,,,,
DREDGECORP,DREDGING CORP OF INDIA,167999.00,1161.77,,,,
KSB,KSB LIMITED,151627.00,1264.18,,,,
NAHARSPING,NAHAR SPINNING MILLS LTD.,65652.00,159.26,,,,
RPSGVENT,RPSG VENTURES LIMITED,569515.00,5389.69,,,,
AGI,AGI GREENPAC LIMITED,435798.00,3827.59,,,,
BAIDFIN,BAID FINSERV LIMITED,37553.00,4.64,,,,
OSWALGREEN,OSWAL GREENTECH LIMITED,248757.00,109.52,,,,
SUVEN,SUVEN LIFE SCIENCES LTD,90307.00,187.42,,,,
UTKARSHBNK,UTKARSH SMALL FIN BANK L,12783675.00,3707.59,,,,
CIGNITITEC,CIGNITI TECHNOLOGIES LTD,67773.00,1035.60,,,,
STLTECH,STERLITE TECHNOLOGIES LTD,1359222.00,1596.96,,,,
ORISSAMINE,ORISSA MIN DEV CO LTD,40942.00,2421.12,,,,
ONESOURCE,ONESOURCE SPECL PHARMA L,227775.00,4559.89,,,,
GARFIBRES,GARWARE TECH FIBRES LTD,75564.00,642.91,,,,
MANCREDIT,MANGAL CREDIT N FINCORP L,2850.00,5.10,,,,
GODAVARIB,GODAVARI BIOREFINERIES L,12052.00,32.71,,,,
SHIVALIK,SHIVALIK RASAYAN LIMITED,30820.00,167.61,,,,
PENINLAND,PENINSULA LAND LIMITED,228029.00,82.89,,,,
TRIVENI,TRIVENI ENGG. & INDS. LTD,1295116.00,5012.26,,,,
AUTOAXLES,AUTOMOTIVE AXLES LIMITED,26579.00,491.95,,,,
HILTON,HILTON METAL FORGING LTD,103649.00,48.17,,,,
MANAKCOAT,MAN COAT METAL & IND LTD,106076.00,148.95,,,,
NDL,NANDAN DENIM LIMITED,366544.00,13.99,,,,
REDTAPE,REDTAPE LIMITED,1410271.00,2096.80,,,,
INDOBORAX,INDO BORAX & CHEMICAL LTD,1788.00,3.00,,,,
LOWVOLIETF,ICICI PR NIF LW VL 30 ETF,883193.00,196.32,,,,
SETFGOLD,SBI-ETF GOLD,1305501.00,1300.55,,,,
STEELXIND,STEEL EXCHANGE INDIA LTD,4490795.00,479.83,,,,
SILVERIETF,ICICIPRAMC - ICICISILVE,5238795.00,7578.88,,,,
RADIOCITY,MUSIC BROADCAST LIMITED,14160.00,1.43,,,,
AFIL,AKME FINTRADE (INDIA) LTD,12896581.00,1001.62,,,,
MAFANG,MIRAEAMC - MAFANG,525071.00,792.61,,,,
PICCADIL,PICCADILY AGRO INDUSTRI L,130191.00,914.82,,,,
CSLFINANCE,CSL FINANCE LIMITED,8193.00,25.94,,,,
MBAPL,MADHYA BHARAT AGRO PROD L,145960.00,621.37,,,,
JAIBALAJI,JAI BALAJI INDUSTRIES LTD,8994621.00,10616.91,,,,
WEBELSOLAR,WEBSOL ENERGY SYSTEM LTD,374481.00,4947.16,,,,
KIOCL,KIOCL LIMITED,375284.00,1921.93,,,,
AXISGOLD,AXIS MF - AXIS GOLD ETF,2740506.00,2691.60,,,,
MSCIINDIA,KOTAKMAMC - MSCIINDIA,24194.00,7.11,,,,
MAHKTECH,MIRAEAMC - MAHKTECH,3544679.00,992.33,,,,
MIRCELECTR,MIRC ELECTRONICS LTD,336.00,0.07,,,,
FCSSOFT,FCS SOFTWARE SOLN. LTD.,380816.00,10.90,,,,
AXISILVER,AXISAMC - AXISILVER,520473.00,764.48,,,,
ROHLTD,ROYAL ORCHID HOTELS LTD,362372.00,1647.50,,,,
FILATEX,FILATEX INDIA LTD,3049310.00,1678.40,,,,
ONEPOINT,ONE POINT ONE SOL LTD,925520.00,443.19,,,,
NIFTYETF,MIRAEAMC - MAN50ETF,208196.00,551.52,,,,
ALPHA,KOTAKMAMC - KOTAKALPHA,4971104.00,2454.48,,,,
BESTAGRO,BEST AGROLIFE LIMITED,68536.00,315.50,,,,
MAXIND,MAX INDIA LIMITED,23236.00,50.63,,,,
SENORES,SENORES PHARMACEUTICALS L,539515.00,3675.00,,,,
REMSONSIND,REMSONS INDUSTRIES LTD,112647.00,153.96,,,,
EVEREADY,EVEREADY INDS. IND.  LTD.,1335402.00,5536.08,,,,
ORIENTTECH,ORIENT TECHNOLOGIES LTD,469313.00,2102.68,,,,
JAYBARMARU,JAY BHARAT MARUTI LTD,17189.00,14.81,,,,
ITIETF,ICICIPRAMC - ICICITECH,1742033.00,693.08,,,,
ENTERO,ENTERO HEALTHCARE SOLU L,300300.00,3604.47,,,,
LIBERTSHOE,LIBERTY SHOES LTD,18274.00,65.11,,,,
UTINEXT50,UTIAMC - UTINEXT50,180274.00,138.94,,,,
WEL,WONDER ELECTRICALS LTD,1223571.00,1841.21,,,,
HNGSNGBEES,NIP IND ETF HANGSENG BEES,469160.00,2333.74,,,,
NITINSPIN,NITIN SPINNERS LIMITED,301975.00,1115.31,,,,
VISAKAIND,VISAKA INDUSTRIES LTD.,99605.00,85.78,,,,
SALZERELEC,SALZER ELECTRONICS LTD,283480.00,2608.11,,,,
HONDAPOWER,HONDA I POWER PRODUCT LTD,24486.00,727.76,,,,
MAITHANALL,MAITHAN ALLOYS LTD,209158.00,2388.48,,,,
SIGNATURE,SIGNATUREGLOBAL INDIA LTD,764622.00,9154.09,,,,
LIQUIDCASE,ZERODHAAMC - LIQUIDCASE,48553.00,53.38,,,,
LAOPALA,LA OPALA RG LIMITED,307933.00,856.53,,,,
GALLANTT,GALLANTT ISPAT LIMITED,180789.00,1230.46,,,,
RITCO,RITCO LOGISTICS LIMITED,130719.00,410.78,,,,
PREMIERPOL,PREMIER POLYFILMS LTD,4854.00,2.29,,,,
TCPLPACK,TCPL PACKAGING LIMITED,24911.00,1003.23,,,,
AWHCL,ANTONY WASTE HDG CELL LTD,241308.00,1511.95,,,,
SPORTKING,SPORTKING INDIA LIMITED,359110.00,413.02,,,,
VRLLOG,VRL LOGISTICS LIMITED,752853.00,2157.26,,,,
HDFCNIFTY,HDFCAMC - HDFCNIFTY,49052.00,133.15,,,,
GRMOVER,GRM OVERSEAS LIMITED,2555086.00,9457.59,,,,
RAJRATAN,RAJRATAN GLOBAL WIRE LTD,417967.00,1525.76,,,,
INDOFARM,INDO FARM EQUIPMENT LTD,324227.00,799.26,,,,
GOLDETFADD,DSPAMC - DSPGOLDETF,33191.00,38.00,,,,
MUKANDLTD,MUKAND LTD.,458937.00,667.95,,,,
EBBETF0433,EDELAMC - EBBETF0433,47.00,0.59,,,,
NUVOCO,NUVOCO VISTAS CORP LTD,623651.00,2667.81,,,,
QGOLDHALF,QUANTUM GOLD FUND,284523.00,270.25,,,,
VRAJ,VRAJ IRON AND STEEL LTD,31800.00,65.50,,,,
TREJHARA,TREJHARA SOLUTIONS LTD,1.00,0.00,,,,
GPTHEALTH,GPT HEALTHCARE LIMITED,536807.00,866.36,,,,
KAMATHOTEL,KAMAT HOTELS (I) LTD,181200.00,545.56,,,,
AGIIL,AGI INFRA LIMITED,1138098.00,4534.37,,,,
PUNJABCHEM,PUNJAB CHEM & CROP PROT L,27958.00,370.74,,,,
ANUHPHR,ANUH PHARMA LIMITED,29141.00,27.50,,,,
FINOPB,FINO PAYMENTS BANK LTD,1067707.00,3161.74,,,,
DHANUKA,DHANUKA AGRITECH LTD,81330.00,1331.53,,,,
ALKYLAMINE,ALKYL AMINES CHEM. LTD,168753.00,3514.42,,,,
EQUAL50ADD,DSPAMC - DSPNEWETF,17580.00,57.55,,,,
LANDMARK,LANDMARK CARS LIMITED,74130.00,439.28,,,,
MARALOVER,MARAL OVERSEAS LTD,27.00,0.01,,,,
RUSTOMJEE,KEYSTONE REALTORS LIMITED,99290.00,621.09,,,,
STERTOOLS,STERLING TOOLS LIMITED,324453.00,1217.08,,,,
SOMANYCERA,SOMANY CERAMICS LIMITED,107824.00,571.67,,,,
NINSYS,NINTEC SYSTEMS LIMITED,2407.00,12.53,,,,
STEELCAS,STEELCAST LIMITED,33112.00,76.79,,,,
AMBIKCO,AMBIKA COTTON MILL LTD.,15251.00,234.32,,,,
63MOONS,63 MOONS TECHNOLOGIES LTD,303277.00,2706.01,,,,
UCAL,UCAL LIMITED,15042.00,22.78,,,,
SEAMECLTD,SEAMEC LIMITED,113850.00,1101.05,,,,
LIQUIDETF,DSP LIQUID ETF,1049.00,10.49,,,,
PRABHA,PRABHA ENERGY LIMITED,12944.00,32.10,,,,
NRAIL,N R AGARWAL INDS LTD,5633.00,20.60,,,,
MAWANASUG,MAWANA SUGARS LIMITED,28647.00,28.47,,,,
AUTOIETF,ICICIPRAMC - ICICIAUTO,1587042.00,431.93,,,,
MOVALUE,MOTILALAMC - MOVALUE,118995.00,121.12,,,,
ASTEC,ASTEC LIFESCIENCES LTD,325474.00,3277.46,,,,
INTERARCH,INTERARCH BLDNG SOLTN LTD,20371.00,403.57,,,,
HERANBA,HERANBA INDUSTRIES LTD,117595.00,402.11,,,,
DUCON,DUCON INFRATECHNOLOGIES L,108160.00,6.83,,,,
UNITEDTEA,UNITED NILGIRI TEA LTD,50.00,0.25,,,,
ISFT,INTRASOFT TECH. LTD,173920.00,195.94,,,,
AHLADA,AHLADA ENGINEERS LIMITED,5696.00,5.34,,,,
ARCHIDPLY,ARCHIDPLY IND. LTD,1100.00,1.13,,,,
AARVI,AARVI ENCON LIMITED,505.00,0.62,,,,
MAGNUM,MAGNUM VENTURES LTD.,6848.00,2.42,,,,
GTL,GTL LTD - DEPO-280598,109921.00,13.76,,,,
COMSYN,COMMERCIAL SYN BAGS LTD,1956.00,3.00,,,,
ENIL,ENTERTAIN NET. IND. LTD.,35565.00,58.30,,,,
ARROWGREEN,ARROW GREENTECH LIMITED,5390.00,32.73,,,,
LIQGRWBEES,NIPPONAMC - LIQGRWBEES,1.00,0.01,,,,
MULTICAP,MIRAEAMC - MULTICAP,115110.00,18.20,,,,
MNC,KOTAKMAMC - KOTAKMNC,278611.00,86.31,,,,
GROWWEV,GROWWAMC - GROWWEV,231212.00,70.59,,,,
KERNEX,KERNEX MICROSYS(I) LTD,41518.00,440.05,,,,
ORIENTBELL,ORIENT BELL LIMITED,484.00,2.39,,,,
PONNIERODE,PONNIE SUGARS (ERODE) LTD,20412.00,67.12,,,,
HEALTHY,BIRLASLAMC - HEALTHY,202309.00,30.11,,,,
NPBET,TATAAML - NPBET,354.00,0.95,,,,
COMMOIETF,ICICIPRAMC - ICICICOMMO,97708.00,87.97,,,,
TNIDETF,TATAAML - TNIDETF,61238.00,56.70,,,,
BRIGHOTEL,BRIGADE HOTEL VENTURE LTD,179379.00,152.55,,,,
NETF,TATAAML - NETF,23212.00,62.26,,,,
PSUBANKADD,DSPAMC - DSPPSBKETF,30054.00,22.22,,,,
AXISBNKETF,AXISAMC - AXISBNKETF,347.00,1.97,,,,
SGMART,SG MART LIMITED,8308.00,29.38,,,,
NIF10GETF,UTI NIFTY 10 YR BENCHMARK G-SE,2488.00,0.65,,,,
NEXT30ADD,DSPAMC - NEXT30ADD,3109.00,1.21,,,,
BEARDSELL,BEARDSELL LIMITED,4301.00,1.49,,,,
VIPULLTD,VIPUL LIMITED,209995.00,21.79,,,,
SELECTIPO,MIRAEAMC - SELECTIPO,5783.00,2.85,,,,
KMSUGAR,K.M.SUGAR MILLS LIMITED,4876.00,1.61,,,,
SHIVATEX,SHIVA TEXYARN LIMITED,10.00,0.02,,,,
RELCHEMQ,RELIANCE CHEMOTEX IND LTD,125.00,0.24,,,,
SOMICONVEY,SOMI CONVEYOR BELT. LTD.,125.00,0.17,,,,
ASAHISONG,ASAHI SONGWON COLOR LTD,1425.00,4.15,,,,
NIF5GETF,UTIAMC - NIF5GETF,2595.00,1.66,,,,
UNIENTER,UNIPHOS ENTERPRISES LTD,1000.00,1.70,,,,
HTMEDIA,HT MEDIA LIMITED,10000.00,2.89,,,,
ZEELEARN,ZEE LEARN LIMITED,23500.00,2.31,,,,
JOCIL,JOCIL LIMITED,0.00,0.00,,,,
BBNPNBETF,BARODABNP - BBNPNBETF,217.00,0.12,,,,
MOINFRA,MOTILALAMC - MOINFRA,204.00,0.12,,,,
CPCAP,CP CAPITAL LIMITED,25.00,0.10,,,,
ASHIMASYN,ASHIMA LIMITED,1000.00,0.25,,,,
