sebi_report_as_on_reporting_date_07oct2025,unnamed_1,unnamed_2,unnamed_3,unnamed_4,unnamed_5
Sr.No.,Particulars,Rs. In Lakhs,,,
1,Scripwise Total Outstanding on the beginning of the day,10684529.75,,,
2,Fresh Exposure taken during the day,373268.70,,,
3,Exposure liquidated during the day,341308.94,,,
4,Net scripwise outstanding at the end of the day,10716489.50,,,
Symbol,Name,Qty Fin by all the members(No.of Shares),Amt Fin by all the members(Rs. In Lakhs),,
RENUKA,SHREE RENUKA SUGARS LTD,21700796.00,7831.01,,
RTNINDIA,RATTANINDIA ENT LIMITED,16590896.00,9594.26,,
BDL,BHARAT DYNAMICS LIMITED,3838413.00,65609.45,,
PHOENIXLTD,THE PHOENIX MILLS LTD,338770.00,5449.80,,
TNPL,TAMILNADU NEWSPRT & PAPER,664624.00,1145.99,,
SCODATUBES,SCODA TUBES LIMITED,362017.00,696.77,,
GHCLTEXTIL,GHCL TEXTILES LIMITED,107484.00,96.77,,
IKS,INVENTURUS KNOWLEDGE SO L,454837.00,7295.93,,
VIMTALABS,VIMTA LABS LIMITED,396939.00,2967.99,,
JIOFIN,JIO FIN SERVICES LTD,47416681.00,145365.86,,
PTC,PTC INDIA LIMITED,2986759.00,5428.53,,
ASHOKLEY,ASHOK LEYLAND LTD,5802248.00,7707.67,,
JPPOWER,JAIPRAKASH POWER VEN. LTD,73681582.00,15153.88,,
NTPC,NTPC LTD,8258413.00,29334.02,,
INFIBEAM,INFIBEAM AVENUES LIMITED,22562321.00,4250.68,,
NMDC,NMDC LTD.,23311152.00,17170.17,,
VEDL,VEDANTA LIMITED,14107150.00,63507.02,,
CONFIPET,CONFIDENCE PETRO IND LTD.,3472786.00,2180.48,,
WAAREERTL,WAAREE RENEWABLE TECH LTD,489929.00,5408.00,,
APOLLO,APOLLO MICRO SYSTEMS LTD,3199942.00,8317.68,,
BELRISE,BELRISE INDUSTRIES LTD,14370623.00,20937.20,,
SBFC,SBFC FINANCE LIMITED,3098255.00,3369.87,,
SANSTAR,SANSTAR LIMITED,1150638.00,1172.90,,
ASIANPAINT,ASIAN PAINTS LIMITED,851883.00,21145.57,,
FEDERALBNK,FEDERAL BANK LTD,5346134.00,10746.75,,
COALINDIA,COAL INDIA LTD,9934166.00,39452.07,,
SBICARD,SBI CARDS & PAY SER LTD,589467.00,5335.85,,
TATACHEM,TATA CHEMICALS LTD,1218384.00,11753.07,,
IFBIND,IFB INDUSTRIES LTD,267447.00,4278.80,,
ZENTEC,ZEN TECHNOLOGIES LIMITED,848168.00,13809.49,,
TRANSRAILL,TRANSRAIL LIGHTING LTD,2664227.00,19692.77,,
HSCL,HIMADRI SPECIALITY CHEM L,4032328.00,19753.11,,
DATAMATICS,DATAMATICS GLOBAL SER LTD,378772.00,3273.82,,
BAJAJELEC,BAJAJ ELECT.LTD,402318.00,2443.05,,
AVANTIFEED,AVANTI FEEDS LIMITED,1205127.00,8963.37,,
DOLATALGO,DOLAT ALGOTECH LIMITED,655100.00,617.75,,
SUPREMEIND,SUPREME INDUSTRIES LTD,179553.00,7970.78,,
HYUNDAI,HYUNDAI MOTOR INDIA LTD,408796.00,10564.88,,
JSWINFRA,JSW INFRASTRUCTURE LTD,4179432.00,12662.51,,
UCOBANK,UCO BANK,36785762.00,12439.16,,
ZUARI,ZUARI AGRO CHEMICALS LTD,463730.00,1274.22,,
UFO,UFO MOVIEZ INDIA LTD.,88153.00,82.07,,
LYKALABS,LYKA LABS LTD,20875.00,26.64,,
HARIOMPIPE,HARIOM PIPE INDUSTRIES L,491437.00,2632.73,,
PGEL,PG ELECTROPLAST LTD,4208361.00,23298.81,,
SHAKTIPUMP,SHAKTI PUMPS (I) LTD,903507.00,7976.06,,
HCLTECH,HCL TECHNOLOGIES LTD,2243493.00,34585.51,,
EPACK,EPACK DURABLE LIMITED,1337257.00,5117.77,,
BORANA,BORANA WEAVES LIMITED,45470.00,102.47,,
JBMA,JBM AUTO LIMITED,2468353.00,17221.50,,
MOM30IETF,ICICIPRAMC - ICICIMOM30,3003620.00,971.87,,
CPSEETF,CPSE ETF,2946251.00,2737.56,,
ESCORTS,ESCORTS KUBOTA LIMITED,235925.00,8572.39,,
BRITANNIA,BRITANNIA INDUSTRIES LTD,79953.00,4748.27,,
EMAMILTD,EMAMI LIMITED,650980.00,3904.72,,
TITAGARH,TITAGARH RAIL SYSTEMS LTD,2498533.00,23673.39,,
JINDALSTEL,JINDAL STEEL LIMITED,405235.00,4093.07,,
GUJGASLTD,GUJARAT GAS LIMITED,523059.00,2571.19,,
JGCHEM,J.G.CHEMICALS LIMITED,225579.00,1084.25,,
LLOYDSME,LLOYDS METALS N ENERGY L,1363456.00,17845.45,,
RHIM,RHI MAGNESITA INDIA LTD,1090112.00,5490.94,,
BLACKBUCK,BLACKBUCK LIMITED,1313721.00,7685.04,,
SIS,SIS LIMITED,122296.00,448.34,,
PAISALO,PAISALO DIGITAL LIMITED,12756149.00,4884.90,,
SINCLAIR,SINCLAIRS HOTELS LIMITED,42203.00,47.17,,
GLENMARK,GLENMARK PHARMACEUTICALS,299491.00,6051.03,,
UNIMECH,UNIMECH AEROSPACE N MFG L,26394.00,283.82,,
INFRABEES,NIP IND ETF INFRA BEES,37592.00,353.18,,
LEMONTREE,LEMON TREE HOTELS LTD,6323317.00,10444.15,,
MFSL,MAX FINANCIAL SERV LTD,78807.00,1228.17,,
ELGIEQUIP,ELGI EQUIPMENTS LTD,883795.00,4722.50,,
NAZARA,NAZARA TECHNOLOGIES LTD,30974398.00,88698.55,,
LUMAXTECH,LUMAX AUTO TECH LTD,178378.00,1859.32,,
ACC,ACC LIMITED,777013.00,14979.71,,
ACE,ACTION CONST EQUIP LTD,830224.00,9810.32,,
OLECTRA,OLECTRA GREENTECH LIMITED,2030035.00,30946.76,,
SIGACHI,SIGACHI INDUSTRIES LTD,9223589.00,4027.58,,
OAL,ORIENTAL AROMATICS LTD,21361.00,97.48,,
EICHERMOT,EICHER MOTORS LTD,76754.00,4954.77,,
ZYDUSLIFE,ZYDUS LIFESCIENCES LTD,626140.00,6388.54,,
SANGHVIMOV,SANGHVI MOVERS LTD,1241306.00,4177.29,,
TRITURBINE,TRIVENI TURBINE LIMITED,1094241.00,6533.66,,
VENUSPIPES,VENUS PIPES & TUBES LTD,317872.00,4494.74,,
RPEL,RAGHAV PRODUCTIVITY ENH L,85556.00,557.28,,
POWERGRID,POWER GRID CORP. LTD.,5331489.00,15827.47,,
INDHOTEL,THE INDIAN HOTELS CO. LTD,4111867.00,31389.44,,
TOP100CASE,ZERODHAAMC - TOP100CASE,221298.00,23.61,,
FMCGIETF,ICICIPRAMC - ICICIFMCG,3033046.00,1812.39,,
DAMCAPITAL,DAM CAPITAL ADVISORS LTD,1326096.00,3299.29,,
METROPOLIS,METROPOLIS HEALTHCARE LTD,57949.00,1208.28,,
THYROCARE,THYROCARE TECH LTD,51613.00,647.32,,
GEOJITFSL,GEOJIT FINANCIAL SER L,1590398.00,1344.72,,
CRIZAC,CRIZAC LIMITED,991870.00,3090.27,,
FOSECOIND,FOSECO INDIA LTD,4082.00,242.52,,
PAGEIND,PAGE INDUSTRIES LTD,9945.00,4417.21,,
PREMEXPLN,PREMIER EXPLOSIVES LTD,899674.00,5325.15,,
EPIGRAL,EPIGRAL LIMITED,263961.00,4714.92,,
RPTECH,RASHI PERIPHERALS LIMITED,261338.00,842.84,,
FIRSTCRY,BRAINBEES SOLUTIONS LTD,2456302.00,9550.89,,
KSCL,KAVERI SEED CO. LTD.,353812.00,4233.85,,
HINDALCO,HINDALCO  INDUSTRIES  LTD,1380038.00,9691.32,,
DALMIASUG,DALMIA BHARAT SUG IN LTD,277336.00,1092.87,,
ATHERENERG,ATHER ENERGY LIMITED,809879.00,4439.82,,
JBCHEPHARM,J B CHEMICALS AND PHARMA,63846.00,1110.26,,
VOLTAMP,VOLTAMP TRANSFORMERS LTD,122516.00,10139.01,,
AEGISVOPAK,AEGIS VOPAK TERMINALS LTD,371804.00,965.93,,
PRIVISCL,PRIVI SPECIALITY CHE LTD,444570.00,10465.30,,
HIRECT,HIND RECTIFIER LIMITED,37911.00,610.47,,
MID150CASE,ZERODHAAMC - MID150CASE,1313069.00,141.45,,
PROZONER,PROZONE REALTY LIMITED,232000.00,126.66,,
BOMDYEING,BOMBAY DYEING & MFG. CO L,6434275.00,10932.62,,
KIRLPNU,KIRLOSKAR PNEUMATIC COM L,123238.00,1623.88,,
COROMANDEL,COROMANDEL INTERNTL. LTD,206999.00,4913.08,,
BAYERCROP,BAYER CROPSCIENCE LTD,67823.00,3628.95,,
TATSILV,TATAAML-TATSILV,9300301.00,1294.04,,
DLINKINDIA,D-LINK INDIA LTD,404333.00,2016.06,,
WHEELS,WHEELS INDIA LTD,83527.00,683.15,,
BALAJITELE,BALAJI TELEFILMS LIMITED.,63167.00,81.66,,
CYIENT,CYIENT LIMITED,783479.00,10281.98,,
LXCHEM,LAXMI ORGANIC INDUS LTD,2827467.00,6420.27,,
ALPL30IETF,ICICIPRAMC - ICICIALPLV,927540.00,263.75,,
MMTC,MMTC LIMITED,2364160.00,1710.41,,
KROSS,KROSS LIMITED,915195.00,1962.87,,
TIRUMALCHM,THIRUMALAI CHEMICALS LTD,1558469.00,4598.32,,
AFCONS,AFCONS INFRASTRUCTURE LTD,1366601.00,6158.57,,
RAMKY,RAMKY INFRA LTD,1350438.00,7866.41,,
VIDHIING,VIDHI SPCLTY F INGRDNTS L,827093.00,3573.41,,
JTEKTINDIA,JTEKT INDIA LIMITED,495214.00,873.22,,
SERVOTECH,SERVOTECH REN POW SYS LTD,542661.00,754.65,,
VALIANTORG,VALIANT ORGANICS LIMITED,3175.00,15.32,,
MOREALTY,MOTILALAMC - MOREALTY,851992.00,781.98,,
TOP10ADD,DSPAMC - TOP10ADD,117241.00,112.63,,
THANGAMAYL,THANGAMAYIL JEWELLERY LTD,22288.00,464.57,,
ALEMBICLTD,ALEMBIC LIMITED,2518220.00,3046.67,,
RML,RANE (MADRAS) LIMITED,26605.00,233.25,,
AXISCADES,AXISCADES TECH LTD,6593.00,112.23,,
POLICYBZR,PB FINTECH LIMITED,363080.00,6562.76,,
AWFIS,AWFIS SPACE SOLUTIONS LTD,810612.00,4963.56,,
BLUEJET,BLUE JET HEALTHCARE LTD,2568710.00,19188.04,,
MANKIND,MANKIND PHARMA LIMITED,183117.00,4654.61,,
ROUTE,ROUTE MOBILE LIMITED,845756.00,8723.82,,
SPIC,SPIC LTD,3059457.00,3157.34,,
SHRIRAMPPS,SHRIRAM PROPERTIES LTD,5416219.00,5342.74,,
LIQUID1,KOTAKMAMC - KOTAKLIQ,72.00,0.77,,
LIQUIDSBI,SBIAMC - LIQUIDSBI,11.00,0.11,,
UTINIFTETF,UTIAMC - UTINIFTETF,8760.00,23.75,,
LIQUIDBETF,BFAM - LIQUIDBETF,40.00,0.42,,
HUHTAMAKI,HUHTAMAKI INDIA LIMITED,1145727.00,3978.81,,
AMRUTANJAN,AMRUTAJAN HEALTH LTD,42364.00,320.38,,
SUNDARMFIN,SUNDARAM FINANCE LTD,41089.00,1946.34,,
SHALBY,SHALBY LIMITED,853458.00,2051.62,,
FSL,FIRSTSOURCE SOLU. LTD.,2034999.00,7251.21,,
MIDSELIETF,ICICI PRUD MIDCAP SEL ETF,678970.00,121.04,,
SHOPERSTOP,SHOPPERS STOP LIMITED,70469.00,412.50,,
MANALIPETC,MANALI PETROCHEMICALS LT,747154.00,570.56,,
PRAKASH,PRAKASH INDUSTRIES LTD,3305680.00,5471.24,,
ICEMAKE,ICE MAKE REFRIGERAT LTD,26977.00,226.29,,
INDIQUBE,INDIQUBE SPACES LIMITED,178062.00,420.03,,
MAGADSUGAR,MAGADH SUGAR & ENERGY LTD,16941.00,117.67,,
POWERINDIA,HITACHI ENERGY INDIA LTD,74195.00,14032.65,,
MHRIL,MAHINDRA HOLIDAYS LTD,294011.00,1076.12,,
TARC,TARC LIMITED,2034913.00,3580.27,,
SILVER360,360ONEAMC - SILVER360,19296.00,29.59,,
RESPONIND,RESPONSIVE INDUSTRIES LTD,1989342.00,4557.53,,
RUSHIL,RUSHIL DECOR LIMITED,1005273.00,338.00,,
LALPATHLAB,DR. LAL PATH LABS LTD.,80667.00,2606.24,,
BIRLANU,BIRLANU LIMITED,42378.00,929.85,,
HESTERBIO,HESTER BIOSCIENCES LTD,8031.00,168.41,,
TVSHLTD,TVS HOLDINGS LIMITED,15577.00,1878.01,,
MEDICO,MEDICO REMEDIES LIMITED,14743.00,6.36,,
KIMS,KRISHNA INST OF MED SCI L,522762.00,3744.87,,
VHL,VARDHMAN HOLDINGS LIMITED,375.00,17.53,,
DIVGIITTS,DIVGI TORQTRANSFER SYST L,12117.00,81.30,,
KRISHANA,KRISHANA PHOSCHEM LIMITED,92848.00,480.03,,
ASTRAZEN,ASTRAZENECA PHARMA IND LT,27913.00,2264.24,,
SCILAL,SHIPPING CORP OF ILA LTD,2077765.00,1128.94,,
GUJTHEM,GUJARAT THEMIS BIOSYN LTD,1034226.00,4192.97,,
INDIANHUME,INDIAN HUME PIPE CO. LTD.,91473.00,377.55,,
SHIVAMAUTO,SHIVAM AUTO.LTD,48792.00,16.12,,
EIHAHOTELS,EIH ASSOCIATED HOTELS LTD,38787.00,151.62,,
GREENLAM,GREENLAM INDUSTRIES LTD.,135072.00,346.76,,
MURUDCERA,MURUDESHWAR CERAMICS LTD,6680.00,3.33,,
JAYAGROGN,JAYANT AGRO ORGANICS LTD,14650.00,39.80,,
VIKASLIFE,VIKAS LIFECARE LIMITED,744238.00,22.22,,
OSWALAGRO,OSWAL AGRO MILLS LTD,150316.00,129.28,,
KOTARISUG,KOTHARI SUG & CHEM LTD.,19669.00,6.85,,
JPOLYINVST,JIND POL INV & FIN CO LTD,2156.00,18.77,,
MOLDTKPAC,MOLD-TEK PACKAGING LTD,154179.00,1127.02,,
TVSSRICHAK,TVS SRICHAKRA LIMITED,6345.00,225.86,,
KOTHARIPET,KOTHARI PETROCHEM LTD,97097.00,161.28,,
MENONBE,MENON BEARINGS LIMITED,18102.00,24.95,,
OMINFRAL,OM INFRA LIMITED,449584.00,527.28,,
TEXINFRA,TEXMACO INFRA & HOLDG LTD,718168.00,838.31,,
DAVANGERE,DAVANGERE SUGAR COMPANY L,7284797.00,289.94,,
BANSWRAS,BANSWARA SYNTEX LIMITED,3608.00,5.89,,
KUANTUM,KUANTUM PAPERS LIMITED,309064.00,375.35,,
CENTEXT,CENTURY EXTRUSIONS LTD,8842.00,2.28,,
MEGASOFT,MEGASOFT LTD,850.00,1.34,,
SBC,SBC EXPORTS LIMITED,27289320.00,4611.01,,
BANARISUG,BANNARI AMMAN SUGARS LTD,407.00,14.77,,
SUPRAJIT,SUPRAJIT ENGINEERING LTD,265932.00,1270.12,,
BFSI,MIRAEAMC - MAFSETF,1241762.00,335.92,,
STANLEY,STANLEY LIFESTYLES LTD,80832.00,265.25,,
ORIENTELEC,ORIENT ELECTRIC LIMITED,365342.00,807.34,,
SURYODAY,SURYODAY SMALL FIN BK LTD,578705.00,823.90,,
PRIMO,PRIMO CHEMICALS LIMITED,12646.00,3.51,,
AMJLAND,AMJ LAND HOLDINGS LIMITED,200.00,0.12,,
AUTOIND,AUTOLINE INDUSTRIES LTD,55549.00,45.56,,
DOLLAR,DOLLAR INDUSTRIES LIMITED,172651.00,694.21,,
PILITA,PIL ITALICA LIFESTYLE LTD,70893.00,10.14,,
HINDCOMPOS,HINDUSTAN COMPOSITES LTD.,4159.00,19.55,,
VIKRAN,VIKRAN ENGINEERING LTD,427365.00,410.81,,
ATALREAL,ATAL REALTECH LIMITED,1422604.00,309.43,,
NV20IETF,ICICI PRUDENTIAL NV20 ETF,835321.00,121.64,,
BALPHARMA,BAL PHARMA LTD.,150.00,0.13,,
BANKBETF,BFAM - BANKBETF,11361.00,6.33,,
HDFCNIFIT,HDFCAMC - HDFCNIFIT,378753.00,141.23,,
VAL30IETF,ICICIPRAMC - VAL30IETF,7377.00,0.99,,
JUBLCPL,JUBILANT AGRI N CON PRO L,71.00,1.94,,
RISHABH,RISHABH INSTRUMENTS LTD,33370.00,141.68,,
AGARIND,AGARWAL INDS CORP LTD.,43111.00,434.81,,
GOKUL,GOKUL REFOILS & SOLV LTD,9788.00,4.17,,
AXISNIFTY,AXISAMC - AXISNIFTY,19670.00,53.63,,
VALIANTLAB,VALIANT LABORATORIES LTD,23989.00,24.22,,
BANKETFADD,DSPAMC - DSPBANKETF,3769.00,2.16,,
GUJAPOLLO,GUJ. APOLLO IND. LTD.,1032.00,5.16,,
AYMSYNTEX,AYM SYNTEX LIMITED,14164.00,28.68,,
AHLEAST,ASIAN HOTELS (EAST) LTD,962.00,1.48,,
FINIETF,ICICIPRAMC-ICICIFIN,528522.00,158.92,,
MOMIDMTM,MOTILALAMC - MOMIDMTM,4333.00,2.68,,
EVIETF,ICICIPRAMC - EVIETF,173511.00,55.37,,
SGFIN,SG FINSERVE LIMITED,36224.00,134.64,,
EGOLD,EDELAMC - EGOLD,65471.00,68.68,,
SNXT30BEES,NIPPONAMC - SNXT30BEES,2704.00,1.06,,
SBIETFPB,SBIAMC - SBIETFPB,929.00,2.51,,
MOQUALITY,MOTILALAMC - MOQUALITY,1270.00,2.48,,
BANKPSU,MIRAEAMC - BANKPSU,12923.00,9.38,,
SENSEXETF,MIRAEAMC - SENSEXETF,5325.00,4.46,,
INVENTURE,INVENTURE GRO & SEC LTD,159162.00,3.21,,
ELDEHSG,ELDECO HSG & IND LTD.,338.00,2.69,,
PODDARMENT,PODDAR PIGMENTS LIMITED,261.00,0.79,,
SHANKARA,SHANKARA BLDG PRODUCT LTD,1734.00,4.90,,
BTML,BODHI TREE MULTIMEDIA LTD,0.00,0.00,,
ABINFRA,A B INFRABUILD LIMITED,220.00,0.44,,
JINDALPHOT,JINDAL PHOTO LIMITED,520.00,6.05,,
INTENTECH,INTENSE TECHNOLOGIES LTD,500.00,0.67,,
TRU,TRUCAP FINANCE LIMITED,17062.00,2.05,,
AARTISURF,AARTI SURFACTANTS LIMITED,1707.00,8.35,,
ABSLLIQUID,BIRLASLAMC - ABSLLIQUID,11.00,0.11,,
INDBANK,INDBANK MERCH BANK,2830.00,1.26,,
SKMEGGPROD,SKM EGG PROD EXPORT(I) LT,618.00,1.66,,
STEL,STEL HOLDINGS LIMITED,400.00,1.99,,
IVP,IVP LTD,1270.00,2.09,,
ASHOKAMET,ASHOKA METCAST LIMITED,936.00,0.17,,
SUNDARAM,SUNDARAM MULTI PAP LTD,47589.00,0.97,,
RHFL,RELIANCE HOME FINANCE LTD,10000.00,0.56,,
HFCL,HFCL LIMITED,40180143.00,36494.41,,
SUZLON,SUZLON ENERGY LIMITED,140194180.00,85860.72,,
BLS,BLS INTL SERVS LTD,7330282.00,27884.32,,
RAJESHEXPO,RAJESH EXPORTS LTD,1820813.00,4009.49,,
TORNTPOWER,TORRENT POWER LTD,822686.00,11162.46,,
CEIGALL,CEIGALL INDIA LIMITED,633837.00,1747.27,,
NBCC,NBCC (INDIA) LIMITED,21379229.00,23892.89,,
NUVAMA,NUVAMA WEALTH MANAGE LTD,188650.00,12945.97,,
KEC,KEC INTL. LIMITED,1233133.00,10940.25,,
PFC,POWER FIN CORP LTD.,13911849.00,58673.29,,
BAJAJHFL,BAJAJ HOUSING FINANCE LTD,22247096.00,26908.09,,
GTPL,GTPL HATHWAY LIMITED,36279.00,47.33,,
AWL,AWL AGRI BUSINESS LIMITED,4751461.00,13197.23,,
PLATIND,PLATINUM INDUSTRIES LTD,512499.00,1587.84,,
IREDA,INDIAN RENEWABLE ENERGY,24481819.00,41033.76,,
TATATECH,TATA TECHNOLOGIES LIMITED,3605192.00,27842.03,,
CANBK,CANARA BANK,23076066.00,24967.55,,
MGL,MAHANAGAR GAS LTD.,668262.00,9476.00,,
PNB,PUNJAB NATIONAL BANK,31967782.00,34382.94,,
RELIANCE,RELIANCE INDUSTRIES LTD,9526860.00,133037.60,,
SBIN,STATE BANK OF INDIA,5545087.00,44883.07,,
GIPCL,GUJ IND POW CO. LTD,2218021.00,4553.89,,
ACMESOLAR,ACME SOLAR HOLDINGS LTD,1857305.00,5510.48,,
DHANI,DHANI SERVICES LIMITED,5759057.00,3808.18,,
SAMMAANCAP,SAMMAAN CAPITAL LIMITED,41828405.00,60377.71,,
PAYTM,ONE 97 COMMUNICATIONS LTD,1515411.00,14927.99,,
SUNPHARMA,SUN PHARMACEUTICAL IND L,582858.00,9772.50,,
SAHYADRI,SAHYADRI INDUSTRIES LTD,1681.00,5.03,,
ADANIPOWER,ADANI POWER LTD,26568815.00,38140.41,,
ITI,ITI LTD,565980.00,1850.88,,
CROMPTON,CROMPT GREA CON ELEC LTD,5597113.00,18356.13,,
CASTROLIND,CASTROL INDIA LIMITED,7619631.00,16652.94,,
RAYMONDREL,RAYMOND REALTY LIMITED,555974.00,3480.91,,
JYOTICNC,JYOTI CNC AUTOMATION LTD,837209.00,8797.92,,
ADSL,ALLIED DIGITAL SERV. LTD,372615.00,739.93,,
SAMBHV,SAMBHV STEEL TUBES LTD,1641587.00,1950.23,,
GICRE,GENERAL INS CORP OF INDIA,2783825.00,11093.36,,
AVANTEL,AVANTEL LIMITED,4868769.00,8593.46,,
RATEGAIN,RATEGAIN TRAVEL TECHN LTD,2396057.00,13659.93,,
SILVERBEES,NIPPONAMC - NETFSILVER,18226349.00,22533.41,,
BEML,BEML LIMITED,841953.00,36542.79,,
JKTYRE,JK TYRE & INDUSTRIES LTD,1493038.00,5614.76,,
UBL,UNITED BREWERIES LTD,200965.00,3862.04,,
THOMASCOOK,THOMAS COOK (INDIA) LTD,2910430.00,4979.54,,
CELLO,CELLO WORLD LIMITED,588699.00,3646.86,,
POLYCAB,POLYCAB INDIA LIMITED,162165.00,10450.57,,
GANESHHOU,GANESH HOUSING LIMITED,453213.00,4343.75,,
KPITTECH,KPIT TECHNOLOGIES LIMITED,1734038.00,22920.12,,
ABB,ABB INDIA LIMITED,463758.00,26820.03,,
INDIANB,INDIAN BANK,488479.00,3205.25,,
KAJARIACER,KAJARIA CERAMICS LTD,524392.00,6100.51,,
KRBL,KRBL LIMITED,1570805.00,6073.96,,
ADFFOODS,ADF FOODS LIMITED,763539.00,1997.11,,
REDINGTON,REDINGTON LIMITED,3571093.00,10277.94,,
RATNAMANI,RATNAMANI MET & TUB LTD.,40346.00,1090.82,,
DCXINDIA,DCX SYSTEMS LIMITED,2555165.00,7310.68,,
SHYAMMETL,SHYAM METALICS AND ENGY L,1070022.00,9165.53,,
BALKRISIND,BALKRISHNA IND. LTD,155446.00,3930.58,,
BIOCON,BIOCON LIMITED.,3277726.00,12112.59,,
LTTS,L&T TECHNOLOGY SER. LTD.,244316.00,10860.03,,
MUKKA,MUKKA PROTEINS LIMITED,634623.00,201.07,,
PREMIERENE,PREMIER ENERGIES LIMITED,3257784.00,34171.11,,
UNIPARTS,UNIPARTS INDIA LIMITED,190840.00,816.59,,
SGLTL,STANDARD GLASS LIN TECH L,101866.00,179.55,,
DLF,DLF LIMITED,4712118.00,37118.32,,
CHOLAFIN,CHOLAMANDALAM IN & FIN CO,266045.00,4082.25,,
DEN,DEN NETWORKS LTD,3140906.00,1266.42,,
ARKADE,ARKADE DEVELOPERS LIMITED,2843988.00,5154.71,,
AJAXENGG,AJAX ENGINEERING LIMITED,141196.00,942.29,,
MOMENTUM50,MOTILALAMC - MOMENTUM50,1988128.00,1035.96,,
EMIL,ELECTRONICS MART IND LTD,2899578.00,4402.97,,
SANATHAN,SANATHAN TEXTILES LIMITED,78961.00,396.83,,
NILASPACES,NILA SPACES LIMITED,27554.00,4.46,,
HONASA,HONASA CONSUMER LIMITED,458986.00,1330.03,,
NLCINDIA,NLC INDIA LIMITED,4827707.00,11901.04,,
SKIPPER,SKIPPER LIMITED,1057127.00,5569.75,,
ERIS,ERIS LIFESCIENCES LIMITED,89932.00,1508.43,,
GANESHBE,GANESH BENZOPLAST LIMITED,343286.00,404.54,,
CHOICEIN,CHOICE INTERNATIONAL LTD,1578141.00,12004.72,,
PGHH,P&G HYGIENE & HEALTH CARE,5526.00,770.42,,
IONEXCHANG,ION EXCHANGE (INDIA) LTD,824242.00,4214.27,,
AIIL,AUTHUM INVEST & INFRA LTD,77468.00,2204.42,,
AUTOBEES,NIPPONAMC - NETFAUTO,235317.00,631.36,,
RPOWER,RELIANCE POWER LTD.,5601416.00,2533.37,,
UNIECOM,UNICOMMERCE ESOLUTIONS L,1057516.00,1561.56,,
SALASAR,SALASAR TECHNO ENGG. LTD.,13539085.00,1412.96,,
DCW,DCW LTD,4309453.00,3357.45,,
SHARDACROP,SHARDA CROPCHEM LTD.,276244.00,2457.50,,
SETFNIF50,SBI-ETF NIFTY 50,407362.00,1075.58,,
ALPHAETF,MIRAEAMC - ALPHAETF,2166958.00,551.75,,
RAMCOSYS,RAMCO SYSTEMS LTD.,35354.00,172.24,,
WEALTH,WEALTH FRST PORT. MG. LTD,467.00,5.58,,
ESTER,ESTER INDUSTRIES LTD,342640.00,460.69,,
MAHSCOOTER,MAHARASHTRA SCOOTERS LTD,11396.00,1626.21,,
RUPA,RUPA & COMPANY LTD,514874.00,1152.77,,
IFGLEXPOR,IFGL REFRACTORIES LIMITED,36209.00,110.91,,
VESUVIUS,VESUVIUS INDIA LTD,223450.00,1215.58,,
SAPPHIRE,SAPPHIRE FOODS INDIA LTD,1803528.00,5805.09,,
JUNIPER,JUNIPER HOTELS LIMITED,108860.00,354.88,,
HEIDELBERG,HEIDELBERGCEMENT (I) LTD,841996.00,1806.56,,
LIKHITHA,LIKHITHA INFRASTRUC LTD,228239.00,694.11,,
HMAAGRO,HMA AGRO INDUSTRIES LTD,449796.00,153.75,,
TALBROAUTO,TALBROS AUTO. COMP. LTD,213680.00,664.67,,
AADHARHFC,AADHAR HOUSING FINANCE L,1050471.00,5359.05,,
QUADFUTURE,QUADRANT FUTURE TEK LTD,556523.00,2506.40,,
VPRPL,VISHNU PRAKASH R PUNGLI L,3304109.00,4669.40,,
GALAPREC,GALA PRECISION ENG LTD,49578.00,467.94,,
MASFIN,MAS FINANCIAL SERV LTD,286024.00,865.73,,
MASTERTR,MASTER TRUST LIMITED,916900.00,1360.18,,
MODISONLTD,MODISON LIMITED,69346.00,117.08,,
DPWIRES,D P WIRES LIMITED,29798.00,83.42,,
ASAL,AUTOMOTIVE STAMPINGS & AS,45985.00,270.87,,
TOLINS,TOLINS TYRES LIMITED,317449.00,597.30,,
PDMJEPAPER,PUDUMJEE PAPER PRO. LTD,101431.00,131.16,,
MOL,MEGHMANI ORGANICS LIMITED,5578869.00,4975.80,,
GLOBUSSPR,GLOBUS SPIRITS LTD,182343.00,2050.34,,
NAVINFLUOR,NAVIN FLUORINE INT. LTD,95336.00,4423.79,,
PRUDENT,PRUDENT CORP ADV SER LTD,28174.00,755.12,,
JASH,JASH ENGINEERING LIMITED,276203.00,1527.12,,
DEEPINDS,DEEP INDUSTRIES LIMITED,540472.00,2704.02,,
ADOR,ADOR WELDING LTD,24657.00,266.41,,
DIVOPPBEES,NIP IND ETF DIV OPP,153897.00,125.25,,
RELINFRA,RELIANCE INFRASTRUCTU LTD,147584.00,356.72,,
CAMLINFINE,CAMLIN FINE SCIENCES LTD,1566964.00,3252.41,,
PITTIENG,PITTI ENGINEERING LIMITED,134671.00,1380.43,,
SHK,S H KELKAR AND CO. LTD.,644035.00,1599.86,,
PTCIL,PTC INDUSTRIES LIMITED,34159.00,5050.80,,
NEXT50IETF,ICICIPRAMC - ICICINXT50,925754.00,670.57,,
MIDCAP,KOTAKMAMC - KOTAKMID50,76854.00,128.02,,
AONETOTAL,AONEAMC - AONETOTAL,965785.00,113.35,,
LIQUIDPLUS,MIRAEAMC - LIQUIDPLUS,79.00,0.83,,
THELEELA,SCHLOSS BANGALORE LIMITED,127191.00,547.10,,
SOLARA,SOLARA ACTIVE PHA SCI LTD,119220.00,758.78,,
ORICONENT,ORICON ENTERPRISES LTD,301618.00,149.24,,
RACLGEAR,RACL GEARTECH LIMITED,35168.00,396.68,,
SOBHA,SOBHA LIMITED,277741.00,4384.09,,
UGARSUGAR,THE UGAR SUGAR WORKS LTD,307571.00,157.91,,
HOMEFIRST,HOME FIRST FIN CO IND LTD,298223.00,3757.44,,
RUCHIRA,RUCHIRA PAPERS LIMITED,126364.00,194.90,,
HDFCGOLD,HDFC GOLD ETF,1757471.00,1619.89,,
ASHIANA,ASHIANA HOUSING LTD,98869.00,310.42,,
EIMCOELECO,EIMCO ELECON (INDIA) LTD,22850.00,471.99,,
BIKAJI,BIKAJI FOODS INTERN LTD,496536.00,3879.75,,
PRIMESECU,PRIME SECURITIES LIMITED,909912.00,2541.99,,
VLEGOV,VL E GOV AND IT SOL LTD,16856.00,5.55,,
ARIES,ARIES AGRO LTD.,111189.00,442.50,,
QUICKHEAL,QUICK HEAL TECH LTD,629086.00,2255.17,,
GARUDA,GARUDA CONSTRUCT N ENG L,695081.00,1342.77,,
GNA,GNA AXLES LIMITED,163638.00,568.04,,
SHREECEM,SHREE CEMENT LIMITED,10957.00,3258.54,,
CSBBANK,CSB BANK LIMITED,863484.00,3255.46,,
HPAL,HP ADHESIVES LIMITED,113085.00,90.93,,
APOLSINHOT,APOLLO SINDOORI HOTEL LTD,501.00,8.37,,
DYNPRO,DYNEMIC PRODUCTS LIMITED,3970.00,14.53,,
KAKATCEM,KAKATIYA CEM SUGAR &IND L,607.00,1.11,,
LOVABLE,LOVABLE LINGERIE LTD,6004.00,7.71,,
MADRASFERT,MADRAS FERTILISERS LTD,527411.00,500.40,,
RSWM,RSWM LIMITED,296085.00,512.35,,
NELCAST,NELCAST LIMITED,92452.00,142.68,,
PGHL,PROCTER & GAMBLE HEALTH L,20016.00,1248.84,,
PATINTLOG,PATEL INT. LOG. LTD,101510.00,17.43,,
AKSHARCHEM,AKSHARCHEM INDIA LIMITED,250.00,0.77,,
SUDARSCHEM,SUDARSHAN CHEMICAL INDS L,225015.00,2712.83,,
EMMBI,EMMBI INDUSTRIES LIMITED,1351.00,1.67,,
BLKASHYAP,B.L.KASHYAP & SON LTD,669040.00,472.22,,
HARRMALAYA,HARRISON MALAYALAM LTD,9566.00,20.51,,
INFOBEAN,INFOBEANS TECHNO. LTD.,17876.00,103.32,,
UNIVCABLES,UNIVERSAL CABLES LTD,250348.00,1648.66,,
PLAZACABLE,PLAZA WIRES LIMITED,2705.00,1.68,,
CARERATING,CARE RATINGS LIMITED,147139.00,2635.34,,
HITECHCORP,HITECH CORPORATION LTD,1415.00,2.95,,
SANDESH,SANDESH LTD,911.00,14.93,,
ALICON,ALICON CASTALLOY LIMITED,8123.00,85.00,,
DIAMONDYD,PRATAAP SNACKS LIMITED,833350.00,8551.82,,
EXPLEOSOL,EXPLEO SOLUTIONS LIMITED,39725.00,457.37,,
MUTHOOTMF,MUTHOOT MICROFIN LIMITED,643180.00,1022.45,,
HMVL,HINDUSTAN MEDIA VENT LTD,26271.00,23.41,,
CANTABIL,CANTABIL RETAIL LTD,1150154.00,3073.54,,
DBOL,DHAMPUR BIO ORGANICS LTD,62283.00,57.17,,
MANGLMCEM,MANGALAM CEMENT LTD,897274.00,6884.47,,
SIKKO,SIKKO INDUSTRIES LIMITED,4103.00,3.51,,
TRF,TRF LIMITED,24521.00,94.12,,
KHADIM,KHADIM INDIA LIMITED,12570.00,36.65,,
JAYSREETEA,JAYSHREE TEA & INDUSTRIES,42892.00,46.51,,
VETO,VETO SWITCHGEAR CABLE LTD,15386.00,18.66,,
PAVNAIND,PAVNA INDUSTRIES LIMITED,26205.00,11.51,,
AXITA,AXITA COTTON LIMITED,54909.00,7.13,,
JSLL,JEENA SIKHO LIFECARE LTD,50900.00,403.95,,
BALAJEE,SHREE TIRUPATI BALAJEE L,120611.00,66.78,,
HNDFDS,HINDUSTAN FOODS LIMITED,64393.00,354.93,,
JNKINDIA,JNK INDIA LIMITED,128957.00,449.95,,
BHANDARI,BHANDARI HOSIERY EXP LTD,891779.00,46.17,,
SPENCERS,SPENCER S RETAIL LIMITED,381342.00,297.92,,
INTERNET,MIRAEAMC - INTERNET,5716.00,0.80,,
UTISXN50,UTIAMC - UTISXN50,4859.00,4.39,,
CONSOFINVT,CONSO. FIN. & HOLD. LTD.,1688.00,3.73,,
CENTUM,CENTUM ELECTRONICS LTD,42579.00,1085.86,,
QUAL30IETF,ICICIPRAMC - ICICIQTY30,538896.00,116.49,,
NIFTYQLITY,BIRLASLAMC - NIFTYQLITY,41435.00,8.94,,
CLSEL,CHAMAN LAL SETIA EXP LTD,226828.00,702.76,,
GSLSU,GLOBAL SURFACES LIMITED,195637.00,277.58,,
BCONCEPTS,BRAND CONCEPTS LIMITED,1070.00,4.74,,
CENTRUM,CENTRUM CAPITAL LIMITED,12620.00,4.66,,
DIGISPICE,DIGISPICE TECHNOLOGIES LT,791.00,0.26,,
ASMS,BARTRONICS INDIA LIMITED,35631.00,5.59,,
HDFCPVTBAN,HDFCAMC - HDFCPVTBAN,63823.00,17.55,,
LICNETFGSC,LICNAMC - LICNMFET,6120.00,1.73,,
SETFNIFBK,SBI-ETF NIFTY BANK,16136.00,91.94,,
TTKHLTCARE,TTK HEALTHCARE LIMITED,1832.00,24.55,,
INDSWFTLAB,IND SWIFT LABORATORIES LT,17.00,0.02,,
NACLIND,NACL INDUSTRIES LIMITED,2884.00,2.92,,
SRD,SHANKAR LAL RAMPAL LTD,102027.00,86.78,,
JITFINFRA,JITF INFRALOGISTICS LTD,8570.00,34.69,,
AVG,AVG LOGISTICS LIMITED,1782.00,4.95,,
STCINDIA,THE STATE TRADING CORPN,13306.00,19.27,,
SAKAR,SAKAR HEALTHCARE LIMITED,1252.00,3.18,,
INNOVANA,INNOVANA THINKLABS LTD,203.00,0.65,,
BEDMUTHA,BEDMUTHA INDUST LTD,8083.00,11.64,,
BSLSENETFG,BIRLASLAMC - BSLSENETFG,864.00,0.71,,
HILINFRA,HIGHWAY INFRASTRUCTURE L,39017.00,32.46,,
BLUESTONE,BLUESTONE JEWEL LFSTL LTD,11446.00,70.84,,
PSUBNKIETF,ICICIPRAMC - PSUBANKICI,377594.00,274.58,,
SBIBPB,SBIAMC - SBIBPB,2230.00,0.95,,
MEIL,MANGAL ELECTRICAL IND L,11955.00,56.48,,
SML100CASE,ZERODHAAMC - SML100CASE,900.00,0.09,,
BBNPPGOLD,BARODABNP - BBNPPGOLD,6090.00,6.80,,
NIFTYBETF,BFAM - NIFTYBETF,1333.00,3.39,,
ALBERTDAVD,ALBERT DAVID LIMITED,3866.00,31.85,,
DEVIT,DEV INFO TECHNOLOGY LTD,27642.00,13.83,,
LAMBODHARA,LAMBODHARA TEXTILES LTD.,10304.00,14.82,,
IWEL,INOX WIND ENERGY LIMITED,5.00,0.48,,
PRITI,PRITI INTERNATIONAL LTD,1416.00,1.25,,
ATAM,ATAM VALVES LIMITED,1889.00,1.85,,
PASHUPATI,PASHUPATI COTSPIN LIMITED,710.00,5.07,,
PLASTIBLEN,PLASTIBLENDS INDIA LTD,3680.00,7.34,,
NRL,NUPUR RECYCLERS LIMITED,55472.00,42.68,,
CHEMBOND,CHEMBOND MATERIALTECH LTD,573.00,3.16,,
MITTAL,MITTAL LIFE STYLE LIMITED,8111.00,0.13,,
NATHBIOGEN,NATH BIO-GENES (I) LTD,2200.00,4.88,,
ANDREWYU,ANDREW YULE & CO LTD,3900.00,1.04,,
ABAN,ABAN OFFSHORE LTD.,750.00,0.58,,
URAVIDEF,URAVI DEFENCE &TECH LTD,0.00,0.00,,
VENUSREM,VENUS REMEDIES LIMITED,250.00,0.85,,
POCL,PONDY OXIDES & CHEM LTD,294233.00,3493.51,,
ZUARIIND,ZUARI INDUSTRIES LIMITED,233837.00,832.76,,
ADANIENSOL,ADANI ENERGY SOLUTION LTD,1602648.00,14107.92,,
SULA,SULA VINEYARDS LIMITED,2364159.00,7426.27,,
TRENT,TRENT LTD,2098231.00,110623.39,,
ZEEL,ZEE ENTERTAINMENT ENT LTD,34907032.00,46348.32,,
GRSE,GARDEN REACH SHIP&ENG LTD,1429425.00,37605.54,,
COCHINSHIP,COCHIN SHIPYARD LIMITED,2744202.00,55473.43,,
MAZDOCK,MAZAGON DOCK SHIPBUIL LTD,3495012.00,107891.26,,
PROTEAN,PROTEAN EGOV TECHNO LTD,1194729.00,11692.77,,
IDEA,VODAFONE IDEA LIMITED,479806739.00,37261.06,,
INFY,INFOSYS LIMITED,4537441.00,69792.96,,
RICOAUTO,RICO AUTO INDUSTRIES LTD,1141868.00,1155.39,,
EDELWEISS,EDELWEISS FIN SERV LTD,17088217.00,18658.85,,
SIRCA,SIRCA PAINT INDIA LIMITED,1555149.00,6669.95,,
SCI,SHIPPING CORP OF INDIA LT,7673826.00,17573.92,,
TARMAT,TARMAT LIMITED,7485.00,4.26,,
IRCON,IRCON INTERNATIONAL LTD,16654685.00,33852.67,,
SAURASHCEM,SAURASHTRA CEMENT LIMITED,304802.00,354.04,,
CAPITALSFB,CAPITAL SMALL FIN BANK L,107398.00,312.89,,
NETWORK18,NETWORK18 MEDIA & INV LTD,18775443.00,10703.11,,
BAJAJ-AUTO,BAJAJ AUTO LIMITED,441630.00,39206.83,,
BAJFINANCE,BAJAJ FINANCE LIMITED,3013561.00,28406.59,,
JUBLFOOD,JUBILANT FOODWORKS LTD,1833056.00,12138.55,,
SRF,SRF LTD,199505.00,5966.74,,
ACI,ARCHEAN CHEMICAL IND LTD,299387.00,1984.93,,
JAYNECOIND,JAYASWAL NECO INDUSTR LTD,6278172.00,3528.55,,
VMM,VISHAL MEGA MART LIMITED,6611418.00,9611.20,,
ANANTRAJ,ANANT RAJ LIMITED,6630282.00,44168.27,,
BEL,BHARAT ELECTRONICS LTD,22029171.00,84373.66,,
HITECH,HI-TECH PIPES LIMITED,7224556.00,8301.07,,
KALYANKJIL,KALYAN JEWELLERS IND LTD,5373842.00,28251.76,,
BOROSCI,BOROSIL SCIENTIFIC LTD,61510.00,92.03,,
LLOYDSENT,LLOYDS ENTERPRISES LTD,39142588.00,26076.87,,
LANCORHOL,LANCOR HOLDINGS LIMITED,22786.00,5.90,,
IDFCFIRSTB,IDFC FIRST BANK LIMITED,54214883.00,37993.26,,
CENTRALBK,CENTRAL BANK OF INDIA,38486689.00,15944.07,,
TRIDENT,TRIDENT LIMITED,28303050.00,9120.35,,
UGROCAP,UGRO CAPITAL LIMITED,580114.00,1053.02,,
VLSFINANCE,VLS FINANCE LTD,61190.00,152.77,,
DTIL,DHUNSERI TEA & IND. LTD.,4248.00,8.74,,
WIPRO,WIPRO LTD,8417912.00,21446.02,,
PNBHOUSING,PNB HOUSING FIN LTD.,1858730.00,16708.98,,
GPIL,GODAWARI POW & ISP LTD,8069502.00,18009.23,,
KNRCON,KNR CONSTRU LTD.,6074163.00,13870.48,,
BALAMINES,BALAJI AMINES LIMITED,267544.00,4468.75,,
TRIGYN,TRIGYN TECHNOLOGIES LTD,12126.00,11.73,,
HATHWAY,HATHWAY CABLE & DATACOM,29130969.00,4581.61,,
VAIBHAVGBL,VAIBHAV GLOBAL LIMITED,1086313.00,2800.47,,
SANDUMA,SANDUR MANG & IRON ORES L,2018675.00,3725.76,,
KALPATARU,KALPATARU LIMITED,24430.00,96.81,,
PRECAM,PRECISION CAMSHAFTS LTD.,677384.00,1497.54,,
SPMLINFRA,SPML INFRA LIMITED,1228514.00,3354.17,,
ITBEES,NIP IND ETF IT,21032522.00,8271.57,,
JSWENERGY,JSW ENERGY LIMITED,4893650.00,26202.16,,
UJJIVANSFB,UJJIVAN SMALL FINANC BANK,22300049.00,10285.81,,
BIRLACORPN,BIRLA CORPORATION LTD,282979.00,3738.05,,
PSB,PUNJAB & SIND BANK,10330188.00,3425.49,,
NEWGEN,NEWGEN SOFTWARE TECH LTD,1211176.00,12293.40,,
DABUR,DABUR INDIA LTD,1749841.00,9237.13,,
NAUKRI,INFO EDGE (I) LTD,447756.00,6477.59,,
TCIEXP,TCI EXPRESS LIMITED,109748.00,905.71,,
JYOTHYLAB,JYOTHY LABS LIMITED,1423047.00,5086.32,,
CREDITACC,CREDITACCESS GRAMEEN LTD,345315.00,4327.31,,
NORTHARC,NORTHERN ARC CAPITAL LTD,3504117.00,8871.10,,
SEPC,SEPC LIMITED,13058014.00,1973.92,,
OBEROIRLTY,OBEROI REALTY LIMITED,575588.00,10285.60,,
J&KBANK,J & K BANK LTD.,18361007.00,19720.09,,
FINPIPE,FINOLEX INDUSTRIES LTD,2845373.00,6392.95,,
PIXTRANS,PIX TRANSMISSIONS LIMITED,42207.00,656.68,,
NIITMTS,NIIT LEARNING SYSTEMS LTD,177514.00,622.51,,
MANYAVAR,VEDANT FASHIONS LIMITED,747714.00,5733.57,,
VGUARD,V-GUARD IND LTD.,441113.00,1733.58,,
BANKBEES,NIP IND ETF BANK BEES,592025.00,3371.17,,
CONCOR,CONTAINER CORP OF IND LTD,3664819.00,21850.96,,
SURAJEST,SURAJ ESTATE DEVELOPERS L,1185280.00,3979.40,,
TITAN,TITAN COMPANY LIMITED,643906.00,22407.35,,
IXIGO,LE TRAVENUES TECHNOLOGY L,2633817.00,6886.68,,
AXISBANK,AXIS BANK LIMITED,1811610.00,20964.00,,
TATACOMM,TATA COMMUNICATIONS LTD,360421.00,6134.57,,
GVPIL,GE POWER INDIA LIMITED,529801.00,1875.31,,
THEJO,THEJO ENGINEERING LIMITED,4835.00,100.94,,
MCLOUD,MAGELLANIC CLOUD LIMITED,4945383.00,3891.29,,
MUNJALAU,MUNJAL AUTO IND. LTD.,513513.00,525.97,,
TIPSMUSIC,TIPS MUSIC LIMITED,585507.00,3655.50,,
ULTRACEMCO,ULTRATECH CEMENT LIMITED,99808.00,12233.56,,
DCMSHRIRAM,DCM SHRIRAM LIMITED,175957.00,2285.78,,
RAIN,RAIN INDUSTRIES LIMITED,4931029.00,7441.92,,
DRREDDY,DR. REDDY S LABORATORIES,482854.00,6216.91,,
ANANDRATHI,ANAND RATHI WEALTH LTD,78458.00,2091.88,,
BUTTERFLY,BTRFLY GANDHI APPL LTD,9003.00,68.29,,
SMALLCAP,MIRAEAMC - SMALLCAP,5560411.00,2584.95,,
AETHER,AETHER INDUSTRIES LIMITED,494432.00,3790.54,,
AVALON,AVALON TECHNOLOGIES LTD,234761.00,2269.59,,
GSPL,GUJARAT STATE PETRO LTD,834933.00,2835.79,,
TMB,TAMILNAD MERCA BANK LTD,309351.00,1378.84,,
ANTELOPUS,ANTELOPUS SELAN ENRGY LTD,115021.00,743.52,,
MUTHOOTFIN,MUTHOOT FINANCE LIMITED,77635.00,2212.68,,
ASHAPURMIN,ASHAPURA MINECHEM LTD,1545551.00,7509.61,,
CGCL,CAPRI GLOBAL CAPITAL LTD,4701480.00,8469.39,,
TVSELECT,TVS ELECTRONICS LTD,27167.00,166.50,,
ALLCARGO,ALLCARGO LOGISTICS LTD,14918196.00,5577.71,,
HDFCAMC,HDFC AMC LIMITED,104454.00,5636.66,,
DOMS,DOMS INDUSTRIES LIMITED,119399.00,3167.08,,
GPTINFRA,GPT INFRAPROJECTS LTD,81980.00,101.93,,
PAKKA,PAKKA LIMITED,221320.00,396.88,,
BALRAMCHIN,BALRAMPUR CHINI MILLS LTD,935140.00,4926.88,,
ELLEN,ELLENBARRIE INDUS GASES L,391369.00,2076.61,,
SOLARINDS,SOLAR INDUSTRIES (I) LTD,199149.00,29340.18,,
BIRLAMONEY,ADITYA BIRLA MONEY LTD,50212.00,91.01,,
XPROINDIA,XPRO INDIA LIMITED,102452.00,1263.82,,
ELECTCAST,ELECTROSTEEL CASTINGS LTD,7707328.00,8862.94,,
CHALET,CHALET HOTELS LIMITED,160366.00,1577.75,,
NAVA,NAVA LIMITED,1750418.00,10607.42,,
REFEX,REFEX INDUSTRIES LIMITED,411387.00,1638.36,,
GATEWAY,GATEWAY DISTRIPARKS LTD,5314637.00,3652.94,,
EIHOTEL,EIH LIMITED,797300.00,3172.96,,
BSLNIFTY,ADITYBIRLA SL NIF ETF-GR,410770.00,118.67,,
GRASIM,GRASIM INDUSTRIES LTD,290470.00,7798.06,,
REPRO,REPRO INDIA LIMITED,6600.00,35.13,,
SIGNPOST,SIGNPOST INDIA LIMITED,171402.00,431.23,,
BCLIND,BCL INDUSTRIES LIMITED,1561282.00,701.51,,
THEMISMED,THEMIS MEDICARE LTD.,174359.00,296.93,,
TIMETECHNO,TIME TECHNOPLAST LTD.,2326756.00,5271.82,,
PARAGMILK,PARAG MILK FOODS LTD.,4012772.00,8941.11,,
IPCALAB,IPCA LABORATORIES LTD,142693.00,2048.56,,
JSL,JINDAL STAINLESS LIMITED,439519.00,3282.30,,
VEEDOL,VEEDOL CORPORATION LTD,58260.00,1094.47,,
SARLAPOLY,SARLA PERF. FIBERS LTD,13554.00,13.86,,
PARKHOTELS,PARKHOTELS,4195978.00,6483.42,,
AEROENTER,AEROFLEX ENTERPRISES LTD,972689.00,1004.15,,
GANECOS,GANESHA ECOSPHERE LIMITED,135681.00,2074.71,,
MANINDS,MAN INDUSTRIES (I) LTD.,560939.00,2167.30,,
SCHAEFFLER,SCHAEFFLER INDIA LIMITED,58498.00,2376.26,,
ORCHPHARMA,ORCHID PHARMA LIMITED,99278.00,779.50,,
MOCAPITAL,MOTILALAMC - MOCAPITAL,869875.00,387.04,,
BAJAJHLDNG,BAJAJ HOLDINGS & INVS LTD,63788.00,8306.18,,
LGBBROSLTD,LG BALAKRISHNAN & BROS,127565.00,1776.54,,
HINDWAREAP,HINDWARE HME INOVATON LTD,1369076.00,3998.18,,
LTGILTBEES,NIP IND ETF LONGTERM GILT,50139.00,14.41,,
CUPID,CUPID LIMITED,20887173.00,30302.14,,
ASAHIINDIA,ASAHI INDIA GLASS LIMITED,188550.00,1642.57,,
SINDHUTRAD,SINDHU TRADE LINKS LTD,2530624.00,613.52,,
ATL,ALLCARGO TERMINALS LTD,987148.00,430.03,,
GODIGIT,GO DIGIT GENERAL INS LTD,281535.00,1006.73,,
APOLLOPIPE,APOLLO PIPES LIMITED,385119.00,1664.91,,
AVTNPL,AVT NATURAL PRODUCTS LTD,45828.00,42.37,,
NIF100BEES,NIP IND ETF NIFTY 100,42038.00,113.63,,
MOMOMENTUM,MOTILALAMC - MOMOMENTUM,326860.00,219.12,,
NELCO,NELCO LTD,436495.00,4188.86,,
GROWWNET,GROWWAMC - GROWWNET,155373.00,16.58,,
GLAXO,GLAXOSMITHKLINE PHARMA LT,114562.00,3404.10,,
PVRINOX,PVR INOX LIMITED,632626.00,7380.26,,
DCI,DC INFOTECH AND COMUN LTD,300.00,0.89,,
CCCL,CONS. CONST. CONSORT LTD,468553.00,115.98,,
SHANTIGEAR,SHANTHI GEARS LTD,97065.00,552.79,,
NECLIFE,NECTAR LIFESCIENCES LTD.,3907.00,1.33,,
VSSL,VARDHMAN SPC STEEL LTD,59067.00,168.23,,
SSWL,STEEL STRIPS WHEELS LTD.,774092.00,1839.13,,
BANSALWIRE,BANSAL WIRE INDUSTRIES L,192475.00,781.00,,
TINNARUBR,TINNA RUBBER AND INFR LTD,16676.00,160.24,,
RKSWAMY,R K SWAMY LIMITED,85437.00,147.42,,
DWARKESH,DWARIKESH SUGAR IND LTD,2526149.00,1355.96,,
GREENPLY,GREENPLY INDUSTRIES LTD,367092.00,1152.86,,
AFFORDABLE,AFFORD ROBO & AUTO LTD,7145.00,19.45,,
VENTIVE,VENTIVE HOSPITALITY LTD,1220186.00,9176.37,,
CREST,CREST VENTURES LIMITED,23295.00,100.92,,
SASKEN,SASKEN TECHNOLOGIES LTD,58311.00,882.72,,
SMSPHARMA,SMS PHARMACEUTICALS LTD.,434930.00,1194.25,,
COFFEEDAY,COFFEE DAY ENTERPRISE LTD,58154.00,28.49,,
GOLDIETF,ICICI PRUDENTIAL GOLD ETF,3450548.00,3318.66,,
FOODSIN,FOODS & INNS LIMITED,13473.00,14.32,,
SILVER,BIRLASLAMC - SILVER,1233137.00,1428.35,,
PTL,PTL ENTERPRISES LTD,6906.00,2.82,,
DCMSRIND,DCM SHRIRAM IND LTD,559889.00,1030.77,,
AIRAN,AIRAN LIMITED,66548.00,19.42,,
CENTENKA,CENTURY ENKA LTD,57916.00,342.49,,
SESHAPAPER,SESHASAYEE PAPER & BOARDS,45836.00,137.23,,
NRBBEARING,NRB BEARING LIMITED,490899.00,1456.29,,
MGEL,MANGALAM GLOBAL ENT LTD,986104.00,169.29,,
PEL,PIRAMAL ENTERPRISES LTD,296052.00,3473.47,,
BASML,BANNARI AM SPIN MILL LTD.,72001.00,21.43,,
BHAGERIA,BHAGERIA INDUSTRIES LTD,67893.00,128.92,,
PRITIKAUTO,PRITIKA AUTO INDUS LTD,56330.00,13.00,,
ARTEMISMED,ARTEMIS MED SERVICE LTD,171194.00,443.05,,
SMLISUZU,SML ISUZU LIMITED,73159.00,2298.08,,
RAINBOW,RAINBOW CHILDRENS MED LTD,172738.00,2521.23,,
KRSNAA,KRSNAA DIAGNOSTICS LTD,200369.00,1672.99,,
PURVA,PURAVANKARA LIMITED,679085.00,1967.40,,
MPSLTD,MPS LIMITED,100938.00,2304.80,,
ANURAS,ANUPAM RASAYAN INDIA LTD,3250519.00,31239.71,,
GROWWDEFNC,GROWWAMC - GROWWDEFNC,957922.00,788.60,,
GREENPANEL,GREENPANEL INDUSTRIES LTD,382834.00,1171.03,,
IGCL,INDOGULF CROPSCIENCES LTD,398564.00,445.53,,
AARTIDRUGS,AARTI DRUGS LTD.,252845.00,1301.51,,
DIGIDRIVE,DIGIDRIVE DISTRIBUTORS L,5301.00,1.73,,
OMAXE,OMAXE LIMITED,383772.00,367.46,,
JKIL,JKUMAR INFR.LTD.,624868.00,4338.33,,
BHAGCHEM,BHAGIRADHA CHEM & INDS L,590423.00,1731.60,,
JCHAC,JOHNSON CONTROLS HITACHI,97513.00,1780.67,,
VINYLINDIA,VINYL CHEMICALS (I) LTD.,14872.00,46.98,,
GENUSPAPER,GENUS P&B LIMITED,146090.00,30.90,,
TOKYOPLAST,TOKYO PLAST INTL LTD,5019.00,6.50,,
INNOVACAP,INNOVA CAPTAB LIMITED,71285.00,630.87,,
PASUPTAC,PASUPATI ACRYLON LIMITED,1682.00,0.78,,
INDTERRAIN,IND TERRAIN FASHIONS LTD,17971.00,7.78,,
HEALTHIETF,ICICIPRAMC - ICICIPHARM,102064.00,151.37,,
PATELRMART,PATEL RETAIL LIMITED,6154.00,14.10,,
SHANTIGOLD,SHANTI GOLD INTERNATION L,771549.00,1682.27,,
MEDICAMEQ,MEDICAMEN BIOTECH LIMITED,20536.00,92.42,,
GEMAROMA,GEM AROMATICS LIMITED,29196.00,72.70,,
TNPETRO,TAMILNADU PETROPRODUCTS L,26038.00,22.76,,
GLOBECIVIL,GLOBE CIVIL PROJECTS LTD,135970.00,105.40,,
SHREERAMA,SHREE RAMA MULTI TECH LTD,50185.00,22.62,,
GEECEE,GEECEE VENTURES LIMITED,200.00,0.77,,
SETFNN50,SBI-ETF NIFTY NEXT 50,32287.00,241.61,,
RAMRAT,RAM RATNA WIRES LIMITED,56463.00,383.46,,
KAPSTON,KAPSTON SERVICES LIMITED,8.00,0.02,,
VARDHACRLC,VARDHAMAN ACRYLICS LTD,1658.00,0.76,,
GALAXYSURF,GALAXY SURFACTANTS LTD,45006.00,1109.25,,
ACL,ANDHRA CEMENTS LIMITED,62.00,0.04,,
PILANIINVS,PILANI INV & IND COR LTD,12357.00,673.31,,
IZMO,IZMO LIMITED,4804.00,29.54,,
AONEGOLD,AONEAMC - AONEGOLD,7682.00,0.86,,
SILVERAG,MIRAEAMC - MASILVER,300574.00,380.10,,
GROWWLOVOL,GROWWAMC - GROWWLOVOL,5968.00,0.62,,
ITETF,MIRAEAMC - ITETF,807566.00,299.77,,
AONENIFTY,AONEAMC - AONENIFTY,46430.00,4.73,,
SBIETFQLTY,SBIAMC - SBIETFQLTY,3889.00,8.73,,
ESG,MIRAEAMC - MAESGETF,27422.00,11.82,,
MOLOWVOL,MOTILALAMC - MOLOWVOL,9285.00,3.48,,
SUNDROP,SUNDROP BRANDS LIMITED,64938.00,521.74,,
PRAKASHSTL,PRAKASH STEELAGE LTD,1080.00,0.09,,
AVROIND,AVRO INDIA LIMITED,200.00,0.30,,
ABSLPSE,BIRLASLAMC-ABSLPSE,106218.00,10.64,,
OCCL,ORIENTAL CARBN & CHEM LTD,720.00,2.26,,
GSEC5IETF,ICICIPRAMC - ICICI5GSEC,1448.00,0.92,,
RPPL,RAJSHREE POLYPACK LTD,25240.00,6.39,,
BHAGYANGR,BHAGYANAGAR INDIA LIMITED,1000.00,0.97,,
SRGHFL,SRG HOUSING FINANCE L,2.00,0.01,,
PANCARBON,PANA CARBON IND CO LTD,100.00,0.50,,
WAAREEENER,WAAREE ENERGIES LIMITED,1618809.00,55095.42,,
IEX,INDIAN ENERGY EXC LTD,8748808.00,14434.60,,
SWANCORP,SWAN CORP LIMITED,6405260.00,32160.15,,
TATAMOTORS,TATA MOTORS LIMITED,16231417.00,118969.77,,
HAL,HINDUSTAN AERONAUTICS LTD,2791686.00,132524.02,,
OIL,OIL INDIA LTD,3414511.00,15479.50,,
APARINDS,APAR INDUSTRIES LTD.,74309.00,6132.75,,
BSE,BSE LIMITED,3979196.00,95008.70,,
PCJEWELLER,PC JEWELLER LTD,65739455.00,9229.29,,
LODHA,LODHA DEVELOPERS LIMITED,1739255.00,22277.43,,
CRAFTSMAN,CRAFTSMAN AUTOMATION LTD,23293.00,1418.25,,
MVGJL,MANOJ VAIBHAV GEM N JEW L,276590.00,623.63,,
VBL,VARUN BEVERAGES LIMITED,9535291.00,47545.49,,
NSIL,NALWA SONS INVESTMENT LTD,26725.00,2046.44,,
EASEMYTRIP,EASY TRIP PLANNERS LTD,67672708.00,8371.76,,
PFOCUS,PRIME FOCUS LIMITED,1241829.00,2240.51,,
JMFINANCIL,JM FINANCIAL LIMITED,12177055.00,19774.91,,
MANINFRA,MAN INFRA LTD,1793452.00,3181.20,,
ASTRAL,ASTRAL LIMITED,958780.00,14491.10,,
BAJAJFINSV,BAJAJ FINSERV LTD.,955993.00,19093.76,,
HDFCLIFE,HDFC LIFE INS CO LTD,893012.00,6791.94,,
ICICIBANK,ICICI BANK LTD.,2281332.00,31714.63,,
IGL,INDRAPRASTHA GAS LTD,1769889.00,3859.78,,
ITC,ITC LTD,12649734.00,52991.83,,
NHPC,NHPC LTD,33223593.00,30325.34,,
ASTRAMICRO,ASTRA MICROWAVE LTD,1970605.00,17800.22,,
MONARCH,MONARCH NETWORTH CAP LTD,353675.00,1277.36,,
INDUSTOWER,INDUS TOWERS LIMITED,5258259.00,18416.50,,
MRPL,MRPL,7579045.00,11807.94,,
PARADEEP,PARADEEP PHOSPHATES LTD,6962201.00,13425.64,,
HDFCBANK,HDFC BANK LTD,3611970.00,33987.31,,
JINDRILL,JINDAL DRILLING IND. LTD,487601.00,3286.36,,
SPANDANA,SPANDANA SPHOORTY FIN LTD,706331.00,2459.43,,
SATIN,SATIN CREDIT NET LTD,432294.00,700.01,,
SUMMITSEC,SUMMIT SECURITIES LTD,16995.00,365.59,,
ARVINDFASN,ARVIND FASHIONS LIMITED,491866.00,2607.73,,
VTL,VARDHMAN TEXTILES LIMITED,664923.00,3147.00,,
TAJGVK,TAJ GVK HOTELS & RESORTS,1048372.00,4614.59,,
RADHIKAJWE,RADHIKA JEWELTECH LIMITED,450503.00,433.65,,
TEXRAIL,TEXMACO RAIL & ENG. LTD.,8932384.00,14908.26,,
NIITLTD,NIIT LIMITED,2894601.00,4162.37,,
ALOKINDS,ALOK INDUSTRIES LIMITED,13853696.00,2749.78,,
HIMATSEIDE,HIMATSINGKA SEIDE LTD,2843057.00,4245.72,,
SAREGAMA,SAREGAMA INDIA LIMITED,689261.00,3641.82,,
SHRIRAMFIN,SHRIRAM FINANCE LIMITED,3722885.00,24434.68,,
DEVYANI,DEVYANI INTERNATIONAL LTD,9704739.00,16923.47,,
WABAG,VA TECH WABAG LTD,923537.00,13483.82,,
PETRONET,PETRONET LNG LIMITED,2356743.00,7052.05,,
UNOMINDA,UNO MINDA LIMITED,299321.00,3719.48,,
LLOYDSENGG,LLOYDS ENGG WORK LIMITED,18161688.00,11981.87,,
FIVESTAR,FIVE-STAR BUS FIN LTD,2086079.00,12399.11,,
WHIRLPOOL,WHIRLPOOL OF INDIA LTD,206881.00,2688.80,,
AJANTPHARM,AJANTA PHARMA LIMITED,79786.00,2138.81,,
TTKPRESTIG,TTK PRESTIGE LTD,104528.00,724.14,,
VSTIND,VST INDUSTRIES LTD,1302824.00,3897.76,,
BSOFT,BIRLASOFT LIMITED,5192950.00,22816.49,,
PNGJL,P N GADGIL JEWELLERS LTD,633139.00,3895.80,,
TEJASNET,TEJAS NETWORKS LIMITED,4219638.00,30780.27,,
REPCOHOME,REPCO HOME FINANCE LTD,905115.00,3729.22,,
INOXWIND,INOX WIND LIMITED,21712355.00,36301.15,,
ARVIND,ARVIND LIMITED,1310644.00,4428.27,,
KOLTEPATIL,KOLTE PATIL DEV. LTD.,320455.00,1419.42,,
VOLTAS,VOLTAS LTD,502970.00,7093.08,,
ITCHOTELS,ITC HOTELS LIMITED,6316720.00,14483.71,,
HEUBACHIND,HEUBACH COLORANTS IND LTD,30471.00,171.75,,
ZYDUSWELL,ZYDUS WELLNESS LIMITED,270141.00,1236.81,,
CHAMBLFERT,CHAMBAL FERTILIZERS LTD,4783120.00,26512.08,,
AMBER,AMBER ENTERPRISES (I) LTD,130472.00,10194.53,,
PANACEABIO,PANACEA BIOTEC LTD,380588.00,1589.78,,
KARURVYSYA,KARUR VYSYA BANK LTD,2825973.00,5971.70,,
SUBEXLTD,SUBEX LTD,788156.00,132.63,,
TARSONS,TARSONS PRODUCTS LIMITED,1439993.00,5367.30,,
CEMPRO,CEMINDIA PROJECTS LIMITED,916978.00,6689.93,,
KPIL,KALPATARU PROJECT INT LTD,186842.00,2296.09,,
KOTAKBANK,KOTAK MAHINDRA BANK LTD,339105.00,7093.01,,
KTKBANK,KARNATAKA BANK LIMITED,15220213.00,28423.23,,
EKC,EVEREST KANTO CYLINDERLTD,1332185.00,1992.76,,
ORIENTPPR,ORIENT PAPER AND INDS LTD,3513746.00,1174.77,,
ARE&M,AMARA RAJA ENERGY MOB LTD,1568968.00,16758.13,,
NIVABUPA,NIVA BUPA HEALTH INS CO L,6693055.00,5680.97,,
MINDTECK,MINDTECK (INDIA) LIMITED,6192.00,17.97,,
ITDC,INDIA TOUR. DEV. CO. LTD.,226135.00,1492.24,,
WELCORP,WELSPUN CORP LIMITED,1585437.00,13447.19,,
VERANDA,VERANDA LEARNING SOL LTD,6141083.00,14159.02,,
KIRLOSBROS,KIRLOSKAR BROTHERS LTD,185981.00,3926.83,,
PNBGILTS,PNB GILTS LIMITED,3625584.00,3832.37,,
MOTILALOFS,MOTILAL OSWAL FIN LTD,1374435.00,11996.83,,
ECOSMOBLTY,ECOS (INDIA) MOB & HOSP L,256884.00,737.88,,
ROSSTECH,ROSSELL TECHSYS LIMITED,73330.00,538.71,,
JKLAKSHMI,JK LAKSHMI CEMENT LTD,263209.00,2406.48,,
STYLEBAAZA,BAAZAR STYLE RETAIL LTD,753073.00,2623.82,,
SJS,SJS ENTERPRISES LIMITED,154093.00,2008.28,,
INDUSINDBK,INDUSIND BANK LIMITED,4725161.00,38443.92,,
CUB,CITY UNION BANK LTD,1254323.00,2548.50,,
SCHAND,S CHAND AND COMPANY LTD,137031.00,292.98,,
JKPAPER,JK PAPER LIMITED,729418.00,2996.45,,
TI,TILAKNAGAR INDUSTRIES LTD,3531392.00,15689.25,,
MPHASIS,MPHASIS LIMITED,192868.00,5468.04,,
COFORGE,COFORGE LIMITED,1095184.00,18922.05,,
GODREJPROP,GODREJ PROPERTIES LTD,1124210.00,25211.31,,
DMART,AVENUE SUPERMARTS LIMITED,286074.00,12810.41,,
ASKAUTOLTD,ASK AUTOMOTIVE LIMITED,298402.00,1560.33,,
MAMATA,MAMATA MACHINERY LIMITED,523889.00,2531.75,,
JLHL,JUPITER LIFE LINE HOSP L,16409.00,243.80,,
SONATSOFTW,SONATA SOFTWARE LTD,2193588.00,8799.30,,
SUPRIYA,SUPRIYA LIFESCIENCE LTD,451486.00,3172.69,,
SIEMENS,SIEMENS LTD,360393.00,12627.35,,
ATULAUTO,ATUL AUTO LIMITED,255088.00,1300.40,,
POLYMED,POLY MEDICURE LIMITED,314267.00,6822.26,,
BRIGADE,BRIGADE ENTER. LTD,741024.00,7671.40,,
CIEINDIA,CIE AUTOMOTIVE INDIA LTD,557466.00,2520.91,,
MAKEINDIA,MIRAEAMC - MAMFGETF,25753.00,38.06,,
TFCILTD,TOURISM FINANCE CORP. OF,55019579.00,28721.57,,
MASPTOP50,MIRAEAMC - MASPTOP50,490733.00,304.37,,
MIDSMALL,MIRAEAMC - MIDSMALL,1279700.00,622.08,,
GILLETTE,GILLETTE INDIA LTD,31964.00,3156.97,,
TASTYBITE,TASTY BITE EATABLES LTD,8327.00,902.52,,
RSYSTEMS,R SYS INTERNATIONAL LTD,443897.00,2019.41,,
GOLDCASE,ZERODHAAMC - GOLDCASE,2169393.00,387.39,,
AVL,ADITYA VISION LIMITED,130181.00,684.17,,
MIDCAPIETF,ICICIPRAMC - ICICIM150,4147030.00,908.54,,
BHARATRAS,BHARAT RASAYAN LTD,10199.00,1087.84,,
INDIGO,INTERGLOBE AVIATION LTD,484298.00,27226.47,,
ZODIAC,ZODIAC ENERGY LIMITED,137.00,0.62,,
DALBHARAT,DALMIA BHARAT LIMITED,50242.00,1132.25,,
BLISSGVS,BLISS GVS PHARMA LTD,694621.00,1124.87,,
MMP,MMP INDUSTRIES LIMITED,32756.00,91.93,,
NIFTY1,KOTAK NIFTY ETF,61568.00,168.01,,
LTIM,LTIMINDTREE LIMITED,170644.00,9240.81,,
EXICOM,EXICOM TELE SYSTEMS LTD,742044.00,1249.34,,
DYNAMATECH,DYNAMATIC TECHNOLOGIES,78153.00,5467.80,,
FACT,FACT LTD,740115.00,7316.07,,
KCP,KCP LTD,1392404.00,3026.49,,
APOLLOHOSP,APOLLO HOSPITALS ENTER. L,115851.00,8770.84,,
CPPLUS,ADITYA INFOTECH LIMITED,48919.00,665.51,,
PFS,PTC INDIA FIN SERV LTD,1975063.00,801.99,,
SGIL,SYNERGY GREEN IND. LTD,30366.00,167.99,,
WINDLAS,WINDLAS BIOTECH LIMITED,225594.00,2057.09,,
INTELLECT,INTELLECT DESIGN ARENA,477393.00,4827.78,,
STAR,STRIDES PHARMA SCI LTD,816635.00,6456.87,,
AJMERA,AJMERA REALTY & INF I LTD,177790.00,1685.02,,
SHRIPISTON,SHRIRAM PIST. & RING LTD,56061.00,1429.10,,
SHARDAMOTR,SHARDA MOTOR INDS LTD,129569.00,1383.31,,
JKCEMENT,JK CEMENT LIMITED,37828.00,2539.94,,
HDFCNEXT50,HDFCAMC - HDFCNEXT50,113275.00,78.11,,
HDFCMOMENT,HDFCAMC - HDFCMOMENT,583809.00,188.85,,
HDFCLIQUID,HDFCAMC - HDFCLIQUID,12.00,0.12,,
MOSMALL250,MOTILALAMC - MOSMALL250,2698387.00,466.34,,
LIQUIDADD,DSPAMC - LIQUIDADD,2113.00,23.06,,
GABRIEL,GABRIEL INDIA LTD,171428.00,1678.48,,
NIFTYIETF,ICICI PRUD NIFTY ETF,502649.00,1378.58,,
JUBLPHARMA,JUBILANT PHARMOVA LTD,471093.00,5268.22,,
GROWWRAIL,GROWWAMC - GROWWRAIL,2015151.00,733.77,,
SYNCOMF,SYNCOM FORMU (I) LTD,193078.00,37.42,,
NDRAUTO,NDR AUTO COMPONENTS LTD,29902.00,324.59,,
CYIENTDLM,CYIENT DLM LIMITED,752930.00,3801.59,,
KSL,KALYANI STEELS LIMITED,274642.00,2382.62,,
BOSCHLTD,BOSCH LIMITED,13840.00,5447.74,,
CHEMPLASTS,CHEMPLAST SANMAR LIMITED,214414.00,963.47,,
GROWWGOLD,GROWWAMC - GROWWGOLD,227278.00,260.82,,
SBISILVER,SBIAMC - SBISILVER,615261.00,836.81,,
NILKAMAL,NILKAMAL LIMITED,7084.00,123.39,,
PFIZER,PFIZER LTD,56691.00,3055.54,,
IGPL,I G PETROCHEMICALS LTD,98583.00,518.11,,
VISHWARAJ,VISHWARAJ SUGAR IND LTD,194841.00,23.17,,
MBLINFRA,MBL INFRASTRUCTURE LTD,160306.00,69.88,,
KECL,KIRLOSKAR ELECTRIC CO LTD,223758.00,309.13,,
TDPOWERSYS,TD POWER SYSTEMS LTD.,722319.00,3805.04,,
AARON,AARON INDUSTRIES LIMITED,891.00,2.16,,
AGRITECH,AGRI-TECH (INDIA) LIMITED,3499.00,6.57,,
PYRAMID,PYRAMID TECHNOPLAST LTD,40902.00,71.95,,
SAKHTISUG,SAKTHI SUGARS LTD,1077157.00,454.18,,
MANGALAM,MANGALAM DRUG & CHEM LTD,5919.00,5.19,,
BHARATGEAR,BHARAT GEARS LTD.,7713.00,9.69,,
HATSUN,HATSUN AGRO PRODUCT LTD.,55826.00,529.30,,
MATRIMONY,MATRIMONY.COM LIMITED,17774.00,115.58,,
NILAINFRA,NILA INFRASTRUCTURES LTD,59848.00,7.54,,
TEAMLEASE,TEAMLEASE SERVICES LTD.,93314.00,1901.00,,
STEELCITY,STEEL CITY SECURITIES LTD,513.00,0.52,,
ALLDIGI,ALLDIGI TECH LIMITED,32310.00,251.80,,
DBEIL,DEEPAK BUILDERS & ENG I L,154093.00,276.43,,
SMLT,SARTHAK METALS LIMITED,4221.00,4.76,,
MSPL,MSP STEEL & POWER LTD.,1132295.00,417.43,,
URJA,URJA GLOBAL LIMITED,284552.00,41.28,,
SHALPAINTS,SHALIM PAINTS LTD,904669.00,873.89,,
DSSL,DYNACONS SYS & SOLN LTD,101922.00,1104.07,,
SAGCEM,SAGAR CEMENTS LIMITED,272358.00,729.31,,
GSS,GSS INFOTECH LIMITED,549472.00,153.15,,
UNIDT,UNITED DRILLING TOOLS LTD,3524.00,8.08,,
CHEMFAB,CHEMFAB ALKALIS LIMITED,7131.00,49.90,,
SANGAMIND,SANGAM (INDIA) LTD,19568.00,88.81,,
JAGRAN,JAGRAN PRAKASHAN LIMITED,730321.00,540.83,,
MMFL,MM FORGINGS LTD,276750.00,1008.89,,
MAYURUNIQ,MAYUR UNIQUOTERS LTD,144253.00,804.46,,
DREAMFOLKS,DREAMFOLKS SERVICES LTD,11727.00,26.30,,
ARMANFIN,ARMAN FIN SERV LTD,63587.00,1005.67,,
WESTLIFE,WESTLIFE FOODWORLD LTD,81445.00,621.82,,
GOLDTECH,AION-TECH SOLUTIONS LTD,1700.00,1.15,,
CORDSCABLE,CORDS CABLE INDUS LTD.,6535.00,12.40,,
AVONMORE,AVONMORE CAP&MGT SERV LTD,19927.00,3.76,,
AURUM,AURUM PROPTECH LIMITED,149656.00,284.76,,
SADBHAV,SADBHAV ENGINEERING LTD,571023.00,75.53,,
CARRARO,CARRARO INDIA LIMITED,73153.00,335.02,,
SILINV,SIL INVESTMENTS LIMITED,518.00,3.70,,
BIRLACABLE,BIRLA CABLE LIMITED,13731.00,25.72,,
BRNL,BHARAT ROAD NETWORK LTD,2407.00,0.53,,
EVERESTIND,EVEREST INDUSTRIES LTD,7725.00,53.25,,
ALLTIME,ALL TIME PLASTICS LIMITED,147092.00,421.07,,
MIDQ50ADD,DSPAMC - DSPQ50ETF,29191.00,74.17,,
BIGBLOC,BIGBLOC CONSTRUCTION LTD,71374.00,69.49,,
KDDL,KDDL LIMITED,33039.00,902.93,,
STLNETWORK,STL NETWORKS LIMITED,162250.00,46.38,,
SANOFICONR,SANOFI CONS HEALTHC IND L,2791.00,142.36,,
ORIENTHOT,ORIENT HOTELS LTD,2631768.00,3704.17,,
ARIHANTSUP,ARIHANT SUPERSTRUCT LTD,97701.00,409.81,,
AXISBPSETF,AXISAMC - AXISBPSETF,10437.00,1.35,,
EMKAY,EMKAY GLOBAL FIN SERV LTD,3637.00,14.19,,
PSUBANK,KOTAK PSU BANK,24887.00,178.97,,
HDFCNIFBAN,HDFCAMC - HDFCNIFBAN,82243.00,45.85,,
BSHSL,BOMBAY SUPER HYBRID SEEDS,10584.00,15.53,,
DONEAR,DONEAR IND. LIMITED,31623.00,33.39,,
FMGOETZE,FEDERAL-MOGUL GOETZE (IND,109943.00,574.32,,
INFRAIETF,ICICIPRAMC - ICICIINFRA,162747.00,152.55,,
LICNETFN50,LICNAMC - LICNFENGP,374.00,1.02,,
IMPAL,IND MOTOR PART & ACC LTD,671.00,7.87,,
PVTBANKADD,DSPAMC - DSPPVBKETF,35579.00,9.64,,
GEEKAYWIRE,GEEKAY WIRES LIMITED,1781.00,1.39,,
VSTL,VIBHOR STEEL TUBES LTD,9003.00,16.28,,
LOKESHMACH,LOKESH MACHINES LTD,2133.00,5.78,,
COASTCORP,COASTAL CORPORATION LTD,15592.00,6.17,,
GROWWSLVR,GROWWAMC - GROWWSLVR,202087.00,286.67,,
HDFCGROWTH,HDFCAMC - HDFCGROWTH,9801.00,11.98,,
GROWWN200,GROWWAMC - GROWWN200,24447.00,2.76,,
TECH,BIRLASLAMC - TECH,34258.00,13.09,,
GROWWMOM50,GROWWAMC - GROWWMOM50,242743.00,26.01,,
AXISTECETF,AXISAMC - AXISTECETF,13233.00,52.55,,
MOMENTUM,BIRLASLAMC - MOMENTUM,62615.00,19.83,,
EVINDIA,MIRAEAMC - EVINDIA,245990.00,75.35,,
ITETFADD,DSPAMC - DSPITETF,25457.00,9.36,,
AMANTA,AMANTA HEALTHCARE LIMITED,1726.00,2.37,,
SHREEJISPG,SHREEJI SHIPPING GLOBAL L,12376.00,29.03,,
NATCAPSUQ,NATURAL CAPSULES LIMITED,11200.00,31.07,,
LANCER,LANCER CONTAINER LINE LTD,2000.00,0.25,,
HCL-INSYS,HCL INFOSYSTEMS LTD,100325.00,15.81,,
NAHARPOLY,NAHAR POLY FILMS LIMITED,2228.00,6.73,,
THEINVEST,THE INVEST TRUST OF IND L,1715.00,2.42,,
AGSTRA,AGS TRANSACT TECH LTD,3262.00,3.15,,
500245,KIRLOSKAR FERROUS INDUSTRIES L,2.00,0.01,,
CASHIETF,ICICIPRAMC - CASHIETF,10.00,0.10,,
SURAJLTD,SURAJ LIMITED,47.00,0.15,,
AARTECH,AARTECH SOLONICS LIMITED,1000.00,0.53,,
TPHQ,TEAMO PRODUCTIONS HQ LTD,10000.00,0.07,,
KANPRPLA,KANPUR PLASTIPACK LIMITED,150.00,0.35,,
NAHARINDUS,NAHAR INDS ENT LTD,12660.00,16.68,,
ATGL,ADANI TOTAL GAS LIMITED,1685609.00,11760.82,,
IRFC,INDIAN RAILWAY FIN CORP L,45046154.00,63640.57,,
MOREPENLAB,MOREPEN LAB. LTD,13697755.00,8281.52,,
GMDCLTD,GUJARAT MINERAL DEV CORP,5082249.00,25304.08,,
SWSOLAR,STRLNG & WIL REN ENE LTD,9086276.00,27243.51,,
YESBANK,YES BANK LIMITED,351909141.00,74723.18,,
COHANCE,COHANCE LIFESCIENCES LTD,754694.00,6890.92,,
GTLINFRA,GTL INFRA.LTD,7181601.00,121.98,,
ROLEXRINGS,ROLEX RINGS LIMITED,120222.00,1753.59,,
IRB,IRB INFRA DEV LTD.,64273906.00,31882.25,,
KOPRAN,KOPRAN LTD,375508.00,686.89,,
ZEEMEDIA,ZEE MEDIA CORPORATION LTD,2741849.00,371.47,,
JAICORPLTD,JAI CORP LIMITED,1611022.00,2764.01,,
EIEL,ENVIRO INFRA ENGINEERS L,3775525.00,9861.81,,
ONGC,OIL AND NATURAL GAS CORP.,11164510.00,28656.05,,
ORIENTCEM,ORIENT CEMENT LTD.,2887561.00,7178.09,,
NETWEB,NETWEB TECH INDIA LTD,436324.00,14657.46,,
REGAAL,REGAAL RESOURCES LIMITED,74238.00,67.27,,
JYOTISTRUC,JYOTI STRUCTURES LTD,22050072.00,4103.37,,
GOPAL,GOPAL SNACKS LIMITED,582383.00,2119.60,,
KAYNES,KAYNES TECHNOLOGY IND LTD,297177.00,19501.95,,
TCS,TATA CONSULTANCY SERV LT,4569079.00,146450.07,,
GAIL,GAIL (INDIA) LTD,17055380.00,31954.67,,
IRCTC,INDIAN RAIL TOUR CORP LTD,3290709.00,26254.39,,
NESTLEIND,NESTLE INDIA LIMITED,592774.00,7045.33,,
MOSCHIP,MOSCHIP TECHNOLOGIES LTD,2608391.00,6349.37,,
MUFIN,MUFIN GREEN FINANCE LTD,602874.00,541.36,,
RBLBANK,RBL BANK LIMITED,14012638.00,36234.15,,
RVNL,RAIL VIKAS NIGAM LIMITED,17134088.00,66376.08,,
XCHANGING,XCHANGING SOLUTIONS LTD,351785.00,362.49,,
BHARTIARTL,BHARTI AIRTEL LIMITED,1308342.00,24959.49,,
SAIL,STEEL AUTHORITY OF INDIA,17761821.00,23529.11,,
SARVESHWAR,SARVESHWAR FOODS LIMITED,3106390.00,217.14,,
TATAPOWER,TATA POWER CO LTD,9923101.00,39451.33,,
DHUNINV,DHUNSERI INVESTMENTS LTD,1259.00,22.95,,
ENGINERSIN,ENGINEERS INDIA LTD,11867542.00,25660.78,,
HINDZINC,HINDUSTAN ZINC LIMITED,7125650.00,34180.43,,
ELECON,ELECON ENG. CO. LTD,1202072.00,7517.68,,
MINDACORP,MINDA CORPORATION LTD,750996.00,4236.68,,
RTNPOWER,RATTANINDIA POWER LIMITED,24705877.00,3335.61,,
WINDMACHIN,WINDSOR MACHINES LIMITED,110237.00,371.62,,
PRAJIND,PRAJ INDUSTRIES LTD,4619588.00,20933.20,,
MTARTECH,MTAR TECHNOLOGIES LIMITED,305833.00,5516.42,,
YATRA,YATRA ONLINE LIMITED,1536712.00,2174.53,,
TARIL,TRANS & RECTI. LTD,1461951.00,7642.77,,
LICHSGFIN,LIC HOUSING FINANCE LTD,3110989.00,18802.60,,
GODFRYPHLP,GODFREY PHILLIPS INDIA LT,840803.00,28535.10,,
TATACONSUM,TATA CONSUMER PRODUCT LTD,518274.00,5664.21,,
HDFCSML250,HDFCAMC - HDFCSML250,3393277.00,5868.54,,
AUROPHARMA,AUROBINDO PHARMA LTD,830704.00,9635.83,,
UNIONBANK,UNION BANK OF INDIA,23233826.00,31881.68,,
NCC,NCC LIMITED,13116108.00,30337.19,,
AUBANK,AU SMALL FINANCE BANK LTD,948334.00,6959.84,,
CLEAN,CLEAN SCIENCE & TECH LTD,938186.00,12527.21,,
EPL,EPL LIMITED,1763932.00,4107.24,,
NH,NARAYANA HRUDAYALAYA LTD.,594303.00,11097.80,,
V2RETAIL,V2 RETAIL LIMITED,337984.00,6711.44,,
GOLDBEES,NIP IND ETF GOLD BEES,20294250.00,19026.59,,
PHARMABEES,NIPPONAMC - NETFPHARMA,7869790.00,1773.92,,
UTIBANKETF,UTIAMC - UTIBANKETF,50432.00,28.89,,
SDBL,SOM DIST & BREW LTD,6481714.00,8585.98,,
360ONE,360 ONE WAM LIMITED,524222.00,5684.61,,
PERSISTENT,PERSISTENT SYSTEMS LTD,483440.00,26542.68,,
ASTERDM,ASTER DM HEALTHCARE LTD.,448061.00,2712.47,,
SUNTV,SUN TV NETWORK LIMITED,530385.00,3239.82,,
NEULANDLAB,NEULAND LAB LTD.,50520.00,6844.87,,
METALIETF,ICICIPRAMC - METALIETF,6174922.00,628.17,,
PIDILITIND,PIDILITE INDUSTRIES LTD,372118.00,5689.37,,
ZFCVINDIA,ZF COM VE CTR SYS IND LTD,10462.00,1407.73,,
SUNFLAG,SUNFLAG IRON AND STEEL CO,601778.00,1730.85,,
AHLUCONT,AHLUWALIA CONT IND LTD,257223.00,2625.37,,
MANGCHEFER,MANG.CHEM.FERT.LTD,180341.00,570.68,,
LUPIN,LUPIN LIMITED,436167.00,8682.18,,
MIDCAPETF,MIRAEAMC - MAM150ETF,7659493.00,1644.86,,
MON100,MOTILAL OS NASDAQ100 ETF,1437701.00,3113.03,,
SIGMA,SIGMA SOLVE LIMITED,58262.00,34.36,,
DEEPAKFERT,DEEPAK FERTILIZERS & PETR,644481.00,8570.80,,
PRECWIRE,PRECISION WIRES INDIA LTD,543538.00,1003.35,,
DYCL,DYNAMIC CABLES LIMITED,202965.00,887.98,,
GODREJCP,GODREJ CONSUMER PRODUCTS,504358.00,6270.30,,
MAHSEAMLES,MAHARASHTRA SEAMLESS LTD,1092052.00,7531.48,,
COSMOFIRST,COSMO FIRST LIMITED,431710.00,4343.05,,
ANUP,THE ANUP ENGINEERING LTD,91176.00,2393.71,,
TIINDIA,TUBE INVEST OF INDIA LTD,191004.00,6208.64,,
DENTA,DENTA WATER N INFRA SOL L,449415.00,1945.97,,
CEWATER,CONCORD ENVIRO SYSTEMS L,80468.00,456.93,,
FUSION,FUSION FINANCE LIMITED,1699709.00,4061.60,,
HDBFS,HDB FINANCIAL SERVICES L,600683.00,4591.24,,
PGIL,PEARL GLOBAL IND LIMITED,114522.00,1606.40,,
GPPL,GUJARAT PIPAVAV PORT LTD,8771191.00,17381.82,,
BALUFORGE,BALU FORGE INDUSTRIES LTD,202548.00,1342.21,,
INGERRAND,INGERSOLL-RAND INDIA LTD,64851.00,2282.14,,
HAPPSTMNDS,HAPPIEST MINDS TECHNO LTD,3046112.00,20389.00,,
INDOTECH,INDO TECH TRANSFORM LTD.,7359.00,129.94,,
BAJEL,BAJEL PROJECTS LIMITED,160806.00,336.16,,
HGS,HINDUJA GLOBAL SOLS. LTD.,112663.00,721.61,,
TANLA,TANLA PLATFORMS LIMITED,2364102.00,16474.82,,
LTFOODS,LT FOODS LIMITED,1299511.00,5744.96,,
BHARTIHEXA,BHARTI HEXACOM LIMITED,114151.00,2045.07,,
RAMCOCEM,THE RAMCO CEMENTS LIMITED,294743.00,3060.52,,
IOLCP,IOL CHEM AND PHARMA LTD,6031045.00,6339.06,,
JUBLINGREA,JUBILANT INGREVIA LIMITED,1049923.00,7710.49,,
VMART,VMART RETAIL LTD,137134.00,1219.11,,
THERMAX,THERMAX LTD,265419.00,9266.87,,
HGINFRA,H.G.INFRA ENGINEERING LTD,476683.00,5228.77,,
SBILIFE,SBI LIFE INSURANCE CO LTD,273772.00,4971.40,,
RALLIS,RALLIS INDIA LTD,1301575.00,4379.89,,
SKYGOLD,SKY GOLD AND DIAMONDS LTD,1489147.00,4423.43,,
AGARWALEYE,DR AGARWALS HEALTH CARE L,114203.00,527.13,,
RANEHOLDIN,RANE HOLDINGS LIMITED,18119.00,302.05,,
CONSUMBEES,NIP IND ETF CONSUMPTION,376170.00,505.67,,
TIIL,TECHNOCRAFT IND LTD,30077.00,813.39,,
TBZ,TRIB BHIMJI ZAVERI LTD,413351.00,829.67,,
MANBA,MANBA FINANCE LIMITED,151674.00,228.26,,
KIRIINDUS,KIRI INDUSTRIES LIMITED,2650288.00,16225.04,,
PVTBANIETF,ICICIPRAMC - ICICIBANKP,1475030.00,402.68,,
GENUSPOWER,GENUS POWER INFRASTRU LTD,3771834.00,13741.18,,
LINDEINDIA,LINDE INDIA LIMITED,147206.00,9969.29,,
GOCLCORP,GOCL CORPORATION LIMITED,349467.00,1353.34,,
NUCLEUS,NUCLEUS SOFTWARE EXPORTS,72396.00,822.35,,
VIPIND,VIP INDUSTRIES LTD,1098617.00,4844.86,,
KELLTONTEC,KELLTON TECH SOL LTD,4542845.00,1221.25,,
WENDT,WENDT (INDIA) LIMITED,34333.00,3373.30,,
WONDERLA,WONDERLA HOLIDAYS LTD.,174466.00,1565.66,,
INDOSTAR,INDOSTAR CAPITAL FIN LTD,1055642.00,3214.42,,
CERA,CERA SANITARYWARE LTD,48442.00,3239.98,,
UTIAMC,UTI ASSET MNGMT CO LTD,258737.00,3491.73,,
PENIND,PENNAR INDUSTRIES LTD,1943880.00,4568.28,,
STALLION,STALLION IND FLUOROCHEM L,140197.00,314.43,,
JSWCEMENT,JSW CEMENT LIMITED,3093372.00,4606.37,,
RAMCOIND,RAMCO INDUSTRIES LIMITED,733174.00,2400.08,,
MOTISONS,MOTISONS JEWELLERS LTD,3771705.00,760.07,,
PRINCEPIPE,PRINCE PIPES FITTINGS LTD,843845.00,3057.87,,
ELIN,ELIN ELECTRONICS LIMITED,70983.00,155.22,,
KRONOX,KRONOX LAB SCIENCES LTD,191626.00,349.92,,
ENRIN,SIEMENS ENERGY INDIA LTD,176303.00,5970.96,,
SUBROS,SUBROS LIMITED,140883.00,1480.96,,
SAILIFE,SAI LIFE SCIENCES LIMITED,861009.00,7469.12,,
ZENSARTECH,ZENSAR TECHNOLOGIES  LTD,750728.00,6114.07,,
AEGISLOG,AEGIS LOGISTICS LIMITED,826061.00,6699.03,,
BAJAJHCARE,BAJAJ HEALTHCARE LIMITED,936367.00,4690.38,,
HLVLTD,HLV LIMITED,875570.00,127.48,,
HIKAL,HIKAL LIMITED,1263590.00,4128.19,,
LIQUIDIETF,ICICIPRAMC - ICICILIQ,23.00,0.23,,
HDFCMID150,HDFCAMC - HDFCMID150,819422.00,172.87,,
LIQUIDSHRI,SHRIRAM - LIQUIDSHRI,60.00,0.64,,
LIQUID,MIRAEAMC - LIQUID,391.00,3.91,,
METAL,MIRAEAMC - METAL,1409620.00,145.86,,
ALIVUS,ALIVUS LIFE SCIENCES LTD,223861.00,2319.98,,
ISGEC,ISGEC HEAVY ENG LTD,185213.00,2032.55,,
CYBERTECH,CYBERTECH SYSTEMS & SOFTW,52278.00,125.88,,
CONTROLPR,CONTROL PRINT LIMITED,53468.00,429.63,,
RELTD,RAVINDRA ENERGY LIMITED,49845.00,85.91,,
PRSMJOHNSN,PRISM JOHNSON LIMITED,1089780.00,1843.61,,
NAM-INDIA,NIPPON L I A M LTD,684302.00,4933.74,,
GULFOILLUB,GULF OIL LUB. IND. LTD.,182798.00,2266.47,,
PRICOLLTD,PRICOL LIMITED,423968.00,2039.99,,
3MINDIA,3M INDIA LIMITED,8570.00,2599.16,,
DBL,DILIP BUILDCON LIMITED,732612.00,3657.86,,
HINDOILEXP,HINDUSTAN OIL EXPLORATION,3956023.00,7832.27,,
EBGNG,GNG ELECTRONICS LIMITED,202453.00,758.42,,
TIMKEN,TIMKEN INDIA LTD.,73802.00,2492.29,,
YASHO,YASHO INDUSTRIES LIMITED,9772.00,177.11,,
INDOAMIN,INDO AMINES LIMITED,238279.00,388.08,,
NOVAAGRI,NOVA AGRITECH LIMITED,28117.00,16.19,,
IVC,IL&FS INVESTMENT MANAGERS,237593.00,26.90,,
5PAISA,5PAISA CAPITAL LIMITED,29087.00,132.07,,
IGARASHI,IGARASHI MOTORS INDIA LTD,179881.00,1003.10,,
GICHSGFIN,GIC HOUSING FINANCE LTD,1194439.00,2387.04,,
COMPUSOFT,COMPUCOM SOFTWARE LTD,35811.00,7.71,,
ACLGATI,ALLCARGO GATI LIMITED,1084267.00,808.79,,
MAHLOG,MAHINDRA LOGISTIC LIMITED,409305.00,1475.98,,
SOTL,SAVITA OIL TECHNOLO. LTD,101281.00,459.91,,
BPL,BPL LTD,51185.00,43.27,,
SURYAROSNI,SURYA ROSHNI LTD,730584.00,2244.20,,
KKCL,KEWAL KIRAN CLOTHING LTD,188366.00,956.66,,
ESSENTIA,INTEGRA ESSENTIA LIMITED,75093.00,1.85,,
BALAXI,BALAXI PHARMA LTD,89719.00,53.90,,
KAMDHENU,KAMDHENU LIMITED,7113608.00,2237.22,,
KIRLOSIND,KIRLOSKAR INDUSTRIES LTD,25857.00,1019.34,,
SREEL,SREELEATHERS LIMITED,11262.00,28.78,,
ABREL,ADITYA BIRLA REAL EST LTD,406598.00,8113.60,,
BLAL,BEML LAND ASSETS LIMITED,90994.00,212.21,,
UFLEX,UFLEX LIMITED,206639.00,1173.74,,
DISHTV,DISH TV INDIA LTD.,3157484.00,201.63,,
ALPHAGEO,ALPHAGEO (INDIA) LIMITED,4333.00,11.56,,
BELLACASA,BELLA CASA FASH AND RET L,6062.00,23.64,,
CARTRADE,CARTRADE TECH LIMITED,176169.00,3677.56,,
NCLIND,NCL INDUSTRIES LIMITED,208519.00,456.18,,
MUFTI,CREDO BRANDS MARKETING L,486436.00,644.83,,
SSDL,SARASWATI SAREE DEPOT LTD,12056.00,11.65,,
PANAMAPET,PANAMA PETROCHEM LTD,107996.00,365.09,,
ESABINDIA,ESAB INDIA LTD,10586.00,565.18,,
BFINVEST,BF INVESTMENT LIMITED,101681.00,545.79,,
RGL,RENAISSANCE GLOBAL LTD,1119963.00,1451.09,,
INSECTICID,INSECTICIDES (I) LTD,108314.00,913.03,,
SPLPETRO,SUPREME PETROCHEM LIMITED,106952.00,891.74,,
GOCOLORS,GO FASHION INDIA LTD,123954.00,975.19,,
SPECIALITY,SPECIALITY REST LTD,45881.00,68.95,,
SURAKSHA,SURAKSHA DIAGNOSTIC LTD,356029.00,1106.08,,
GRPLTD,GRP LIMITED,3244.00,78.74,,
AAATECH,AAA TECHNOLOGIES LIMITED,16408.00,19.85,,
EXXARO,EXXARO TILES LIMITED,46562.00,3.78,,
MONTECARLO,MONTE CARLO FASHIONS LTD.,51762.00,364.49,,
VIKASECO,VIKAS ECOTECH LIMITED,87454.00,1.92,,
ONWARDTEC,ONWARD TECHNOLOGIES LTD,7221.00,23.46,,
NIFMID150,UTIAMC - NIFMID150,28530.00,62.54,,
HAPPYFORGE,HAPPY FORGINGS LIMITED,68400.00,658.48,,
DPABHUSHAN,D. P. ABHUSHAN LIMITED,10246.00,156.17,,
HDFCSENSEX,HDFCAMC - HDFCSENSEX,32120.00,29.34,,
BSLGOLDETF,ADITYBIRLA SL GOLD ETF-GR,206279.00,203.34,,
GLOSTERLTD,GLOSTER LIMITED,4489.00,29.91,,
GFLLIMITED,GFL LIMITED,21938.00,15.22,,
LINC,LINC LIMITED,14392.00,26.97,,
TCI,TRANSPORT CORPN OF INDIA,18671.00,215.75,,
RACE,RACE ECO CHAIN LIMITED,49105.00,125.18,,
DMCC,DMCC SPECIALITY CHEMICALS,15241.00,50.08,,
DENORA,DE NORA INDIA LIMITED,11468.00,103.98,,
AMNPLST,AMINES & PLASTICIZERS LTD,1858.00,5.73,,
MALLCOM,MALLCOM (INDIA) LIMITED,4874.00,60.02,,
DCMNVL,DCM NOUVELLE LIMITED,3536.00,6.35,,
WORTH,WORTH PERIPHERALS LIMITED,18847.00,29.53,,
HDFCBSE500,HDFCAMC - HDFCBSE500,21149.00,7.91,,
GOLD360,360ONEAMC - GOLD360,19875.00,24.29,,
HDFCNIF100,HDFCAMC - HDFCNIF100,40178.00,10.62,,
SUNCLAY,SUNDARAM CLAYTON LIMITED,25372.00,482.22,,
MOM50,MOTILAL OSWAL M50 ETF,22794.00,58.62,,
AXSENSEX,AXISAMC - AXSENSEX,1735.00,1.45,,
AXISVALUE,AXISAMC - AXISVALUE,8566.00,2.53,,
SBINEQWETF,SBIAMC - SBINEQWETF,4354.00,1.41,,
GROWWPOWER,GROWWAMC - GROWWPOWER,18408.00,1.87,,
BANKETF,MIRAEAMC - BANKETF,5920.00,33.39,,
LOWVOL1,KOTAKMAMC - KOTAKLOVOL,5971.00,1.22,,
RNBDENIMS,R&B DENIMS LIMITED,1.00,0.00,,
MOGSEC,MOTILALAMC - G5,3612.00,2.26,,
RMDRIP,R M DRIP & SPRINK SYS LTD,117572.00,89.55,,
AXISCETF,AXISAMC - AXISCETF,15403.00,19.52,,
IDFNIFTYET,BANDHANAMC - IDFNIFTYET,7523.00,20.68,,
KOHINOOR,KOHINOOR FOODS LIMITED,1042.00,0.45,,
JAIPURKURT,NANDANI CREATION LIMITED,850.00,0.35,,
DIAMINESQ,DIAMINES & CHEMICALS LTD,250.00,1.00,,
FLATPROD,FLAT PRODUCTS EQUIPMENT (,17.00,1.02,,
SAKUMA,SAKUMA EXPORTS LIMITED,15100.00,0.64,,
VIRINCHI,VIRINCHI LIMITED,11387.00,3.57,,
KAVDEFENCE,KAVVERI DFS & WIR TEC LTD,115.00,0.11,,
DRCSYSTEMS,DRC SYSTEMS INDIA LIMITED,8315.00,1.73,,
MAANALU,MAAN ALUMINIUM LIMITED,500.00,0.55,,
JMA,JULLUNDUR MOT AGENCY LTD,298.00,0.33,,
MAHESHWARI,MAHESHWARI LOGISTICS LTD.,5745.00,3.57,,
EQUAL200,MIRAEAMC - EQUAL200,2326.00,0.31,,
MON50EQUAL,MOTILALAMC - MON50EQUAL,2608.00,0.85,,
GSEC10YEAR,MIRAEAMC - MAGS813ETF,893.00,0.26,,
DHARMAJ,DHARMAJ CROP GUARD LTD,4217.00,12.68,,
OILCOUNTUB,OIL COUNTRY TUBULAR LTD,163.00,0.11,,
TIPSFILMS,TIPS FILMS LIMITED,115.00,0.56,,
KOVAI,KOVAI MEDICAL CENTER & HO,50.00,3.15,,
SENSEXADD,DSPAMC - DSPSENXETF,1252.00,1.05,,
AERONEU,AEROFLEX NEU LIMITED,2000.00,1.65,,
NTPCGREEN,NTPC GREEN ENERGY LIMITED,18017185.00,19080.62,,
RAJOOENG,RAJOO ENGINEERS LIMITED,1337165.00,1412.67,,
ABFRL,ADITYA BIRLA FASHION & RT,31586466.00,39549.20,,
BANDHANBNK,BANDHAN BANK LIMITED,13503750.00,23493.70,,
SJVN,SJVN LTD,24024735.00,25546.18,,
TATAELXSI,TATA ELXSI LIMITED,406380.00,25099.57,,
JISLJALEQS,JAIN IRRIGATION SYSTEMS,16908451.00,9907.26,,
CDSL,CENTRAL DEPO SER (I) LTD,5701299.00,91311.62,,
HEROMOTOCO,HERO MOTOCORP LIMITED,226795.00,11615.50,,
IFCI,IFCI LTD,17668553.00,10627.13,,
MTNL,MAHANAGAR TELEPHONE NIGAM,6266575.00,3036.50,,
HARSHA,HARSHA ENGINEERS INT LTD,1071737.00,4820.73,,
BAJAJHIND,BAJAJ HINDUSTHAN SUGAR LT,22915991.00,5816.64,,
KPEL,K.P. ENERGY LIMITED,498840.00,2222.89,,
ONMOBILE,ONMOBILE GLOBAL LTD.,1405960.00,912.35,,
INDIAGLYCO,INDIA GLYCOLS LTD,1296158.00,10057.30,,
NAVKARCORP,NAVKAR CORPORATION LTD.,1720750.00,2152.33,,
PARAS,PARAS DEF AND SPCE TECH L,513326.00,3909.10,,
IDEAFORGE,IDEAFORGE TECHNO LTD,1164350.00,6344.00,,
BANKBARODA,BANK OF BARODA,6409361.00,15811.06,,
MOTHERSON,SAMVRDHNA MTHRSN INTL LTD,14680652.00,15582.96,,
PIIND,PI INDUSTRIES LTD,149636.00,5731.50,,
JAMNAAUTO,JAMNA AUTO IND LTD,6219273.00,6684.81,,
LAXMIDENTL,LAXMI DENTAL LIMITED,257030.00,943.69,,
AFFLE,AFFLE 3I LIMITED,218886.00,4251.57,,
BANKINDIA,BANK OF INDIA,20376649.00,24130.22,,
GREAVESCOT,GREAVES COTTON LTD.,5369035.00,11946.49,,
HINDCOPPER,HINDUSTAN COPPER LTD,15021863.00,42510.34,,
TATAINVEST,TATA INVESTMENT CORP LTD,245539.00,23395.60,,
BHEL,BHEL,12101560.00,29818.74,,
GMRAIRPORT,GMR AIRPORTS LIMITED,20520847.00,17920.14,,
INTLCONV,INTL CONVEYORS LIMITED,388038.00,400.27,,
RAMASTEEL,RAMA STEEL TUBES LIMITED,60071595.00,6332.92,,
BODALCHEM,BODAL CHEMICALS LTD,768636.00,564.09,,
POONAWALLA,POONAWALLA FINCORP LTD,3733676.00,17180.47,,
GOACARBON,GOA CARBON LIMITED,23933.00,137.06,,
PCBL,PCBL CHEMICAL LIMITED,4438214.00,18190.68,,
MAHEPC,MAHINDRA EPC IRRIG LTD,59777.00,99.49,,
GMMPFAUDLR,GMM PFAUDLER LIMITED,279185.00,3312.37,,
MAHABANK,BANK OF MAHARASHTRA,36970816.00,20711.35,,
SUPREME,SUPREME HOLDIN N HOSP I L,35375.00,30.50,,
CRISIL,CRISIL LTD,82357.00,4291.84,,
DIFFNKG,DIFFUSION ENGINEERS LTD,161438.00,599.41,,
PNCINFRA,PNC INFRATECH LTD.,1613811.00,5264.20,,
VINATIORGA,VINATI ORGANICS LTD,57588.00,1035.89,,
HAVELLS,HAVELLS INDIA LIMITED,806674.00,12770.79,,
PATANJALI,PATANJALI FOODS LIMITED,3214788.00,19595.41,,
ABCAPITAL,ADITYA BIRLA CAPITAL LTD.,3751584.00,9471.87,,
MARKSANS,MARKSANS PHARMA LIMITED,3961709.00,8146.14,,
INDIASHLTR,INDIA SHELTER FIN CORP L,415188.00,3445.19,,
SHAREINDIA,SHARE IND. SECURITIES LTD,2066881.00,3837.82,,
PRESTIGE,PRESTIGE ESTATE LTD,640783.00,10120.08,,
NATCOPHARM,NATCO PHARMA LTD.,2440253.00,23973.56,,
SOUTHBANK,THE SOUTH INDIAN BANK LTD,27893166.00,8009.15,,
OPTIEMUS,OPTIEMUS INFRACOM LTD,591662.00,3598.44,,
RBZJEWEL,RBZ JEWELLERS LIMITED,42181.00,60.21,,
MASTEK,MASTEK LTD,291473.00,7328.02,,
SAFARI,SAFARI IND (INDIA) LTD,40054.00,860.12,,
ELECTHERM,ELECTROTHERM (I) LTD.,8982.00,93.03,,
GNFC,GUJ NAR VAL FER & CHEM L,2017791.00,11145.73,,
SBCL,SHIVALIK BIMETAL CON. LTD,144703.00,788.94,,
SIYSIL,SIYARAM SILK MILLS LTD,199619.00,1529.99,,
ABSLAMC,ADIT BIRL SUN LIF AMC LTD,459724.00,3832.26,,
CESC,CESC LTD,6085052.00,10276.49,,
TBOTEK,TBO TEK LIMITED,82660.00,1285.93,,
MRF,MRF LTD,3274.00,4310.65,,
IGIL,INTERNATIO GEMM INS (I) L,776401.00,3149.90,,
KPRMILL,KPR MILL LTD.,289073.00,3257.91,,
LAURUSLABS,LAURUS LABS LIMITED,5015969.00,38201.23,,
20MICRONS,20 MICRONS LTD,198079.00,493.01,,
VINCOFE,VINTAGE COFFEE N BVRGS L,1465650.00,2164.79,,
DECCANCE,DECCAN CEMENTS LIMITED,199160.00,1977.29,,
MARUTI,MARUTI SUZUKI INDIA LTD.,76711.00,11525.55,,
UPL,UPL LIMITED,1290181.00,8881.64,,
UNITDSPR,UNITED SPIRITS LIMITED,1297806.00,18109.29,,
MANAPPURAM,MANAPPURAM FINANCE LTD,4021102.00,10569.59,,
INDIAMART,INDIAMART INTERMESH LTD,125541.00,3149.66,,
DATAPATTNS,DATA PATTERNS INDIA LTD,485842.00,13544.96,,
EMUDHRA,EMUDHRA LIMITED,161014.00,1179.58,,
TOP15IETF,ICICIPRAMC - TOP15IETF,4838.00,0.51,,
DEEDEV,DEE DEVELOPMENT ENG LTD,173271.00,509.23,,
MAXHEALTH,MAX HEALTHCARE INS LTD,1244195.00,14461.92,,
AMBUJACEM,AMBUJA CEMENTS LTD,2189323.00,12777.06,,
PROSTARM,PROSTARM INFO SYSTEMS LTD,667099.00,1441.38,,
EMSLIMITED,EMS LIMITED,1171212.00,7380.23,,
CARYSIL,CARYSIL LIMITED,302614.00,2674.64,,
MBEL,M AND B ENGINEERING LTD,223577.00,916.72,,
FIEMIND,FIEM INDUSTRIES LIMITED,106744.00,2123.19,,
GRAPHITE,GRAPHITE INDIA LTD,1712627.00,9640.18,,
GENESYS,GENESYS INTL CORPN LTD,526256.00,3494.99,,
SYMPHONY,SYMPHONY LIMITED,250631.00,2791.88,,
RADICO,RADICO KHAITAN LTD,209346.00,5856.13,,
APLAPOLLO,APL APOLLO TUBES LTD,277019.00,4714.87,,
SWARAJENG,SWARAJ ENGINES LTD,39477.00,1661.61,,
SWELECTES,SWELECT ENERGY SYS LTD,43428.00,377.08,,
INDIACEM,THE INDIA CEMENTS LIMITED,716553.00,2597.19,,
RELAXO,RELAXO FOOT LTD.,695893.00,3399.21,,
HCG,HEALTHCARE GLOB. ENT. LTD,355942.00,2199.36,,
BFUTILITIE,BF UTILITIES LIMITED,402038.00,3202.69,,
ICICIGI,ICICI LOMBARD GIC LIMITED,103050.00,2018.81,,
KRN,KRN HEAT EXCHANGE N REF L,842573.00,7271.01,,
JUSTDIAL,JUSTDIAL LTD.,989436.00,9111.27,,
HONAUT,HONEYWELL AUTOMATION IND,10627.00,4180.31,,
MARINE,MARINE ELECTRICAL (I) LTD,58049.00,127.79,,
INDNIPPON,INDIA NIPPON ELECT  LTD,83990.00,782.54,,
MSTCLTD,MSTC LIMITED,1305212.00,7343.33,,
SHAILY,SHAILY ENG PLASTICS LTD,222331.00,4980.56,,
IKIO,IKIO TECHNOLOGIES LIMITED,364305.00,867.11,,
SUNDARMHLD,SUNDARAM FINANCE HOLD LTD,331007.00,1690.46,,
ATUL,ATUL LTD,252280.00,14840.26,,
SAMHI,SAMHI HOTELS LIMITED,3376087.00,6782.02,,
SUYOG,SUYOG TELEMATICS LIMITED,61679.00,495.41,,
MONQ50,MOTILALAMC - MONQ50,612217.00,555.12,,
VENKEYS,VENKY S (INDIA) LIMITED,155285.00,2504.74,,
BLSE,BLS E-SERVICES LIMITED,51756.00,100.91,,
TORNTPHARM,TORRENT PHARMACEUTICALS L,48932.00,1747.06,,
GANDHITUBE,GANDHI SPL. TUBES LTD,27768.00,254.28,,
TRAVELFOOD,TRAVEL FOOD SERVICES LTD,46398.00,605.89,,
DELHIVERY,DELHIVERY LIMITED,1742235.00,7643.80,,
GODREJAGRO,GODREJ AGROVET LIMITED,827155.00,6269.04,,
PARACABLES,PARAMOUNT COMM LTD,2322829.00,1276.90,,
LUXIND,LUX INDUSTRIES LIMITED,169321.00,2643.34,,
GRWRHITECH,GARWARE HI-TECH FILMS LTD,152695.00,5534.15,,
AARTIPHARM,AARTI PHARMALABS LIMITED,340464.00,2904.60,,
MOIL,MOIL LIMITED,2616366.00,10189.77,,
CAPACITE,CAPACITE INFRAPROJECT LTD,1709203.00,5826.61,,
BHARATWIRE,BHARAT WIRE ROPES LTD.,884213.00,1938.57,,
JUNIORBEES,NIP IND ETF JUNIOR BEES,379725.00,2759.66,,
APEX,APEX FROZEN FOODS LIMITED,154395.00,375.55,,
GRANULES,GRANULES INDIA LIMITED,4077585.00,20662.87,,
IMAGICAA,IMAGICAAWORLD ENT LTD,2714648.00,1795.68,,
ANDHRSUGAR,ANDHRA SUGARS LTD,499657.00,526.43,,
SUNTECK,SUNTECK REALTY LIMITED,1278521.00,5916.85,,
AAVAS,AAVAS FINANCIERS LIMITED,258489.00,4616.27,,
SANSERA,SANSERA ENGINEERING LTD,240325.00,3184.98,,
SHARIABEES,NIP IND ETF SHARIAH BEES,10890.00,54.37,,
DBREALTY,VALOR ESTATE LIMITED,3992725.00,7402.01,,
INOXGREEN,INOX GREEN ENERGY SER LTD,2802091.00,5607.04,,
KINGFA,KINGFA SCI & TEC IND LTD.,323.00,13.90,,
SHILPAMED,SHILPA MEDICARE LTD,74720.00,307.11,,
NIF100IETF,ICICI PRUD NIFTY 100 ETF,397831.00,113.99,,
GILT5YBEES,RELCAPAMC - NETFGILT5Y,10332.00,6.49,,
MONIFTY500,MOTILALAMC - MONIFTY500,693147.00,163.73,,
NIFTY50ADD,DSPAMC - DSPN50ETF,18026.00,46.52,,
NEXT50,MIRAEAMC - MANXT50,10849.00,75.40,,
POKARNA,POKARNA LIMITED,185209.00,1710.07,,
HEXT,HEXAWARE TECHNOLOGIES LTD,515007.00,3829.29,,
GREENPOWER,ORIENT GREEN POWER CO LTD,4202359.00,601.35,,
WALCHANNAG,WALCHANDNAGAR INDUSTRIES,52127.00,117.88,,
SANGHIIND,SANGHI INDUSTRIES LTD,993324.00,726.49,,
NDTV,NDTV LTD,15430.00,19.39,,
CAMPUS,CAMPUS ACTIVEWEAR LIMITED,1125528.00,3236.19,,
FAZE3Q,FAZE THREE LIMITED,39780.00,214.19,,
DVL,DHUNSERI VENTURES LIMITED,21024.00,82.95,,
FDC,FDC LIMITED,470695.00,2347.68,,
JTLIND,JTL INDUSTRIES LIMITED,13928438.00,10895.80,,
JSWHL,JSW HOLDINGS LIMITED,717.00,123.85,,
CHEMCON,CHEMCON SPECIAL CHEM LTD,233772.00,626.96,,
SANOFI,SANOFI INDIA LIMITED,41300.00,2197.20,,
FAIRCHEMOR,FAIRCHEM ORGANICS LIMITED,32008.00,313.37,,
SILVERADD,DSPAMC - DSPSILVETF,175490.00,230.71,,
ANTHEM,ANTHEM BIOSCIENCES LTD,173163.00,1407.16,,
SUNDRMFAST,SUNDRAM FASTENERS LTD,108533.00,1143.91,,
METROBRAND,METRO BRANDS LIMITED,52816.00,652.48,,
ECAPINSURE,EDELAMC - ECAPINSURE,482442.00,113.43,,
POLYPLEX,POLYPLEX CORPORATION LTD,334574.00,3974.73,,
DHAMPURSUG,DHAMPUR SUGAR MILLS LTD.,878509.00,1353.72,,
MAHLIFE,MAHINDRA LIFESPACE DEVLTD,1106424.00,4748.96,,
YUKEN,YUKEN INDIA LIMITED,6846.00,74.15,,
MUTHOOTCAP,MUTHOOT CAP SERV LTD,17006.00,53.04,,
EXCELINDUS,EXCEL INDUSTRIES LTD,28012.00,352.01,,
NECCLTD,NORTH EAST CARRY CORP LTD,11609.00,2.66,,
STARPAPER,STAR PAPER MILLS LTD,943.00,1.76,,
TRANSWORLD,TRANSWORLD SHIP LINES LTD,72537.00,230.63,,
UTTAMSUGAR,UTTAM SUGAR MILLS LTD.,276654.00,878.04,,
EMAMIPAP,EMAMI PAPER MILLS LIMITED,182589.00,201.80,,
FILATFASH,FILATEX FASHIONS LIMITED,880019.00,5.30,,
GMBREW,G M BREWERIES LTD,128821.00,984.04,,
RANASUG,RANA SUGARS LTD.,229234.00,45.62,,
DPSCLTD,DPSC LIMITED,59919.00,10.28,,
RPPINFRA,R.P.P INFRA PROJECTS LTD,66875.00,98.36,,
SURANASOL,SURANA SOLAR LIMITED,3343.00,1.20,,
BAJAJINDEF,INDEF MANUFACTURING LTD,7686.00,27.41,,
GOYALALUM,GOYAL ALUMINIUMS LIMITED,1560.00,0.13,,
RIIL,RELIANCE INDUSTRIAL INFRA,439000.00,4500.00,,
INOXINDIA,INOX INDIA LIMITED,138117.00,1686.14,,
RPGLIFE,RPG LIFE SCIENCES LTD,22999.00,561.67,,
ASIANENE,ASIAN ENERGY SERVICES LTD,567525.00,1941.36,,
RELIGARE,RELIGARE ENTER. LTD.,6380466.00,16700.74,,
PDSL,PDS LIMITED,455422.00,1789.02,,
ABLBL,ADITYA BIRLA LIFES BRAN L,6845108.00,10328.38,,
KHAICHEM,KHAITAN CHEM & FERT LTD,660497.00,819.22,,
MAZDA,MAZDA LIMITED,38148.00,111.96,,
KSOLVES,KSOLVES INDIA LIMITED,37944.00,130.89,,
ESAFSFB,ESAF SMALL FINANCE BANK L,1624768.00,575.69,,
GULFPETRO,GP PETROLEUMS LIMITED,55022.00,24.98,,
GOLDETF,MIRAEAMC - MAGOLDETF,541918.00,587.05,,
TREL,TRANSINDIA REAL ESTATE L,61249.00,22.26,,
MUNJALSHOW,MUNJAL SHOWA LTD,102075.00,152.88,,
STARCEMENT,STAR CEMENT LIMITED,621701.00,1692.98,,
GRINDWELL,GRINDWELL NORTON LIMITED,66528.00,1191.66,,
INDOCO,INDOCO REMEDIES LTD.,123514.00,379.58,,
NEOGEN,NEOGEN CHEMICALS LIMITED,151355.00,2408.56,,
CHOLAHLDNG,CHOLAMANDALAM FIN HOL LTD,89778.00,1748.93,,
SILVERTUC,SILVER TOUCH TECHNO LTD,4826.00,35.30,,
UMIYA-MRO,UMIYA BUILDCON LIMITED,690.00,0.72,,
MOKSH,MOKSH ORNAMENTS LIMITED,722673.00,102.24,,
AFSL,ABANS FINANCIAL SRVCS LTD,28287.00,69.31,,
INDORAMA,INDO RAMA SYNTHETICS LTD,133079.00,74.30,,
ALKALI,ALKALI METALS LTD,1180.00,1.14,,
UYFINCORP,U. Y. FINCORP LIMITED,87785.00,14.15,,
RAJSREESUG,RAJSHREE SUGAR & CHEMICAL,3131.00,1.45,,
LAXMIINDIA,LAXMI INDIA FINANCE LTD,303019.00,499.78,,
MID150,KOTAKMAMC - MID150,5024.00,1.10,,
SBIETFIT,SBIAMC - SBIETFIT,17361.00,68.99,,
ALANKIT,ALANKIT LIMITED,266671.00,37.98,,
VINDHYATEL,VINDHYA TELELINKS LTD,122699.00,1996.09,,
VSTTILLERS,VST TILLERS TRACTORS LTD,43698.00,2237.30,,
LGHL,LAXMI GOLDORNA HOUSE LTD,40.00,0.37,,
GOLD1,KOTAK GOLD ETF,1133423.00,1065.44,,
ASIANTILES,ASIAN GRANITO IND. LTD.,96704.00,55.74,,
FLAIR,FLAIR WRITING INDUST LTD,230841.00,763.74,,
GOLDSHARE,UTI GOLD ETF,1107064.00,879.40,,
VIPCLOTHNG,VIP CLOTHING LIMITED,100004.00,41.14,,
SDL26BEES,RELCAPAMC-NETFSDL26,3539.00,4.71,,
CREATIVE,CREATIVE NEWTECH LIMITED,372633.00,2556.78,,
KCPSUGIND,KCP SUGAR IND CORP LTD.,6103.00,2.23,,
PARSVNATH,PARSVNATH DEVELOPER LTD,3319.00,0.76,,
UTISENSETF,UTIAMC - UTISENSETF,1037.00,9.33,,
BLUSPRING,BLUSPRING ENTERPRISES LTD,255903.00,216.31,,
OMAXAUTO,OMAX AUTOS LTD,2.00,0.00,,
NIRAJ,NIRAJ CEMENT STRUC LTD,16.00,0.01,,
PVSL,POPULAR VEHICLES N SER L,124446.00,177.75,,
GUFICBIO,GUFIC BIOSCIENCES LTD.,159060.00,579.28,,
GLOBALVECT,GLOBAL VEC HELICORP LTD,2132.00,4.94,,
RUBFILA,RUBFILA INTERNATIONAL LTD,10670.00,8.95,,
SCPL,SHEETAL COOL PRODUCTS LTD,4185.00,13.65,,
EBBETF0431,EDELAMC - EBBETF0431,479.00,6.57,,
DCM,DCM LTD,4963.00,6.57,,
TAINWALCHM,TAINWALA CHEMICAL AND PLA,1420.00,3.53,,
IT,KOTAKMAMC - KOTAKIT,438493.00,170.71,,
GROWWLIQID,GROWWAMC - GROWWLIQID,1235.00,1.30,,
CONSUMER,MIRAEAMC - CONSUMER,190448.00,23.09,,
HDFCPSUBK,HDFCAMC HDFCPSUBK,18700.00,13.65,,
HDFCLOWVOL,HDFCAMC - HDFCLOWVOL,36267.00,7.58,,
UNIONGOLD,UNIONAMC - UNIONGOLD,1627.00,1.90,,
HDFCVALUE,HDFCAMC - HDFCVALUE,675.00,0.90,,
NIFTY100EW,KOTAKMAMC - NIFTY100EW,3458.00,1.17,,
NV20,KOTAKMAMC - KTKNV20ETF,5641.00,8.62,,
HINDMOTORS,HINDUSTAN MOTORS LIMITED,40483.00,8.69,,
QNIFTY,QUANTUM NIFTY 50 ETF,1168.00,31.68,,
GRAUWEIL,GRAUER & WEIL IND LTD,2600.00,2.38,,
VAISHALI,VAISHALI PHARMA LIMITED,50001.00,6.24,,
ABGSEC,BIRLASLAMC - ABGSEC,2883.00,3.20,,
ALPA,ALPA LABORATORIES LTD,2698.00,2.97,,
SHAH,SHAH METACORP LIMITED,5961.00,0.20,,
SHREYANIND,SHREYANS INDUSTRIES LTD,400.00,1.19,,
AJOONI,AJOONI BIOTECH LIMITED,7000.00,0.40,,
BGRENERGY,BGR ENERGY SYSTEMS LTD,1.00,0.00,,
GSEC10IETF,ICICIPRAMC - ICICI10GS,229.00,0.59,,
GVKPIL,GVK POW. & INFRA LTD.,20000.00,1.93,,
THOMASCOTT,THOMAS SCOTT (INDIA) LTD,2000.00,6.60,,
NIACL,THE NEW INDIA ASSU CO LTD,3323239.00,7105.37,,
HUBTOWN,HUBTOWN LIMITED,3178346.00,9375.36,,
LICI,LIFE INSURA CORP OF INDIA,3402600.00,31034.07,,
BANCOINDIA,BANCO PRODUCTS (I) LTD,472202.00,3534.62,,
GUJALKALI,GUJARAT ALKALIES & CHEM,364185.00,2353.96,,
ANGELONE,ANGEL ONE LIMITED,1277613.00,33056.72,,
IOC,INDIAN OIL CORP LTD,16711993.00,24801.12,,
HLEGLAS,HLE GLASCOAT LIMITED,349512.00,1780.69,,
TVSSCS,TVS SUPPLY CHAIN SOL L,3027383.00,4328.15,,
RECLTD,REC LIMITED,16909338.00,69737.99,,
MCLEODRUSS,MCLEOD RUSSEL INDIA LTD.,127439.00,47.67,,
SURANAT&P,SURANA TELECOM AND POW LT,30360.00,7.37,,
PPLPHARMA,PIRAMAL PHARMA LIMITED,9254630.00,19215.58,,
RATNAVEER,RATNAVEER PRECISION ENG L,395650.00,616.02,,
AZAD,AZAD ENGINEERING LIMITED,539695.00,9108.34,,
BATAINDIA,BATA INDIA LTD,302593.00,3852.14,,
BPCL,BHARAT PETROLEUM CORP  LT,2495742.00,8211.94,,
MSUMI,MOTHERSON SUMI WRNG IND L,10168720.00,4637.12,,
RKFORGE,RAMKRISHNA FORGINGS LTD,2526232.00,15993.15,,
GSFC,GUJ STATE FERT & CHEM LTD,7130154.00,14940.47,,
NATIONALUM,NATIONAL ALUMINIUM CO LTD,9602372.00,19236.66,,
AURIONPRO,AURIONPRO SOLN LTD,410085.00,5287.87,,
GOKULAGRO,GOKUL AGRO RESOURCES LTD,212941.00,783.44,,
ADANIGREEN,ADANI GREEN ENERGY LTD,2562843.00,27280.37,,
EMBDL,EMBASSY DEVELOPMENTS LTD,38665318.00,45047.23,,
DELTACORP,DELTA CORP LIMITED,9088710.00,8798.09,,
HEMIPROP,HEMISPHERE PROP IND LTD,3198166.00,5102.09,,
LT,LARSEN & TOUBRO LTD.,1025574.00,35994.27,,
SKFINDIA,SKF INDIA LTD,65728.00,3098.36,,
CHENNPETRO,CHENNAI PETROLEUM CORP LT,1739132.00,13029.98,,
SAGILITY,SAGILITY LIMITED,28809157.00,12810.72,,
KPIGREEN,KPI GREEN ENERGY LIMITED,1941303.00,9476.90,,
AARTIIND,AARTI INDUSTRIES LTD,3947397.00,17428.00,,
GULPOLY,GULSHAN POLYOLS LIMITED,290306.00,514.54,,
RBA,RESTAURANT BRAND ASIA LTD,6049411.00,5063.71,,
NSLNISP,NMDC STEEL LIMITED,20928599.00,9470.31,,
GOKEX,GOKALDAS EXPORTS LTD.,935650.00,7573.69,,
CMSINFO,CMS INFO SYSTEMS LIMITED,691334.00,2928.58,,
TECHNOE,TECHNO ELEC & ENG CO. LTD,589490.00,8398.91,,
CCL,CCL PRODUCTS (I) LTD,146387.00,1233.41,,
ICICIPRULI,ICICI PRU LIFE INS CO LTD,1004408.00,6334.43,,
IOB,INDIAN OVERSEAS BANK,29242267.00,12538.66,,
SNOWMAN,SNOWMAN LOGISTICS LTD.,1215687.00,782.29,,
BHARATFORG,BHARAT FORGE LTD,1204183.00,15429.52,,
FINCABLES,FINOLEX CABLES LTD,1021296.00,9780.56,,
DEEPAKNTR,DEEPAK NITRITE LTD,625621.00,12601.53,,
OFSS,ORACLE FIN SERV SOFT LTD.,158316.00,14523.36,,
ICICIB22,ICICIPRAMC - BHARATIWIN,510232.00,565.24,,
STARHEALTH,STAR HEALTH & AL INS CO L,994165.00,4631.04,,
ETERNAL,ETERNAL LIMITED,9653020.00,27213.85,,
HUDCO,HSG & URBAN DEV CORPN LTD,12510289.00,30276.16,,
KALAMANDIR,SAI SILKS (KALAMANDIR) L,2765801.00,4834.50,,
WANBURY,WANBURY LIMITED,30877.00,81.38,,
NOCIL,NOCIL LIMITED,2480262.00,5270.27,,
AIAENG,AIA ENGINEERING LIMITED,77960.00,2588.58,,
PSPPROJECT,PSP PROJECTS LIMITED,489490.00,3660.74,,
YATHARTH,YATHARTH HOSP & TRA C S L,840992.00,5809.70,,
SUMICHEM,SUMITOMO CHEM INDIA LTD,594795.00,3381.55,,
UNICHEMLAB,UNICHEM LABORATORIES LTD,87816.00,531.81,,
GMRP&UI,GMR POW AND URBAN INFRA L,12260741.00,14258.70,,
RCF,RASHTRIYA CHEMICALS & FER,9911594.00,16242.64,,
JINDALPOLY,JINDAL POLY FILMS LIMITED,202794.00,1285.02,,
DIACABS,DIAMOND POWER INFRA LTD,3319192.00,5019.13,,
INDIGOPNTS,INDIGO PAINTS LIMITED,127514.00,1504.40,,
BERGEPAINT,BERGER PAINTS (I) LTD,340053.00,1890.44,,
PPL,PRAKASH PIPES LIMITED,276057.00,1002.56,,
IRMENERGY,IRM ENERGY LIMITED,288436.00,1062.45,,
BAJAJCON,BAJAJ CONSUMER CARE LTD,1703380.00,4037.16,,
MCX,MULTI COMMODITY EXCHANGE,359698.00,28988.15,,
DIXON,DIXON TECHNO (INDIA) LTD,163199.00,26933.45,,
JINDALSAW,JINDAL SAW LIMITED,9003025.00,20549.10,,
EUREKAFORB,EUREKA FORBES LIMITED,101596.00,585.52,,
SENCO,SENCO GOLD LIMITED,955360.00,3715.52,,
OLAELEC,OLA ELECTRIC MOBILITY LTD,12988833.00,7820.15,,
ARIHANTCAP,ARIHANT CAPITAL MKTS LTD,289655.00,308.09,,
CANFINHOME,CAN FIN HOMES LTD,644042.00,5029.14,,
TEGA,TEGA INDUSTRIES LIMITED,1817613.00,36247.55,,
SPAL,S. P. APPARELS LIMITED,64774.00,494.34,,
KEI,KEI INDUSTRIES LTD.,109242.00,4238.49,,
WOCKPHARMA,WOCKHARDT LIMITED,1892379.00,28859.22,,
INDOTHAI,INDO THAI SEC LTD,77333.00,246.33,,
ACCELYA,ACCELYA SOLN INDIA LTD,300840.00,4354.16,,
TVSMOTOR,TVS MOTOR COMPANY  LTD,196488.00,6551.25,,
AKUMS,AKUMS DRUGS AND PHARMA L,460015.00,2389.83,,
CARBORUNIV,CARBORUNDUM UNIVERSAL LTD,360218.00,3593.52,,
KFINTECH,KFIN TECHNOLOGIES LIMITED,2039476.00,24242.35,,
VAKRANGEE,VAKRANGEE LIMITED,390646.00,44.20,,
RAILTEL,RAILTEL CORP OF IND LTD,6852843.00,28434.66,,
EXIDEIND,EXIDE INDUSTRIES LTD,5816566.00,25517.71,,
FEDFINA,FEDBANK FINANCIAL SER L,3003497.00,4213.81,,
GLAND,GLAND PHARMA LIMITED,176145.00,3471.49,,
BBOX,BLACK BOX LIMITED,95532.00,537.11,,
VADILALIND,VADILAL INDUSTRIES LTD,15756.00,867.69,,
MAPMYINDIA,C.E. INFO SYSTEMS LIMITED,201172.00,3735.58,,
SHREDIGCEM,SHREE DIGVIJAY CEM CO LTD,724790.00,682.88,,
SFL,SHEELA FOAM LIMITED,382899.00,2794.68,,
HEG,HEG LTD,1703678.00,8913.48,,
SRM,SRM CONTRACTORS LIMITED,83533.00,455.60,,
IIFLCAPS,IIFL CAPITAL SERVICES LTD,1335924.00,4154.85,,
AKZOINDIA,AKZO NOBEL INDIA LIMITED,29986.00,1068.67,,
DHANBANK,DHANLAXMI BANK LIMITED,516137.00,142.99,,
TRACXN,TRACXN TECHNOLOGIES LTD,277941.00,187.15,,
KICL,KALYANI INVEST CO LTD,4759.00,246.47,,
IMFA,INDIAN METALS & FERRO,237018.00,2015.31,,
VISHNU,VISHNU CHEMICALS LIMITED,556269.00,2750.30,,
FORTIS,FORTIS HEALTHCARE LTD,434941.00,3579.05,,
USHAMART,USHA MARTIN LTD.,2276770.00,9059.44,,
KITEX,KITEX GARMENTS LTD,182380.00,374.13,,
ABDL,ALLIED BLEND N DISTILS L,903037.00,4395.13,,
SYNGENE,SYNGENE INTERNATIONAL LTD,717495.00,4926.91,,
FINEORG,FINE ORGANIC IND. LTD.,29538.00,1437.89,,
SMCGLOBAL,SMC GLOBAL SECURITIES LTD,1134335.00,1656.19,,
CENTURYPLY,CENTURY PLYBOARDS (I) LTD,61514.00,509.35,,
DCAL,DISHMAN CARBO AMCIS LTD,308645.00,890.44,,
ASHOKA,ASHOKA BUILDCON LTD,4864215.00,10250.85,,
GRINFRA,G R INFRAPROJECTS LIMITED,70893.00,946.50,,
ADVENZYMES,ADVANCED ENZYME TECH LTD,651480.00,2318.66,,
LINCOLN,LINCOLN PHARMA LTD,143707.00,865.84,,
MODEFENCE,MOTILALAMC - MODEFENCE,5440146.00,4881.48,,
VARROC,VARROC ENGINEERING LTD.,395999.00,2362.57,,
HERITGFOOD,HERITAGE FOODS LTD,1127813.00,5647.77,,
GRAVITA,GRAVITA INDIA LIMITED,870833.00,15588.09,,
APOLLOTYRE,APOLLO TYRES LTD,1225275.00,5931.48,,
BORORENEW,BOROSIL RENEWABLES LTD,1395544.00,8240.31,,
STYLAMIND,STYLAM INDUSTRIES LIMITED,71354.00,1267.06,,
TTML,TATA TELESERV(MAHARASTRA),413821.00,274.50,,
DIGITIDE,DIGITIDE SOLUTIONS LTD,486907.00,1037.85,,
KMEW,KNOWLEDGE MARINE & EN W L,37908.00,801.97,,
DIVISLAB,DIVI S LABORATORIES LTD,240053.00,14969.33,,
SILVERCASE,ZERODHAAMC - SILVERCASE,1294294.00,173.26,,
QPOWER,QUALITY POWER ELEC EQUP L,758259.00,6046.18,,
FCL,FINEOTEX CHEMICAL LIMITED,1416428.00,3740.09,,
MID150BEES,NIP IND ETF MIDCAP 150,817609.00,1792.88,,
MOM100,MOTILAL OS MIDCAP100 ETF,1259719.00,783.54,,
SMARTWORKS,SMARTWORKS COWORKING SP L,54396.00,301.39,,
EMCURE,EMCURE PHARMACEUTICALS L,78203.00,1084.08,,
BECTORFOOD,MRS BECTORS FOOD SPE LTD,230193.00,3268.46,,
CAPLIPOINT,CAPLIN POINT LAB LTD.,118688.00,2536.12,,
NAVNETEDUL,NAVNEET EDUCATION LTD,692084.00,1079.14,,
WCIL,WESTERN CARRIERS (IND) L,1076092.00,1414.61,,
BANKNIFTY1,KOTAKMAMC-KOTAKBKETF,16726.00,93.45,,
NITCO,NITCO LIMITED,534017.00,721.37,,
UDS,UPDATER SERVICES LIMITED,866273.00,2545.54,,
RADIANTCMS,RADIANT CASH MGMT SER LTD,353732.00,220.60,,
JAGSNPHARM,JAGSONPAL PHARMACEUTICALS,148167.00,367.58,,
KOKUYOCMLN,KOKUYO CAMLIN LIMITED,161118.00,201.61,,
BBTC,BOMBAY BURMAH TRADING COR,262156.00,5077.41,,
SCHNEIDER,SCHNEIDER ELECTRIC INFRA,74740.00,631.86,,
ACUTAAS,ACUTAAS CHEMICALS LIMITED,261704.00,3391.09,,
MICEL,MIC ELECTRONICS LTD,1822798.00,1235.05,,
MOLDTECH,MOLD-TEK TECHNOLOGIES LTD,37301.00,76.60,,
GAEL,GUJARAT AMBUJA EXPORTS LT,1822624.00,2294.29,,
ANDHRAPAP,ANDHRA PAPER LIMITED,576379.00,485.97,,
NIBE,NIBE LIMITED,12287.00,191.64,,
BSE500IETF,ICICIPRAMC - ICICI500,554744.00,217.32,,
AONELIQUID,AONEAMC - AONELIQUID,7.00,0.07,,
SENSEXIETF,ICICI PRUD SENSEX ETF,9515.00,88.50,,
LIQUIDBEES,NIP IND ETF LIQUID BEES,66422.00,664.30,,
GODREJIND,GODREJ INDUSTRIES LTD,193741.00,2278.46,,
BBL,BHARAT BIJLEE LTD,101602.00,2997.00,,
DDEVPLSTIK,DDEV PLASTIKS IND LTD,188911.00,607.25,,
FLUOROCHEM,GUJARAT FLUOROCHEM LTD,605399.00,22411.06,,
STYRENIX,STYRENIX PERFORMANCE LTD,110576.00,2996.34,,
AVADHSUGAR,AVADH SUG & ENERGY LTD,235887.00,1224.15,,
RUBYMILLS,THE RUBY MILLS LTD,7449.00,18.17,,
MANORAMA,MANORAMA INDUSTRIES LTD,270517.00,3935.93,,
ASALCBR,ASSO ALCOHOLS & BREW LTD,107236.00,1055.76,,
KIRLOSENG,KIRLOSKAR OIL ENG LTD,412384.00,3844.43,,
ZOTA,ZOTA HEALTH CARE LIMITED,94549.00,1127.36,,
BOROLTD,BOROSIL LIMITED,343803.00,1283.70,,
M&MFIN,M&M FIN. SERVICES LTD,2464075.00,6919.08,,
ABBOTINDIA,ABBOTT INDIA LIMITED,11406.00,3594.25,,
DODLA,DODLA DAIRY LIMITED,54604.00,758.61,,
BHARATSE,BHARAT SEATS LIMITED,38534.00,66.93,,
NPST,NETWORK PEOPLE SRV TECH L,40755.00,833.11,,
SILVER1,KOTAKMAMC - KOTAKSILVE,452312.00,568.86,,
HDFCSILVER,HDFCAMC - HDFCSILVER,2144063.00,2797.50,,
ESILVER,EDELAMC - ESILVER,42889.00,54.55,,
BLUEDART,BLUE DART EXPRESS LTD,74700.00,4612.88,,
VIKRAMSOLR,VIKRAM SOLAR LIMITED,101273.00,331.93,,
ARVSMART,ARVIND SMARTSPACES LTD,165324.00,1104.78,,
TVTODAY,TV TODAY NETWORK LTD,267748.00,506.67,,
DBCORP,D.B.CORP LTD,134907.00,365.50,,
APTECHT,APTECH LIMITED,84797.00,124.68,,
WSTCSTPAPR,WEST COAST PAPER MILLS LT,356616.00,1942.94,,
SUKHJITS,SUKHJIT STARCH & CHEM LTD,1734.00,3.55,,
TEXMOPIPES,TEXMO PIPE & PRODUCTS LTD,18385.00,11.55,,
GANDHAR,GANDHAR OIL REFINE IND L,724012.00,1252.22,,
ORIENTCER,ORIENT CERATECH LIMITED,59480.00,23.52,,
MANAKSIA,MANAKSIA LTD.,17951.00,15.49,,
OBCL,ORISSA BENGAL CARRIER LTD,2382.00,1.43,,
KANORICHEM,KANORIA CHEMICALS & INDUS,11814.00,15.76,,
SEQUENT,SEQUENT SCIENTIFIC LTD.,1228329.00,2344.45,,
STOVEKRAFT,STOVE KRAFT LIMITED,202965.00,1369.95,,
APCOTEXIND,APCOTEX INDUSTRIES LIMITE,32119.00,135.96,,
NAGAFERT,NAGARJUN FERT AND CHE LTD,41815.00,2.74,,
KESORAMIND,KESORAM INDUSTRIES LTD,141175.00,8.60,,
MIRZAINT,MIRZA INTERNATIONAL LIMIT,203701.00,84.58,,
ETHOSLTD,ETHOS LIMITED,32229.00,859.43,,
SILVERETF,UTIAMC - SILVERETF,754692.00,994.02,,
MEDIASSIST,MEDI ASSIST HEALTH SER L,200128.00,1070.29,,
TPLPLASTEH,TPL PLASTECH LIMITED,74994.00,64.71,,
MAXESTATES,MAX ESTATES LIMITED,331067.00,1639.46,,
BARBEQUE,BARBEQUE NATION HOSP. LTD,374648.00,1065.89,,
LUMAXIND,LUMAX INDUSTRIES LTD,9648.00,441.72,,
SHREEPUSHK,SHRE PUSH CHEM & FERT LTD,94273.00,378.79,,
SRHHYPOLTD,SREE RAYALSEEMA HHP LTD.,52105.00,341.09,,
SIMPLEXINF,SIMPLEX INFRASTRUCTURES L,164197.00,491.00,,
EFCIL,EFC (I) LIMITED,8712.00,26.35,,
WELENT,WELSPUN ENTERPRISES LTD.,992961.00,5078.88,,
ZIMLAB,ZIM LABORATORIES LIMITED,24440.00,26.50,,
KABRAEXTRU,KABRA EXTRUSION TECHNIK L,6356.00,18.24,,
AKSHOPTFBR,AKSH OPTIFIBRE LIMITED,1000.00,0.07,,
USK,UDAYSHIVAKUMAR INFRA LTD,8062.00,2.82,,
ARISINFRA,ARISINFRA SOLUTIONS LTD,529609.00,832.94,,
INDOWIND,INDOWIND ENERGY LTD,14830.00,2.78,,
ADVANIHOTR,ADVANI HOT.& RES.(I) LTD,37144.00,24.15,,
SANDHAR,SANDHAR TECHNOLOGIES LTD,372578.00,1782.01,,
PVP,PVP VENTURES LIMITED,8758.00,2.39,,
CIFL,CAPITAL INDIA FINANCE LTD,36123.00,13.92,,
ALMONDZ,ALMONDZ GLOBAL SEC LTD,11269.00,2.45,,
BANKIETF,ICICIPRAMC - IPRU5008,427426.00,242.45,,
ABSLBANETF,BIRLASLAMC - ABSLBANETF,17952.00,10.02,,
DOLPHIN,DOLPHIN OFF ENT (IND) L,307.00,1.28,,
LICMFGOLD,LIC MF - LIC GOLD ETF,14534.00,1536.91,,
SASTASUNDR,SASTASUNDAR VENTURES LTD,22855.00,68.31,,
SPECTRUM,SPECTRUM ELECTRIC IND LTD,232.00,3.76,,
SETF10GILT,SBIAMC - SETF10GILT,5913.00,15.28,,
FISCHER,FISCHER MEDICAL VENTURE L,116968.00,126.37,,
ICRA,ICRA LIMITED,3717.00,246.45,,
KILITCH,KILITCH DRUGS INDIA LTD,1.00,0.00,,
BBETF0432,EDELAMC - BBETF0432,193.00,2.48,,
CLEDUCATE,CL EDUCATE LIMITED,1.00,0.00,,
EBBETF0430,EDELAMC - EBBETF0430,837.00,12.81,,
ASPINWALL,ASPINWALL & CO LTD,240.00,0.68,,
CHEVIOT,CHEVIOT COMPANY LIMITED,2751.00,35.36,,
OILIETF,ICICIPRAMC - OILIETF,3409430.00,391.82,,
CONSUMIETF,ICICIPRAMC - ICICICONSU,65315.00,80.29,,
EMULTIMQ,EDELAMC - EMULTIMQ,45190.00,19.32,,
HDFCQUAL,HDFCAMC - HDFCQUAL,26516.00,15.37,,
IVZINGOLD,INVESCO INDIA GOLD ETF,798.00,84.19,,
TIGERLOGS,TIGER LOGISTICS (INDIA) L,5000.00,2.30,,
ABSLNN50ET,BIRLASLAMC - ABSLNN50ET,172792.00,131.29,,
KRYSTAL,KRYSTAL INTEGRATED SER L,32596.00,217.68,,
MOTOUR,MOTILALAMC - MOTOUR,1.00,0.00,,
MOHEALTH,MOTILALAMC - MOHEALTH,33048.00,14.77,,
SBIETFCON,SBIAMC - SBIETFCON,7474.00,9.49,,
MOGOLD,MOTILALAMC - MOGOLD,230.00,0.27,,
AXISHCETF,AXISAMC - AXISHCETF,5028.00,7.12,,
NV20BEES,NIP IND ETF ETF NV20,22186.00,32.89,,
SUPERHOUSE,SUPERHOUSE LIMITED,2761.00,5.12,,
MANAKALUCO,MANAK ALUMINIUM CO. LTD.,200.00,0.06,,
HERCULES,HERCULES HOI. LTD.,1624.00,2.81,,
HISARMETAL,HISAR METAL IND. LIMITED,2522.00,5.34,,
IFBAGRO,IFB AGRO INDUSTRIES LTD,135.00,1.14,,
EUROBOND,EURO PANEL PRODUCTS LTD,2187.00,4.93,,
KRITINUT,KRITI NUTRIENTS LIMITED,2050.00,1.93,,
OCCLLTD,OCCL LIMITED,2000.00,2.56,,
HINDCON,HINDCON CHEMICALS LIMITED,78.00,0.03,,
MEGASTAR,MEGASTAR FOODS LIMITED,32.00,0.10,,
FIBERWEB,FIBERWEB INDIA LIMITED,5666.00,2.73,,
SALSTEEL,S.A.L. STEEL LTD.,15771.00,2.97,,
GROWWNIFTY,GROWWAMC - GROWWNIFTY,5.00,0.00,,
RADIOCITY,MUSIC BROADCAST LIMITED,14160.00,1.43,,
TECHM,TECH MAHINDRA LIMITED,1380029.00,21620.61,,
SOMICONVEY,SOMI CONVEYOR BELT. LTD.,175.00,0.25,,
WELSPUNLIV,WELSPUN LIVING LIMITED,10110399.00,14252.25,,
TATASTEEL,TATA STEEL LIMITED,13208028.00,20925.03,,
AEROFLEX,AEROFLEX INDUSTRIES LTD,2493396.00,4799.20,,
ORIENTTECH,ORIENT TECHNOLOGIES LTD,431115.00,1889.17,,
STLTECH,STERLITE TECHNOLOGIES LTD,1366417.00,1605.17,,
SWIGGY,SWIGGY LIMITED,7009658.00,30200.16,,
ALKYLAMINE,ALKYL AMINES CHEM. LTD,160981.00,3378.61,,
HINDUNILVR,HINDUSTAN UNILEVER LTD.,534799.00,13700.58,,
RITES,RITES LIMITED,4784123.00,13792.09,,
KIOCL,KIOCL LIMITED,394327.00,1971.89,,
ADANIENT,ADANI ENTERPRISES LIMITED,927859.00,24242.03,,
CEATLTD,CEAT LIMITED,150752.00,5255.41,,
GOLDIAM,GOLDIAM INTERNATIONAL LTD,2073340.00,7885.84,,
MOBIKWIK,ONE MOBIKWIK SYSTEMS LTD,2705194.00,7873.12,,
ADANIPORTS,ADANI PORT & SEZ LTD,2175825.00,30287.44,,
IDBI,IDBI BANK LIMITED,36229757.00,33347.47,,
JSWSTEEL,JSW STEEL LIMITED,299142.00,3159.49,,
LTF,L&T FINANCE LIMITED,3875617.00,8174.11,,
M&M,MAHINDRA & MAHINDRA LTD,969462.00,33391.76,,
PATELENG,PATEL ENGINEERING LTD.,5826055.00,2514.66,,
HBLENGINE,HBL ENGINEERING LTD,3130654.00,22785.95,,
FCSSOFT,FCS SOFTWARE SOLN. LTD.,379605.00,10.88,,
CGPOWER,CG POWER AND IND SOL LTD,3760700.00,26511.22,,
STERTOOLS,STERLING TOOLS LIMITED,320324.00,1205.29,,
HCC,HINDUSTAN CONSTRUCTION CO,5279587.00,1593.05,,
ROSSARI,ROSSARI BIOTECH LIMITED,194131.00,1375.94,,
SARDAEN,SARDA ENERGY & MIN LTD,1573799.00,8729.96,,
PICCADIL,PICCADILY AGRO INDUSTRI L,123830.00,873.48,,
TRIVENI,TRIVENI ENGG. & INDS. LTD,1278105.00,4962.28,,
LATENTVIEW,LATENT VIEW ANALYTICS LTD,884971.00,3853.92,,
COLPAL,COLGATE PALMOLIVE LTD.,631607.00,15269.01,,
RRKABEL,R R KABEL LIMITED,264591.00,3555.83,,
APTUS,APTUS VALUE HSG FIN I LTD,1813676.00,5980.41,,
EIDPARRY,EID PARRY INDIA LTD,222066.00,2357.85,,
OSWALPUMPS,OSWAL PUMPS LIMITED,482330.00,3856.87,,
SPORTKING,SPORTKING INDIA LIMITED,340418.00,394.16,,
63MOONS,63 MOONS TECHNOLOGIES LTD,301898.00,2695.10,,
NDL,NANDAN DENIM LIMITED,367013.00,14.01,,
INDRAMEDCO,INDRAPRASTHA MEDICAL CORP,274306.00,1329.07,,
CIPLA,CIPLA LTD,332285.00,5107.28,,
VASCONEQ,VASCON ENGINEERS LTD,4468424.00,2846.54,,
INTERARCH,INTERARCH BLDNG SOLTN LTD,17116.00,339.45,,
ECLERX,ECLERX SERVICES LTD,62212.00,2499.70,,
RITCO,RITCO LOGISTICS LIMITED,123549.00,393.05,,
CAMS,COMPUTER AGE MNGT SER LTD,990359.00,40297.87,,
SONACOMS,SONA BLW PRECISION FRGS L,4268483.00,20102.57,,
NYKAA,FSN E COMMERCE VENTURES,1619388.00,3722.96,,
NIFTYBEES,NIP IND ETF NIFTY BEES,4926860.00,13704.79,,
TATAGOLD,TATAAML-TATAGOLD,16575978.00,1843.14,,
BASF,BASF INDIA LTD,168279.00,8704.31,,
INDOFARM,INDO FARM EQUIPMENT LTD,272086.00,673.99,,
GOODLUCK,GOODLUCK INDIA LIMITED,766956.00,7749.62,,
ALKEM,ALKEM LABORATORIES LTD.,26077.00,1428.48,,
ENDURANCE,ENDURANCE TECHNO. LTD.,103476.00,2961.78,,
ITIETF,ICICIPRAMC - ICICITECH,1875689.00,742.95,,
GODAVARIB,GODAVARI BIOREFINERIES L,9238.00,25.76,,
ARROWGREEN,ARROW GREENTECH LIMITED,5348.00,32.49,,
ROHLTD,ROYAL ORCHID HOTELS LTD,356690.00,1617.72,,
EVEREADY,EVEREADY INDS. IND.  LTD.,1348427.00,5594.70,,
IIFL,IIFL FINANCE LIMITED,1950007.00,8589.47,,
VIJAYA,VIJAYA DIAGNOSTIC CEN LTD,134056.00,1422.40,,
TCPLPACK,TCPL PACKAGING LIMITED,25115.00,1010.16,,
MAHKTECH,MIRAEAMC - MAHKTECH,2874400.00,772.58,,
PSUBNKBEES,NIP IND ETF PSU BANK BEES,4902323.00,3990.18,,
ALPHA,KOTAKMAMC - KOTAKALPHA,5074728.00,2504.41,,
SYRMA,SYRMA SGS TECHNOLOGY LTD,1115338.00,8574.75,,
JWL,JUPITER WAGONS LIMITED,4525836.00,17374.93,,
GHCL,GHCL LIMITED,645621.00,3903.89,,
GESHIP,THE GE SHPG.LTD,958913.00,10245.09,,
MAITHANALL,MAITHAN ALLOYS LTD,201965.00,2304.16,,
SETFGOLD,SBI-ETF GOLD,882881.00,853.09,,
MEDPLUS,MEDPLUS HEALTH SERV LTD,639986.00,4852.43,,
TATVA,TATVA CHIN PHARM CHEM LTD,170532.00,1769.85,,
NESCO,NESCO LTD.,268892.00,3476.13,,
CIGNITITEC,CIGNITI TECHNOLOGIES LTD,67578.00,1029.67,,
BEPL,BHANSALI ENG. POLYMERS LT,2716357.00,3237.59,,
LOTUSDEV,SRI LOTUS DEVLPRS N RTY L,1692836.00,3274.86,,
HINDPETRO,HINDUSTAN PETROLEUM CORP,1588564.00,6526.21,,
FILATEX,FILATEX INDIA LTD,2897867.00,1600.82,,
NFL,NATIONAL FERT. LTD,9574404.00,10068.12,,
BLUESTARCO,BLUE STAR LIMITED,206496.00,3906.93,,
MARICO,MARICO LIMITED,459079.00,3310.86,,
JINDWORLD,JINDAL WORLDWIDE LTD,2820914.00,1334.95,,
KAMATHOTEL,KAMAT HOTELS (I) LTD,186982.00,566.34,,
RAYMOND,RAYMOND LTD,743112.00,5531.39,,
POWERMECH,POWER MECH PROJECTS LTD.,261005.00,7797.59,,
WEBELSOLAR,WEBSOL ENERGY SYSTEM LTD,374706.00,4998.41,,
UTKARSHBNK,UTKARSH SMALL FIN BANK L,13254168.00,3826.17,,
GVT&D,GE VERNOVA T&D INDIA LTD,120975.00,3467.70,,
FINOPB,FINO PAYMENTS BANK LTD,746924.00,2179.56,,
ENTERO,ENTERO HEALTHCARE SOLU L,301126.00,3612.90,,
HPL,HPL ELECTRIC & POWER LTD,724389.00,3928.09,,
GRMOVER,GRM OVERSEAS LIMITED,2306386.00,8390.46,,
HNGSNGBEES,NIP IND ETF HANGSENG BEES,461466.00,2282.98,,
MNC,KOTAKMAMC - KOTAKMNC,266285.00,82.53,,
MAFANG,MIRAEAMC - MAFANG,514342.00,772.86,,
MULTICAP,MIRAEAMC - MULTICAP,123914.00,19.61,,
SALZERELEC,SALZER ELECTRONICS LTD,268816.00,2456.40,,
HDFCNIFTY,HDFCAMC - HDFCNIFTY,53184.00,144.59,,
NIFTYETF,MIRAEAMC - MAN50ETF,209008.00,552.58,,
SOMANYCERA,SOMANY CERAMICS LIMITED,108022.00,572.70,,
REDTAPE,REDTAPE LIMITED,1338234.00,2003.56,,
QUESS,QUESS CORP LIMITED,547683.00,1751.33,,
CUMMINSIND,CUMMINS INDIA LTD,175034.00,6761.44,,
INDGN,INDEGENE LIMITED,1029587.00,6077.90,,
SAKSOFT,SAKSOFT LIMITED,698661.00,1522.41,,
STEELXIND,STEEL EXCHANGE INDIA LTD,4092331.00,437.73,,
MIDHANI,MISHRA DHATU NIGAM LTD,2662066.00,11035.80,,
ORISSAMINE,ORISSA MIN DEV CO LTD,41371.00,2457.22,,
AWHCL,ANTONY WASTE HDG CELL LTD,243030.00,1524.28,,
KANSAINER,KANSAI NEROLAC PAINTS LTD,695236.00,1793.66,,
ENIL,ENTERTAIN NET. IND. LTD.,35213.00,57.85,,
JAIBALAJI,JAI BALAJI INDUSTRIES LTD,8985886.00,10613.96,,
EQUITASBNK,EQUITAS SMALL FIN BNK LTD,10599857.00,6803.67,,
ASTEC,ASTEC LIFESCIENCES LTD,323030.00,3261.01,,
ROTO,ROTO PUMPS LIMITED,867436.00,805.54,,
RAYMONDLSL,RAYMOND LIFESTYLE LIMITED,388598.00,4742.66,,
SIGNATURE,SIGNATUREGLOBAL INDIA LTD,756744.00,9079.53,,
VRAJ,VRAJ IRON AND STEEL LTD,48710.00,107.54,,
BALMLAWRIE,BALMER LAWRIE & CO LTD,1777443.00,4077.28,,
ICIL,INDO COUNT INDUSTRIES LTD,824113.00,2514.82,,
GPTHEALTH,GPT HEALTHCARE LIMITED,526569.00,851.97,,
ANUHPHR,ANUH PHARMA LIMITED,25329.00,24.48,,
SPARC,SUN PHARMA ADV.RES.CO.LTD,1680672.00,2753.14,,
IPL,INDIA PESTICIDES LIMITED,912505.00,2007.11,,
RUSTOMJEE,KEYSTONE REALTORS LIMITED,45244.00,285.49,,
MEDANTA,GLOBAL HEALTH LIMITED,165557.00,2206.29,,
GROWWEV,GROWWAMC - GROWWEV,246599.00,75.42,,
SENORES,SENORES PHARMACEUTICALS L,547376.00,3723.14,,
KSB,KSB LIMITED,151882.00,1266.69,,
MUKANDLTD,MUKAND LTD.,446081.00,652.14,,
SHIVALIK,SHIVALIK RASAYAN LIMITED,27420.00,154.80,,
APLLTD,ALEMBIC PHARMA LTD,217428.00,2212.33,,
REMSONSIND,REMSONS INDUSTRIES LTD,119225.00,162.34,,
AUTOIETF,ICICIPRAMC - ICICIAUTO,1608677.00,437.96,,
GALLANTT,GALLANTT ISPAT LIMITED,165662.00,1130.29,,
LOWVOLIETF,ICICI PR NIF LW VL 30 ETF,922194.00,205.05,,
LIQGRWBEES,NIPPONAMC - LIQGRWBEES,1.00,0.01,,
MOVALUE,MOTILALAMC - MOVALUE,145463.00,149.07,,
LIQUIDETF,DSP LIQUID ETF,1044.00,10.44,,
UTINEXT50,UTIAMC - UTINEXT50,183096.00,140.95,,
JSFB,JANA SMALL FIN BANK LTD,348890.00,1776.42,,
LIQUIDCASE,ZERODHAAMC - LIQUIDCASE,50389.00,55.41,,
MANAKCOAT,MAN COAT METAL & IND LTD,110659.00,155.53,,
COMSYN,COMMERCIAL SYN BAGS LTD,2131.00,3.27,,
DCBBANK,DCB BANK LIMITED,5222292.00,6736.29,,
WEL,WONDER ELECTRICALS LTD,1262302.00,1910.90,,
OSWALGREEN,OSWAL GREENTECH LIMITED,257309.00,114.53,,
STEELCAS,STEELCAST LIMITED,32748.00,75.99,,
VRLLOG,VRL LOGISTICS LIMITED,754469.00,2162.93,,
FORCEMOT,FORCE MOTORS LIMITED,60570.00,10057.86,,
AGIIL,AGI INFRA LIMITED,463998.00,4784.60,,
AUTOAXLES,AUTOMOTIVE AXLES LIMITED,26416.00,489.21,,
ONEPOINT,ONE POINT ONE SOL LTD,476642.00,223.10,,
SILVERIETF,ICICIPRAMC - ICICISILVE,3432931.00,4569.59,,
AXISILVER,AXISAMC - AXISILVER,369040.00,496.22,,
MARATHON,MARATHON NXTGEN REALT LTD,1075668.00,6958.67,,
ZAGGLE,ZAGGLE PREPA OCEAN SER L,1711111.00,6341.90,,
GARFIBRES,GARWARE TECH FIBRES LTD,70055.00,601.59,,
UNITEDTEA,UNITED NILGIRI TEA LTD,50.00,0.25,,
MAXIND,MAX INDIA LIMITED,17226.00,37.99,,
AGI,AGI GREENPAC LIMITED,433226.00,3803.99,,
RAJRATAN,RAJRATAN GLOBAL WIRE LTD,413926.00,1512.87,,
DREDGECORP,DREDGING CORP OF INDIA,162083.00,1128.35,,
AARVI,AARVI ENCON LIMITED,505.00,0.62,,
NITINSPIN,NITIN SPINNERS LIMITED,317009.00,1165.76,,
NAHARSPING,NAHAR SPINNING MILLS LTD.,60076.00,147.75,,
DUCON,DUCON INFRATECHNOLOGIES L,132260.00,8.09,,
GTL,GTL LTD,110521.00,13.82,,
AMBIKCO,AMBIKA COTTON MILL LTD.,16341.00,251.26,,
HONDAPOWER,HONDA I POWER PRODUCT LTD,24683.00,734.53,,
ONESOURCE,ONESOURCE SPECL PHARMA L,212689.00,4278.05,,
BAIDFIN,BAID FINSERV LIMITED,37553.00,4.64,,
PENINLAND,PENINSULA LAND LIMITED,202541.00,73.92,,
ARCHIDPLY,ARCHIDPLY IND. LTD,1100.00,1.13,,
LAOPALA,LA OPALA RG LIMITED,306421.00,854.31,,
ISFT,INTRASOFT TECH. LTD,173820.00,195.84,,
SUVEN,SUVEN LIFE SCIENCES LTD,86239.00,178.78,,
3IINFOLTD,3I INFOTECH LIMITED,604043.00,215.35,,
SATIA,SATIA INDUSTRIES LIMITED,927759.00,853.22,,
MAGNUM,MAGNUM VENTURES LTD.,8848.00,2.91,,
AHLADA,AHLADA ENGINEERS LIMITED,5566.00,5.26,,
LMW,LMW LIMITED,20903.00,3150.68,,
PONNIERODE,PONNIE SUGARS (ERODE) LTD,20744.00,68.07,,
PUNJABCHEM,PUNJAB CHEM & CROP PROT L,28842.00,383.42,,
DHANUKA,DHANUKA AGRITECH LTD,81204.00,1333.90,,
MAWANASUG,MAWANA SUGARS LIMITED,28546.00,28.38,,
AXISGOLD,AXIS MF - AXIS GOLD ETF,2336327.00,2220.94,,
RPSGVENT,RPSG VENTURES LIMITED,578156.00,5460.99,,
PREMIERPOL,PREMIER POLYFILM LTD,4354.00,2.07,,
ORIENTBELL,ORIENT BELL LIMITED,484.00,2.39,,
UCAL,UCAL LIMITED,15123.00,22.89,,
SEAMECLTD,SEAMEC LIMITED,114311.00,1106.09,,
LANDMARK,LANDMARK CARS LIMITED,67390.00,398.44,,
AFIL,AKME FINTRADE (INDIA) LTD,12827573.00,995.70,,
BESTAGRO,BEST AGROLIFE LIMITED,64666.00,302.36,,
CSLFINANCE,CSL FINANCE LIMITED,8193.00,25.94,,
VISAKAIND,VISAKA INDUSTRIES LIMITED,39579.00,33.54,,
KERNEX,KERNEX MICROSYS(I) LTD,34104.00,354.67,,
CONCORDBIO,CONCORD BIOTECH LIMITED,200600.00,3489.62,,
NINSYS,NINTEC SYSTEMS LIMITED,2407.00,12.53,,
TNIDETF,TATAAML - TNIDETF,63272.00,58.40,,
NPBET,TATAAML - NPBET,4584.00,13.00,,
HERANBA,HERANBA INDUSTRIES LTD,113543.00,390.17,,
PSUBANKADD,DSPAMC - DSPPSBKETF,39510.00,29.37,,
MBAPL,MADHYA BHARAT AGRO P. LTD,134293.00,563.44,,
PRABHA,PRABHA ENERGY LIMITED,12965.00,32.16,,
MIRCELECTR,MIRC ELECTRONICS LTD,336.00,0.07,,
JAYBARMARU,JAY BHARAT MARUTI LTD,17449.00,15.04,,
MARALOVER,MARAL OVERSEAS LTD,27.00,0.01,,
GOLDETFADD,DSPAMC - DSPGOLDETF,27414.00,30.85,,
QGOLDHALF,QUANTUM GOLD FUND,270777.00,255.69,,
NUVOCO,NUVOCO VISTAS CORP LTD,623219.00,2665.97,,
LIBERTSHOE,LIBERTY SHOES LTD,15079.00,54.49,,
EBBETF0433,EDELAMC - EBBETF0433,173.00,2.17,,
MANCREDIT,MANGAL CREDIT N FINCORP L,3880.00,6.89,,
EQUAL50ADD,DSPAMC - DSPNEWETF,18038.00,59.03,,
TREJHARA,TREJHARA SOLUTIONS LTD,1.00,0.00,,
MSCIINDIA,KOTAKMAMC - MSCIINDIA,24094.00,7.08,,
UNIENTER,UNIPHOS ENTERPRISES LTD,1000.00,1.70,,
HEALTHY,BIRLASLAMC - HEALTHY,198584.00,29.54,,
SGMART,SG MART LIMITED,3226.00,11.76,,
MOINFRA,MOTILALAMC - MOINFRA,204.00,0.12,,
NEXT30ADD,DSPAMC - NEXT30ADD,2991.00,1.17,,
BBNPNBETF,BARODABNP - BBNPNBETF,745.00,0.42,,
SELECTIPO,MIRAEAMC - SELECTIPO,3701.00,1.82,,
COMMOIETF,ICICIPRAMC - ICICICOMMO,71125.00,63.42,,
NIF10GETF,UTIAMC - NIF10GETF,1399.00,0.37,,
NIF5GETF,UTIAMC - NIF5GETF,2953.00,1.89,,
NETF,TATAAML - NETF,23840.00,63.94,,
BRIGHOTEL,BRIGADE HOTEL VENTURE LTD,185679.00,158.33,,
AXISBNKETF,AXISAMC - AXISBNKETF,467.00,2.65,,
SHIVATEX,SHIVA TEXYARN LIMITED,10.00,0.02,,
KMSUGAR,K M SUGAR MILLS LTD,5076.00,1.66,,
HILTON,HILTON METAL FORGING LTD,103649.00,48.17,,
ZEELEARN,ZEE LEARN LIMITED,23500.00,2.31,,
ANMOL,ANMOL INDIA LIMITED,2000.00,0.33,,
ASHIMASYN,ASHIMA LTD,1000.00,0.25,,
ASAHISONG,ASAHI SONGWON COLOR LTD,2044.00,5.99,,
NRAIL,N R AGARWAL INDS LTD,5633.00,20.60,,
INDOBORAX,INDO BORAX & CHEMICAL LTD,2088.00,3.82,,
VIPULLTD,VIPUL LIMITED,209995.00,21.79,,
BEARDSELL,BEARDSELL LIMITED,4301.00,1.49,,
CPCAP,CP CAPITAL LIMITED,25.00,0.10,,
RELCHEMQ,RELIANCE CHEMOTEX IND LTD,125.00,0.24,,
HTMEDIA,HT MEDIA LIMITED,10000.00,2.89,,
JOCIL,JOCIL LIMITED,0.00,0.00,,
