 trade_date |   symbol   | market_cap_category | mtf_amount_cr | avg_mtf_cr | stddev_mtf_cr | z_score |       shocker_type        | deviation_from_avg_cr 
------------+------------+---------------------+---------------+------------+---------------+---------+---------------------------+-----------------------
 2025-12-19 | TVSMOTOR   | Large-High          |         57.34 |      64.62 |          2.80 |   -2.60 | High Negative Shocker     |                 -7.28
 2025-12-19 | DIVISLAB   | Large-High          |        122.27 |     135.97 |          5.35 |   -2.56 | High Negative Shocker     |                -13.70
 2025-12-19 | TMCV       | Large-High          |         74.09 |      27.58 |         18.79 |    2.48 | High Positive Shocker     |                 46.51
 2025-12-19 | HCLTECH    | Large-High          |        157.34 |     136.28 |          8.56 |    2.46 | High Positive Shocker     |                 21.06
 2025-12-19 | BANKBARODA | Large-High          |        125.92 |     143.42 |          7.29 |   -2.40 | High Negative Shocker     |                -17.50
 2025-12-19 | SHRIRAMFIN | Large-High          |        143.27 |     154.95 |          5.17 |   -2.26 | High Negative Shocker     |                -11.68
 2025-12-19 | PFC        | Large-High          |        820.97 |     854.19 |         15.33 |   -2.17 | High Negative Shocker     |                -33.22
 2025-12-19 | INFY       | Large-High          |        336.01 |     370.14 |         16.11 |   -2.12 | High Negative Shocker     |                -34.13
 2025-12-19 | MOTHERSON  | Large-High          |         90.14 |      99.96 |          4.66 |   -2.11 | High Negative Shocker     |                 -9.82
 2025-12-19 | TCS        | Large-High          |        845.19 |     915.92 |         33.66 |   -2.10 | High Negative Shocker     |                -70.73
 2025-12-19 | AUROPHARMA | Large-Low           |         57.38 |      60.88 |          1.40 |   -2.50 | High Negative Shocker     |                 -3.50
 2025-12-19 | ENRIN      | Large-Low           |        132.59 |     103.77 |         12.01 |    2.40 | High Positive Shocker     |                 28.82
 2025-12-19 | BHARTIHEXA | Large-Low           |         23.75 |      27.09 |          1.41 |   -2.37 | High Negative Shocker     |                 -3.34
 2025-12-19 | WAAREEENER | Large-Low           |        602.08 |     634.17 |         14.38 |   -2.23 | High Negative Shocker     |                -32.09
 2025-12-19 | MARICO     | Large-Low           |         21.45 |      22.74 |          0.59 |   -2.19 | High Negative Shocker     |                 -1.30
 2025-12-19 | LUPIN      | Large-Low           |         66.47 |      70.97 |          2.08 |   -2.17 | High Negative Shocker     |                 -4.50
 2025-12-19 | UNOMINDA   | Large-Low           |         51.68 |      52.88 |          0.62 |   -1.94 | Moderate Negative Shocker |                 -1.20
 2025-12-19 | POWERINDIA | Large-Low           |        127.00 |     118.50 |          4.57 |    1.86 | Moderate Positive Shocker |                  8.50
 2025-12-19 | MAZDOCK    | Large-Low           |       1130.88 |    1166.41 |         19.40 |   -1.83 | Moderate Negative Shocker |                -35.53
 2025-12-19 | ICICIPRULI | Large-Low           |         30.17 |      33.56 |          1.89 |   -1.80 | Moderate Negative Shocker |                 -3.39
 2025-12-19 | MRF        | Mid-High            |         62.70 |      67.84 |          2.13 |   -2.41 | High Negative Shocker     |                 -5.14
 2025-12-19 | MPHASIS    | Mid-High            |         40.67 |      44.62 |          1.68 |   -2.35 | High Negative Shocker     |                 -3.95
 2025-12-19 | BDL        | Mid-High            |        658.86 |     671.20 |          5.27 |   -2.34 | High Negative Shocker     |                -12.34
 2025-12-19 | RVNL       | Mid-High            |        672.42 |     691.82 |          8.39 |   -2.31 | High Negative Shocker     |                -19.40
 2025-12-19 | OIL        | Mid-High            |        124.70 |     129.36 |          2.07 |   -2.25 | High Negative Shocker     |                 -4.66
 2025-12-19 | COROMANDEL | Mid-High            |         21.78 |      26.11 |          2.01 |   -2.15 | High Negative Shocker     |                 -4.33
 2025-12-19 | SUNDARMFIN | Mid-High            |          9.73 |      10.22 |          0.23 |   -2.13 | High Negative Shocker     |                 -0.49
 2025-12-19 | OBEROIRLTY | Mid-High            |         64.84 |      67.05 |          1.05 |   -2.11 | High Negative Shocker     |                 -2.21
 2025-12-19 | HDBFS      | Mid-High            |         28.43 |      34.11 |          2.71 |   -2.10 | High Negative Shocker     |                 -5.68
 2025-12-19 | APLAPOLLO  | Mid-High            |         41.31 |      46.53 |          2.50 |   -2.09 | High Negative Shocker     |                 -5.22
 2025-12-19 | TATAELXSI  | Mid-Low             |        240.18 |     270.46 |         10.74 |   -2.82 | High Negative Shocker     |                -30.28
 2025-12-19 | KEI        | Mid-Low             |         37.75 |      48.09 |          4.01 |   -2.58 | High Negative Shocker     |                -10.34
 2025-12-19 | ESCORTS    | Mid-Low             |         41.79 |      40.29 |          0.60 |    2.50 | High Positive Shocker     |                  1.50
 2025-12-19 | PETRONET   | Mid-Low             |         71.83 |      75.07 |          1.31 |   -2.47 | High Negative Shocker     |                 -3.24
 2025-12-19 | NH         | Mid-Low             |         92.65 |      97.26 |          1.91 |   -2.41 | High Negative Shocker     |                 -4.61
 2025-12-19 | CENTRALBK  | Mid-Low             |        142.71 |     148.20 |          2.34 |   -2.35 | High Negative Shocker     |                 -5.49
 2025-12-19 | GOLDBEES   | Mid-Low             |        284.84 |     235.06 |         22.45 |    2.22 | High Positive Shocker     |                 49.78
 2025-12-19 | COCHINSHIP | Mid-Low             |        592.06 |     605.61 |          6.65 |   -2.04 | High Negative Shocker     |                -13.55
 2025-12-19 | RADICO     | Mid-Low             |         51.96 |      55.98 |          2.00 |   -2.01 | High Negative Shocker     |                 -4.02
 2025-12-19 | AIIL       | Mid-Low             |         22.20 |      24.21 |          1.00 |   -2.01 | High Negative Shocker     |                 -2.01
 2025-12-19 | CANFINHOME | Small-High          |         18.77 |      23.97 |          1.90 |   -2.74 | High Negative Shocker     |                 -5.20
 2025-12-19 | LMW        | Small-High          |         31.52 |      30.65 |          0.33 |    2.64 | High Positive Shocker     |                  0.87
 2025-12-19 | PTCIL      | Small-High          |         42.81 |      35.24 |          2.92 |    2.59 | High Positive Shocker     |                  7.57
 2025-12-19 | FSL        | Small-High          |         58.82 |      60.69 |          0.75 |   -2.49 | High Negative Shocker     |                 -1.87
 2025-12-19 | KARURVYSYA | Small-High          |         69.07 |      75.88 |          2.77 |   -2.46 | High Negative Shocker     |                 -6.81
 2025-12-19 | TSFINV     | Small-High          |         17.00 |      17.27 |          0.11 |   -2.45 | High Negative Shocker     |                 -0.27
 2025-12-19 | GSPL       | Small-High          |         55.03 |      55.90 |          0.36 |   -2.42 | High Negative Shocker     |                 -0.87
 2025-12-19 | SENSEXIETF | Small-High          |          3.79 |       4.56 |          0.32 |   -2.41 | High Negative Shocker     |                 -0.77
 2025-12-19 | CEATLTD    | Small-High          |         62.26 |      65.03 |          1.16 |   -2.39 | High Negative Shocker     |                 -2.77
 2025-12-19 | FORCEMOT   | Small-High          |         90.70 |      96.86 |          2.59 |   -2.38 | High Negative Shocker     |                 -6.16
 2025-12-19 | JAYNECOIND | Small-Low           |         40.62 |      44.96 |          1.62 |   -2.68 | High Negative Shocker     |                 -4.34
 2025-12-19 | PRSMJOHNSN | Small-Low           |         20.96 |      21.17 |          0.08 |   -2.61 | High Negative Shocker     |                 -0.21
 2025-12-19 | BBOX       | Small-Low           |         60.94 |      54.12 |          2.64 |    2.58 | High Positive Shocker     |                  6.82
 2025-12-19 | GREENLAM   | Small-Low           |          2.19 |       2.27 |          0.03 |   -2.56 | High Negative Shocker     |                 -0.08
 2025-12-19 | EPIGRAL    | Small-Low           |         45.33 |      44.78 |          0.22 |    2.50 | High Positive Shocker     |                  0.55
 2025-12-19 | NIITMTS    | Small-Low           |          2.91 |       3.19 |          0.11 |   -2.50 | High Negative Shocker     |                 -0.28
 2025-12-19 | ORKLAINDIA | Small-Low           |          1.86 |       0.77 |          0.44 |    2.49 | High Positive Shocker     |                  1.09
 2025-12-19 | PDSL       | Small-Low           |         17.94 |      16.67 |          0.51 |    2.48 | High Positive Shocker     |                  1.27
 2025-12-19 | KPIGREEN   | Small-Low           |        122.20 |     109.79 |          5.04 |    2.46 | High Positive Shocker     |                 12.41
 2025-12-19 | LOTUSDEV   | Small-Low           |         38.88 |      42.50 |          1.47 |   -2.46 | High Negative Shocker     |                 -3.62
 2025-12-19 | RISHABH    | Micro-Low           |          0.17 |       0.13 |          0.01 |    4.24 | High Positive Shocker     |                  0.04
 2025-12-19 | BHARATSE   | Micro-Low           |          0.72 |       0.76 |          0.01 |   -3.91 | High Negative Shocker     |                 -0.04
 2025-12-19 | TIL        | Micro-Low           |          0.09 |       0.02 |          0.02 |    3.33 | High Positive Shocker     |                  0.07
 2025-12-19 | KOVAI      | Micro-Low           |          0.00 |       0.03 |          0.01 |   -3.00 | High Negative Shocker     |                 -0.03
 2025-12-19 | RSWM       | Micro-Low           |          5.56 |       5.53 |          0.01 |    2.98 | High Positive Shocker     |                  0.03
 2025-12-19 | AGIIL      | Micro-Low           |         42.95 |      40.56 |          0.84 |    2.84 | High Positive Shocker     |                  2.39
 2025-12-19 | GUJTHEM    | Micro-Low           |         45.37 |      56.07 |          3.85 |   -2.78 | High Negative Shocker     |                -10.70
 2025-12-19 | ARISINFRA  | Micro-Low           |          8.28 |       7.06 |          0.44 |    2.78 | High Positive Shocker     |                  1.22
 2025-12-19 | BSE500IETF | Micro-Low           |          2.16 |       2.27 |          0.04 |   -2.78 | High Negative Shocker     |                 -0.11
 2025-12-19 | PLATIND    | Micro-Low           |         14.32 |      13.77 |          0.20 |    2.77 | High Positive Shocker     |                  0.55
 2025-12-19 | SHARDACROP | Unknown             |         25.36 |      29.42 |          3.32 |   -1.22 | Moderate Negative Shocker |                 -4.06
 2025-12-18 | POWERGRID  | Large-High          |        223.91 |     216.68 |          2.97 |    2.44 | High Positive Shocker     |                  7.23
 2025-12-18 | APOLLOHOSP | Large-High          |        205.00 |     196.71 |          4.39 |    1.89 | Moderate Positive Shocker |                  8.29
 2025-12-18 | SUNPHARMA  | Large-High          |         70.72 |      62.86 |          4.27 |    1.84 | Moderate Positive Shocker |                  7.86
 2025-12-18 | HDFCAMC    | Large-High          |        107.60 |     116.93 |          5.56 |   -1.68 | Moderate Negative Shocker |                 -9.33
 2025-12-18 | WIPRO      | Large-High          |        122.69 |     133.52 |          6.51 |   -1.66 | Moderate Negative Shocker |                -10.83
 2025-12-18 | TECHM      | Large-High          |        130.53 |     143.46 |          7.90 |   -1.64 | Moderate Negative Shocker |                -12.93
 2025-12-18 | TCS        | Large-High          |        862.72 |     915.92 |         33.66 |   -1.58 | Moderate Negative Shocker |                -53.20
 2025-12-18 | UNIONBANK  | Large-High          |        186.58 |     205.82 |         12.35 |   -1.56 | Moderate Negative Shocker |                -19.24
 2025-12-18 | BAJAJFINSV | Large-High          |        172.08 |     160.50 |          7.57 |    1.53 | Moderate Positive Shocker |                 11.58
 2025-12-18 | ASHOKLEY   | Large-High          |         40.15 |      49.79 |          6.36 |   -1.52 | Moderate Negative Shocker |                 -9.64
 2025-12-18 | PAYTM      | Large-Low           |        163.55 |     149.52 |          6.75 |    2.08 | High Positive Shocker     |                 14.03
 2025-12-18 | POWERINDIA | Large-Low           |        127.00 |     118.50 |          4.57 |    1.86 | Moderate Positive Shocker |                  8.50
 2025-12-18 | UNOMINDA   | Large-Low           |         54.01 |      52.88 |          0.62 |    1.82 | Moderate Positive Shocker |                  1.13
 2025-12-18 | SHREECEM   | Large-Low           |         60.32 |      54.07 |          3.45 |    1.81 | Moderate Positive Shocker |                  6.25
 2025-12-18 | LLOYDSME   | Large-Low           |        512.27 |     314.27 |        113.19 |    1.75 | Moderate Positive Shocker |                198.00
 2025-12-18 | LTF        | Large-Low           |        112.00 |     107.11 |          3.56 |    1.37 | Moderate Positive Shocker |                  4.89
 2025-12-18 | RECLTD     | Large-Low           |        811.02 |     832.50 |         16.08 |   -1.34 | Moderate Negative Shocker |                -21.48
 2025-12-18 | UTINIFTETF | Large-Low           |          0.24 |       0.31 |          0.05 |   -1.34 | Moderate Negative Shocker |                 -0.07
 2025-12-18 | ABCAPITAL  | Large-Low           |         88.95 |      79.68 |          7.27 |    1.28 | Moderate Positive Shocker |                  9.27
 2025-12-18 | MAZDOCK    | Large-Low           |       1142.47 |    1166.41 |         19.40 |   -1.23 | Moderate Negative Shocker |                -23.94
 2025-12-18 | ALKEM      | Mid-High            |         12.13 |      11.40 |          0.37 |    1.98 | Moderate Positive Shocker |                  0.73
 2025-12-18 | TIINDIA    | Mid-High            |         83.58 |      81.27 |          1.27 |    1.82 | Moderate Positive Shocker |                  2.31
 2025-12-18 | FORTIS     | Mid-High            |        142.76 |     139.26 |          2.18 |    1.60 | Moderate Positive Shocker |                  3.50
 2025-12-18 | INDUSINDBK | Mid-High            |        253.00 |     247.23 |          3.62 |    1.59 | Moderate Positive Shocker |                  5.77
 2025-12-18 | GICRE      | Mid-High            |         85.31 |      83.95 |          0.92 |    1.48 | Moderate Positive Shocker |                  1.36
 2025-12-18 | IOB        | Mid-High            |        134.18 |     129.49 |          3.16 |    1.48 | Moderate Positive Shocker |                  4.69
 2025-12-18 | NIFTYBEES  | Mid-High            |        171.57 |     159.78 |          8.80 |    1.34 | Moderate Positive Shocker |                 11.79
 2025-12-18 | ABBOTINDIA | Mid-High            |         44.59 |      45.16 |          0.46 |   -1.24 | Moderate Negative Shocker |                 -0.57
 2025-12-18 | LAURUSLABS | Mid-High            |        380.96 |     368.43 |         10.17 |    1.23 | Moderate Positive Shocker |                 12.53
 2025-12-18 | APLAPOLLO  | Mid-High            |         43.59 |      46.53 |          2.50 |   -1.18 | Moderate Negative Shocker |                 -2.94
 2025-12-18 | 360ONE     | Mid-Low             |         27.33 |      30.52 |          1.82 |   -1.75 | Moderate Negative Shocker |                 -3.19
 2025-12-18 | VOLTAS     | Mid-Low             |         44.02 |      49.08 |          3.06 |   -1.65 | Moderate Negative Shocker |                 -5.06
 2025-12-18 | BLUESTARCO | Mid-Low             |         32.87 |      38.35 |          3.73 |   -1.47 | Moderate Negative Shocker |                 -5.49
 2025-12-18 | AJANTPHARM | Mid-Low             |         13.45 |      14.33 |          0.62 |   -1.42 | Moderate Negative Shocker |                 -0.88
 2025-12-18 | CHOLAHLDNG | Mid-Low             |         18.78 |      15.69 |          2.20 |    1.41 | Moderate Positive Shocker |                  3.09
 2025-12-18 | AWL        | Mid-Low             |        102.70 |     101.38 |          0.94 |    1.40 | Moderate Positive Shocker |                  1.32
 2025-12-18 | KPITTECH   | Mid-Low             |        192.47 |     188.03 |          3.20 |    1.39 | Moderate Positive Shocker |                  4.44
 2025-12-18 | SONACOMS   | Mid-Low             |         90.47 |      93.11 |          1.92 |   -1.38 | Moderate Negative Shocker |                 -2.64
 2025-12-18 | PGHH       | Mid-Low             |         10.14 |      11.11 |          0.78 |   -1.25 | Moderate Negative Shocker |                 -0.97
 2025-12-18 | UBL        | Mid-Low             |         38.98 |      37.32 |          1.34 |    1.24 | Moderate Positive Shocker |                  1.66
 2025-12-18 | JYOTICNC   | Small-High          |         75.01 |      73.22 |          0.71 |    2.52 | High Positive Shocker     |                  1.79
 2025-12-18 | GABRIEL    | Small-High          |         19.32 |      21.84 |          1.00 |   -2.52 | High Negative Shocker     |                 -2.52
 2025-12-18 | THANGAMAYL | Small-High          |          5.95 |       5.12 |          0.38 |    2.18 | High Positive Shocker     |                  0.83
 2025-12-18 | UTIAMC     | Small-High          |         39.99 |      38.69 |          0.62 |    2.09 | High Positive Shocker     |                  1.30
 2025-12-18 | KIOCL      | Small-High          |          3.49 |       3.39 |          0.05 |    1.94 | Moderate Positive Shocker |                  0.10
 2025-12-18 | HBLENGINE  | Small-High          |        421.54 |     406.95 |          7.89 |    1.85 | Moderate Positive Shocker |                 14.59
 2025-12-18 | FIRSTCRY   | Small-High          |         94.35 |      97.08 |          1.50 |   -1.82 | Moderate Negative Shocker |                 -2.73
 2025-12-18 | NUVOCO     | Small-High          |         38.02 |      39.65 |          0.90 |   -1.81 | Moderate Negative Shocker |                 -1.63
 2025-12-18 | NUVAMA     | Small-High          |         63.50 |      74.07 |          6.04 |   -1.75 | Moderate Negative Shocker |                -10.57
 2025-12-18 | STARHEALTH | Small-High          |         45.86 |      48.12 |          1.32 |   -1.71 | Moderate Negative Shocker |                 -2.26
 2025-12-18 | KIRLPNU    | Small-Low           |         18.03 |      17.25 |          0.32 |    2.43 | High Positive Shocker     |                  0.78
 2025-12-18 | ETHOSLTD   | Small-Low           |          6.76 |       6.45 |          0.15 |    2.09 | High Positive Shocker     |                  0.31
 2025-12-18 | GRINFRA    | Small-Low           |          9.75 |       9.83 |          0.04 |   -2.05 | High Negative Shocker     |                 -0.08
 2025-12-18 | MAHLIFE    | Small-Low           |         41.58 |      41.47 |          0.06 |    1.86 | Moderate Positive Shocker |                  0.11
 2025-12-18 | PRICOLLTD  | Small-Low           |         19.94 |      23.03 |          1.68 |   -1.84 | Moderate Negative Shocker |                 -3.09
 2025-12-18 | CAMPUS     | Small-Low           |         25.16 |      24.63 |          0.29 |    1.84 | Moderate Positive Shocker |                  0.53
 2025-12-18 | CRAMC      | Small-Low           |          3.64 |       6.19 |          1.41 |   -1.81 | Moderate Negative Shocker |                 -2.55
 2025-12-18 | MTARTECH   | Small-Low           |         72.82 |      67.15 |          3.19 |    1.78 | Moderate Positive Shocker |                  5.67
 2025-12-18 | ATLANTAELE | Small-Low           |          6.68 |       4.12 |          1.46 |    1.75 | Moderate Positive Shocker |                  2.56
 2025-12-18 | JUNIORBEES | Small-Low           |         76.72 |      73.60 |          1.86 |    1.68 | Moderate Positive Shocker |                  3.12
 2025-12-18 | IFBAGRO    | Micro-Low           |          2.47 |       2.52 |          0.02 |   -2.66 | High Negative Shocker     |                 -0.05
 2025-12-18 | DHAMPURSUG | Micro-Low           |         12.94 |      13.17 |          0.09 |   -2.51 | High Negative Shocker     |                 -0.23
 2025-12-18 | CHOICEGOLD | Micro-Low           |          0.03 |       0.01 |          0.01 |    2.37 | High Positive Shocker     |                  0.02
 2025-12-18 | STANLEY    | Micro-Low           |          3.57 |       3.48 |          0.04 |    2.35 | High Positive Shocker     |                  0.09
 2025-12-18 | GNA        | Micro-Low           |          5.73 |       5.54 |          0.08 |    2.33 | High Positive Shocker     |                  0.19
 2025-12-18 | GTLINFRA   | Micro-Low           |          1.13 |       1.22 |          0.04 |   -2.27 | High Negative Shocker     |                 -0.09
 2025-12-18 | ITETF      | Micro-Low           |          1.25 |       1.16 |          0.04 |    2.22 | High Positive Shocker     |                  0.09
 2025-12-18 | JKIPL      | Micro-Low           |          0.08 |       0.04 |          0.02 |    2.18 | High Positive Shocker     |                  0.04
 2025-12-18 | RSWM       | Micro-Low           |          5.51 |       5.53 |          0.01 |   -2.17 | High Negative Shocker     |                 -0.02
 2025-12-18 | ALLTIME    | Micro-Low           |          4.74 |       4.85 |          0.05 |   -2.14 | High Negative Shocker     |                 -0.11
 2025-12-18 | SHARDACROP | Unknown             |         25.18 |      29.42 |          3.32 |   -1.28 | Moderate Negative Shocker |                 -4.24
 2025-12-17 | CIPLA      | Large-High          |        126.76 |     109.78 |          7.14 |    2.38 | High Positive Shocker     |                 16.98
 2025-12-17 | MAXHEALTH  | Large-High          |        138.12 |     130.42 |          3.83 |    2.01 | High Positive Shocker     |                  7.70
 2025-12-17 | ULTRACEMCO | Large-High          |        217.29 |     204.71 |          6.72 |    1.87 | Moderate Positive Shocker |                 12.58
 2025-12-17 | CANBK      | Large-High          |        259.86 |     279.53 |         10.79 |   -1.82 | Moderate Negative Shocker |                -19.67
 2025-12-17 | ADANIPORTS | Large-High          |        224.94 |     219.33 |          3.80 |    1.48 | Moderate Positive Shocker |                  5.61
 2025-12-17 | VEDL       | Large-High          |        852.55 |     702.24 |        105.25 |    1.43 | Moderate Positive Shocker |                150.31
 2025-12-17 | NESTLEIND  | Large-High          |         69.48 |      68.15 |          0.95 |    1.40 | Moderate Positive Shocker |                  1.33
 2025-12-17 | HDFCLIFE   | Large-High          |         55.44 |      52.58 |          2.06 |    1.39 | Moderate Positive Shocker |                  2.86
 2025-12-17 | LICI       | Large-High          |        310.58 |     307.69 |          2.12 |    1.36 | Moderate Positive Shocker |                  2.89
 2025-12-17 | GAIL       | Large-High          |        294.71 |     289.10 |          4.14 |    1.36 | Moderate Positive Shocker |                  5.61
 2025-12-17 | SBICARD    | Large-Low           |         62.78 |      59.69 |          1.75 |    1.77 | Moderate Positive Shocker |                  3.09
 2025-12-17 | RECLTD     | Large-Low           |        860.56 |     832.50 |         16.08 |    1.74 | Moderate Positive Shocker |                 28.06
 2025-12-17 | MANKIND    | Large-Low           |        100.03 |      94.78 |          3.38 |    1.55 | Moderate Positive Shocker |                  5.25
 2025-12-17 | POLICYBZR  | Large-Low           |         50.51 |      42.84 |          5.07 |    1.51 | Moderate Positive Shocker |                  7.67
 2025-12-17 | ZYDUSLIFE  | Large-Low           |         95.30 |      91.58 |          3.00 |    1.24 | Moderate Positive Shocker |                  3.72
 2025-12-17 | ABCAPITAL  | Large-Low           |         88.70 |      79.68 |          7.27 |    1.24 | Moderate Positive Shocker |                  9.02
 2025-12-17 | LTF        | Large-Low           |        111.26 |     107.11 |          3.56 |    1.17 | Moderate Positive Shocker |                  4.15
 2025-12-17 | DIXON      | Large-Low           |        713.92 |     695.70 |         16.02 |    1.14 | Moderate Positive Shocker |                 18.22
 2025-12-17 | MARICO     | Large-Low           |         23.36 |      22.74 |          0.59 |    1.05 | Moderate Positive Shocker |                  0.62
 2025-12-17 | UTISENSETF | Mid-High            |          0.15 |       0.12 |          0.01 |    2.67 | High Positive Shocker     |                  0.03
 2025-12-17 | SCHAEFFLER | Mid-High            |         28.87 |      28.49 |          0.25 |    1.52 | Moderate Positive Shocker |                  0.38
 2025-12-17 | JSWINFRA   | Mid-High            |        146.45 |     144.97 |          1.04 |    1.42 | Moderate Positive Shocker |                  1.48
 2025-12-17 | LAURUSLABS | Mid-High            |        382.31 |     368.43 |         10.17 |    1.36 | Moderate Positive Shocker |                 13.88
 2025-12-17 | MOTILALOFS | Mid-High            |        158.24 |     152.62 |          4.37 |    1.29 | Moderate Positive Shocker |                  5.62
 2025-12-17 | INDUSINDBK | Mid-High            |        251.87 |     247.23 |          3.62 |    1.28 | Moderate Positive Shocker |                  4.64
 2025-12-17 | SAIL       | Mid-High            |        347.28 |     339.60 |          6.05 |    1.27 | Moderate Positive Shocker |                  7.68
 2025-12-17 | LINDEINDIA | Mid-High            |         95.82 |      99.20 |          2.93 |   -1.15 | Moderate Negative Shocker |                 -3.38
 2025-12-17 | NIFTYBEES  | Mid-High            |        169.30 |     159.78 |          8.80 |    1.08 | Moderate Positive Shocker |                  9.52
 2025-12-17 | GICRE      | Mid-High            |         84.94 |      83.95 |          0.92 |    1.08 | Moderate Positive Shocker |                  0.99
 2025-12-17 | METROBRAND | Mid-Low             |          7.58 |       7.12 |          0.23 |    1.99 | Moderate Positive Shocker |                  0.46
 2025-12-17 | GODREJIND  | Mid-Low             |         22.69 |      22.03 |          0.34 |    1.93 | Moderate Positive Shocker |                  0.66
 2025-12-17 | GODIGIT    | Mid-Low             |          6.73 |       6.89 |          0.09 |   -1.74 | Moderate Negative Shocker |                 -0.16
 2025-12-17 | HINDCOPPER | Mid-Low             |        446.21 |     416.60 |         19.02 |    1.56 | Moderate Positive Shocker |                 29.61
 2025-12-17 | PIIND      | Mid-Low             |         68.23 |      65.21 |          2.11 |    1.43 | Moderate Positive Shocker |                  3.02
 2025-12-17 | BALKRISIND | Mid-Low             |         32.92 |      34.38 |          1.08 |   -1.35 | Moderate Negative Shocker |                 -1.46
 2025-12-17 | PAGEIND    | Mid-Low             |         73.14 |      71.76 |          1.04 |    1.33 | Moderate Positive Shocker |                  1.38
 2025-12-17 | NIFTYIETF  | Mid-Low             |         13.74 |      12.59 |          0.87 |    1.32 | Moderate Positive Shocker |                  1.15
 2025-12-17 | HEXT       | Mid-Low             |         13.01 |      14.32 |          1.00 |   -1.31 | Moderate Negative Shocker |                 -1.31
 2025-12-17 | AWL        | Mid-Low             |        102.61 |     101.38 |          0.94 |    1.31 | Moderate Positive Shocker |                  1.23
 2025-12-17 | IGL        | Small-High          |         62.25 |      58.52 |          1.58 |    2.36 | High Positive Shocker     |                  3.73
 2025-12-17 | DEVYANI    | Small-High          |        180.11 |     177.58 |          1.10 |    2.30 | High Positive Shocker     |                  2.53
 2025-12-17 | BLUEDART   | Small-High          |         56.44 |      55.29 |          0.60 |    1.92 | Moderate Positive Shocker |                  1.15
 2025-12-17 | SBFC       | Small-High          |         46.25 |      44.85 |          0.74 |    1.89 | Moderate Positive Shocker |                  1.40
 2025-12-17 | NEULANDLAB | Small-High          |         83.45 |      78.79 |          2.58 |    1.80 | Moderate Positive Shocker |                  4.66
 2025-12-17 | MGL        | Small-High          |        105.75 |     104.08 |          0.94 |    1.77 | Moderate Positive Shocker |                  1.67
 2025-12-17 | INDIACEM   | Small-High          |         17.55 |      15.85 |          1.03 |    1.65 | Moderate Positive Shocker |                  1.70
 2025-12-17 | AKZOINDIA  | Small-High          |        142.57 |      48.41 |         60.21 |    1.56 | Moderate Positive Shocker |                 94.16
 2025-12-17 | SANDUMA    | Small-High          |         73.60 |      70.40 |          2.10 |    1.53 | Moderate Positive Shocker |                  3.20
 2025-12-17 | PSB        | Small-High          |         30.16 |      30.76 |          0.40 |   -1.49 | Moderate Negative Shocker |                 -0.60
 2025-12-17 | AHLUCONT   | Small-Low           |         26.92 |      25.73 |          0.54 |    2.21 | High Positive Shocker     |                  1.19
 2025-12-17 | HGINFRA    | Small-Low           |         50.83 |      49.97 |          0.43 |    1.99 | Moderate Positive Shocker |                  0.86
 2025-12-17 | PRAJIND    | Small-Low           |        209.46 |     206.35 |          1.60 |    1.94 | Moderate Positive Shocker |                  3.11
 2025-12-17 | ALOKINDS   | Small-Low           |         29.47 |      29.13 |          0.20 |    1.70 | Moderate Positive Shocker |                  0.34
 2025-12-17 | GOKEX      | Small-Low           |        128.76 |     125.86 |          1.75 |    1.66 | Moderate Positive Shocker |                  2.90
 2025-12-17 | IFBIND     | Small-Low           |         47.65 |      47.46 |          0.12 |    1.54 | Moderate Positive Shocker |                  0.19
 2025-12-17 | ASHAPURMIN | Small-Low           |         82.73 |      75.34 |          5.11 |    1.45 | Moderate Positive Shocker |                  7.39
 2025-12-17 | MHRIL      | Small-Low           |         11.23 |      11.00 |          0.16 |    1.44 | Moderate Positive Shocker |                  0.23
 2025-12-17 | TIPSMUSIC  | Small-Low           |         36.42 |      37.03 |          0.43 |   -1.43 | Moderate Negative Shocker |                 -0.61
 2025-12-17 | SCI        | Small-Low           |        198.41 |     194.00 |          3.13 |    1.41 | Moderate Positive Shocker |                  4.41
 2025-12-17 | MOTOUR     | Micro-Low           |          0.03 |       0.00 |          0.01 |    3.04 | High Positive Shocker     |                  0.03
 2025-12-17 | UNIONGOLD  | Micro-Low           |          0.42 |       0.06 |          0.13 |    2.76 | High Positive Shocker     |                  0.36
 2025-12-17 | MEGASOFT   | Micro-Low           |          0.00 |       0.19 |          0.08 |   -2.38 | High Negative Shocker     |                 -0.19
 2025-12-17 | LIBERTSHOE | Micro-Low           |          0.97 |       1.06 |          0.04 |   -2.13 | High Negative Shocker     |                 -0.09
 2025-12-17 | SETF10GILT | Micro-Low           |          0.03 |       0.01 |          0.01 |    2.11 | High Positive Shocker     |                  0.02
 2025-12-17 | GANECOS    | Micro-Low           |         19.27 |      19.85 |          0.28 |   -2.06 | High Negative Shocker     |                 -0.58
 2025-12-17 | UTIBANKETF | Micro-Low           |          0.18 |       0.14 |          0.02 |    2.05 | High Positive Shocker     |                  0.04
 2025-12-17 | HDFCPSUBK  | Micro-Low           |          0.37 |       0.35 |          0.01 |    2.03 | High Positive Shocker     |                  0.02
 2025-12-17 | SANDHAR    | Micro-Low           |         23.99 |      23.29 |          0.35 |    2.00 | High Positive Shocker     |                  0.70
 2025-12-17 | TBZ        | Micro-Low           |          7.64 |       7.44 |          0.10 |    2.00 | Moderate Positive Shocker |                  0.20
 2025-12-17 | SHARDACROP | Unknown             |         26.05 |      29.42 |          3.32 |   -1.02 | Moderate Negative Shocker |                 -3.37
 2025-12-16 | HINDPETRO  | Large-High          |         71.89 |      65.03 |          3.04 |    2.26 | High Positive Shocker     |                  6.86
 2025-12-16 | ONGC       | Large-High          |        266.97 |     261.94 |          2.77 |    1.82 | Moderate Positive Shocker |                  5.03
 2025-12-16 | GAIL       | Large-High          |        295.72 |     289.10 |          4.14 |    1.60 | Moderate Positive Shocker |                  6.62
 2025-12-16 | INDIANB    | Large-High          |         84.75 |      82.86 |          1.23 |    1.54 | Moderate Positive Shocker |                  1.89
 2025-12-16 | DLF        | Large-High          |        366.09 |     359.27 |          4.52 |    1.51 | Moderate Positive Shocker |                  6.82
 2025-12-16 | AXISBANK   | Large-High          |        146.46 |     108.04 |         26.19 |    1.47 | Moderate Positive Shocker |                 38.42
 2025-12-16 | HAL        | Large-High          |       1682.98 |    1664.64 |         12.90 |    1.42 | Moderate Positive Shocker |                 18.34
 2025-12-16 | EICHERMOT  | Large-High          |         91.81 |      78.81 |          9.22 |    1.41 | Moderate Positive Shocker |                 13.00
 2025-12-16 | PIDILITIND | Large-High          |         60.36 |      61.43 |          0.77 |   -1.39 | Moderate Negative Shocker |                 -1.07
 2025-12-16 | BAJFINANCE | Large-High          |        366.65 |     339.37 |         19.83 |    1.38 | Moderate Positive Shocker |                 27.28
 2025-12-16 | MANKIND    | Large-Low           |        100.74 |      94.78 |          3.38 |    1.76 | Moderate Positive Shocker |                  5.96
 2025-12-16 | MARICO     | Large-Low           |         23.66 |      22.74 |          0.59 |    1.56 | Moderate Positive Shocker |                  0.92
 2025-12-16 | SBICARD    | Large-Low           |         62.08 |      59.69 |          1.75 |    1.36 | Moderate Positive Shocker |                  2.39
 2025-12-16 | ZYDUSLIFE  | Large-Low           |         95.66 |      91.58 |          3.00 |    1.36 | Moderate Positive Shocker |                  4.08
 2025-12-16 | LUPIN      | Large-Low           |         73.65 |      70.97 |          2.08 |    1.29 | Moderate Positive Shocker |                  2.68
 2025-12-16 | POLICYBZR  | Large-Low           |         49.21 |      42.84 |          5.07 |    1.26 | Moderate Positive Shocker |                  6.37
 2025-12-16 | AUBANK     | Large-Low           |         41.65 |      40.22 |          1.31 |    1.09 | Moderate Positive Shocker |                  1.43
 2025-12-16 | ICICIPRULI | Large-Low           |         35.54 |      33.56 |          1.89 |    1.05 | Moderate Positive Shocker |                  1.98
 2025-12-16 | RECLTD     | Large-Low           |        849.14 |     832.50 |         16.08 |    1.03 | Moderate Positive Shocker |                 16.64
 2025-12-16 | HAVELLS    | Large-Low           |        132.26 |     133.10 |          0.82 |   -1.02 | Moderate Negative Shocker |                 -0.84
 2025-12-16 | COLPAL     | Mid-High            |        156.73 |     162.33 |          2.62 |   -2.14 | High Negative Shocker     |                 -5.60
 2025-12-16 | MOTILALOFS | Mid-High            |        158.59 |     152.62 |          4.37 |    1.37 | Moderate Positive Shocker |                  5.97
 2025-12-16 | SCHAEFFLER | Mid-High            |         28.82 |      28.49 |          0.25 |    1.34 | Moderate Positive Shocker |                  0.33
 2025-12-16 | BDL        | Mid-High            |        677.35 |     671.20 |          5.27 |    1.17 | Moderate Positive Shocker |                  6.15
 2025-12-16 | FORTIS     | Mid-High            |        141.77 |     139.26 |          2.18 |    1.15 | Moderate Positive Shocker |                  2.51
 2025-12-16 | FACT       | Mid-High            |         64.23 |      65.06 |          0.78 |   -1.06 | Moderate Negative Shocker |                 -0.83
 2025-12-16 | LAURUSLABS | Mid-High            |        379.26 |     368.43 |         10.17 |    1.06 | Moderate Positive Shocker |                 10.83
 2025-12-16 | VMM        | Mid-High            |        116.61 |     120.81 |          4.00 |   -1.05 | Moderate Negative Shocker |                 -4.20
 2025-12-16 | HUDCO      | Mid-Low             |        280.72 |     279.18 |          0.90 |    1.71 | Moderate Positive Shocker |                  1.54
 2025-12-16 | ENDURANCE  | Mid-Low             |         37.96 |      37.17 |          0.56 |    1.42 | Moderate Positive Shocker |                  0.79
 2025-12-16 | ASTRAL     | Mid-Low             |         95.43 |     100.15 |          3.43 |   -1.38 | Moderate Negative Shocker |                 -4.72
 2025-12-16 | DELHIVERY  | Mid-Low             |         89.93 |      87.65 |          1.71 |    1.33 | Moderate Positive Shocker |                  2.28
 2025-12-16 | PWL        | Mid-Low             |         17.71 |      20.88 |          2.43 |   -1.31 | Moderate Negative Shocker |                 -3.17
 2025-12-16 | PIRAMALFIN | Mid-Low             |         18.40 |      12.20 |          4.85 |    1.28 | Moderate Positive Shocker |                  6.20
 2025-12-16 | PETRONET   | Mid-Low             |         76.69 |      75.07 |          1.31 |    1.24 | Moderate Positive Shocker |                  1.62
 2025-12-16 | ACC        | Mid-Low             |        146.50 |     142.54 |          3.42 |    1.16 | Moderate Positive Shocker |                  3.96
 2025-12-16 | NBCC       | Mid-Low             |        220.80 |     228.80 |          6.94 |   -1.15 | Moderate Negative Shocker |                 -8.00
 2025-12-16 | AIAENG     | Mid-Low             |         15.02 |      14.39 |          0.55 |    1.15 | Moderate Positive Shocker |                  0.63
 2025-12-16 | KIRLOSENG  | Small-High          |         25.99 |      27.85 |          0.77 |   -2.42 | High Negative Shocker     |                 -1.86
 2025-12-16 | DEEPAKFERT | Small-High          |         92.91 |      90.96 |          0.93 |    2.10 | High Positive Shocker     |                  1.95
 2025-12-16 | LICHSGFIN  | Small-High          |        224.35 |     220.14 |          2.17 |    1.94 | Moderate Positive Shocker |                  4.21
 2025-12-16 | SPLPETRO   | Small-High          |          9.54 |       9.17 |          0.21 |    1.78 | Moderate Positive Shocker |                  0.37
 2025-12-16 | THELEELA   | Small-High          |         11.59 |      11.36 |          0.13 |    1.78 | Moderate Positive Shocker |                  0.23
 2025-12-16 | INTELLECT  | Small-High          |         82.94 |      80.38 |          1.52 |    1.69 | Moderate Positive Shocker |                  2.56
 2025-12-16 | CHAMBLFERT | Small-High          |        256.65 |     258.68 |          1.22 |   -1.67 | Moderate Negative Shocker |                 -2.03
 2025-12-16 | ASAHIINDIA | Small-High          |          9.23 |       8.84 |          0.24 |    1.61 | Moderate Positive Shocker |                  0.39
 2025-12-16 | KEC        | Small-High          |        196.45 |     191.87 |          2.91 |    1.57 | Moderate Positive Shocker |                  4.58
 2025-12-16 | BLUEDART   | Small-High          |         56.22 |      55.29 |          0.60 |    1.55 | Moderate Positive Shocker |                  0.93
 2025-12-16 | OLECTRA    | Small-Low           |        309.35 |     306.90 |          1.43 |    1.71 | Moderate Positive Shocker |                  2.45
 2025-12-16 | DBL        | Small-Low           |         43.81 |      42.97 |          0.53 |    1.59 | Moderate Positive Shocker |                  0.84
 2025-12-16 | BANKNIFTY1 | Small-Low           |          0.48 |       0.51 |          0.02 |   -1.50 | Moderate Negative Shocker |                 -0.03
 2025-12-16 | BLUESTONE  | Small-Low           |         15.54 |      14.79 |          0.51 |    1.47 | Moderate Positive Shocker |                  0.75
 2025-12-16 | SAREGAMA   | Small-Low           |         36.01 |      37.13 |          0.83 |   -1.35 | Moderate Negative Shocker |                 -1.12
 2025-12-16 | MHRIL      | Small-Low           |         11.21 |      11.00 |          0.16 |    1.33 | Moderate Positive Shocker |                  0.21
 2025-12-16 | ARVINDFASN | Small-Low           |         29.01 |      28.19 |          0.62 |    1.32 | Moderate Positive Shocker |                  0.82
 2025-12-16 | WEWORK     | Small-Low           |          3.23 |       3.06 |          0.13 |    1.29 | Moderate Positive Shocker |                  0.17
 2025-12-16 | WESTLIFE   | Small-Low           |          9.65 |      10.25 |          0.47 |   -1.28 | Moderate Negative Shocker |                 -0.60
 2025-12-16 | RKFORGE    | Small-Low           |        146.71 |     147.78 |          0.85 |   -1.25 | Moderate Negative Shocker |                 -1.07
 2025-12-16 | SEPC       | Micro-Low           |         36.99 |      34.41 |          0.93 |    2.77 | High Positive Shocker     |                  2.58
 2025-12-16 | AMRUTANJAN | Micro-Low           |          3.52 |       3.00 |          0.20 |    2.58 | High Positive Shocker     |                  0.52
 2025-12-16 | AUTOIND    | Micro-Low           |          0.57 |       0.55 |          0.01 |    2.18 | High Positive Shocker     |                  0.02
 2025-12-16 | KSOLVES    | Micro-Low           |          1.27 |       1.31 |          0.02 |   -2.17 | High Negative Shocker     |                 -0.04
 2025-12-16 | CEWATER    | Micro-Low           |          4.97 |       4.84 |          0.06 |    2.17 | High Positive Shocker     |                  0.13
 2025-12-16 | MOSILVER   | Micro-Low           |          1.03 |       0.61 |          0.20 |    2.12 | High Positive Shocker     |                  0.42
 2025-12-16 | SBIETFIT   | Micro-Low           |          0.15 |       0.17 |          0.01 |   -2.11 | High Negative Shocker     |                 -0.02
 2025-12-16 | GOACARBON  | Micro-Low           |          1.27 |       1.25 |          0.01 |    2.11 | High Positive Shocker     |                  0.02
 2025-12-16 | EVEREADY   | Micro-Low           |         32.74 |      33.15 |          0.21 |   -1.96 | Moderate Negative Shocker |                 -0.41
 2025-12-16 | BLKASHYAP  | Micro-Low           |          5.36 |       5.09 |          0.14 |    1.89 | Moderate Positive Shocker |                  0.27
 2025-12-15 | TATACAP    | Large-High          |         11.64 |      10.49 |          0.62 |    1.85 | Moderate Positive Shocker |                  1.15
 2025-12-15 | BRITANNIA  | Large-High          |         29.86 |      33.89 |          2.61 |   -1.54 | Moderate Negative Shocker |                 -4.03
 2025-12-15 | LTIM       | Large-High          |         53.01 |      51.26 |          1.18 |    1.49 | Moderate Positive Shocker |                  1.75
 2025-12-15 | JINDALSTEL | Large-High          |         40.76 |      44.40 |          2.47 |   -1.47 | Moderate Negative Shocker |                 -3.64
 2025-12-15 | ADANIENSOL | Large-High          |        103.24 |     105.26 |          1.37 |   -1.47 | Moderate Negative Shocker |                 -2.02
 2025-12-15 | ULTRACEMCO | Large-High          |        194.87 |     204.71 |          6.72 |   -1.46 | Moderate Negative Shocker |                 -9.84
 2025-12-15 | NESTLEIND  | Large-High          |         66.83 |      68.15 |          0.95 |   -1.39 | Moderate Negative Shocker |                 -1.32
 2025-12-15 | LODHA      | Large-High          |        236.34 |     237.66 |          0.96 |   -1.38 | Moderate Negative Shocker |                 -1.32
 2025-12-15 | JIOFIN     | Large-High          |       1365.87 |    1383.48 |         13.85 |   -1.27 | Moderate Negative Shocker |                -17.61
 2025-12-15 | ETERNAL    | Large-High          |        679.43 |     710.09 |         24.33 |   -1.26 | Moderate Negative Shocker |                -30.66
 2025-12-15 | NTPCGREEN  | Large-Low           |        170.78 |     169.39 |          1.12 |    1.24 | Moderate Positive Shocker |                  1.39
 2025-12-15 | AUBANK     | Large-Low           |         41.70 |      40.22 |          1.31 |    1.13 | Moderate Positive Shocker |                  1.48
 2025-12-15 | LUPIN      | Large-Low           |         73.29 |      70.97 |          2.08 |    1.12 | Moderate Positive Shocker |                  2.32
 2025-12-15 | NAUKRI     | Large-Low           |         67.98 |      70.43 |          2.39 |   -1.02 | Moderate Negative Shocker |                 -2.45
 2025-12-15 | NHPC       | Large-Low           |        320.32 |     324.41 |          4.04 |   -1.01 | Moderate Negative Shocker |                 -4.09
 2025-12-15 | NMDC       | Mid-High            |        170.60 |     180.80 |          6.42 |   -1.59 | Moderate Negative Shocker |                -10.20
 2025-12-15 | INDUSINDBK | Mid-High            |        242.17 |     247.23 |          3.62 |   -1.40 | Moderate Negative Shocker |                 -5.06
 2025-12-15 | TATACOMM   | Mid-High            |         54.40 |      53.04 |          1.00 |    1.36 | Moderate Positive Shocker |                  1.36
 2025-12-15 | FACT       | Mid-High            |         64.06 |      65.06 |          0.78 |   -1.29 | Moderate Negative Shocker |                 -1.00
 2025-12-15 | MFSL       | Mid-High            |         22.58 |      23.72 |          0.88 |   -1.29 | Moderate Negative Shocker |                 -1.14
 2025-12-15 | SCHAEFFLER | Mid-High            |         28.22 |      28.49 |          0.25 |   -1.08 | Moderate Negative Shocker |                 -0.27
 2025-12-15 | NIFTYBEES  | Mid-High            |        150.55 |     159.78 |          8.80 |   -1.05 | Moderate Negative Shocker |                 -9.23
 2025-12-15 | OFSS       | Mid-High            |        259.01 |     263.47 |          4.36 |   -1.02 | Moderate Negative Shocker |                 -4.46
 2025-12-15 | GLENMARK   | Mid-High            |         53.84 |      56.57 |          2.71 |   -1.01 | Moderate Negative Shocker |                 -2.73
 2025-12-15 | NATIONALUM | Mid-High            |        138.02 |     146.35 |          8.33 |   -1.00 | Moderate Negative Shocker |                 -8.33
 2025-12-15 | NBCC       | Mid-Low             |        214.43 |     228.80 |          6.94 |   -2.07 | High Negative Shocker     |                -14.37
 2025-12-15 | ASTERDM    | Mid-Low             |         33.68 |      36.76 |          1.89 |   -1.63 | Moderate Negative Shocker |                 -3.08
 2025-12-15 | AIAENG     | Mid-Low             |         13.61 |      14.39 |          0.55 |   -1.42 | Moderate Negative Shocker |                 -0.78
 2025-12-15 | ENDURANCE  | Mid-Low             |         37.95 |      37.17 |          0.56 |    1.40 | Moderate Positive Shocker |                  0.78
 2025-12-15 | APARINDS   | Mid-Low             |         51.87 |      54.97 |          2.24 |   -1.39 | Moderate Negative Shocker |                 -3.10
 2025-12-15 | ESCORTS    | Mid-Low             |         39.52 |      40.29 |          0.60 |   -1.28 | Moderate Negative Shocker |                 -0.77
 2025-12-15 | NIFTYIETF  | Mid-Low             |         11.51 |      12.59 |          0.87 |   -1.24 | Moderate Negative Shocker |                 -1.08
 2025-12-15 | PIIND      | Mid-Low             |         67.65 |      65.21 |          2.11 |    1.16 | Moderate Positive Shocker |                  2.44
 2025-12-15 | DALBHARAT  | Mid-Low             |         27.81 |      29.88 |          1.84 |   -1.12 | Moderate Negative Shocker |                 -2.07
 2025-12-15 | SUPREMEIND | Mid-Low             |        116.96 |     115.83 |          1.05 |    1.08 | Moderate Positive Shocker |                  1.13
 2025-12-15 | GPIL       | Small-High          |        223.26 |     229.32 |          2.95 |   -2.05 | High Negative Shocker     |                 -6.06
 2025-12-15 | CHALET     | Small-High          |         23.87 |      24.50 |          0.35 |   -1.81 | Moderate Negative Shocker |                 -0.63
 2025-12-15 | TBOTEK     | Small-High          |         19.50 |      17.81 |          0.94 |    1.80 | Moderate Positive Shocker |                  1.69
 2025-12-15 | BEML       | Small-High          |        289.67 |     292.41 |          1.58 |   -1.74 | Moderate Negative Shocker |                 -2.74
 2025-12-15 | KEC        | Small-High          |        196.79 |     191.87 |          2.91 |    1.69 | Moderate Positive Shocker |                  4.92
 2025-12-15 | NSLNISP    | Small-High          |         98.22 |      98.81 |          0.36 |   -1.63 | Moderate Negative Shocker |                 -0.59
 2025-12-15 | JAINREC    | Small-High          |         23.98 |      25.52 |          1.00 |   -1.54 | Moderate Negative Shocker |                 -1.54
 2025-12-15 | AADHARHFC  | Small-High          |         53.59 |      54.94 |          0.88 |   -1.54 | Moderate Negative Shocker |                 -1.35
 2025-12-15 | BLACKBUCK  | Small-High          |         71.43 |      73.79 |          1.63 |   -1.45 | Moderate Negative Shocker |                 -2.36
 2025-12-15 | NIVABUPA   | Small-High          |         49.70 |      48.50 |          0.83 |    1.44 | Moderate Positive Shocker |                  1.20
 2025-12-15 | IONEXCHANG | Small-Low           |         34.15 |      36.07 |          0.82 |   -2.34 | High Negative Shocker     |                 -1.92
 2025-12-15 | KTKBANK    | Small-Low           |        388.24 |     413.32 |         12.16 |   -2.06 | High Negative Shocker     |                -25.08
 2025-12-15 | LIQUIDCASE | Small-Low           |          0.49 |       0.45 |          0.02 |    2.01 | High Positive Shocker     |                  0.04
 2025-12-15 | KRBL       | Small-Low           |         44.93 |      44.70 |          0.12 |    1.90 | Moderate Positive Shocker |                  0.23
 2025-12-15 | KALPATARU  | Small-Low           |          1.41 |       1.50 |          0.05 |   -1.86 | Moderate Negative Shocker |                 -0.09
 2025-12-15 | GNFC       | Small-Low           |         98.10 |      97.23 |          0.49 |    1.78 | Moderate Positive Shocker |                  0.87
 2025-12-15 | WABAG      | Small-Low           |        131.85 |     128.33 |          2.05 |    1.72 | Moderate Positive Shocker |                  3.52
 2025-12-15 | MAXESTATES | Small-Low           |         13.02 |      12.57 |          0.27 |    1.65 | Moderate Positive Shocker |                  0.45
 2025-12-15 | SJS        | Small-Low           |         22.00 |      23.33 |          0.82 |   -1.62 | Moderate Negative Shocker |                 -1.33
 2025-12-15 | MAHLIFE    | Small-Low           |         41.37 |      41.47 |          0.06 |   -1.61 | Moderate Negative Shocker |                 -0.10
 2025-12-15 | SUBEXLTD   | Micro-Low           |          1.57 |       1.54 |          0.01 |    3.10 | High Positive Shocker     |                  0.03
 2025-12-15 | GROWWN200  | Micro-Low           |          0.03 |       0.05 |          0.01 |   -2.20 | High Negative Shocker     |                 -0.02
 2025-12-15 | SYSTMTXC   | Micro-Low           |          0.93 |       0.89 |          0.02 |    2.14 | High Positive Shocker     |                  0.04
 2025-12-15 | GILT5YBEES | Micro-Low           |          0.52 |       0.14 |          0.18 |    2.12 | High Positive Shocker     |                  0.38
 2025-12-15 | BHAGERIA   | Micro-Low           |          3.84 |       3.76 |          0.04 |    2.04 | High Positive Shocker     |                  0.08
 2025-12-15 | MINDTECK   | Micro-Low           |          0.98 |       0.76 |          0.11 |    2.00 | High Positive Shocker     |                  0.22
 2025-12-15 | RAYMOND    | Micro-Low           |         57.81 |      58.89 |          0.55 |   -1.96 | Moderate Negative Shocker |                 -1.08
 2025-12-15 | 20MICRONS  | Micro-Low           |          4.27 |       4.33 |          0.03 |   -1.94 | Moderate Negative Shocker |                 -0.06
 2025-12-15 | RML        | Micro-Low           |          2.34 |       2.28 |          0.03 |    1.89 | Moderate Positive Shocker |                  0.06
 2025-12-15 | INDRAMEDCO | Micro-Low           |         65.05 |      63.17 |          1.00 |    1.88 | Moderate Positive Shocker |                  1.88
 2025-12-12 | HINDALCO   | Large-High          |        112.47 |     125.55 |          6.99 |   -1.87 | Moderate Negative Shocker |                -13.08
 2025-12-12 | BPCL       | Large-High          |         96.61 |     100.93 |          2.31 |   -1.87 | Moderate Negative Shocker |                 -4.32
 2025-12-12 | CUMMINSIND | Large-High          |         44.91 |      48.58 |          2.02 |   -1.82 | Moderate Negative Shocker |                 -3.67
 2025-12-12 | SIEMENS    | Large-High          |        131.95 |     120.57 |          6.34 |    1.80 | Moderate Positive Shocker |                 11.38
 2025-12-12 | BAJAJHLDNG | Large-High          |        150.36 |     144.85 |          3.12 |    1.77 | Moderate Positive Shocker |                  5.51
 2025-12-12 | ADANIPORTS | Large-High          |        212.72 |     219.33 |          3.80 |   -1.74 | Moderate Negative Shocker |                 -6.61
 2025-12-12 | HINDUNILVR | Large-High          |        183.76 |     172.83 |          6.39 |    1.71 | Moderate Positive Shocker |                 10.93
 2025-12-12 | ADANIPOWER | Large-High          |        484.06 |     487.40 |          2.03 |   -1.65 | Moderate Negative Shocker |                 -3.34
 2025-12-12 | MUTHOOTFIN | Large-High          |         36.45 |      39.36 |          1.76 |   -1.65 | Moderate Negative Shocker |                 -2.91
 2025-12-12 | LICI       | Large-High          |        304.22 |     307.69 |          2.12 |   -1.64 | Moderate Negative Shocker |                 -3.47
 2025-12-12 | NAUKRI     | Large-Low           |         66.90 |      70.43 |          2.39 |   -1.48 | Moderate Negative Shocker |                 -3.53
 2025-12-12 | AUBANK     | Large-Low           |         41.92 |      40.22 |          1.31 |    1.30 | Moderate Positive Shocker |                  1.70
 2025-12-12 | UPL        | Mid-High            |        119.76 |      60.90 |         22.75 |    2.59 | High Positive Shocker     |                 58.86
 2025-12-12 | NATIONALUM | Mid-High            |        131.66 |     146.35 |          8.33 |   -1.76 | Moderate Negative Shocker |                -14.69
 2025-12-12 | NMDC       | Mid-High            |        170.35 |     180.80 |          6.42 |   -1.63 | Moderate Negative Shocker |                -10.45
 2025-12-12 | SCHAEFFLER | Mid-High            |         28.13 |      28.49 |          0.25 |   -1.42 | Moderate Negative Shocker |                 -0.36
 2025-12-12 | TATACOMM   | Mid-High            |         54.15 |      53.04 |          1.00 |    1.11 | Moderate Positive Shocker |                  1.11
 2025-12-12 | FORTIS     | Mid-High            |        136.87 |     139.26 |          2.18 |   -1.10 | Moderate Negative Shocker |                 -2.39
 2025-12-12 | JSWINFRA   | Mid-High            |        146.10 |     144.97 |          1.04 |    1.09 | Moderate Positive Shocker |                  1.13
 2025-12-12 | INDUSINDBK | Mid-High            |        243.52 |     247.23 |          3.62 |   -1.03 | Moderate Negative Shocker |                 -3.71
 2025-12-12 | ANTHEM     | Mid-Low             |         24.90 |      25.99 |          0.80 |   -1.36 | Moderate Negative Shocker |                 -1.09
 2025-12-12 | 3MINDIA    | Mid-Low             |         20.03 |      19.53 |          0.38 |    1.32 | Moderate Positive Shocker |                  0.50
 2025-12-12 | HINDCOPPER | Mid-Low             |        391.78 |     416.60 |         19.02 |   -1.30 | Moderate Negative Shocker |                -24.82
 2025-12-12 | ENDURANCE  | Mid-Low             |         36.45 |      37.17 |          0.56 |   -1.28 | Moderate Negative Shocker |                 -0.72
 2025-12-12 | ASTERDM    | Mid-Low             |         34.36 |      36.76 |          1.89 |   -1.27 | Moderate Negative Shocker |                 -2.40
 2025-12-12 | GODIGIT    | Mid-Low             |          7.00 |       6.89 |          0.09 |    1.26 | Moderate Positive Shocker |                  0.11
 2025-12-12 | PWL        | Mid-Low             |         17.86 |      20.88 |          2.43 |   -1.24 | Moderate Negative Shocker |                 -3.02
 2025-12-12 | MEDANTA    | Mid-Low             |         40.34 |      41.02 |          0.59 |   -1.16 | Moderate Negative Shocker |                 -0.68
 2025-12-12 | KPITTECH   | Mid-Low             |        184.32 |     188.03 |          3.20 |   -1.16 | Moderate Negative Shocker |                 -3.71
 2025-12-12 | APARINDS   | Mid-Low             |         52.71 |      54.97 |          2.24 |   -1.01 | Moderate Negative Shocker |                 -2.26
 2025-12-12 | SARDAEN    | Small-High          |        130.18 |     126.91 |          1.41 |    2.32 | High Positive Shocker     |                  3.27
 2025-12-12 | SANDUMA    | Small-High          |         66.22 |      70.40 |          2.10 |   -1.99 | Moderate Negative Shocker |                 -4.18
 2025-12-12 | LEMONTREE  | Small-High          |        105.74 |     107.88 |          1.09 |   -1.96 | Moderate Negative Shocker |                 -2.14
 2025-12-12 | ITI        | Small-High          |         35.23 |      35.66 |          0.24 |   -1.79 | Moderate Negative Shocker |                 -0.43
 2025-12-12 | GOLD1      | Small-High          |          9.74 |      11.10 |          0.79 |   -1.72 | Moderate Negative Shocker |                 -1.36
 2025-12-12 | BLACKBUCK  | Small-High          |         71.04 |      73.79 |          1.63 |   -1.69 | Moderate Negative Shocker |                 -2.75
 2025-12-12 | SILVERIETF | Small-High          |         78.80 |      87.23 |          5.14 |   -1.64 | Moderate Negative Shocker |                 -8.43
 2025-12-12 | JINDALSAW  | Small-High          |        216.44 |     214.07 |          1.45 |    1.64 | Moderate Positive Shocker |                  2.37
 2025-12-12 | CHALET     | Small-High          |         23.93 |      24.50 |          0.35 |   -1.63 | Moderate Negative Shocker |                 -0.57
 2025-12-12 | BAYERCROP  | Small-High          |         47.36 |      46.56 |          0.50 |    1.59 | Moderate Positive Shocker |                  0.80
 2025-12-12 | TARIL      | Small-Low           |        123.89 |     131.49 |          3.64 |   -2.09 | High Negative Shocker     |                 -7.60
 2025-12-12 | ARVIND     | Small-Low           |         34.81 |      33.74 |          0.53 |    2.03 | High Positive Shocker     |                  1.07
 2025-12-12 | WABAG      | Small-Low           |        132.02 |     128.33 |          2.05 |    1.80 | Moderate Positive Shocker |                  3.69
 2025-12-12 | HDFCNIFBAN | Small-Low           |          0.57 |       0.52 |          0.03 |    1.76 | Moderate Positive Shocker |                  0.05
 2025-12-12 | SFL        | Small-Low           |         31.96 |      31.74 |          0.14 |    1.57 | Moderate Positive Shocker |                  0.22
 2025-12-12 | TIMETECHNO | Small-Low           |         74.29 |      73.02 |          0.83 |    1.53 | Moderate Positive Shocker |                  1.27
 2025-12-12 | IFBIND     | Small-Low           |         47.28 |      47.46 |          0.12 |   -1.50 | Moderate Negative Shocker |                 -0.18
 2025-12-12 | MAXESTATES | Small-Low           |         12.96 |      12.57 |          0.27 |    1.43 | Moderate Positive Shocker |                  0.39
 2025-12-12 | STARCEMENT | Small-Low           |         30.70 |      31.11 |          0.29 |   -1.42 | Moderate Negative Shocker |                 -0.41
 2025-12-12 | RHIM       | Small-Low           |         38.47 |      38.73 |          0.19 |   -1.38 | Moderate Negative Shocker |                 -0.26
 2025-12-12 | MOCAPITAL  | Micro-Low           |          5.10 |       5.31 |          0.08 |   -2.61 | High Negative Shocker     |                 -0.21
 2025-12-12 | MUFIN      | Micro-Low           |         21.27 |      22.35 |          0.45 |   -2.41 | High Negative Shocker     |                 -1.08
 2025-12-12 | SARLAPOLY  | Micro-Low           |          0.35 |       0.30 |          0.02 |    2.41 | High Positive Shocker     |                  0.05
 2025-12-12 | RAJOOENG   | Micro-Low           |          8.00 |       8.32 |          0.14 |   -2.32 | High Negative Shocker     |                 -0.32
 2025-12-12 | SILVER360  | Micro-Low           |          0.35 |       0.24 |          0.05 |    2.20 | High Positive Shocker     |                  0.11
 2025-12-12 | ASAL       | Micro-Low           |          1.79 |       1.85 |          0.03 |   -1.98 | Moderate Negative Shocker |                 -0.06
 2025-12-12 | TOP100CASE | Micro-Low           |          0.17 |       0.28 |          0.06 |   -1.90 | Moderate Negative Shocker |                 -0.11
 2025-12-12 | DHANBANK   | Micro-Low           |          1.05 |       1.11 |          0.03 |   -1.89 | Moderate Negative Shocker |                 -0.06
 2025-12-12 | DCW        | Micro-Low           |         26.89 |      27.33 |          0.24 |   -1.82 | Moderate Negative Shocker |                 -0.44
 2025-12-12 | LICMFGOLD  | Micro-Low           |         14.48 |      14.86 |          0.21 |   -1.81 | Moderate Negative Shocker |                 -0.38
 2025-12-12 | GOLDETFADD | Unknown             |          0.35 |       0.24 |          0.11 |    1.03 | Moderate Positive Shocker |                  0.11
 2025-12-11 | LTIM       | Large-High          |         49.36 |      51.26 |          1.18 |   -1.61 | Moderate Negative Shocker |                 -1.90
 2025-12-11 | BOSCHLTD   | Large-High          |         63.16 |      66.10 |          1.83 |   -1.60 | Moderate Negative Shocker |                 -2.94
 2025-12-11 | SOLARINDS  | Large-High          |        417.33 |     423.34 |          3.97 |   -1.51 | Moderate Negative Shocker |                 -6.01
 2025-12-11 | LICI       | Large-High          |        304.52 |     307.69 |          2.12 |   -1.49 | Moderate Negative Shocker |                 -3.17
 2025-12-11 | IDEA       | Large-High          |        505.91 |     525.26 |         14.07 |   -1.37 | Moderate Negative Shocker |                -19.35
 2025-12-11 | BPCL       | Large-High          |        104.00 |     100.93 |          2.31 |    1.33 | Moderate Positive Shocker |                  3.07
 2025-12-11 | HDFCLIFE   | Large-High          |         49.89 |      52.58 |          2.06 |   -1.31 | Moderate Negative Shocker |                 -2.69
 2025-12-11 | LT         | Large-High          |        353.08 |     328.02 |         19.25 |    1.30 | Moderate Positive Shocker |                 25.06
 2025-12-11 | DLF        | Large-High          |        353.75 |     359.27 |          4.52 |   -1.22 | Moderate Negative Shocker |                 -5.52
 2025-12-11 | VBL        | Large-High          |        371.45 |     378.23 |          5.88 |   -1.15 | Moderate Negative Shocker |                 -6.78
 2025-12-11 | UTINIFTETF | Large-Low           |          0.38 |       0.31 |          0.05 |    1.47 | Moderate Positive Shocker |                  0.07
 2025-12-11 | BHEL       | Large-Low           |        210.19 |     222.73 |          9.76 |   -1.28 | Moderate Negative Shocker |                -12.54
 2025-12-11 | POLICYBZR  | Large-Low           |         36.91 |      42.84 |          5.07 |   -1.17 | Moderate Negative Shocker |                 -5.93
 2025-12-11 | NAUKRI     | Large-Low           |         73.02 |      70.43 |          2.39 |    1.08 | Moderate Positive Shocker |                  2.59
 2025-12-11 | SUZLON     | Large-Low           |        904.01 |     899.76 |          4.04 |    1.05 | Moderate Positive Shocker |                  4.25
 2025-12-11 | COROMANDEL | Mid-High            |         29.35 |      26.11 |          2.01 |    1.61 | Moderate Positive Shocker |                  3.24
 2025-12-11 | NATIONALUM | Mid-High            |        159.38 |     146.35 |          8.33 |    1.56 | Moderate Positive Shocker |                 13.03
 2025-12-11 | SUNDARMFIN | Mid-High            |         10.51 |      10.22 |          0.23 |    1.27 | Moderate Positive Shocker |                  0.29
 2025-12-11 | KALYANKJIL | Mid-High            |        238.39 |     234.38 |          3.73 |    1.07 | Moderate Positive Shocker |                  4.01
 2025-12-11 | THERMAX    | Mid-Low             |        106.30 |     109.08 |          1.31 |   -2.12 | High Negative Shocker     |                 -2.78
 2025-12-11 | CONCOR     | Mid-Low             |        232.61 |     235.20 |          1.40 |   -1.85 | Moderate Negative Shocker |                 -2.59
 2025-12-11 | ITCHOTELS  | Mid-Low             |        207.94 |     199.25 |          5.15 |    1.69 | Moderate Positive Shocker |                  8.69
 2025-12-11 | PWL        | Mid-Low             |         24.58 |      20.88 |          2.43 |    1.52 | Moderate Positive Shocker |                  3.70
 2025-12-11 | JUBLFOOD   | Mid-Low             |        133.51 |     144.03 |          8.08 |   -1.30 | Moderate Negative Shocker |                -10.52
 2025-12-11 | 3MINDIA    | Mid-Low             |         20.01 |      19.53 |          0.38 |    1.26 | Moderate Positive Shocker |                  0.48
 2025-12-11 | METROBRAND | Mid-Low             |          6.83 |       7.12 |          0.23 |   -1.26 | Moderate Negative Shocker |                 -0.29
 2025-12-11 | NAVINFLUOR | Mid-Low             |         22.58 |      25.85 |          2.65 |   -1.23 | Moderate Negative Shocker |                 -3.27
 2025-12-11 | BALKRISIND | Mid-Low             |         35.71 |      34.38 |          1.08 |    1.23 | Moderate Positive Shocker |                  1.33
 2025-12-11 | PREMIERENE | Mid-Low             |        604.03 |     564.50 |         32.78 |    1.21 | Moderate Positive Shocker |                 39.53
 2025-12-11 | SAMMAANCAP | Small-High          |        592.82 |     581.18 |          6.42 |    1.81 | Moderate Positive Shocker |                 11.64
 2025-12-11 | CUB        | Small-High          |         34.44 |      30.49 |          2.27 |    1.74 | Moderate Positive Shocker |                  3.95
 2025-12-11 | CEMPRO     | Small-High          |         46.46 |      49.21 |          1.62 |   -1.70 | Moderate Negative Shocker |                 -2.75
 2025-12-11 | HATSUN     | Small-High          |          3.51 |       3.66 |          0.09 |   -1.66 | Moderate Negative Shocker |                 -0.15
 2025-12-11 | DOMS       | Small-High          |         24.56 |      23.73 |          0.50 |    1.65 | Moderate Positive Shocker |                  0.83
 2025-12-11 | BAYERCROP  | Small-High          |         47.38 |      46.56 |          0.50 |    1.64 | Moderate Positive Shocker |                  0.82
 2025-12-11 | RATNAMANI  | Small-High          |         12.52 |      12.66 |          0.09 |   -1.61 | Moderate Negative Shocker |                 -0.14
 2025-12-11 | CIEINDIA   | Small-High          |         18.74 |      18.94 |          0.13 |   -1.53 | Moderate Negative Shocker |                 -0.20
 2025-12-11 | ANANTRAJ   | Small-High          |        694.53 |     685.47 |          6.05 |    1.50 | Moderate Positive Shocker |                  9.06
 2025-12-11 | HSCL       | Small-High          |        201.07 |     198.07 |          2.04 |    1.47 | Moderate Positive Shocker |                  3.00
 2025-12-11 | LLOYDSENGG | Small-Low           |        109.62 |     110.53 |          0.43 |   -2.11 | High Negative Shocker     |                 -0.91
 2025-12-11 | KRBL       | Small-Low           |         44.50 |      44.70 |          0.12 |   -1.65 | Moderate Negative Shocker |                 -0.20
 2025-12-11 | BLUESTONE  | Small-Low           |         13.95 |      14.79 |          0.51 |   -1.64 | Moderate Negative Shocker |                 -0.84
 2025-12-11 | HDFCNIFBAN | Small-Low           |          0.57 |       0.52 |          0.03 |    1.59 | Moderate Positive Shocker |                  0.05
 2025-12-11 | IMFA       | Small-Low           |         24.78 |      25.47 |          0.44 |   -1.58 | Moderate Negative Shocker |                 -0.69
 2025-12-11 | VESUVIUS   | Small-Low           |         10.54 |      10.65 |          0.07 |   -1.52 | Moderate Negative Shocker |                 -0.11
 2025-12-11 | LUMAXIND   | Small-Low           |          7.18 |       7.59 |          0.28 |   -1.48 | Moderate Negative Shocker |                 -0.41
 2025-12-11 | TEJASNET   | Small-Low           |        291.36 |     296.39 |          3.52 |   -1.43 | Moderate Negative Shocker |                 -5.03
 2025-12-11 | VSTTILLERS | Small-Low           |         27.93 |      27.30 |          0.45 |    1.40 | Moderate Positive Shocker |                  0.63
 2025-12-11 | CAMPUS     | Small-Low           |         24.22 |      24.63 |          0.29 |   -1.40 | Moderate Negative Shocker |                 -0.41
 2025-12-11 | METAL      | Micro-Low           |          2.23 |       1.37 |          0.31 |    2.77 | High Positive Shocker     |                  0.86
 2025-12-11 | DREAMFOLKS | Micro-Low           |          1.17 |       1.12 |          0.02 |    2.25 | High Positive Shocker     |                  0.05
 2025-12-11 | SURYODAY   | Micro-Low           |          8.01 |       7.83 |          0.08 |    2.23 | High Positive Shocker     |                  0.18
 2025-12-11 | NEXT50     | Micro-Low           |          1.35 |       1.29 |          0.03 |    2.04 | High Positive Shocker     |                  0.06
 2025-12-11 | SBIETFIT   | Micro-Low           |          0.15 |       0.17 |          0.01 |   -1.89 | Moderate Negative Shocker |                 -0.02
 2025-12-11 | HUBTOWN    | Micro-Low           |        112.88 |     110.25 |          1.40 |    1.88 | Moderate Positive Shocker |                  2.63
 2025-12-11 | GOODLUCK   | Micro-Low           |         71.88 |      72.48 |          0.34 |   -1.78 | Moderate Negative Shocker |                 -0.60
 2025-12-11 | NIF100BEES | Micro-Low           |          0.99 |       0.90 |          0.05 |    1.75 | Moderate Positive Shocker |                  0.09
 2025-12-11 | HDFCPSUBK  | Micro-Low           |          0.33 |       0.35 |          0.01 |   -1.72 | Moderate Negative Shocker |                 -0.02
 2025-12-11 | SHARIABEES | Micro-Low           |          0.38 |       0.29 |          0.05 |    1.71 | Moderate Positive Shocker |                  0.09
 2025-12-11 | GOLDETFADD | Unknown             |          0.36 |       0.24 |          0.11 |    1.09 | Moderate Positive Shocker |                  0.12
 2025-12-10 | ADANIENT   | Large-High          |        431.55 |     417.73 |          8.38 |    1.65 | Moderate Positive Shocker |                 13.82
 2025-12-10 | ADANIGREEN | Large-High          |        281.52 |     278.39 |          2.01 |    1.56 | Moderate Positive Shocker |                  3.13
 2025-12-10 | EICHERMOT  | Large-High          |         64.54 |      78.81 |          9.22 |   -1.55 | Moderate Negative Shocker |                -14.27
 2025-12-10 | JIOFIN     | Large-High          |       1404.97 |    1383.48 |         13.85 |    1.55 | Moderate Positive Shocker |                 21.49
 2025-12-10 | MARUTI     | Large-High          |        142.39 |     122.83 |         12.78 |    1.53 | Moderate Positive Shocker |                 19.56
 2025-12-10 | KOTAKBANK  | Large-High          |        104.39 |      85.67 |         13.41 |    1.40 | Moderate Positive Shocker |                 18.72
 2025-12-10 | ONGC       | Large-High          |        258.05 |     261.94 |          2.77 |   -1.40 | Moderate Negative Shocker |                 -3.89
 2025-12-10 | BHARTIARTL | Large-High          |        216.60 |     222.83 |          4.52 |   -1.38 | Moderate Negative Shocker |                 -6.23
 2025-12-10 | AMBUJACEM  | Large-High          |        169.64 |     165.56 |          3.10 |    1.32 | Moderate Positive Shocker |                  4.08
 2025-12-10 | TRENT      | Large-High          |       1095.70 |    1079.76 |         12.07 |    1.32 | Moderate Positive Shocker |                 15.94
 2025-12-10 | JSWENERGY  | Large-Low           |        294.97 |     284.71 |          7.24 |    1.42 | Moderate Positive Shocker |                 10.26
 2025-12-10 | SUZLON     | Large-Low           |        905.35 |     899.76 |          4.04 |    1.38 | Moderate Positive Shocker |                  5.59
 2025-12-10 | LTF        | Large-Low           |        103.09 |     107.11 |          3.56 |   -1.13 | Moderate Negative Shocker |                 -4.02
 2025-12-10 | ENRIN      | Large-Low           |         90.35 |     103.77 |         12.01 |   -1.12 | Moderate Negative Shocker |                -13.42
 2025-12-10 | BHEL       | Large-Low           |        212.17 |     222.73 |          9.76 |   -1.08 | Moderate Negative Shocker |                -10.56
 2025-12-10 | ICICIPRULI | Large-Low           |         31.56 |      33.56 |          1.89 |   -1.06 | Moderate Negative Shocker |                 -2.00
 2025-12-10 | NTPCGREEN  | Large-Low           |        170.52 |     169.39 |          1.12 |    1.01 | Moderate Positive Shocker |                  1.13
 2025-12-10 | KALYANKJIL | Mid-High            |        242.44 |     234.38 |          3.73 |    2.16 | High Positive Shocker     |                  8.06
 2025-12-10 | OFSS       | Mid-High            |        270.56 |     263.47 |          4.36 |    1.63 | Moderate Positive Shocker |                  7.09
 2025-12-10 | GICRE      | Mid-High            |         82.49 |      83.95 |          0.92 |   -1.58 | Moderate Negative Shocker |                 -1.46
 2025-12-10 | BERGEPAINT | Mid-High            |         11.24 |      11.79 |          0.36 |   -1.52 | Moderate Negative Shocker |                 -0.55
 2025-12-10 | FEDERALBNK | Mid-High            |         48.92 |      46.37 |          1.89 |    1.35 | Moderate Positive Shocker |                  2.55
 2025-12-10 | SUNDARMFIN | Mid-High            |         10.53 |      10.22 |          0.23 |    1.33 | Moderate Positive Shocker |                  0.31
 2025-12-10 | YESBANK    | Mid-High            |        921.04 |     910.85 |          7.92 |    1.29 | Moderate Positive Shocker |                 10.19
 2025-12-10 | BHARATFORG | Mid-High            |         74.63 |      69.66 |          3.88 |    1.28 | Moderate Positive Shocker |                  4.97
 2025-12-10 | MRF        | Mid-High            |         70.49 |      67.84 |          2.13 |    1.24 | Moderate Positive Shocker |                  2.65
 2025-12-10 | NATIONALUM | Mid-High            |        155.78 |     146.35 |          8.33 |    1.13 | Moderate Positive Shocker |                  9.43
 2025-12-10 | SONACOMS   | Mid-Low             |         96.53 |      93.11 |          1.92 |    1.78 | Moderate Positive Shocker |                  3.42
 2025-12-10 | IREDA      | Mid-Low             |        403.89 |     400.67 |          2.06 |    1.56 | Moderate Positive Shocker |                  3.22
 2025-12-10 | NLCINDIA   | Mid-Low             |        130.92 |     129.38 |          1.02 |    1.51 | Moderate Positive Shocker |                  1.54
 2025-12-10 | ITCHOTELS  | Mid-Low             |        206.74 |     199.25 |          5.15 |    1.45 | Moderate Positive Shocker |                  7.49
 2025-12-10 | ANTHEM     | Mid-Low             |         27.12 |      25.99 |          0.80 |    1.41 | Moderate Positive Shocker |                  1.13
 2025-12-10 | HEXT       | Mid-Low             |         15.69 |      14.32 |          1.00 |    1.37 | Moderate Positive Shocker |                  1.37
 2025-12-10 | CRISIL     | Mid-Low             |         43.95 |      42.15 |          1.33 |    1.36 | Moderate Positive Shocker |                  1.80
 2025-12-10 | PWL        | Mid-Low             |         24.08 |      20.88 |          2.43 |    1.32 | Moderate Positive Shocker |                  3.20
 2025-12-10 | GODREJIND  | Mid-Low             |         21.58 |      22.03 |          0.34 |   -1.32 | Moderate Negative Shocker |                 -0.45
 2025-12-10 | ASTRAL     | Mid-Low             |        104.64 |     100.15 |          3.43 |    1.31 | Moderate Positive Shocker |                  4.49
 2025-12-10 | SHRIPISTON | Small-High          |         12.70 |      10.65 |          0.88 |    2.33 | High Positive Shocker     |                  2.05
 2025-12-10 | CHENNPETRO | Small-High          |         75.56 |      79.77 |          2.08 |   -2.03 | High Negative Shocker     |                 -4.21
 2025-12-10 | SYRMA      | Small-High          |        167.97 |     173.71 |          2.85 |   -2.01 | High Negative Shocker     |                 -5.74
 2025-12-10 | DOMS       | Small-High          |         24.68 |      23.73 |          0.50 |    1.90 | Moderate Positive Shocker |                  0.95
 2025-12-10 | IGIL       | Small-High          |         37.96 |      39.32 |          0.72 |   -1.90 | Moderate Negative Shocker |                 -1.36
 2025-12-10 | ZFCVINDIA  | Small-High          |          9.56 |       8.65 |          0.48 |    1.90 | Moderate Positive Shocker |                  0.91
 2025-12-10 | JSWCEMENT  | Small-High          |         59.91 |      57.63 |          1.21 |    1.89 | Moderate Positive Shocker |                  2.28
 2025-12-10 | ACMESOLAR  | Small-High          |         71.84 |      69.69 |          1.15 |    1.87 | Moderate Positive Shocker |                  2.15
 2025-12-10 | GRAPHITE   | Small-High          |        106.95 |     108.17 |          0.67 |   -1.81 | Moderate Negative Shocker |                 -1.22
 2025-12-10 | PFOCUS     | Small-High          |         13.84 |      15.99 |          1.21 |   -1.78 | Moderate Negative Shocker |                 -2.15
 2025-12-10 | MANINFRA   | Small-Low           |         35.35 |      34.91 |          0.19 |    2.31 | High Positive Shocker     |                  0.44
 2025-12-10 | TRANSRAILL | Small-Low           |        178.35 |     176.17 |          1.00 |    2.18 | High Positive Shocker     |                  2.18
 2025-12-10 | VSTTILLERS | Small-Low           |         28.11 |      27.30 |          0.45 |    1.79 | Moderate Positive Shocker |                  0.81
 2025-12-10 | HGINFRA    | Small-Low           |         49.22 |      49.97 |          0.43 |   -1.73 | Moderate Negative Shocker |                 -0.75
 2025-12-10 | IMFA       | Small-Low           |         24.78 |      25.47 |          0.44 |   -1.58 | Moderate Negative Shocker |                 -0.69
 2025-12-10 | LIQUIDCASE | Small-Low           |          0.48 |       0.45 |          0.02 |    1.57 | Moderate Positive Shocker |                  0.03
 2025-12-10 | INOXGREEN  | Small-Low           |        172.77 |     177.74 |          3.18 |   -1.56 | Moderate Negative Shocker |                 -4.97
 2025-12-10 | BLUEJET    | Small-Low           |        164.34 |     161.36 |          1.94 |    1.54 | Moderate Positive Shocker |                  2.98
 2025-12-10 | FDC        | Small-Low           |         22.23 |      24.20 |          1.28 |   -1.54 | Moderate Negative Shocker |                 -1.97
 2025-12-10 | FEDFINA    | Small-Low           |         49.00 |      49.86 |          0.57 |   -1.52 | Moderate Negative Shocker |                 -0.86
 2025-12-10 | SCPL       | Micro-Low           |          0.18 |       0.15 |          0.01 |    3.25 | High Positive Shocker     |                  0.03
 2025-12-10 | UTINEXT50  | Micro-Low           |          2.50 |       2.53 |          0.01 |   -2.72 | High Negative Shocker     |                 -0.03
 2025-12-10 | EQUAL50ADD | Micro-Low           |          0.63 |       0.41 |          0.09 |    2.41 | High Positive Shocker     |                  0.22
 2025-12-10 | MANALIPETC | Micro-Low           |          4.52 |       4.50 |          0.01 |    2.07 | High Positive Shocker     |                  0.02
 2025-12-10 | TVSSRICHAK | Micro-Low           |          2.07 |       2.39 |          0.16 |   -2.01 | High Negative Shocker     |                 -0.32
 2025-12-10 | LICNETFGSC | Micro-Low           |          0.06 |       0.02 |          0.02 |    2.00 | Moderate Positive Shocker |                  0.04
 2025-12-10 | NPST       | Micro-Low           |          9.61 |       9.98 |          0.19 |   -1.93 | Moderate Negative Shocker |                 -0.37
 2025-12-10 | GROWWGOLD  | Micro-Low           |          2.78 |       2.53 |          0.13 |    1.91 | Moderate Positive Shocker |                  0.25
 2025-12-10 | SML100CASE | Micro-Low           |          0.20 |       0.22 |          0.01 |   -1.91 | Moderate Negative Shocker |                 -0.02
 2025-12-10 | ECOSMOBLTY | Micro-Low           |          6.27 |       6.06 |          0.11 |    1.89 | Moderate Positive Shocker |                  0.21
 2025-12-09 | SETFNIF50  | Large-High          |          7.32 |       8.03 |          0.39 |   -1.81 | Moderate Negative Shocker |                 -0.71
 2025-12-09 | ADANIGREEN | Large-High          |        274.78 |     278.39 |          2.01 |   -1.80 | Moderate Negative Shocker |                 -3.61
 2025-12-09 | HINDZINC   | Large-High          |        378.55 |     320.76 |         34.03 |    1.70 | Moderate Positive Shocker |                 57.79
 2025-12-09 | GROWW      | Large-High          |         19.91 |      36.85 |         10.89 |   -1.56 | Moderate Negative Shocker |                -16.94
 2025-12-09 | BHARTIARTL | Large-High          |        216.04 |     222.83 |          4.52 |   -1.50 | Moderate Negative Shocker |                 -6.79
 2025-12-09 | DMART      | Large-High          |        217.22 |     223.42 |          4.24 |   -1.46 | Moderate Negative Shocker |                 -6.20
 2025-12-09 | KOTAKBANK  | Large-High          |        105.15 |      85.67 |         13.41 |    1.45 | Moderate Positive Shocker |                 19.48
 2025-12-09 | NTPC       | Large-High          |        291.05 |     283.97 |          5.00 |    1.42 | Moderate Positive Shocker |                  7.08
 2025-12-09 | UNITDSPR   | Large-High          |        108.75 |     104.23 |          3.20 |    1.41 | Moderate Positive Shocker |                  4.52
 2025-12-09 | SWIGGY     | Large-High          |        335.65 |     302.92 |         23.35 |    1.40 | Moderate Positive Shocker |                 32.73
 2025-12-09 | LENSKART   | Large-Low           |         18.63 |      13.77 |          2.52 |    1.93 | Moderate Positive Shocker |                  4.86
 2025-12-09 | DIXON      | Large-Low           |        667.72 |     695.70 |         16.02 |   -1.75 | Moderate Negative Shocker |                -27.98
 2025-12-09 | SUZLON     | Large-Low           |        893.35 |     899.76 |          4.04 |   -1.59 | Moderate Negative Shocker |                 -6.41
 2025-12-09 | AUBANK     | Large-Low           |         38.13 |      40.22 |          1.31 |   -1.59 | Moderate Negative Shocker |                 -2.09
 2025-12-09 | LTF        | Large-Low           |        101.50 |     107.11 |          3.56 |   -1.58 | Moderate Negative Shocker |                 -5.61
 2025-12-09 | PAYTM      | Large-Low           |        139.27 |     149.52 |          6.75 |   -1.52 | Moderate Negative Shocker |                -10.25
 2025-12-09 | ABCAPITAL  | Large-Low           |         69.67 |      79.68 |          7.27 |   -1.38 | Moderate Negative Shocker |                -10.01
 2025-12-09 | DABUR      | Large-Low           |         67.32 |      69.99 |          2.04 |   -1.31 | Moderate Negative Shocker |                 -2.67
 2025-12-09 | BAJAJHFL   | Large-Low           |        356.25 |     346.94 |          7.29 |    1.28 | Moderate Positive Shocker |                  9.31
 2025-12-09 | SRF        | Large-Low           |         65.48 |      53.67 |          9.82 |    1.20 | Moderate Positive Shocker |                 11.81
 2025-12-09 | ABBOTINDIA | Mid-High            |         46.16 |      45.16 |          0.46 |    2.18 | High Positive Shocker     |                  1.00
 2025-12-09 | TIINDIA    | Mid-High            |         78.68 |      81.27 |          1.27 |   -2.04 | High Negative Shocker     |                 -2.59
 2025-12-09 | MCX        | Mid-High            |        310.21 |     331.29 |         12.75 |   -1.65 | Moderate Negative Shocker |                -21.08
 2025-12-09 | BERGEPAINT | Mid-High            |         11.27 |      11.79 |          0.36 |   -1.43 | Moderate Negative Shocker |                 -0.52
 2025-12-09 | PATANJALI  | Mid-High            |        329.54 |     436.85 |         81.08 |   -1.32 | Moderate Negative Shocker |               -107.31
 2025-12-09 | UTISENSETF | Mid-High            |          0.11 |       0.12 |          0.01 |   -1.30 | Moderate Negative Shocker |                 -0.01
 2025-12-09 | HDBFS      | Mid-High            |         37.52 |      34.11 |          2.71 |    1.26 | Moderate Positive Shocker |                  3.41
 2025-12-09 | SAIL       | Mid-High            |        332.10 |     339.60 |          6.05 |   -1.24 | Moderate Negative Shocker |                 -7.50
 2025-12-09 | GICRE      | Mid-High            |         82.83 |      83.95 |          0.92 |   -1.21 | Moderate Negative Shocker |                 -1.12
 2025-12-09 | LINDEINDIA | Mid-High            |        102.58 |      99.20 |          2.93 |    1.15 | Moderate Positive Shocker |                  3.38
 2025-12-09 | KPRMILL    | Mid-Low             |         68.85 |      70.18 |          0.57 |   -2.33 | High Negative Shocker     |                 -1.33
 2025-12-09 | IPCALAB    | Mid-Low             |         17.47 |      16.04 |          0.71 |    2.01 | High Positive Shocker     |                  1.43
 2025-12-09 | NAVINFLUOR | Mid-Low             |         30.12 |      25.85 |          2.65 |    1.61 | Moderate Positive Shocker |                  4.27
 2025-12-09 | DELHIVERY  | Mid-Low             |         84.99 |      87.65 |          1.71 |   -1.55 | Moderate Negative Shocker |                 -2.66
 2025-12-09 | APOLLOTYRE | Mid-Low             |         25.91 |      29.37 |          2.27 |   -1.52 | Moderate Negative Shocker |                 -3.46
 2025-12-09 | AIAENG     | Mid-Low             |         13.57 |      14.39 |          0.55 |   -1.49 | Moderate Negative Shocker |                 -0.82
 2025-12-09 | CDSL       | Mid-Low             |        908.00 |     921.75 |          9.85 |   -1.40 | Moderate Negative Shocker |                -13.75
 2025-12-09 | LTTS       | Mid-Low             |         60.58 |      56.64 |          2.85 |    1.38 | Moderate Positive Shocker |                  3.94
 2025-12-09 | NLCINDIA   | Mid-Low             |        130.72 |     129.38 |          1.02 |    1.32 | Moderate Positive Shocker |                  1.34
 2025-12-09 | GODIGIT    | Mid-Low             |          7.01 |       6.89 |          0.09 |    1.31 | Moderate Positive Shocker |                  0.12
 2025-12-09 | ERIS       | Small-High          |          8.69 |      10.18 |          0.60 |   -2.49 | High Negative Shocker     |                 -1.49
 2025-12-09 | EBBETF0431 | Small-High          |          0.03 |       0.01 |          0.01 |    2.34 | High Positive Shocker     |                  0.02
 2025-12-09 | MANYAVAR   | Small-High          |         52.90 |      53.84 |          0.43 |   -2.18 | High Negative Shocker     |                 -0.94
 2025-12-09 | AEGISLOG   | Small-High          |         86.14 |      87.74 |          0.75 |   -2.14 | High Negative Shocker     |                 -1.60
 2025-12-09 | CAPLIPOINT | Small-High          |         26.21 |      25.80 |          0.19 |    2.14 | High Positive Shocker     |                  0.41
 2025-12-09 | GRINDWELL  | Small-High          |         11.61 |      11.77 |          0.08 |   -2.06 | High Negative Shocker     |                 -0.16
 2025-12-09 | TECHNOE    | Small-High          |         75.00 |      76.33 |          0.67 |   -1.98 | Moderate Negative Shocker |                 -1.33
 2025-12-09 | AETHER     | Small-High          |         25.02 |      23.92 |          0.56 |    1.97 | Moderate Positive Shocker |                  1.10
 2025-12-09 | TATACHEM   | Small-High          |        154.03 |     150.88 |          1.61 |    1.95 | Moderate Positive Shocker |                  3.15
 2025-12-09 | IIFL       | Small-High          |         59.93 |      63.32 |          1.79 |   -1.89 | Moderate Negative Shocker |                 -3.39
 2025-12-09 | GNFC       | Small-Low           |         96.12 |      97.23 |          0.49 |   -2.27 | High Negative Shocker     |                 -1.11
 2025-12-09 | SANOFI     | Small-Low           |         29.54 |      30.21 |          0.30 |   -2.23 | High Negative Shocker     |                 -0.67
 2025-12-09 | MMTC       | Small-Low           |         23.65 |      24.97 |          0.60 |   -2.21 | High Negative Shocker     |                 -1.32
 2025-12-09 | NESCO      | Small-Low           |         27.47 |      27.97 |          0.24 |   -2.07 | High Negative Shocker     |                 -0.50
 2025-12-09 | AKUMS      | Small-Low           |         21.58 |      21.31 |          0.13 |    2.06 | High Positive Shocker     |                  0.27
 2025-12-09 | JUNIPER    | Small-Low           |          4.84 |       4.42 |          0.21 |    1.98 | Moderate Positive Shocker |                  0.42
 2025-12-09 | AVALON     | Small-Low           |         35.55 |      36.95 |          0.72 |   -1.94 | Moderate Negative Shocker |                 -1.40
 2025-12-09 | ICIL       | Small-Low           |         25.44 |      26.64 |          0.65 |   -1.85 | Moderate Negative Shocker |                 -1.20
 2025-12-09 | KALPATARU  | Small-Low           |          1.59 |       1.50 |          0.05 |    1.74 | Moderate Positive Shocker |                  0.09
 2025-12-09 | SUDARSCHEM | Small-Low           |         39.00 |      38.12 |          0.51 |    1.73 | Moderate Positive Shocker |                  0.88
 2025-12-09 | DISHTV     | Micro-Low           |          2.07 |       2.24 |          0.06 |   -2.79 | High Negative Shocker     |                 -0.17
 2025-12-09 | OCCLLTD    | Micro-Low           |          0.23 |       0.26 |          0.01 |   -2.60 | High Negative Shocker     |                 -0.03
 2025-12-09 | UTINEXT50  | Micro-Low           |          2.50 |       2.53 |          0.01 |   -2.55 | High Negative Shocker     |                 -0.03
 2025-12-09 | STCINDIA   | Micro-Low           |          0.34 |       0.39 |          0.02 |   -2.51 | High Negative Shocker     |                 -0.05
 2025-12-09 | ZEEMEDIA   | Micro-Low           |          4.16 |       4.33 |          0.07 |   -2.43 | High Negative Shocker     |                 -0.17
 2025-12-09 | KSL        | Micro-Low           |         21.68 |      22.33 |          0.27 |   -2.42 | High Negative Shocker     |                 -0.65
 2025-12-09 | SBIBPB     | Micro-Low           |          0.12 |       0.10 |          0.01 |    2.29 | High Positive Shocker     |                  0.02
 2025-12-09 | ITETF      | Micro-Low           |          1.07 |       1.16 |          0.04 |   -2.24 | High Negative Shocker     |                 -0.09
 2025-12-09 | MMP        | Micro-Low           |          1.12 |       1.14 |          0.01 |   -2.20 | High Negative Shocker     |                 -0.02
 2025-12-09 | HDFCPVTBAN | Micro-Low           |          0.32 |       0.23 |          0.04 |    2.13 | High Positive Shocker     |                  0.09
 2025-12-09 | SHARDACROP | Unknown             |         33.68 |      29.42 |          3.32 |    1.28 | Moderate Positive Shocker |                  4.26
 2025-12-08 | CGPOWER    | Large-High          |        315.12 |     305.91 |          3.97 |    2.32 | High Positive Shocker     |                  9.21
 2025-12-08 | DRREDDY    | Large-High          |         68.81 |      60.70 |          3.54 |    2.29 | High Positive Shocker     |                  8.11
 2025-12-08 | IRFC       | Large-High          |        642.68 |     630.69 |          5.40 |    2.22 | High Positive Shocker     |                 11.99
 2025-12-08 | TITAN      | Large-High          |         97.80 |      89.05 |          4.14 |    2.11 | High Positive Shocker     |                  8.75
 2025-12-08 | TATACAP    | Large-High          |          9.18 |      10.49 |          0.62 |   -2.11 | High Negative Shocker     |                 -1.31
 2025-12-08 | TATAPOWER  | Large-High          |        424.17 |     416.07 |          3.87 |    2.09 | High Positive Shocker     |                  8.10
 2025-12-08 | BSE        | Large-High          |        617.88 |     759.87 |         68.47 |   -2.07 | High Negative Shocker     |               -141.99
 2025-12-08 | SOLARINDS  | Large-High          |        431.18 |     423.34 |          3.97 |    1.97 | Moderate Positive Shocker |                  7.84
 2025-12-08 | NTPC       | Large-High          |        293.64 |     283.97 |          5.00 |    1.93 | Moderate Positive Shocker |                  9.67
 2025-12-08 | PIDILITIND | Large-High          |         62.91 |      61.43 |          0.77 |    1.92 | Moderate Positive Shocker |                  1.48
 2025-12-08 | NYKAA      | Large-Low           |         42.39 |      41.11 |          0.59 |    2.18 | High Positive Shocker     |                  1.28
 2025-12-08 | BAJAJHFL   | Large-Low           |        362.76 |     346.94 |          7.29 |    2.17 | High Positive Shocker     |                 15.82
 2025-12-08 | PRESTIGE   | Large-Low           |         53.55 |      52.41 |          0.55 |    2.08 | High Positive Shocker     |                  1.14
 2025-12-08 | ICICIGI    | Large-Low           |         35.88 |      34.05 |          0.94 |    1.95 | Moderate Positive Shocker |                  1.83
 2025-12-08 | HAVELLS    | Large-Low           |        134.69 |     133.10 |          0.82 |    1.93 | Moderate Positive Shocker |                  1.59
 2025-12-08 | NHPC       | Large-Low           |        332.09 |     324.41 |          4.04 |    1.90 | Moderate Positive Shocker |                  7.68
 2025-12-08 | IDFCFIRSTB | Large-Low           |        316.35 |     303.33 |          7.62 |    1.71 | Moderate Positive Shocker |                 13.02
 2025-12-08 | NTPCGREEN  | Large-Low           |        171.21 |     169.39 |          1.12 |    1.63 | Moderate Positive Shocker |                  1.82
 2025-12-08 | SRF        | Large-Low           |         69.67 |      53.67 |          9.82 |    1.63 | Moderate Positive Shocker |                 16.00
 2025-12-08 | MAZDOCK    | Large-Low           |       1197.58 |    1166.41 |         19.40 |    1.61 | Moderate Positive Shocker |                 31.17
 2025-12-08 | GODREJPROP | Mid-High            |        182.47 |     172.64 |          3.64 |    2.70 | High Positive Shocker     |                  9.83
 2025-12-08 | ATGL       | Mid-High            |        111.86 |     109.89 |          0.82 |    2.40 | High Positive Shocker     |                  1.97
 2025-12-08 | GLENMARK   | Mid-High            |         62.76 |      56.57 |          2.71 |    2.29 | High Positive Shocker     |                  6.19
 2025-12-08 | TORNTPOWER | Mid-High            |         73.58 |      69.35 |          1.85 |    2.29 | High Positive Shocker     |                  4.23
 2025-12-08 | UTISENSETF | Mid-High            |          0.10 |       0.12 |          0.01 |   -2.27 | High Negative Shocker     |                 -0.02
 2025-12-08 | PATANJALI  | Mid-High            |        262.92 |     436.85 |         81.08 |   -2.15 | High Negative Shocker     |               -173.93
 2025-12-08 | COFORGE    | Mid-High            |         93.53 |     112.80 |          9.03 |   -2.13 | High Negative Shocker     |                -19.27
 2025-12-08 | VMM        | Mid-High            |        128.80 |     120.81 |          4.00 |    2.00 | Moderate Positive Shocker |                  7.99
 2025-12-08 | MOTILALOFS | Mid-High            |        144.27 |     152.62 |          4.37 |   -1.91 | Moderate Negative Shocker |                 -8.35
 2025-12-08 | RVNL       | Mid-High            |        706.89 |     691.82 |          8.39 |    1.80 | Moderate Positive Shocker |                 15.07
 2025-12-08 | UCOBANK    | Mid-Low             |        131.00 |     128.17 |          1.24 |    2.28 | High Positive Shocker     |                  2.83
 2025-12-08 | PAGEIND    | Mid-Low             |         69.43 |      71.76 |          1.04 |   -2.24 | High Negative Shocker     |                 -2.33
 2025-12-08 | GODFRYPHLP | Mid-Low             |        205.48 |     194.24 |          5.11 |    2.20 | High Positive Shocker     |                 11.24
 2025-12-08 | APARINDS   | Mid-Low             |         59.40 |      54.97 |          2.24 |    1.98 | Moderate Positive Shocker |                  4.43
 2025-12-08 | MAHABANK   | Mid-Low             |        270.80 |     261.90 |          4.70 |    1.89 | Moderate Positive Shocker |                  8.90
 2025-12-08 | MSUMI      | Mid-Low             |         41.46 |      38.40 |          1.65 |    1.85 | Moderate Positive Shocker |                  3.06
 2025-12-08 | FLUOROCHEM | Mid-Low             |        183.51 |     177.12 |          3.51 |    1.82 | Moderate Positive Shocker |                  6.39
 2025-12-08 | LTTS       | Mid-Low             |         61.79 |      56.64 |          2.85 |    1.81 | Moderate Positive Shocker |                  5.15
 2025-12-08 | NAVINFLUOR | Mid-Low             |         30.54 |      25.85 |          2.65 |    1.77 | Moderate Positive Shocker |                  4.69
 2025-12-08 | JKCEMENT   | Mid-Low             |         41.11 |      39.49 |          0.93 |    1.75 | Moderate Positive Shocker |                  1.62
 2025-12-08 | SUMICHEM   | Small-High          |         41.38 |      38.77 |          0.93 |    2.81 | High Positive Shocker     |                  2.61
 2025-12-08 | INDIAMART  | Small-High          |         24.43 |      22.63 |          0.64 |    2.81 | High Positive Shocker     |                  1.80
 2025-12-08 | RELAXO     | Small-High          |         32.69 |      31.88 |          0.29 |    2.78 | High Positive Shocker     |                  0.81
 2025-12-08 | ANANDRATHI | Small-High          |         60.97 |     111.94 |         18.88 |   -2.70 | High Negative Shocker     |                -50.97
 2025-12-08 | TRITURBINE | Small-High          |         49.93 |      46.07 |          1.43 |    2.70 | High Positive Shocker     |                  3.86
 2025-12-08 | JUBLPHARMA | Small-High          |         58.68 |      55.21 |          1.29 |    2.69 | High Positive Shocker     |                  3.47
 2025-12-08 | RUBICON    | Small-High          |          1.21 |       2.12 |          0.34 |   -2.67 | High Negative Shocker     |                 -0.91
 2025-12-08 | SUNDRMFAST | Small-High          |         15.71 |      15.20 |          0.19 |    2.67 | High Positive Shocker     |                  0.51
 2025-12-08 | EDELWEISS  | Small-High          |        166.92 |     161.38 |          2.09 |    2.65 | High Positive Shocker     |                  5.54
 2025-12-08 | SOBHA      | Small-High          |         40.59 |      43.71 |          1.18 |   -2.65 | High Negative Shocker     |                 -3.12
 2025-12-08 | DHANUKA    | Small-Low           |         13.82 |      13.33 |          0.18 |    2.71 | High Positive Shocker     |                  0.49
 2025-12-08 | TEXRAIL    | Small-Low           |        142.14 |     138.18 |          1.51 |    2.62 | High Positive Shocker     |                  3.96
 2025-12-08 | YATHARTH   | Small-Low           |         95.47 |      92.65 |          1.09 |    2.59 | High Positive Shocker     |                  2.82
 2025-12-08 | PGIL       | Small-Low           |         17.77 |      16.43 |          0.52 |    2.57 | High Positive Shocker     |                  1.34
 2025-12-08 | RTNINDIA   | Small-Low           |         79.48 |      78.74 |          0.29 |    2.56 | High Positive Shocker     |                  0.74
 2025-12-08 | ACI        | Small-Low           |         27.37 |      26.74 |          0.25 |    2.50 | High Positive Shocker     |                  0.63
 2025-12-08 | MARKSANS   | Small-Low           |         86.97 |      85.01 |          0.81 |    2.42 | High Positive Shocker     |                  1.96
 2025-12-08 | GSFC       | Small-Low           |        156.04 |     152.09 |          1.67 |    2.37 | High Positive Shocker     |                  3.95
 2025-12-08 | MIDHANI    | Small-Low           |        109.44 |     108.57 |          0.37 |    2.35 | High Positive Shocker     |                  0.87
 2025-12-08 | WEWORK     | Small-Low           |          3.36 |       3.06 |          0.13 |    2.34 | High Positive Shocker     |                  0.30
 2025-12-08 | WEALTH     | Micro-Low           |          0.36 |       0.40 |          0.01 |   -3.69 | High Negative Shocker     |                 -0.04
 2025-12-08 | BELLACASA  | Micro-Low           |          0.30 |       0.26 |          0.01 |    3.64 | High Positive Shocker     |                  0.04
 2025-12-08 | BORANA     | Micro-Low           |          0.10 |       0.07 |          0.01 |    3.49 | High Positive Shocker     |                  0.03
 2025-12-08 | DHANI      | Micro-Low           |          1.11 |       1.04 |          0.02 |    3.32 | High Positive Shocker     |                  0.07
 2025-12-08 | STEL       | Micro-Low           |          0.39 |       0.36 |          0.01 |    3.32 | High Positive Shocker     |                  0.03
 2025-12-08 | ZIMLAB     | Micro-Low           |          0.22 |       0.19 |          0.01 |    3.32 | High Positive Shocker     |                  0.03
 2025-12-08 | KILITCH    | Micro-Low           |          0.69 |       0.66 |          0.01 |    3.28 | High Positive Shocker     |                  0.03
 2025-12-08 | SUYOG      | Micro-Low           |          7.83 |       7.76 |          0.02 |    3.26 | High Positive Shocker     |                  0.07
 2025-12-08 | KOKUYOCMLN | Micro-Low           |          1.82 |       1.79 |          0.01 |    3.16 | High Positive Shocker     |                  0.03
 2025-12-08 | SARVESHWAR | Micro-Low           |          1.65 |       1.53 |          0.04 |    3.00 | High Positive Shocker     |                  0.12
 2025-12-08 | SHARDACROP | Unknown             |         35.23 |      29.42 |          3.32 |    1.75 | Moderate Positive Shocker |                  5.81
(675 rows)

