SEBI REPORT AS ON Reporting date 14-OCT-2025,,,,,,,
,,,,,,,
Sr.No.,Particulars,Rs. In Lakhs ,,,,,
1,Scripwise Total Outstanding on the beginning of the day,10799153.72,,,,,
2,Fresh Exposure taken during the day,436949.78,,,,,
3,Exposure liquidated during the day,300951.06,,,,,
4,Net scripwise outstanding at the end of the day,10935152.43,,,,,
,,,,,,,
,,,,,,,
Symbol,Name,Qty Fin by all the members(No.of Shares),Amt Fin by all the members(Rs. In Lakhs),,,,
GLENMARK,GLENMARKNPP100100DEPO,312822.00,6284.61,,,,
GUJGASLTD,GUJARAT GAS LIMITED,550525.00,2680.82,,,,
HCLTECH,HCL TECHNOLOGIES LTD,2088309.00,32396.90,,,,
HSCL,HIMADRI SPECIALITY CHEM L,4375119.00,21343.39,,,,
HINDALCO,HINDALCO IND LTD.,1654032.00,11813.41,,,,
POWERINDIA,HITACHI ENERGY INDIA LTD,80996.00,15175.39,,,,
TIRUMALCHM,THIRUMALAI CHEMICALS LTD.,1489977.00,4412.85,,,,
TITAGARH,TITAGARH RAIL SYSTEMS LTD,2668206.00,25205.10,,,,
TRITURBINE,TRIVENI TURBINE LIMITED,1079068.00,6429.05,,,,
UCOBANK,UCO BANK,37362470.00,12623.93,,,,
VEDL,VEDANTA LIMITED,14059027.00,63803.42,,,,
MANKIND,MANKIND PHARMA LIMITED,202223.00,5117.40,,,,
JIOFIN,JIO FIN SERVICES LTD,48057992.00,147381.18,,,,
ZENTEC,ZEN TECHNOLOGIES LIMITED,936127.00,14975.96,,,,
RAMKY,RAMKY INFRA LTD,1405471.00,8214.11,,,,
GEOJITFSL,GEOJIT FINANCIAL SER L,1576550.00,1325.65,,,,
NTPC,8.41%S-R-NCD SERIES 1A,8100930.00,28706.08,,,,
KSCL,KAVERI SEED CO. LTD.,341496.00,4078.79,,,,
PREMEXPLN,PREMIER EXPLOSIVES LTD,1004998.00,6091.05,,,,
PGEL,PG ELECTROPLAST LTD,3358380.00,18743.74,,,,
INFIBEAM,INFIBEAM AVENUES LIMITED,21183122.00,4066.19,,,,
FIRSTCRY,BRAINBEES SOLUTIONS LTD,2502087.00,9656.66,,,,
CONFIPET,CONFIDENCE PETRO IND LTD.,4049298.00,2416.81,,,,
JPPOWER,JAIPRAKASH POWER VEN. LTD,76980612.00,15710.06,,,,
FEDERALBNK,FEDERAL BANK LTD,4579653.00,9358.20,,,,
OLECTRA,OLECTRA GREENTECH LIMITED,2071761.00,31523.29,,,,
BELRISE,BELRISE INDUSTRIES LTD,14559321.00,21298.62,,,,
NAZARA,NAZARA TECHNOLOGIES LTD,31034733.00,88816.35,,,,
AVANTIFEED,AVANTI FEEDS LIMITED,1194359.00,8847.50,,,,
BDL,BHARAT DYNAMICS LIMITED,3984996.00,67587.95,,,,
EMAMILTD,EMAMI LIMITED,739398.00,4370.97,,,,
ZYDUSLIFE,ZYDUS LIFESCIENCES LTD,638224.00,6502.55,,,,
BLUEJET,BLUE JET HEALTHCARE LTD,2567709.00,19111.54,,,,
FSL,FIRSTSOURCE SOLU. LTD.,2030751.00,7220.76,,,,
IFBIND,IFB INDUSTRIES LTD,284908.00,4575.73,,,,
WAAREERTL,WAAREE RENEWABLE TECH LTD,486106.00,5661.30,,,,
EPACK,EPACK DURABLE LIMITED,1352939.00,5149.27,,,,
TRANSRAILL,TRANSRAIL LIGHTING LTD,2664866.00,19656.46,,,,
AFCONS,AFCONS INFRASTRUCTURE LTD,1374543.00,6216.08,,,,
VIKRAN,VIKRAN ENGINEERING LTD,1101714.00,1117.97,,,,
JSWINFRA,JSW INFRASTRUCTURE LTD,4265225.00,12908.23,,,,
PHOENIXLTD,THE PHOENIX MILLS LIMITED,268327.00,4333.15,,,,
APOLLO,APOLLO MICRO SYSTEMS LTD,3357094.00,8875.96,,,,
COALINDIA,COAL INDIA LTD,10208388.00,40433.37,,,,
LLOYDSME,LLOYDS METALS N ENERGY L,1405844.00,18459.13,,,,
AWFIS,AWFIS SPACE SOLUTIONS LTD,771817.00,4728.60,,,,
BLACKBUCK,BLACKBUCK LIMITED,923416.00,5720.71,,,,
JBCHEPHARM,JBCHEPHARM,65095.00,1130.22,,,,
JBMA,JBM AUTO LIMITED,2509617.00,17431.29,,,,
KIMS,KRISHNA INST OF MED SCI L,556023.00,3973.97,,,,
BAYERCROP,BAYER CROPSCIENCE LTD,64889.00,3464.65,,,,
BIRLANU,BIRLANU LIMITED,43123.00,937.42,,,,
BOMDYEING,BOMBAY DYEING & MFG CO.,6373939.00,10826.68,,,,
BRITANNIA,BRITANNIA INDUSTRIES LTD,85966.00,5093.30,,,,
LXCHEM,LAXMI ORGANIC INDUS LTD,2837439.00,6397.33,,,,
PRIVISCL,PRIVI SPECIALITY CHE LTD,447406.00,10566.33,,,,
ACC,ACCNPP310899DEPO,733950.00,14172.02,,,,
EICHERMOT,EICHER MOTORS LTD,104031.00,6872.36,,,,
MFSL,MAX FINANCIAL SERV LTD,81847.00,1284.19,,,,
ASHOKLEY,ASHOK LEYLAND -DEP SETT,6842388.00,9144.63,,,,
RHIM,RHI MAGNESITA INDIA LTD,1263510.00,6235.81,,,,
ROUTE,ROUTE MOBILE LIMITED,884007.00,8959.61,,,,
SBICARD,SBI CARDS & PAY SER LTD,518288.00,4736.33,,,,
TATACHEM,TATA CHEMICALS LTD,1308736.00,12550.41,,,,
COROMANDEL,COROMANDEL INTERNTL. LTD,249165.00,5842.19,,,,
CYIENT,CYIENT LIMITED,806618.00,10531.59,,,,
DALMIASUG,DALMIA BHARAT SUG IN LTD,267585.00,1054.58,,,,
DATAMATICS,DATAMATICS GLOBAL SER LTD,396804.00,3422.72,,,,
LALPATHLAB,DR. LAL PATH LABS LTD.,89064.00,2862.61,,,,
SHAKTIPUMP,SHAKTI PUMPS (I) LTD,964604.00,8450.97,,,,
ASIANPAINT,ASIAN PAINTS LIMITED,926777.00,22844.03,,,,
KIRLPNU,KIRLOSKAR PNEUMATIC COM L,123777.00,1623.16,,,,
ELGIEQUIP,ELGI EQUIPMENTS LTD,938250.00,4961.80,,,,
SUPRAJIT,SUPRAJIT ENGINEERING LTD,268368.00,1270.54,,,,
HYUNDAI,HYUNDAI MOTOR INDIA LTD,482512.00,12299.42,,,,
INDHOTEL,THE INDIAN HOTELS CO. LTD,4224839.00,32191.88,,,,
NMDC,NMDC LTD.,25666562.00,19054.61,,,,
VOLTAMP,VOLTAMP TRANSFORMERS LTD,122718.00,10126.16,,,,
LEMONTREE,LEMON TREE HOTELS LTD,7202564.00,11888.35,,,,
JINDALSTEL,JINDAL STEEL LIMITED,489890.00,4945.97,,,,
ATHERENERG,ATHER ENERGY LIMITED,1050272.00,6116.19,,,,
RTNINDIA,RATTANINDIA ENT LIMITED,16620349.00,9585.34,,,,
POWERGRID,POWER GRID CORP. LTD.,5202806.00,15445.71,,,,
SERVOTECH,SERVOTECH REN POW SYS LTD,599496.00,824.60,,,,
LUMAXTECH,LUMAX AUTO TECH LTD,182904.00,1882.22,,,,
DOLLAR,DOLLAR INDUSTRIES LIMITED,172304.00,690.22,,,,
SUPREMEIND,SUPREME INDUSTRIES LTD,171923.00,7641.87,,,,
ALEMBICLTD,ALEMBIC LIMITED,2454415.00,2937.08,,,,
RENUKA,SHREE RENUKA SUGARS LTD,21608005.00,7780.90,,,,
MMTC,MMTC LIMITED,2650270.00,1917.75,,,,
EPIGRAL,EPIGRAL LIMITED,266686.00,4755.27,,,,
ESCORTS,ESCORTS KUBOTA LIMITED,198129.00,7190.42,,,,
POLICYBZR,PB FINTECH LIMITED,366591.00,6627.94,,,,
PRAKASH,PRAKASH INDUSTRIES LTD.,3420237.00,5647.55,,,,
PAISALO,PAISALO DIGITAL LIMITED,12315564.00,4720.68,,,,
SCILAL,SHIPPING CORP OF ILA LTD,2190771.00,1175.53,,,,
ACE,ACTION CONST EQUIP LTD,819940.00,9681.13,,,,
MHRIL,MAHINDRA HOLIDAYS LTD,301649.00,1101.21,,,,
METROPOLIS,METROPOLIS HEALTHCARE LTD,84844.00,1741.61,,,,
ORIENTELEC,ORIENT ELECTRIC LIMITED,345153.00,766.05,,,,
BAJAJELEC,BAJAJ ELECTRICALS LIMITED,386672.00,2347.42,,,,
TARC,TARC LIMITED,2073231.00,3612.42,,,,
SBFC,SBFC FINANCE LIMITED,3148507.00,3421.70,,,,
SHALBY,SHALBY LIMITED,833096.00,1991.92,,,,
SHOPERSTOP,SHOPPERS STOP LIMITED,70817.00,409.49,,,,
SIS,SIS LIMITED,123825.00,453.37,,,,
SIGACHI,SIGACHI INDUSTRIES LTD,9002911.00,3905.12,,,,
SHRIRAMPPS,SHRIRAM PROPERTIES LTD,5435927.00,5329.31,,,,
ASTRAZEN,ASTRAZENECA PHARMA IND LT,28987.00,2364.75,,,,
DLINKINDIA,D-LINK INDIA LTD,406610.00,2019.49,,,,
SURYODAY,SURYODAY SMALL FIN BK LTD,552472.00,785.96,,,,
ZUARI,ZUARI AGRO CHEMICALS LTD,463415.00,1284.10,,,,
RPTECH,RASHI PERIPHERALS LIMITED,294251.00,976.72,,,,
PTC,PTC INDIA LIMITED,2974518.00,5389.94,,,,
VENUSPIPES,VENUS PIPES & TUBES LTD,316148.00,4458.20,,,,
SANGHVIMOV,SANGHVI MOVERS LTD,1227825.00,4140.15,,,,
FMCGIETF,ICICIPRAMC - ICICIFMCG,3574343.00,2126.12,,,,
MOREALTY,MOTILALAMC - MOREALTY,1087113.00,992.91,,,,
VIMTALABS,VIMTA LABS LIMITED,433068.00,3213.87,,,,
TATSILV,TATAAML-TATSILV,21458180.00,3458.17,,,,
RESPONIND,RESPONSIVE INDUSTRIES LTD,1990086.00,4554.91,,,,
PAGEIND,PAGE INDUSTRIES LTD,11217.00,4930.74,,,,
MANALIPETC,MANALI PETROCHEMICALS LT,587864.00,449.63,,,,
TEXINFRA,TEXMACO INFRA & HOLDG LTD,702157.00,817.09,,,,
JGCHEM,J.G.CHEMICALS LIMITED,215050.00,1030.11,,,,
SANSTAR,SANSTAR LIMITED,1141240.00,1165.26,,,,
SPIC,SPIC LTD,3178258.00,3266.13,,,,
SUNDARMFIN,SUNDARAM FINANCE LTD,38399.00,1812.41,,,,
KROSS,KROSS LIMITED,958918.00,2025.65,,,,
TNPL,TAMILNADU NEWSPRT & PAPER,654844.00,1128.55,,,,
ALPL30IETF,ICICIPRAMC - ICICIALPLV,867024.00,246.11,,,,
DAMCAPITAL,DAM CAPITAL ADVISORS LTD,1404860.00,3513.67,,,,
INDBANK,INDBANK MERCH BANK,7649.00,3.31,,,,
HARIOMPIPE,HARIOM PIPE INDUSTRIES L,504187.00,2682.46,,,,
UFO,UFO MOVIEZ INDIA LTD.,89454.00,82.35,,,,
IKS,INVENTURUS KNOWLEDGE SO L,455181.00,7297.39,,,,
DAVANGERE,DAVANGERE SUGAR COMPANY L,6213248.00,244.30,,,,
DOLATALGO,DOLAT ALGOTECH LIMITED,569076.00,528.01,,,,
VIKASLIFE,VIKAS LIFECARE LIMITED,736997.00,21.98,,,,
AGARIND,AGARWAL INDS CORP LTD.,44680.00,448.64,,,,
CRIZAC,CRIZAC LIMITED,1003505.00,3103.08,,,,
HIRECT,HIND RECTIFIER LIMITED,39990.00,650.42,,,,
FOSECOIND,FOSECO INDIA LTD,3762.00,226.51,,,,
INDIANHUME,INDIAN HUME PIPE CO. LTD,87611.00,361.22,,,,
JTEKTINDIA,JTEKT INDIA LIMITED,506604.00,886.50,,,,
UNIMECH,UNIMECH AEROSPACE N MFG L,28452.00,301.14,,,,
RUSHIL,RUSHIL DECOR LIMITED,1001915.00,335.43,,,,
PROZONER,PROZONE REALTY LIMITED,122638.00,67.08,,,,
SCODATUBES,SCODA TUBES LIMITED,426881.00,801.43,,,,
GHCLTEXTIL,GHCL TEXTILES LIMITED,93919.00,83.86,,,,
ASHOKAMET,ASHOKA METCAST LIMITED,6186.00,1.07,,,,
LYKALABS,LYKA LABS LTD,28833.00,34.23,,,,
HUHTAMAKI,HUHTAMAKI INDIA LIMITED,1190153.00,4081.44,,,,
AEGISVOPAK,AEGIS VOPAK TERMINALS LTD,384906.00,1005.68,,,,
CPSEETF,CPSE ETF,3205463.00,2978.91,,,,
MOLDTKPAC,MOLD TEK PACKAGING LTD,151274.00,1103.97,,,,
KRISHANA,KRISHANA PHOSCHEM LIMITED,121067.00,645.58,,,,
MID150CASE,ZERODHAAMC - MID150CASE,1368269.00,147.86,,,,
BFSI,MIRAEAMC - MAFSETF,1143660.00,309.93,,,,
THANGAMAYL,THANGAMAYIL JEWELLERY LTD,26638.00,552.17,,,,
TOP10ADD,DSPAMC - TOP10ADD,101937.00,98.06,,,,
WHEELS,WHEELS INDIA LTD,96094.00,811.96,,,,
SBC,SBC EXPORTS LIMITED,30822474.00,5451.60,,,,
EGOLD,EDELAMC - EGOLD,71855.00,76.85,,,,
EVIETF,ICICIPRAMC - EVIETF,141110.00,45.09,,,,
MOM30IETF,ICICIPRAMC - ICICIMOM30,2860239.00,926.98,,,,
TOP100CASE,ZERODHAAMC - TOP100CASE,124944.00,13.34,,,,
TVSHLTD,TVS HOLDINGS LIMITED,15019.00,1806.28,,,,
UTINIFTETF,UTIAMC-UTINIFTETF,6599.00,17.85,,,,
THYROCARE,THYROCARE TECH LTD,58930.00,742.95,,,,
GUJTHEM,GUJARAT THEMIS BIOSYN LTD,1065593.00,4347.42,,,,
BANKETFADD,DSPAMC - DSPBANKETF,3795.00,2.18,,,,
HDFCNIFIT,HDFCAMC - HDFCNIFIT,377341.00,140.87,,,,
BALPHARMA,BAL PHARMA LTD.,150.00,0.13,,,,
KOTARISUG,KOTHARI SUG & CHEM LTD.,21052.00,7.29,,,,
SHIVAMAUTO,SHIVAM AUTOTECH LIMITED,47057.00,15.52,,,,
HESTERBIO,HESTER BIOSCIENCES LTD,8235.00,168.54,,,,
OSWALAGRO,OSWAL AGRO MILLS LTD,153606.00,131.60,,,,
OMINFRAL,OM INFRA LIMITED,461157.00,542.50,,,,
HINDCOMPOS,HINDUSTAN COMPOSITES LTD,4173.00,19.61,,,,
RML,RANE (MADRAS) LIMITED,26650.00,233.64,,,,
SGFIN,SG FINSERVE LIMITED,101708.00,397.02,,,,
AARTISURF,AARTI SURFACTANTS LIMITED,1774.00,8.66,,,,
GREENLAM,GREENLAM INDUSTRIES LTD.,156833.00,402.44,,,,
FINIETF,ICICIPRAMC-ICICIFIN,533217.00,160.48,,,,
RISHABH,RISHABH INSTRUMENTS LTD,6078.00,23.50,,,,
SNXT30BEES,NIPPONAMC - SNXT30BEES,2144.00,0.84,,,,
JAYAGROGN,JAYAGROGN -,14853.00,40.26,,,,
BALAJITELE,BALAJI TELEFILMS LIMITED.,80999.00,101.82,,,,
BORANA,BORANA WEAVES LIMITED,39245.00,88.56,,,,
VAL30IETF,ICICIPRAMC - VAL30IETF,13440.00,1.82,,,,
VIDHIING,VIDHI SPCLTY F INGRDNTS L,824765.00,3565.04,,,,
INDIQUBE,INDIQUBE SPACES LIMITED,162799.00,382.88,,,,
BANKBETF,BFAM - BANKBETF,21227.00,12.00,,,,
TVSSRICHAK,TVS SRICHAKRA LIMITED,5455.00,195.16,,,,
NV20IETF,ICICI PRUDENTIAL NV20 ETF,706510.00,102.94,,,,
AMRUTANJAN,AMRUTAJAN HEALTH LTD,43378.00,326.49,,,,
TRU,TRUCAP FINANCE LIMITED,15076.00,1.84,,,,
INFRABEES,NIP IND ETF INFRA BEES,32426.00,305.25,,,,
DIVGIITTS,DIVGI TORQTRANSFER SYST L,10766.00,71.14,,,,
MIDSELIETF,ICICI PRUD MIDCAP SEL ETF,631062.00,112.73,,,,
SENSEXETF,MIRAEAMC - SENSEXETF,5072.00,4.25,,,,
LIQUID1,KOTAKMAMC - KOTAKLIQ,111.00,1.19,,,,
LIQUIDBETF,BFAM - LIQUIDBETF,40.00,0.42,,,,
LIQUIDSBI,SBIAMC - LIQUIDSBI,11.00,0.11,,,,
BANKPSU,MIRAEAMC - BANKPSU,12433.00,9.04,,,,
AXISNIFTY,AXISAMC - AXISNIFTY,18340.00,50.05,,,,
KOTHARIPET,KOTHARI PETROCHEM LTD,96246.00,159.82,,,,
ICEMAKE,ICE MAKE REFRIGERAT LTD,26601.00,220.88,,,,
AMJLAND,AMJ LAND HOLDINGS LIMITED,200.00,0.12,,,,
JPOLYINVST,JIND POL INV & FIN CO LTD,4615.00,44.94,,,,
MENONBE,MENON BEARINGS LIMITED,13413.00,18.76,,,,
SUNDARAM,SUNDARAM MULTI PAP LTD,34249.00,0.72,,,,
CENTEXT,CENTURY EXTRUSIONS LTD,33285.00,10.31,,,,
RPEL,RAGHAV PRODUCTIVITY ENH L,91519.00,600.88,,,,
STANLEY,STANLEY LIFESTYLES LTD,82703.00,264.61,,,,
EIHAHOTELS,EIH ASSOCIATED HOTELS,38711.00,151.33,,,,
VHL,VARDHMAN HOLDINGS LIMITED,360.00,16.94,,,,
MOQUALITY,MOTILALAMC - MOQUALITY,770.00,1.51,,,,
AUTOIND,AUTOLINE INDUSTRIES LTD,55253.00,45.32,,,,
OAL,ORIENTAL AROMATICS LTD,20566.00,94.91,,,,
MURUDCERA,MURUDESHWAR CERAMICS LTD,6880.00,3.41,,,,
KUANTUM,KUANTUM PAPERS LIMITED,315339.00,382.13,,,,
IVP,IVP LTD,1270.00,2.09,,,,
MAGADSUGAR,MAGADH SUGAR & ENERGY LTD,16401.00,113.52,,,,
VALIANTLAB,VALIANT LABORATORIES LTD,23892.00,24.14,,,,
PRIMO,PRIMO CHEMICALS LIMITED,8936.00,2.40,,,,
RHFL,RELIANCE HOME FINANCE LTD,10000.00,0.56,,,,
SKMEGGPROD,SKM EGG PROD EXPORT(I) LT,613.00,1.65,,,,
VALIANTORG,VALIANT ORGANICS LIMITED,175.00,0.87,,,,
PILITA,PIL ITALICA LIFESTYLE LTD,122649.00,16.08,,,,
SILVER360,360ONEAMC - SILVER360,24985.00,40.85,,,,
INVENTURE,INVENTURE GRO & SEC LTD,160012.00,3.23,,,,
ATALREAL,ATAL REALTECH LIMITED,1661442.00,364.36,,,,
SHANKARA,SHANKARA BLDG PRODUCT LTD,7989.00,13.07,,,,
MEGASOFT,MEGASOFT LIMITED,7851.00,12.23,,,,
JINDALPHOT,JINDAL PHOTO LIMITED,130.00,2.04,,,,
GUJAPOLLO,GUJ. APOLLO IND. LTD.,427.00,2.08,,,,
AXISCADES,AXISCADES TECH LTD,554.00,9.25,,,,
MEDICO,MEDICO REMEDIES LIMITED,9269.00,4.00,,,,
ELDEHSG,ELDECO HSG & IND LTD.,338.00,2.69,,,,
GOKUL,GOKUL REFOILS & SOLV LTD,780.00,0.34,,,,
AYMSYNTEX,AYM SYNTEX LIMITED,15055.00,30.29,,,,
AHLEAST,ASIAN HOTELS (EAST) LTD,1201.00,1.84,,,,
JUBLCPL,JUBILANT AGRI N CON PRO L,52.00,1.39,,,,
BANSWRAS,BANSWARA SYNTEX LIMITED,3608.00,5.89,,,,
BANARISUG,BANNARI AMMAN SUGARS LTD,491.00,17.83,,,,
SBIETFPB,SBIAMC - SBIETFPB,571.00,1.56,,,,
PODDARMENT,PODDAR PIGMENTS LIMITED,261.00,0.79,,,,
ABINFRA,A B INFRABUILD LIMITED,220.00,0.44,,,,
SINCLAIR,SINCLAIRS HOTELS LIMITED,42013.00,46.97,,,,
ABSLLIQUID,BIRLASLAMC - ABSLLIQUID,11.00,0.11,,,,
GCSL,GRETEX CORPORATE SERVICES,3308.00,7.66,,,,
MOMIDMTM,MOTILALAMC - MOMIDMTM,3954.00,2.45,,,,
STEL,STEL HOLDINGS LIMITED,400.00,1.99,,,,
GLOBUSSPR,GLOBUS SPIRITS LTD,165157.00,1855.67,,,,
HEIDELBERG,HEIDELBERGCEMENT (I) LTD,780989.00,1672.02,,,,
HFCL,HFCL LIMITED,39596327.00,35878.21,,,,
HOMEFIRST,HOME FIRST FIN CO IND LTD,280783.00,3542.42,,,,
UBL,UNITED BREWERIES LTD,217102.00,4137.49,,,,
NBCC,NBCC (INDIA) LIMITED,22104287.00,24726.84,,,,
NLCINDIA,NLC INDIA LIMITED,5719678.00,14347.95,,,,
SAMMAANCAP,SAMMAAN CAPITAL LIMITED,40294294.00,58571.23,,,,
KEC,KEC INTERNATIONAL LIMITED,1453507.00,12833.59,,,,
SUZLON,SUZLON ENERGY LIMITED,145456703.00,88223.90,,,,
GANESHHOU,GANESH HOUSING LIMITED,454824.00,4350.06,,,,
GICRE,GENERAL INS CORP OF INDIA,2631729.00,10500.58,,,,
IREDA,IREDA 8.41NCDTR I SR I B,25446153.00,42394.80,,,,
RELIANCE,RELIANCE INDUSTRIES LTD,10239003.00,142744.35,,,,
DLF,DLF LIMITED,4585097.00,36138.40,,,,
ADANIPOWER,ADANI POWER LTD,26911594.00,38814.50,,,,
MOL,MEGHMANI ORGANICS LIMITED,5566331.00,4945.79,,,,
SBIN,STATE BANK OF INDIA,5330376.00,43302.43,,,,
THELEELA,LEELA PALACES HOTEL LTD,313595.00,1414.19,,,,
JYOTICNC,JYOTI CNC AUTOMATION LTD,886528.00,9274.10,,,,
KPITTECH,KPIT TECHNOLOGIES LIMITED,1804275.00,23681.10,,,,
CROMPTON,CROMPT GREA CON ELEC LTD,6039115.00,19476.42,,,,
BLS,BLS INTL SERVS LTD,7647741.00,28346.66,,,,
PAYTM,ONE 97 COMMUNICATIONS LTD,1468693.00,14405.13,,,,
BEML,BEML LIMITED,843701.00,36681.29,,,,
PTCIL,PTC INDUSTRIES LIMITED,35122.00,5229.76,,,,
ACMESOLAR,ACME SOLAR HOLDINGS LTD,1972594.00,5835.17,,,,
ABB,ABB INDIA LIMITED,487270.00,27925.42,,,,
ITI,ITI LTD,979108.00,3376.06,,,,
GIPCL,GUJ IND POW CO. LTD,2352328.00,4782.64,,,,
PREMIERENE,PREMIER ENERGIES LIMITED,3410130.00,35733.38,,,,
TATATECH,TATA TECHNOLOGIES LIMITED,3521121.00,27109.23,,,,
BAJAJHFL,BAJAJ HOUSING FINANCE LTD,23110472.00,27735.17,,,,
IONEXCHANG,ION EXCHANGE (INDIA) LTD,828412.00,4207.72,,,,
PFC,POWER FIN CORP LTD.,15086409.00,63342.07,,,,
PNB,PUNJAB NATIONAL BANK,29936340.00,32297.94,,,,
TORNTPOWER,TORRENT POWER LTD,742674.00,10137.52,,,,
CHOICEIN,CHOICE INTERNATIONAL LTD,1660222.00,12671.80,,,,
BIOCON,BIOCON LIMITED.,3280991.00,12113.97,,,,
CARERATING,CARE RATINGS LIMITED,183489.00,3168.05,,,,
DCXINDIA,DCX SYSTEMS LIMITED,2647529.00,7507.56,,,,
JASH,JASH ENGINEERING LIMITED,273777.00,1505.91,,,,
LTTS,L&T TECHNOLOGY SER. LTD.,255659.00,11333.52,,,,
NUVAMA,NUVAMA WEALTH MANAGE LTD,142409.00,9888.36,,,,
CANBK,CANARA BANK,25922367.00,28814.02,,,,
CASTROLIND,CASTROL INDIA LIMITED,7613072.00,16602.61,,,,
NAVINFLUOR,NAVIN FLUORINE INT. LTD,79557.00,3675.57,,,,
REDINGTON,REDINGTON LIMITED,3706080.00,10643.90,,,,
SHYAMMETL,SHYAM METALICS AND ENGY L,1075628.00,9223.05,,,,
INDIANB,INDIAN BANK,485381.00,3232.02,,,,
JKTYRE,JK TYRE & INDUSTRIES LTD,1384326.00,5227.20,,,,
SUNPHARMA,SUN PHARMACEUTICAL IND L,566811.00,9516.33,,,,
RUPA,RUPA & COMPANY LTD,515234.00,1151.66,,,,
SHARDACROP,SHARDA CROPCHEM LTD.,270458.00,2401.46,,,,
SOBHA,SOBHA LIMITED,301220.00,4710.33,,,,
KRBL,KRBL LIMITED,1637419.00,6299.42,,,,
CHOLAFIN,CHOLAMANDALAM IN & FIN CO,282183.00,4383.38,,,,
CSBBANK,CSB BANK LIMITED,846335.00,3195.11,,,,
DEN,DEN NETWORKS LTD,3128681.00,1249.16,,,,
AWL,AWL AGRI BUSINESS LIMITED,4356596.00,12139.10,,,,
SUDARSCHEM,SUDARSHAN CHEMICAL INDS L,229402.00,2770.92,,,,
SILVERBEES,NIPPONAMC - NETFSILVER,25261282.00,37429.25,,,,
PGHL,PROCTER & GAMBLE HEALTH L,19456.00,1208.25,,,,
AVANTEL,AVANTEL LIMITED,5677882.00,10368.46,,,,
PLATIND,PLATINUM INDUSTRIES LTD,516089.00,1590.56,,,,
PRUDENT,PRUDENT CORP ADV SER LTD,28841.00,771.03,,,,
AADHARHFC,AADHAR HOUSING FINANCE L,1011247.00,5152.75,,,,
RATEGAIN,RATEGAIN TRAVEL TECHN LTD,2574690.00,14892.54,,,,
PITTIENG,PITTI ENGINEERING LIMITED,133550.00,1367.30,,,,
MGL,MAHANAGAR GAS LTD.,692292.00,9771.53,,,,
MAHSCOOTER,MAHSCOOTER - DEP SETT,11524.00,1649.21,,,,
KAJARIACER,KAJARIA CERAMICS LTD,519763.00,6057.40,,,,
DHANI,DHANI SERVICES LIMITED,6062017.00,3963.73,,,,
BIKAJI,BIKAJI FOODS INTERN LTD,563427.00,4370.49,,,,
EMIL,ELECTRONICS MART IND LTD,2698341.00,4142.42,,,,
HONASA,HONASA CONSUMER LIMITED,500919.00,1446.34,,,,
THOMASCOOK,THOMAS COOK (INDIA) LTD,2883425.00,4916.20,,,,
RAJESHEXPO,RAJESH EXPORTS LTD,1890472.00,4126.62,,,,
BLUESTONE,BLUESTONE JEWEL LFSTL LTD,544244.00,3925.69,,,,
POLYCAB,POLYCAB INDIA LIMITED,159094.00,10519.98,,,,
SAPPHIRE,SAPPHIRE FOODS INDIA LTD,1869647.00,5973.41,,,,
UNIECOM,UNICOMMERCE ESOLUTIONS L,1077082.00,1579.05,,,,
CELLO,CELLO WORLD LIMITED,570469.00,3529.44,,,,
ARKADE,ARKADE DEVELOPERS LIMITED,2874354.00,5190.27,,,,
GNA,GNA AXLES LIMITED,170745.00,589.02,,,,
SALASAR,SALASAR TECHNO ENGG. LTD.,13896864.00,1441.63,,,,
QUICKHEAL,QUICK HEAL TECH LTD,639541.00,2276.37,,,,
MASFIN,MAS FINANCIAL SERV LTD,303579.00,918.39,,,,
ADFFOODS,ADF FOODS LIMITED,799102.00,2064.46,,,,
BALKRISIND,BALKRISHNA IND. LTD,189881.00,4695.87,,,,
AJAXENGG,AJAX ENGINEERING LIMITED,139625.00,929.55,,,,
VPRPL,VISHNU PRAKASH R PUNGLI L,3666697.00,4936.23,,,,
CEIGALL,CEIGALL INDIA LIMITED,681941.00,1860.56,,,,
ADSL,ALLIED DIGITAL SERV. LTD,355528.00,702.48,,,,
ESTER,ESTER INDUSTRIES LTD,349625.00,468.15,,,,
CLSEL,CHAMAN LAL SETIA EXP LTD,234061.00,717.07,,,,
SKIPPER,SKIPPER LIMITED,1050713.00,5519.71,,,,
SHREECEM,SHREE CEMENT LIMITED,10452.00,3108.97,,,,
AIIL,AUTHUM INVEST & INFRA LTD,79007.00,2269.70,,,,
TALBROAUTO,TALBROS AUTOMOTIVE COMPON,216683.00,670.51,,,,
SPENCERS,SPENCER S RETAIL LIMITED,377801.00,293.82,,,,
SHK,S H KELKAR AND CO. LTD.,767976.00,1873.89,,,,
GARUDA,GARUDA CONSTRUCT N ENG L,684596.00,1329.93,,,,
MUTHOOTMF,MUTHOOT MICROFIN LIMITED,635906.00,1012.42,,,,
JUNIPER,JUNIPER HOTELS LIMITED,146016.00,452.79,,,,
DEVIT,DEV INFO TECHNOLOGY LTD,27498.00,13.74,,,,
QUADFUTURE,QUADRANT FUTURE TEK LTD,563333.00,2510.69,,,,
VESUVIUS,VESUVIUS INDIA LTD,238925.00,1290.75,,,,
JAYSREETEA,JAYSREETEA - DEPO SETT,41048.00,44.54,,,,
DCW,DCW LTD,4254786.00,3297.80,,,,
HMAAGRO,HMA AGRO INDUSTRIES LTD,464142.00,157.45,,,,
MUKKA,MUKKA PROTEINS LIMITED,578552.00,181.06,,,,
AXITA,AXITA COTTON LIMITED,52504.00,6.77,,,,
DIAMONDYD,PRATAAP SNACKS LIMITED,860411.00,8824.92,,,,
UGARSUGAR,THE UGAR SUGAR WORKS LTD,296080.00,151.73,,,,
SETFNIF50,SBI-ETF NIFTY 50,431158.00,1141.39,,,,
GSLSU,GLOBAL SURFACES LIMITED,172597.00,249.07,,,,
ASHIANA,ASHIANA HOUSING LTD,94765.00,298.26,,,,
ERIS,ERIS LIFESCIENCES LIMITED,92053.00,1541.39,,,,
DEEPINDS,DEEP INDUSTRIES LIMITED,560212.00,2787.54,,,,
HPAL,HP ADHESIVES LIMITED,122342.00,95.19,,,,
UNIPARTS,UNIPARTS INDIA LIMITED,190181.00,825.92,,,,
CANTABIL,CANTABIL RETAIL LTD,1164684.00,3109.28,,,,
RATNAMANI,RATNAMANI MET & TUB LTD.,41794.00,1122.45,,,,
SAMBHV,SAMBHV STEEL TUBES LTD,1781698.00,2096.25,,,,
CENTUM,CENTUM ELECTRONICS LTD,44829.00,1143.32,,,,
RPOWER,RELIANCE POWER LTD.,8014942.00,3680.94,,,,
RELINFRA,RELIANCE INFRASTRUCTU LTD,142675.00,341.68,,,,
GTPL,GTPL HATHWAY LIMITED,36463.00,46.48,,,,
SAHYADRI,SAHYADRI INDUSTRIES LTD,1681.00,5.03,,,,
RAYMONDREL,RAYMOND REALTY LIMITED,606136.00,3776.64,,,,
BLKASHYAP,B.L.KASHYAP & SON LTD,655504.00,460.71,,,,
TRF,TRF LIMITED,26595.00,99.92,,,,
STCINDIA,THE STATE TRADING CORPN,13801.00,19.98,,,,
EIMCOELECO,EIMCO ELECON (INDIA) LTD,46011.00,973.12,,,,
HDFCGOLD,HDFC GOLD ETF,2226323.00,2196.65,,,,
ORICONENT,ORICON ENTERPRISES LTD,306506.00,151.68,,,,
MIDCAP,KOTAKMAMC - KOTAKMID50,57774.00,96.32,,,,
BBNPPGOLD,BARODABNP - BBNPPGOLD,15330.00,17.78,,,,
NEXT50IETF,ICICIPRAMC - ICICINXT50,969821.00,702.69,,,,
RACLGEAR,RACL GEARTECH LIMITED,50574.00,566.87,,,,
IFGLEXPOR,IFGL REFRACTORIES LIMITED,40550.00,117.40,,,,
AUTOBEES,NIPPONAMC - NETFAUTO,278437.00,749.95,,,,
SGLTL,STANDARD GLASS LIN TECH L,124334.00,219.05,,,,
MOMENTUM50,MOTILALAMC - MOMENTUM50,1864705.00,971.82,,,,
ALPHAETF,MIRAEAMC - ALPHAETF,2001670.00,505.18,,,,
DIVOPPBEES,NIP IND ETF DIV OPP,140168.00,114.64,,,,
TOLINS,TOLINS TYRES LIMITED,323625.00,602.00,,,,
PSUBNKIETF,ICICIPRAMC - PSUBANKICI,383729.00,280.54,,,,
ASAL,AUTOMOTIVE STAMPINGS & AS,35017.00,207.80,,,,
RAMCOSYS,RAMCO SYSTEMS LTD.,37708.00,197.73,,,,
HNDFDS,HINDUSTAN FOODS LIMITED,65302.00,358.80,,,,
MASTERTR,MASTER TRUST LIMITED,1571379.00,2314.40,,,,
AONETOTAL,AONEAMC - AONETOTAL,653279.00,76.70,,,,
PGHH,P&G HYGIENE & HEALTH CARE,5178.00,723.15,,,,
SANATHAN,SANATHAN TEXTILES LIMITED,76773.00,385.49,,,,
CAMLINFINE,CAMLIN FINE SCIENCES LTD,1874300.00,3873.23,,,,
GANESHBE,GANESH BENZOPLAST LIMITED,347358.00,406.52,,,,
HITECHCORP,HITECH CORPORATION LTD,1415.00,2.95,,,,
LOVABLE,LOVABLE LINGERIE LTD,6055.00,7.76,,,,
MADRASFERT,MADRAS FERTILIZERS LTD,528004.00,499.61,,,,
PATINTLOG,PATEL INT. LOG. LTD,101510.00,17.43,,,,
EXPLEOSOL,EXPLEO SOLUTIONS LIMITED,38970.00,451.52,,,,
APOLSINHOT,APOLLO SINDOORI HOTEL LTD,501.00,8.37,,,,
MODISONLTD,MODISON LIMITED,68987.00,116.46,,,,
KAKATCEM,KAKATIYA CEM SUGAR &IND L,136.00,0.32,,,,
INFOBEAN,INFOBEANS TECHNO. LTD.,17793.00,102.69,,,,
PRIMESECU,PRIME SECURITIES LIMITED,876412.00,2411.00,,,,
DPWIRES,D P WIRES LIMITED,30650.00,84.85,,,,
RUCHIRA,RUCHIRA PAPERS LIMITED,113911.00,173.57,,,,
SBIBPB,SBIAMC - SBIBPB,2721.00,1.17,,,,
BALAJEE,SHREE TIRUPATI BALAJEE L,93567.00,52.73,,,,
PDMJEPAPER,PUDUMJEE PAPER PRO. LTD,98688.00,127.45,,,,
GALAPREC,GALA PRECISION ENG LTD,49210.00,464.21,,,,
HILINFRA,HIGHWAY INFRASTRUCTURE L,66853.00,54.60,,,,
QUAL30IETF,ICICIPRAMC - ICICIQTY30,511179.00,110.65,,,,
JNKINDIA,JNK INDIA LIMITED,133663.00,463.91,,,,
TTKHLTCARE,TTK HEALTHCARE LIMITED,1890.00,25.24,,,,
ADOR,ADOR WELDING LTD,25924.00,280.17,,,,
MEIL,MANGAL ELECTRICAL IND L,29093.00,135.17,,,,
DYNPRO,DYNEMIC PRODUCTS LIMITED,4189.00,15.13,,,,
HDFCPVTBAN,HDFCAMC - HDFCPVTBAN,46875.00,12.90,,,,
HMVL,HINDUSTAN MEDIA VENT LTD,25341.00,22.60,,,,
DBOL,DHAMPUR BIO ORGANICS LTD,59457.00,54.54,,,,
NIFTYQLITY,BIRLASLAMC - NIFTYQLITY,41175.00,8.88,,,,
MANGLMCEM,MANGALAM CEMENT LTD,898543.00,6891.30,,,,
SETFNIFBK,SBI-ETF NIFTY BANK,14689.00,83.80,,,,
BSLSENETFG,BIRLASLAMC - BSLSENETFG,930.00,0.76,,,,
UTISXN50,UTIAMC - UTISXN50,4700.00,4.24,,,,
LICNETFGSC,LICNAMC - LICNMFET,6386.00,1.81,,,,
LIQUIDPLUS,MIRAEAMC - LIQUIDPLUS,76.00,0.80,,,,
NIFTYBETF,BFAM - NIFTYBETF,1165.00,2.96,,,,
INTERNET,MIRAEAMC - INTERNET,6714.00,0.95,,,,
SOLARA,SOLARA ACTIVE PHA SCI LTD,126281.00,799.52,,,,
PAVNAIND,PAVNA INDUSTRIES LIMITED,24072.00,10.69,,,,
SIKKO,SIKKO INDUSTRIES LIMITED,2103.00,1.69,,,,
RSWM,RSWM LIMITED,296959.00,512.81,,,,
UNIVCABLES,UNIVCABLES NPP130599 DEPO,243177.00,1592.64,,,,
ALICON,ALICON CASTALLOY LIMITED,7745.00,81.44,,,,
LIKHITHA,LIKHITHA INFRASTRUC LTD,223104.00,674.29,,,,
ARIES,ARIES AGRO LIMITED,105649.00,419.74,,,,
NELCAST,NELCAST LIMITED,102874.00,151.92,,,,
KHADIM,KHADIM INDIA LIMITED,10333.00,30.35,,,,
PLAZACABLE,PLAZA WIRES LIMITED,3097.00,1.88,,,,
CONSOFINVT,CONSO. FIN. & HOLD. LTD.,1688.00,3.73,,,,
PLASTIBLEN,PLASTIBLENDS INDIA LTD,4680.00,9.17,,,,
VETO,VETO SWITCHGEAR CABLE LTD,14469.00,17.57,,,,
AVG,AVG LOGISTICS LIMITED,1891.00,5.20,,,,
SANDESH,SANDESH LTD,356.00,5.65,,,,
ATAM,ATAM VALVES LIMITED,1899.00,1.86,,,,
SRD,SHANKAR LAL RAMPAL LTD,100538.00,85.44,,,,
ANDREWYU,ANDREW YULE & CO LTD,3900.00,1.04,,,,
BEDMUTHA,BEDMUTHA INDUST LTD,7083.00,10.25,,,,
BHANDARI,BHANDARI HOSIERY EXP LTD,891782.00,46.17,,,,
VENUSREM,VENUS REMEDIES LIMITED,1189.00,5.05,,,,
PASHUPATI,PASHUPATI COTSPIN LIMITED,710.00,5.07,,,,
JSLL,JEENA SIKHO LIFECARE LTD,82165.00,629.84,,,,
NRL,NUPUR RECYCLERS LIMITED,53655.00,41.32,,,,
LAMBODHARA,LAMBODHARA TEXTILES LTD.,10804.00,15.49,,,,
MITTAL,MITTAL LIFE STYLE LIMITED,8111.00,0.13,,,,
EMMBI,EMMBI INDUSTRIES LIMITED,1351.00,1.67,,,,
VLEGOV,VL E GOV AND IT SOL LTD,17356.00,5.70,,,,
HARRMALAYA,HARRISONS MALAYALAM,7321.00,15.96,,,,
ABAN,ABAN OFFSHORE LTD.,750.00,0.58,,,,
ALBERTDAVD,ALBERT DAVID LIMITED,3916.00,32.25,,,,
NACLIND,NACL INDUSTRIES LIMITED,2884.00,2.92,,,,
IWEL,INOX WIND ENERGY LIMITED,5.00,0.48,,,,
CHEMBOND,CHEMBOND MATERIALTECH LTD,573.00,3.16,,,,
PRITI,PRITI INTERNATIONAL LTD,1416.00,1.25,,,,
SAKAR,SAKAR HEALTHCARE LIMITED,1252.00,3.18,,,,
WEALTH,WEALTH FRST PORT. MG. LTD,904.00,10.77,,,,
ASMS,BARTRONICS INDIA LIMITED,35578.00,5.58,,,,
NATHBIOGEN,NATH BIO-GENES (I) LTD,2200.00,4.88,,,,
INNOVANA,INNOVANA THINKLABS LTD,203.00,0.65,,,,
BCONCEPTS,BRAND CONCEPTS LIMITED,916.00,4.08,,,,
CENTRUM,CENTRUM CAPITAL LIMITED,22628.00,7.92,,,,
AKSHARCHEM,AKSHARCHEM INDIA LIMITED,250.00,0.77,,,,
JITFINFRA,JITF INFRALOGISTICS LTD,634.00,2.76,,,,
NILASPACES,NILA SPACES LIMITED,2519.00,0.42,,,,
SML100CASE,ZERODHAAMC - SML100CASE,6926.00,0.70,,,,
DIGISPICE,DIGISPICE TECHNOLOGIES LT,791.00,0.26,,,,
INDSWFTLAB,IND SWIFT LABORATORIES LT,17.00,0.02,,,,
GPIL,GODAWARI POW & ISP LTD,8573882.00,19197.65,,,,
GRASIM,GRASIM INDUSTRIES LTD,280328.00,7512.30,,,,
GSPL,GUJARAT STATE PETRO LTD,816794.00,2749.85,,,,
HATHWAY,HATHWAY CABLE & DATACOM,29717447.00,4656.78,,,,
HDFCAMC,HDFC AMC LIMITED,137483.00,7501.12,,,,
TIMETECHNO,TIME TECHNOPLAST LTD.,2376428.00,5370.46,,,,
TRENT,TRENT LTD,2200061.00,114926.18,,,,
TRIDENT,TRIDENT LIMITED,28610746.00,9190.48,,,,
ULTRACEMCO,ULTRATECH CEMENT LIMITED,104589.00,12798.03,,,,
VGUARD,V-GUARD IND LTD.,502316.00,1942.41,,,,
MANYAVAR,VEDANT FASHIONS LIMITED,764591.00,5830.57,,,,
PVRINOX,PVR INOX LIMITED,695990.00,8052.14,,,,
RAIN,RAIN INDUSTRIES LIMITED,5074527.00,7611.42,,,,
KALYANKJIL,KALYAN JEWELLERS IND LTD,5820825.00,30356.81,,,,
CONCOR,CONTAINER CORP OF IND LTD,3786308.00,22428.26,,,,
ANANTRAJ,ANANT RAJ LIMITED,8274243.00,55638.01,,,,
MAZDOCK,MAZAGON DOCK SHIPBUIL LTD,3576366.00,109994.10,,,,
BEL,BHARAT ELECTRONICS LTD,22827958.00,87794.58,,,,
NEWGEN,NEWGEN SOFTWARE TECH LTD,1271550.00,12744.36,,,,
ALLCARGO,ALLCARGO LOGISTICS LTD,14956986.00,5567.00,,,,
IDEA,VODAFONE IDEA LIMITED,523816916.00,41605.05,,,,
ADANIENSOL,ADANI ENERGY SOLUTION LTD,1428281.00,12545.81,,,,
WIPRO,WIPRO LTD,7793531.00,19925.84,,,,
JSWENERGY,JSW ENERGY LIMITED,5176659.00,27746.60,,,,
IRCON,IRCON INTERNATIONAL LTD,16941717.00,34241.51,,,,
CENTRALBK,CENTRAL BANK OF INDIA,38400499.00,15886.47,,,,
COCHINSHIP,COCHIN SHIPYARD LIMITED,2788900.00,56064.30,,,,
ZEEL,ZEE ENTERTAINMENT ENT LTD,36784049.00,48259.03,,,,
ANANDRATHI,ANAND RATHI WEALTH LTD,99060.00,2818.03,,,,
KNRCON,KNR CONSTRU LTD.,6312170.00,14274.41,,,,
SCI,SHIPPING CORP OF INDIA LT,6679590.00,15335.49,,,,
GRSE,GARDEN REACH SHIP&ENG LTD,1525293.00,40129.09,,,,
VMM,VISHAL MEGA MART LIMITED,7159656.00,10416.00,,,,
JCHAC,JOHNSON CONTROLS HITACHI,95089.00,1735.68,,,,
EDELWEISS,EDELWEISS FIN SERV LTD,16552753.00,18145.74,,,,
J&KBANK,J&K BANK,17861313.00,19199.19,,,,
PROTEAN,PROTEAN EGOV TECHNO LTD,1196812.00,11680.40,,,,
TITAN,TITAN COMPANY LIMITED,434992.00,15242.50,,,,
UJJIVANSFB,UJJIVAN SMALL FINANC BANK,21804474.00,10065.94,,,,
GLAXO,GLAXOSMITHKLINE PHARMA LT,108568.00,3237.23,,,,
HINDWAREAP,HINDWARE HME INOVATON LTD,1422111.00,4194.20,,,,
BAJFINANCE,BAJAJ FINANCE LIMITED,2849675.00,26984.97,,,,
OBEROIRLTY,OBEROI REALTY LIMITED,611229.00,10830.47,,,,
LLOYDSENT,LLOYDS ENTERPRISES LTD,39367833.00,26158.58,,,,
GANECOS,GANESHA ECOSPHERE LIMITED,135135.00,2060.64,,,,
IPCALAB,IPCA LABS LTD,175112.00,2478.78,,,,
POCL,PONDY OXIDES & CHEM LTD,300353.00,3675.35,,,,
SULA,SULA VINEYARDS LIMITED,2342733.00,7313.47,,,,
BIRLACORPN,BIRLA CORPORATION LTD,311763.00,4075.77,,,,
CGCL,CAPRI GLOBAL CAPITAL LTD,4442021.00,7970.95,,,,
ELECTCAST,ELECTROSTEEL CASTINGS LTD,7506292.00,8632.85,,,,
SIRCA,SIRCA PAINT INDIA LIMITED,1528728.00,6594.99,,,,
NETWORK18,NETWORK18 MEDIA & INV LTD,19334059.00,10964.45,,,,
ASHAPURMIN,ASHAPURA MINECHEM LTD,1428662.00,6842.17,,,,
IDFCFIRSTB,IDFC FIRST BANK LIMITED,52941407.00,37193.49,,,,
MUTHOOTFIN,MUTHOOT FINANCE LIMITED,96622.00,2855.08,,,,
BANKBEES,NIP IND ETF BANK BEES,552823.00,3156.37,,,,
SCHAEFFLER,SCHAEFFLER INDIA LIMITED,56969.00,2341.02,,,,
TATACOMM,TATA COMMUNICATIONS LTD,322489.00,5693.67,,,,
PARKHOTELS,PARKHOTELS,4131085.00,6377.09,,,,
REFEX,REFEX INDUSTRIES LIMITED,433896.00,1709.63,,,,
SANDUMA,SANDUR MANG & IRON ORES L,2424793.00,4649.45,,,,
BAJAJ-AUTO,BAJAJ AUTO LIMITED,382274.00,33929.43,,,,
DRREDDY,DR. REDDY'S LABORATORIES,586090.00,7502.48,,,,
NAUKRI,INFO EDGE (I) LTD,562958.00,8021.67,,,,
INFY,INFOSYS LIMITED,4237713.00,65423.20,,,,
PNBHOUSING,PNB HOUSING FIN LTD.,2063386.00,18458.96,,,,
SOLARINDS,SOLAR INDUSTRIES (I) LTD,237378.00,34662.32,,,,
SRF,SRF LTD,145337.00,4395.94,,,,
NORTHARC,NORTHERN ARC CAPITAL LTD,3675916.00,9390.38,,,,
VENTIVE,VENTIVE HOSPITALITY LTD,1237571.00,9296.42,,,,
DABUR,DABUR INDIA LTD,1907636.00,9967.11,,,,
DCMSHRIRAM,DCM SHRIRAM LIMITED,175809.00,2278.01,,,,
DWARKESH,DWARIKESH SUGAR IND LTD,2444044.00,1319.21,,,,
EIHOTEL,EIH LIMITED,792479.00,3150.15,,,,
AXISBANK,AXIS BANK LIMITED,1828955.00,21214.60,,,,
PSB,PUNJAB & SIND BANK,10418120.00,3438.05,,,,
FINPIPE,FINOLEX IND LTD DEPO SETT,3001301.00,6654.46,,,,
JKIL,JKUMAR INFR.LTD.,628485.00,4351.78,,,,
CUPID,CUPID LIMITED,20009826.00,29480.88,,,,
IXIGO,LE TRAVENUES TECHNOLOGY L,2897383.00,8218.34,,,,
SMLISUZU,SML ISUZU LIMITED,75434.00,2347.37,,,,
MANINDS,MAN INDUSTRIES (I) LTD,519212.00,2011.18,,,,
AVALON,AVALON TECHNOLOGIES LTD,226418.00,2257.64,,,,
DOMS,DOMS INDUSTRIES LIMITED,119526.00,3165.29,,,,
JSL,JINDAL STAINLESS LIMITED,384135.00,2890.12,,,,
JUBLFOOD,JUBILANT FOODWORKS LTD,2149265.00,13995.80,,,,
NAVA,NAVA LIMITED,1817447.00,11017.26,,,,
KRSNAA,KRSNAA DIAGNOSTICS LTD,204395.00,1709.01,,,,
RAINBOW,RAINBOW CHILDRENS MED LTD,188651.00,2727.19,,,,
GREENPLY,GREENPLY INDUSTRIES LTD,411840.00,1284.28,,,,
ANURAS,ANUPAM RASAYAN INDIA LTD,3549959.00,34507.81,,,,
BALRAMCHIN,BALRAMPUR CHINI MILLS LTD,964574.00,5058.16,,,,
ELLEN,ELLENBARRIE INDUS GASES L,411139.00,2144.84,,,,
PURVA,PURAVANKARA LIMITED,704338.00,2025.33,,,,
NRBBEARING,NRB BEARING LIMITED,491518.00,1450.66,,,,
BALAMINES,BALAJI AMINES LIMITED,258041.00,4285.57,,,,
AARTIDRUGS,AARTI DRUGS  LTD.,333807.00,1713.91,,,,
BAJAJHLDNG,BAJAJ HOLDINGS & INVS LTD,68882.00,8900.82,,,,
SEPC,SEPC LIMITED,13117173.00,1970.71,,,,
GODIGIT,GO DIGIT GENERAL INS LTD,232856.00,833.61,,,,
NELCO,NELCO LTD.,463060.00,4412.36,,,,
SSWL,STEEL STRIPS WHEELS LTD.,791834.00,1874.26,,,,
AETHER,AETHER INDUSTRIES LIMITED,481113.00,3689.44,,,,
ACI,ARCHEAN CHEMICAL IND LTD,311540.00,2055.60,,,,
RICOAUTO,RICO AUTO INDUSTRIES LTD,1242947.00,1239.20,,,,
GATEWAY,GATEWAY DISTRIPARKS LTD,5204680.00,3555.88,,,,
ZUARIIND,ZUARI INDUSTRIES LIMITED,283511.00,1005.59,,,,
HITECH,HI-TECH PIPES LIMITED,7490082.00,8633.20,,,,
BCLIND,BCL INDUSTRIES LIMITED,1607556.00,720.21,,,,
VAIBHAVGBL,VAIBHAV GLOBAL LIMITED,1191986.00,3025.84,,,,
JYOTHYLAB,JYOTHY LABS LIMITED,1422602.00,5068.99,,,,
SMSPHARMA,SMS PHARMACEUTICALS LTD.,492533.00,1354.09,,,,
PARAGMILK,PARAG MILK FOODS LTD.,4127383.00,9270.34,,,,
TMB,TAMILNAD MERCA BANK LTD,307804.00,1372.42,,,,
PRECAM,PRECISION CAMSHAFTS LTD.,677898.00,1490.42,,,,
TIPSMUSIC,TIPS MUSIC LIMITED,614333.00,3797.41,,,,
ASAHIINDIA,10 % CUM. RED PREF,161010.00,1398.44,,,,
CREDITACC,CREDITACCESS GRAMEEN LTD,379415.00,4850.35,,,,
AEROENTER,AEROFLEX ENTERPRISES LTD,975016.00,1003.49,,,,
APOLLOPIPE,APOLLO PIPES LIMITED,387878.00,1663.62,,,,
ANTELOPUS,ANTELOPUS SELAN ENRGY LTD,116662.00,750.42,,,,
SILVER,BIRLASLAMC - SILVER,1611359.00,2196.89,,,,
ATL,ALLCARGO TERMINALS LTD,903524.00,395.85,,,,
UGROCAP,SEC RED NCD 10.15% SR. I,623566.00,1131.03,,,,
GREENPANEL,GREENPANEL INDUSTRIES LTD,254113.00,780.79,,,,
BANSALWIRE,BANSAL WIRE INDUSTRIES L,227873.00,891.20,,,,
CHALET,CHALET HOTELS LIMITED,205325.00,1990.47,,,,
VEEDOL,VEEDOL CORPORATION LTD,60937.00,1144.53,,,,
GVPIL,GE POWER INDIA LIMITED,540904.00,1902.27,,,,
ITBEES,NIP IND ETF IT,18537205.00,7332.20,,,,
PIXTRANS,PIX TRANSMISSIONS LIMITED,40674.00,632.48,,,,
MUNJALAU,MUNJAL AUTO INDUSTRIES LI,512559.00,521.88,,,,
GENUSPAPER,GENUS P&B LIMITED,143190.00,30.17,,,,
GOLDIETF,ICICI PRUDENTIAL GOLD ETF,4623877.00,4682.34,,,,
TCIEXP,TCI EXPRESS LIMITED,108804.00,885.17,,,,
THEJO,THEJO ENGINEERING LIMITED,4902.00,102.17,,,,
MCLOUD,MAGELLANIC CLOUD LIMITED,5233020.00,4078.65,,,,
RAMRAT,RAM RATNA WIRES LIMITED,61732.00,416.75,,,,
JAYNECOIND,JAYASWAL NECO INDUSTR LTD,7027876.00,4141.80,,,,
SAURASHCEM,SAURASHTRA CEMENT LIMITED,345909.00,396.58,,,,
CAPITALSFB,CAPITAL SMALL FIN BANK L,108214.00,311.41,,,,
VLSFINANCE,VLS FINANCE LTD,61630.00,153.63,,,,
DTIL,DHUNSERI TEA & IND. LTD.,4248.00,8.74,,,,
BOROSCI,BOROSIL SCIENTIFIC LTD,59517.00,88.97,,,,
LANCORHOL,LANCOR HOLDINGS LIMITED,21786.00,5.68,,,,
TARMAT,TARMAT LIMITED,5585.00,3.27,,,,
SINDHUTRAD,SINDHU TRADE LINKS LTD,2549754.00,615.78,,,,
NIITMTS,NIIT LEARNING SYSTEMS LTD,170987.00,600.44,,,,
PEL,PIRAMAL ENTERPRISES LTD,293264.00,3442.20,,,,
THEMISMED,THEMIS MEDICARE LIMITED,233958.00,374.38,,,,
SMALLCAP,MIRAEAMC - SMALLCAP,5179628.00,2409.23,,,,
GALAXYSURF,GALAXY SURFACTANTS LTD,44930.00,1105.51,,,,
LGBBROSLTD,LG BALAKRISHNAN & BROS,130733.00,1817.60,,,,
TINNARUBR,TINNA RUBBER AND INFR LTD,17509.00,170.59,,,,
ORCHPHARMA,ORCHID PHARMA LIMITED,94822.00,744.09,,,,
MOCAPITAL,MOTILALAMC - MOCAPITAL,850573.00,386.42,,,,
CCCL,CONS. CONST. CONSORT LTD,458389.00,113.33,,,,
ARTEMISMED,ARTEMIS MED SERVICE LTD,179389.00,458.55,,,,
BSLNIFTY,ADITYBIRLA SL NIF ETF-GR,383721.00,111.03,,,,
SILVERAG,MIRAEAMC - MASILVER,398069.00,574.74,,,,
GROWWDEFNC,GROWWAMC - GROWWDEFNC,947673.00,779.79,,,,
MPSLTD,MPS LIMITED,102220.00,2331.10,,,,
SURAJEST,SURAJ ESTATE DEVELOPERS L,1198328.00,4000.72,,,,
MOMOMENTUM,MOTILALAMC - MOMOMENTUM,309456.00,207.61,,,,
TVSELECT,TVS ELECTRONICS LIMITED,32163.00,195.92,,,,
SETFNN50,SBI-ETF NIFTY NEXT 50,34030.00,254.56,,,,
SPMLINFRA,SPML INFRA LIMITED,1239369.00,3368.05,,,,
INNOVACAP,INNOVA CAPTAB LIMITED,69487.00,615.24,,,,
ITETF,MIRAEAMC - ITETF,848263.00,315.68,,,,
XPROINDIA,XPRO INDIA LIMITED,105804.00,1299.44,,,,
HEALTHIETF,ICICIPRAMC - ICICIPHARM,112483.00,167.21,,,,
NIF100BEES,NIP IND ETF NIFTY 100,37288.00,100.73,,,,
BIRLAMONEY,ADITYA BIRLA MONEY LTD,47475.00,85.59,,,,
DCMSRIND,DCM SHRIRAM IND LTD,530726.00,957.43,,,,
PRITIKAUTO,PRITIKA AUTO INDUS LTD,54332.00,12.48,,,,
BASML,BANNARI AM SPIN MILL LTD.,71903.00,21.35,,,,
BHAGCHEM,BHAGIRADHA CHEM & INDS L,592739.00,1736.11,,,,
PILANIINVS,PILANI INV & IND COR LTD,13006.00,707.27,,,,
VSSL,VARDHMAN SPC STEEL LTD,63172.00,179.93,,,,
CREST,CREST VENTURES LIMITED,23186.00,100.40,,,,
MGEL,MANGALAM GLOBAL ENT LTD,1552730.00,265.42,,,,
REPRO,REPRO INDIA LIMITED,7631.00,40.99,,,,
AIRAN,AIRAN LIMITED,81405.00,23.02,,,,
TOKYOPLAST,TOKYO PLAST INTL LTD,5069.00,6.57,,,,
SARLAPOLY,SARLA PERF. FIBERS LTD,18106.00,18.14,,,,
RKSWAMY,R K SWAMY LIMITED,84235.00,144.83,,,,
SHANTIGOLD,SHANTI GOLD INTERNATION L,967475.00,2108.05,,,,
BHAGERIA,BHAGERIA INDUSTRIES LTD,99470.00,184.67,,,,
OCCL,ORIENTAL CARBN & CHEM LTD,715.00,2.24,,,,
GLOBECIVIL,GLOBE CIVIL PROJECTS LTD,145553.00,111.84,,,,
BUTTERFLY,BTRFLY GANDHI APPL LTD,8303.00,63.38,,,,
TNPETRO,TAMILNADU PETROPRODUCTS L,25661.00,22.37,,,,
KALPATARU,KALPATARU LIMITED,26922.00,105.81,,,,
SASKEN,SASKEN TECHNOLOGIES LTD,59706.00,900.48,,,,
IGCL,INDOGULF CROPSCIENCES LTD,419997.00,468.77,,,,
GEMAROMA,GEM AROMATICS LIMITED,51479.00,126.71,,,,
VINYLINDIA,VINYL CHEMICALS (I) LTD.,13076.00,41.00,,,,
ABSLPSE,BIRLASLAMC-ABSLPSE,126734.00,12.70,,,,
SHANTIGEAR,SHANTHI GEARS LTD,97655.00,554.98,,,,
CENTENKA,CENTURY ENKA LTD.,51631.00,294.04,,,,
PATELRMART,PATEL RETAIL LIMITED,51789.00,117.89,,,,
SESHAPAPER,SESHASAYEE PAPER & BOARDS,44993.00,134.43,,,,
LTGILTBEES,NIP IND ETF LONGTERM GILT,67243.00,19.37,,,,
SUNDROP,SUNDROP BRANDS LIMITED,100788.00,797.16,,,,
ESG,MIRAEAMC - MAESGETF,18787.00,8.10,,,,
GSEC5IETF,ICICIPRAMC - ICICI5GSEC,1898.00,1.21,,,,
DIGIDRIVE,DIGIDRIVE DISTRIBUTORS L,5300.00,1.73,,,,
PAKKA,PAKKA LIMITED,240306.00,422.70,,,,
AONENIFTY,AONEAMC - AONENIFTY,49850.00,5.08,,,,
GPTINFRA,GPT INFRAPROJECTS LTD,126941.00,151.17,,,,
SIGNPOST,SIGNPOST INDIA LIMITED,167544.00,420.86,,,,
AFFORDABLE,AFFORD ROBO & AUTO LTD,6024.00,16.92,,,,
OMAXE,OMAXE LIMITED,397812.00,369.53,,,,
MEDICAMEQ,MEDICAMEN BIOTECH LIMITED,18745.00,85.50,,,,
SBIETFQLTY,SBIAMC - SBIETFQLTY,4019.00,9.02,,,,
PTL,PTL ENTERPRISES LTD,6808.00,2.78,,,,
INDTERRAIN,IND TERRAIN FASHIONS LTD,16971.00,7.41,,,,
AVTNPL,AVT NATURAL PRODUCTS LTD,44892.00,41.22,,,,
RPPL,RAJSHREE POLYPACK LTD,25240.00,6.39,,,,
COFFEEDAY,COFFEE DAY ENTERPRISE LTD,53054.00,26.11,,,,
PANCARBON,PANA CARBON IND CO LTD,100.00,0.50,,,,
AONEGOLD,AONEAMC - AONEGOLD,131221.00,15.30,,,,
SRGHFL,SRG HOUSING FINANCE L,2.00,0.01,,,,
FOODSIN,FOODS & INNS LIMITED,18514.00,18.50,,,,
SUNDRMBRAK,SUNDARAM BRAK LININGS LTD,300.00,2.25,,,,
UNITECH,UNITECH LTD,25000.00,1.87,,,,
DCI,DC INFOTECH AND COMUN LTD,55140.00,134.97,,,,
PASUPTAC,PASUPATI ACRYLON LIMITED,1682.00,0.78,,,,
NECLIFE,NECTAR LIFESCIENCES LTD.,3307.00,1.03,,,,
VARDHACRLC,VARDHAMAN ACRYLICS LTD,1659.00,0.76,,,,
GEECEE,GEECEE VENTURES LIMITED,251.00,0.96,,,,
BHAGYANGR,BHAGYANAGAR INDIA LIMITED,1000.00,0.97,,,,
MOLOWVOL,MOTILALAMC - MOLOWVOL,9285.00,3.48,,,,
TRIGYN,TRIGYN TECHNOLOGIES LTD,7780.00,7.89,,,,
SHREERAMA,SHREERAMANPP240200DEPO,50134.00,22.60,,,,
PRAKASHSTL,PRAKASH STEELAGE LTD,1080.00,0.09,,,,
GROWWNET,GROWWAMC - GROWWNET,150092.00,16.03,,,,
AVROIND,AVRO INDIA LIMITED,600.00,0.89,,,,
IZMO,IZMO LIMITED,120.00,1.39,,,,
GROWWLOVOL,GROWWAMC - GROWWLOVOL,4507.00,0.47,,,,
KAPSTON,KAPSTON SERVICES LIMITED,8.00,0.02,,,,
ACL,ANDHRA CEMENTS LIMITED,62.00,0.04,,,,
GODREJPROP,GODREJ PROPERTIES LTD,1071806.00,24102.49,,,,
HDFCBANK,HDFC BANK LTD,3757063.00,35436.47,,,,
HDFCLIFE,HDFC LIFE INS CO LTD,1006293.00,7629.23,,,,
HIMATSEIDE,HIMATSINGKA SEIDE LTD,2846016.00,4208.58,,,,
HAL,HINDUSTAN AERONAUTICS LTD,2843968.00,135043.97,,,,
TI,TILAKNAGAR INDUSTRIES LTD,3560776.00,15811.90,,,,
UNOMINDA,UNO MINDA LIMITED,437225.00,5444.65,,,,
WABAG,VA TECH WABAG LTD,927889.00,13506.90,,,,
VTL,VARDHMAN TEXTILES LIMITED,687839.00,3220.48,,,,
VBL,VARUN BEVERAGES LIMITED,9502309.00,47240.80,,,,
TEJASNET,TEJAS NETWORKS LIMITED,4277401.00,31017.69,,,,
POLYMED,POLY MEDICURE LIMITED,314457.00,6803.92,,,,
ITC,ITC LTD,12787630.00,53432.37,,,,
NHPC,NHPC LTD,32396832.00,29583.06,,,,
JKPAPER,JK PAPER LIMITED,762432.00,3133.86,,,,
JMFINANCIL,JM FINANCIAL LIMITED,12066800.00,19639.75,,,,
LLOYDSENGG,LLOYDS ENGG WORK LIMITED,18516518.00,12190.84,,,,
INOXWIND,INOX WIND LIMITED,20770460.00,34856.99,,,,
ALOKINDS,ALOK INDUSTRIES LIMITED,14547151.00,2869.89,,,,
BSE,BSE LIMITED,3508398.00,86030.05,,,,
SONATSOFTW,SONATA SOFTWARE LTD,2112323.00,8514.46,,,,
ICICIBANK,ICICI BANK LTD.,2384315.00,33130.79,,,,
SWANCORP,SWAN CORP LIMITED,6475343.00,32343.19,,,,
OIL,OIL INDIA LTD,3460843.00,15653.34,,,,
PARADEEP,PARADEEP PHOSPHATES LTD,8245735.00,15635.64,,,,
WAAREEENER,WAAREE ENERGIES LIMITED,1697477.00,57870.43,,,,
VOLTAS,VOLTAS LTD,424608.00,6003.16,,,,
WELCORP,WELSPUN CORP LIMITED,1649259.00,13965.12,,,,
WESTLIFE,WESTLIFE FOODWORLD LTD,114715.00,830.26,,,,
WHIRLPOOL,WHIRLPOOL OF INDIA LTD,232715.00,2980.98,,,,
AVL,ADITYA VISION LIMITED,121785.00,639.62,,,,
PETRONET,PETRONET LNG LIMITED,2394025.00,7137.78,,,,
CHAMBLFERT,CHAMBAL FERT - DEPO SETT.,4928141.00,27120.94,,,,
CYIENTDLM,CYIENT DLM LIMITED,850595.00,4283.51,,,,
FACT,FERT & CHEM TRAVANCORE,749360.00,7392.87,,,,
ITDC,INDIA TOUR. DEV. CO. LTD.,215936.00,1418.44,,,,
MPHASIS,MPHASIS LIMITED,188900.00,5357.42,,,,
JINDRILL,JINDAL DRILLING IND. LTD,486937.00,3264.62,,,,
FIVESTAR,FIVE-STAR BUS FIN LTD,2148775.00,12666.23,,,,
MRPL,MRPL,7496311.00,11643.46,,,,
TEXRAIL,TEXMACO RAIL & ENG. LTD.,9023839.00,14976.29,,,,
SHRIRAMFIN,SEC RED NCD 9.50% SR. IV,3432733.00,22676.35,,,,
PNGJL,P N GADGIL JEWELLERS LTD,624224.00,3867.55,,,,
ARE&M,AMARA RAJA ENERGY MOB LTD,1513301.00,16159.17,,,,
TATAMOTORS,TATA MOTORS LIMITED,12141496.00,84651.32,,,,
LODHA,LODHA DEVELOPERS LIMITED,1772441.00,22617.31,,,,
LTIM,LTIMINDTREE LIMITED,123739.00,6759.28,,,,
SIEMENS,SIEMENS LTD,437819.00,15015.19,,,,
BSOFT,BIRLASOFT LIMITED,5459394.00,23688.53,,,,
BOSCHLTD,BOSCH LIMITED,14135.00,5553.10,,,,
INDUSINDBK,INDUSIND BANK LIMITED,4462946.00,36322.25,,,,
KARURVYSYA,KARUR VYSYA BANK LTD,2962035.00,6395.98,,,,
BAJAJFINSV,BAJAJ FINSERV LTD.,943677.00,18873.52,,,,
CUB,CITY UNION BANK LTD,1317304.00,2684.80,,,,
INTELLECT,INTELLECT DESIGN ARENA,503323.00,5078.48,,,,
KOTAKBANK,KOTAK MAHINDRA BANK LTD,308951.00,6479.01,,,,
COFORGE,COFORGE LIMITED,1116873.00,19385.82,,,,
APARINDS,APAR INDUSTRIES LTD.,75694.00,6261.70,,,,
CHEMPLASTS,CHEMPLAST SANMAR LIMITED,230875.00,1020.18,,,,
CIEINDIA,CIE AUTOMOTIVE INDIA LTD,579810.00,2613.44,,,,
DALBHARAT,DALMIA BHARAT LIMITED,50933.00,1145.43,,,,
DEVYANI,DEVYANI INTERNATIONAL LTD,9672152.00,16821.27,,,,
DYNAMATECH,DYNAMATIC TECHNOLOGIES,69870.00,4910.10,,,,
EASEMYTRIP,EASY TRIP PLANNERS LTD,66940749.00,8255.43,,,,
IEX,INDIAN ENERGY EXC LTD,9636978.00,15616.42,,,,
KTKBANK,KARNATAKABANK-,15251161.00,28446.63,,,,
NIVABUPA,NIVA BUPA HEALTH INS CO L,6732520.00,5680.83,,,,
TAJGVK,TAJ GVK HOTELS & RESORTS,1012287.00,4442.58,,,,
CEMPRO,CEMINDIA PROJECTS LIMITED,929216.00,6780.27,,,,
MONARCH,MONARCH NETWORTH CAP LTD,353938.00,1273.82,,,,
DMART,AVENUE SUPERMARTS LIMITED,363460.00,16039.56,,,,
PCJEWELLER,PC JEWELLER LTD,77534734.00,10693.91,,,,
AJMERA,AJMERA REALTY & INF I LTD,226545.00,2196.54,,,,
IGL,INDRAPRASTHA GAS LTD,2143620.00,4676.68,,,,
INDUSTOWER,INDUS TOWERS LIMITED,5596542.00,19656.22,,,,
INDIGO,INTERGLOBE AVIATION LTD,437827.00,24653.90,,,,
ITCHOTELS,ITC HOTELS LIMITED,7065210.00,16050.67,,,,
JKCEMENT,JK CEMENT LIMITED,33042.00,2224.64,,,,
GABRIEL,GABRIEL INDIA LTD,194766.00,1993.27,,,,
GILLETTE,GILLETTE INDIA LTD,32945.00,3242.39,,,,
TDPOWERSYS,TD POWER SYSTEMS LTD.,768224.00,4088.52,,,,
NIITLTD,NIIT LIMITED,2884688.00,4143.62,,,,
SATIN,SATIN CREDIT NET LTD,415312.00,668.68,,,,
JUBLPHARMA,JUBILANT PHARMOVA LTD,475663.00,5316.14,,,,
PFOCUS,PRIME FOCUS LIMITED,1401031.00,2500.87,,,,
VSTIND,VST INDUSTRIES LTD,1326974.00,3954.31,,,,
JKLAKSHMI,JK LAKSHMI CEMENT LTD,271430.00,2468.01,,,,
KPIL,KALPATARU PROJECT INT LTD,186107.00,2288.91,,,,
KOLTEPATIL,KOLTE PATIL DEV. LTD.,327865.00,1448.67,,,,
SAREGAMA,SAREGAMA INDIA LIMITED,690220.00,3615.47,,,,
MOTILALOFS,MOTILAL OSWAL FIN LTD,1247671.00,11079.31,,,,
SJS,SJS ENTERPRISES LIMITED,153896.00,2021.17,,,,
SHRIPISTON,SHRIRAM PIST. & RING LTD,50912.00,1291.55,,,,
PFIZER,PFIZER LTD,46688.00,2541.41,,,,
STYLEBAAZA,BAAZAR STYLE RETAIL LTD,765847.00,2642.48,,,,
AMBER,AMBER ENTERPRISES (I) LTD,160603.00,12710.24,,,,
ASTRAMICRO,ASTRA MICROWAVE LTD,2070326.00,18969.13,,,,
APOLLOHOSP,APOLLO HOSPITALS LTD-DEPO,87638.00,6658.88,,,,
KECL,KIRLOSKAR ELECTRIC CO LTD,212795.00,297.88,,,,
ARVIND,ARVIND LIMITED,1375627.00,4590.88,,,,
EKC,EVEREST KANTO CYLINDERLTD,1280449.00,1907.64,,,,
MANINFRA,MAN INFRA LTD,1768132.00,3109.39,,,,
MAYURUNIQ,MAYUR UNIQUOTERS LTD,150228.00,832.14,,,,
NSIL,NALWA SONS INVESTMENT LTD,25444.00,1946.77,,,,
ASKAUTOLTD,ASK AUTOMOTIVE LIMITED,348256.00,1783.46,,,,
ASTRAL,ASTRAL LIMITED,962567.00,14527.68,,,,
RSYSTEMS,R SYS INTERNATIONAL LTD,430155.00,1949.29,,,,
REPCOHOME,REPCO HOME FINANCE LTD,919789.00,3795.54,,,,
SPANDANA,SPANDANA SPHOORTY FIN LTD,728247.00,2503.74,,,,
JLHL,JUPITER LIFE LINE HOSP L,16177.00,240.39,,,,
EXICOM,EXICOM TELE SYSTEMS LTD,751676.00,1258.33,,,,
PNBGILTS,PNB GILTS LIMITED,3725317.00,3923.43,,,,
BRIGADE,BRIGADE ENTER. LTD,690315.00,7183.20,,,,
BLISSGVS,BLISS GVS PHARMA LTD,809256.00,1309.67,,,,
ARVINDFASN,ARVIND FASHIONS LIMITED,486141.00,2562.15,,,,
ORIENTPPR,ORIENT PAPER AND INDS LTD,3328562.00,1100.39,,,,
AXISTECETF,AXISAMC - AXISTECETF,11669.00,46.65,,,,
VISHWARAJ,VISHWARAJ SUGAR IND LTD,131593.00,16.62,,,,
KSL,KALYANI STEELS LIMITED,278802.00,2415.84,,,,
PANACEABIO,PANACEA BIOTEC LTD,354769.00,1481.62,,,,
PVTBANKADD,DSPAMC - DSPPVBKETF,33549.00,9.11,,,,
TTKPRESTIG,TTK PRESTIGE LTD,98630.00,685.22,,,,
PFS,PTC INDIA FIN SERV LTD,1976636.00,801.06,,,,
KCP,KCP LTD,1374176.00,2985.40,,,,
CRAFTSMAN,CRAFTSMAN AUTOMATION LTD,27192.00,1682.10,,,,
SHALPAINTS,SHALIM PAINTS LTD,870890.00,840.96,,,,
PSUBANK,KOTAK PSU BANK,25347.00,184.66,,,,
AJANTPHARM,AJANTA PHARMA LIMITED,81318.00,2161.90,,,,
ATULAUTO,ATUL AUTO LIMITED,255272.00,1304.69,,,,
SHARDAMOTR,SHARDA MOTOR INDS LTD,133197.00,1418.07,,,,
TEAMLEASE,TEAMLEASE SERVICES LTD.,96609.00,1954.73,,,,
MMFL,MM FORGINGS LTD,271175.00,989.79,,,,
HATSUN,HATSUN AGRO PRODUCT LTD.,61250.00,576.13,,,,
ZYDUSWELL,ZYDUS WELLNESS LIMITED,278810.00,1267.26,,,,
KIRLOSBROS,KIRLOSKAR BROTHERS LTD,187235.00,3936.77,,,,
HDFCMOMENT,HDFCAMC - HDFCMOMENT,571723.00,184.51,,,,
TFCILTD,TOURISM FINANCE CORP OF,57656177.00,30712.51,,,,
BIGBLOC,BIGBLOC CONSTRUCTION LTD,75528.00,70.88,,,,
ECOSMOBLTY,ECOS (INDIA) MOB & HOSP L,257469.00,727.48,,,,
SUPRIYA,SUPRIYA LIFESCIENCE LTD,457762.00,3216.51,,,,
JAGRAN,JAGRAN PRAKASHAN LIMITED,723141.00,535.27,,,,
ORIENTHOT,ORIENT HOTELS LTD.,2784214.00,3881.29,,,,
CARRARO,CARRARO INDIA LIMITED,85805.00,407.10,,,,
NDRAUTO,NDR AUTO COMPONENTS LTD,30421.00,327.38,,,,
STAR,STRIDES PHARMA SCI LTD,848558.00,6704.42,,,,
MVGJL,MANOJ VAIBHAV GEM N JEW L,255368.00,563.25,,,,
SUMMITSEC,SUMMIT SECURITIES LTD,18133.00,389.35,,,,
RADHIKAJWE,RADHIKA JEWELTECH LIMITED,462295.00,442.50,,,,
VSTL,VIBHOR STEEL TUBES LTD,8942.00,16.03,,,,
ALLDIGI,ALLDIGI TECH LIMITED,32386.00,252.27,,,,
CPPLUS,ADITYA INFOTECH LIMITED,37883.00,525.13,,,,
ALLTIME,ALL TIME PLASTICS LIMITED,154799.00,440.00,,,,
SAGCEM,SAGAR CEMENTS LIMITED,277824.00,741.72,,,,
KDDL,KDDL LIMITED,32050.00,879.04,,,,
MASPTOP50,MIRAEAMC - MASPTOP50,563978.00,360.66,,,,
GOLDCASE,ZERODHAAMC - GOLDCASE,2760186.00,509.30,,,,
MAMATA,MAMATA MACHINERY LIMITED,535853.00,2572.39,,,,
ROSSTECH,ROSSELL TECHSYS LIMITED,68862.00,503.49,,,,
HDFCNEXT50,HDFCAMC - HDFCNEXT50,106938.00,73.80,,,,
VERANDA,VERANDA LEARNING SOL LTD,6164995.00,14209.23,,,,
SBISILVER,SBIAMC - SBISILVER,1440652.00,2302.17,,,,
DSSL,DYNACONS SYS & SOLN LTD,97362.00,1052.33,,,,
ARMANFIN,ARMAN FIN SERV LTD,65455.00,1039.18,,,,
MOSMALL250,MOTILALAMC - MOSMALL250,2386378.00,411.11,,,,
MIDSMALL,MIRAEAMC - MIDSMALL,1254473.00,610.60,,,,
WINDLAS,WINDLAS BIOTECH LIMITED,221711.00,2014.03,,,,
MIDCAPIETF,ICICIPRAMC - ICICIM150,4071200.00,892.06,,,,
BHARATRAS,BHARAT RASAYAN LTD,9794.00,1043.63,,,,
AXISBPSETF,AXISAMC - AXISBPSETF,1355.00,0.18,,,,
NIFTYIETF,ICICI PRUD NIFTY ETF,592164.00,1634.35,,,,
GROWWRAIL,GROWWAMC - GROWWRAIL,2142486.00,778.61,,,,
NIFTY1,KOTAK NIFTY ETF,57060.00,155.71,,,,
DBEIL,DEEPAK BUILDERS & ENG I L,155731.00,278.53,,,,
INFRAIETF,ICICIPRAMC - ICICIINFRA,163903.00,153.65,,,,
FMGOETZE,FEDERAL-MOGUL GOETZE (I),117441.00,606.89,,,,
HDFCNIFBAN,HDFCAMC - HDFCNIFBAN,85069.00,47.55,,,,
DONEAR,DONEAR IND. LIMITED,32540.00,34.25,,,,
NILAINFRA,NILA INFRASTRUCTURES LTD,95240.00,11.21,,,,
SAKHTISUG,SAKHTISUG SUGARS LTD,1095105.00,457.94,,,,
MBLINFRA,MBL INFRASTRUCTURE LTD,165616.00,72.15,,,,
TASTYBITE,TASTY BITE EATABLES LTD,7762.00,840.39,,,,
STLNETWORK,STL NETWORKS LIMITED,511329.00,148.96,,,,
AURUM,AURUM PROPTECH LIMITED,152440.00,289.13,,,,
SUBEXLTD,SUBEX LTD,791400.00,132.80,,,,
TARSONS,TARSONS PRODUCTS LIMITED,1497884.00,5533.76,,,,
DREAMFOLKS,DREAMFOLKS SERVICES LTD,7726.00,15.66,,,,
MMP,MMP INDUSTRIES LIMITED,37247.00,104.26,,,,
URJA,URJA GLOBAL LIMITED,316988.00,44.94,,,,
MSPL,MSP STEEL & POWER LTD.,1085192.00,399.83,,,,
AMANTA,AMANTA HEALTHCARE LIMITED,16813.00,22.37,,,,
PYRAMID,PYRAMID TECHNOPLAST LTD,40525.00,71.16,,,,
BIRLACABLE,BIRLA CABLE LIMITED,13717.00,25.46,,,,
NILKAMAL,NILKAMAL LIMITED,6740.00,117.58,,,,
IGPL,I G PETROCHEMICALS LTD,96385.00,506.94,,,,
MAKEINDIA,MIRAEAMC - MAMFGETF,25874.00,38.30,,,,
SHREEJISPG,SHREEJI SHIPPING GLOBAL L,56835.00,139.52,,,,
EVINDIA,MIRAEAMC - EVINDIA,233967.00,71.45,,,,
SANGAMIND,SANGAM (INDIA) LTD,23210.00,105.80,,,,
GROWWGOLD,GROWWAMC - GROWWGOLD,251475.00,294.76,,,,
ITETFADD,DSPAMC - DSPITETF,16459.00,6.12,,,,
MATRIMONY,MATRIMONY.COM LIMITED,19299.00,122.98,,,,
SANOFICONR,SANOFI CONS HEALTHC IND L,2975.00,150.03,,,,
GROWWMOM50,GROWWAMC - GROWWMOM50,221204.00,23.76,,,,
TECH,BIRLASLAMC - TECH,30137.00,11.64,,,,
GROWWSLVR,GROWWAMC - GROWWSLVR,374962.00,621.41,,,,
GROWWN200,GROWWAMC - GROWWN200,27691.00,3.13,,,,
HEUBACHIND,HEUBACH COLORANTS IND LTD,31384.00,175.82,,,,
LICNETFN50,LICNAMC - LICNFENGP,217.00,0.59,,,,
EVERESTIND,EVEREST INDUSTRIES LTD,9791.00,67.29,,,,
CASHIETF,ICICIPRAMC - CASHIETF,1012.00,10.45,,,,
HDFCLIQUID,HDFCAMC - HDFCLIQUID,12.00,0.12,,,,
LIQUIDADD,DSPAMC - LIQUIDADD,2028.00,22.18,,,,
AGSTRA,AGS TRANSACT TECH LTD,3262.00,3.15,,,,
MOMENTUM,BIRLASLAMC - MOMENTUM,60868.00,19.27,,,,
HDFCGROWTH,HDFCAMC - HDFCGROWTH,9359.00,11.45,,,,
MIDQ50ADD,DSPAMC - DSPQ50ETF,30279.00,76.89,,,,
500245,KIRLOSKAR FERROUS INDUSTRIES L,2.00,0.01,,,,
IMPAL,IND MOTOR PART & ACC LTD,682.00,7.99,,,,
GSS,GSS INFOTECH LIMITED,551013.00,150.82,,,,
SCHAND,S CHAND AND COMPANY LTD,128932.00,271.61,,,,
BSHSL,BOMBAY SUPER HYBRID SEEDS,7230.00,10.84,,,,
CHEMFAB,CHEMFAB ALKALIS LIMITED,7383.00,51.14,,,,
UNIDT,UNITED DRILLING TOOLS LTD,4699.00,10.40,,,,
THEINVEST,THE INVEST TRUST OF IND L,1715.00,2.45,,,,
GEEKAYWIRE,GEEKAY WIRES LIMITED,1771.00,1.38,,,,
ARIHANTSUP,ARIHANT SUPERSTRUCT LTD,180349.00,765.52,,,,
SADBHAV,SADBHAV ENGINEERING LTD,571559.00,75.59,,,,
SGIL,SYNERGY GREEN IND. LTD,28409.00,157.28,,,,
AARON,AARON INDUSTRIES LIMITED,991.00,2.34,,,,
STEELCITY,STEEL CITY SECURITIES LTD,513.00,0.52,,,,
AGRITECH,AGRI-TECH (INDIA) LIMITED,2749.00,5.14,,,,
SMLT,SARTHAK METALS LIMITED,5042.00,5.58,,,,
COASTCORP,COASTAL CORPORATION LTD,15542.00,6.15,,,,
SYNCOMF,SYNCOM FORMU (I) LTD,203631.00,39.18,,,,
SUMIT,SUMIT WOODS LIMITED,2000.00,1.74,,,,
NAHARINDUS,NAHAR INDS ENT LTD,12660.00,16.68,,,,
TPHQ,TEAMO PRODUCTIONS HQ LTD,10000.00,0.07,,,,
MOSILVER,MOTILALAMC - MOSILVER,86996.00,155.77,,,,
BRNL,BHARAT ROAD NETWORK LTD,11907.00,2.76,,,,
MINDTECK,MINDTECK (INDIA) LIMITED,9726.00,26.15,,,,
MANGALAM,MANGALAM DRUG & CHEM LTD,5489.00,4.87,,,,
SILINV,SIL INVESTMENTS LIMITED,518.00,3.70,,,,
GOLDTECH,AION-TECH SOLUTIONS LTD,1500.00,1.02,,,,
AVONMORE,AVONMORE CAP&MGT SERV LTD,12427.00,2.36,,,,
CORDSCABLE,CORDS CABLE INDUS LTD.,6035.00,11.46,,,,
ZODIAC,ZODIAC ENERGY LIMITED,145.00,0.65,,,,
LOKESHMACH,LOKESH MACHINES LTD,1245.00,3.79,,,,
LANCER,LANCER CONTAINER LINE LTD,2000.00,0.25,,,,
BHARATGEAR,BHARAT GEARS LTD.,7703.00,9.68,,,,
KANPRPLA,KANPUR PLASTIPACK LIMITED,50.00,0.12,,,,
EMKAY,EMKAY GLOBAL FIN SERV LTD,205.00,0.72,,,,
NAHARPOLY,NAHAR POLY FILMS LIMITED,1467.00,4.52,,,,
SURAJLTD,SURAJ LIMITED,47.00,0.15,,,,
NATCAPSUQ,NATURAL CAPSULES LIMITED,200.00,0.45,,,,
HCL-INSYS,HCL INFOSYSTEMS LTD,325.00,0.06,,,,
AARTECH,AARTECH SOLONICS LIMITED,800.00,0.42,,,,
GANGAFORGE,GANGA FORGING LIMITED,10000.00,0.37,,,,
GODFRYPHLP,GODFREY PHILLIPS INDIA LT,738813.00,25170.47,,,,
GODREJCP,GODREJ CONSUMER PRODUCTS,554762.00,6813.21,,,,
GMDCLTD,GUJARAT MIN. DEV. CORPN,5859545.00,31188.72,,,,
GPPL,GUJARAT PIPAVAV PORT LTD,9130959.00,17931.44,,,,
HGINFRA,H.G.INFRA ENGINEERING LTD,482079.00,5264.04,,,,
HAPPSTMNDS,HAPPIEST MINDS TECHNO LTD,2845217.00,18980.46,,,,
HDBFS,HDB FINANCIAL SERVICES L,640217.00,4853.81,,,,
HIKAL,HIKAL LIMITED,1350315.00,4323.48,,,,
HINDZINC,HINDUSTAN ZINC LIMITED,7577309.00,36971.67,,,,
RAMCOCEM,THE RAMCO CEMENTS LIMITED,355996.00,3674.39,,,,
THERMAX,THERMAX LTD,269833.00,9387.71,,,,
TIMKEN,TIMKEN INDIA LTD.,76440.00,2563.57,,,,
TARIL,TRANS & RECTI. LTD,1473574.00,7668.49,,,,
TIINDIA,TUBE INVEST OF INDIA LTD,226673.00,7328.02,,,,
UNIONBANK,UNION BANK OF INDIA,23539945.00,32319.27,,,,
UTIAMC,UTI ASSET MNGMT CO LTD,268038.00,3612.93,,,,
VIPIND,VIP INDUSTRIES LTD,1088885.00,4794.05,,,,
ONGC,OIL AND NATURAL GAS CORP.,10924511.00,27949.39,,,,
RVNL,RAIL VIKAS NIGAM LIMITED,18276420.00,70137.31,,,,
KIRIINDUS,KIRI INDUSTRIES LIMITED,2727245.00,16660.54,,,,
YESBANK,YES BANK LIMITED,370238904.00,80504.86,,,,
TCS,TATA CONSULTANCY SERV LT,4740048.00,151494.21,,,,
SAIL,STEEL AUTHORITY OF INDIA,19578769.00,25916.59,,,,
SUNFLAG,SUNFLAG IRON AND STEEL CO,628612.00,1800.98,,,,
ELECON,ELECON ENG. CO. LTD,1516869.00,9251.07,,,,
MOSCHIP,MOSCHIP TECHNOLOGIES LTD,2412225.00,5831.18,,,,
ABREL,ADITYA BIRLA REAL EST LTD,381181.00,7701.37,,,,
3MINDIA,3M INDIA LIMITED,8803.00,2662.49,,,,
ENGINERSIN,ENGINEERS INDIA LTD.,12012949.00,25925.49,,,,
ZENSARTECH,ZENSAR TECHNOLOGIES  LTD,727269.00,5944.36,,,,
LTFOODS,LT FOODS LIMITED,1339874.00,5861.22,,,,
PRAJIND,PRAJ INDUSTRIES LTD,4808174.00,21492.89,,,,
SDBL,SOM DIST & BREW LTD,6587977.00,8830.82,,,,
CERA,CERA SANITARYWARE LTD,50140.00,3337.53,,,,
GOCOLORS,GO FASHION INDIA LTD,132004.00,1028.68,,,,
IRCTC,INDIAN RAIL TOUR CORP LTD,3343741.00,26549.53,,,,
IRFC,BOND 8.48% PA TF TI-SIB,45215665.00,63705.42,,,,
LICHSGFIN,LIC HOUSING FINANCE LTD,3217556.00,19374.51,,,,
CLEAN,CLEAN SCIENCE & TECH LTD,969016.00,12814.00,,,,
SWSOLAR,STRLNG & WIL REN ENE LTD,8908880.00,26642.79,,,,
TATAPOWER,TATA POWER CO LTD,9779921.00,38842.32,,,,
EIEL,ENVIRO INFRA ENGINEERS L,3805623.00,9911.76,,,,
IRB,IRB INFRA DEV LTD.,64003864.00,31620.84,,,,
LUPIN,LUPIN LIMITED,446679.00,8892.70,,,,
MINDACORP,MINDA CORPORATION LTD,778829.00,4404.85,,,,
GAIL,GAIL (INDIA) LTD,16816400.00,31471.45,,,,
BHARTIARTL,BHARTI AIRTEL LIMITED,1214424.00,23223.22,,,,
NESTLEIND,NESTLE INDIA LIMITED,556898.00,6624.25,,,,
SURYAROSNI,SURYA ROSHNI LTD,751882.00,2299.56,,,,
KAYNES,KAYNES TECHNOLOGY IND LTD,493480.00,33497.28,,,,
MTARTECH,MTAR TECHNOLOGIES LIMITED,263745.00,4894.94,,,,
NCC,NCC LIMITED,13195002.00,30433.11,,,,
PIDILITIND,PIDILITIND -DEPO (OL),351174.00,5360.03,,,,
BHARTIHEXA,BHARTI HEXACOM LIMITED,106275.00,1914.66,,,,
LINDEINDIA,LINDE INDIA LIMITED,144020.00,9712.00,,,,
AUBANK,AU SMALL FINANCE BANK LTD,830231.00,6093.58,,,,
DEEPAKFERT,DEEPAK FERTILIZERS & PETR,693863.00,9280.18,,,,
ENRIN,SIEMENS ENERGY INDIA LTD,236649.00,7910.20,,,,
JUBLINGREA,JUBILANT INGREVIA LIMITED,976368.00,7197.40,,,,
NH,NARAYANA HRUDAYALAYA LTD.,637012.00,11844.73,,,,
PRINCEPIPE,PRINCE PIPES FITTINGS LTD,868390.00,3138.18,,,,
PRSMJOHNSN,PRISM JOHNSON LIMITED,1145524.00,1929.33,,,,
TANLA,TANLA PLATFORMS LIMITED,2449279.00,17114.73,,,,
TATACONSUM,TATA CONSUMER PRODUCT LTD,555288.00,6077.11,,,,
COHANCE,COHANCE LIFESCIENCES LTD,731414.00,6674.43,,,,
DBL,DILIP BUILDCON LIMITED,712699.00,3550.75,,,,
HINDOILEXP,HINDOILEXP,4026742.00,7911.71,,,,
TIIL,TECHNOCRAFT INDUSTRIES (I,30944.00,833.39,,,,
GOPAL,GOPAL SNACKS LIMITED,634718.00,2294.33,,,,
JYOTISTRUC,JYOTI STRUCTURES LTD,21745485.00,4000.50,,,,
MOREPENLAB,MOREPEN LAB. LTD,14286571.00,8528.45,,,,
RBLBANK,RBL BANK LIMITED,16566190.00,44502.39,,,,
IOLCP,IOL CHEM AND PHARMA LTD,5984796.00,6266.85,,,,
ISGEC,ISGEC HEAVY ENG LTD,186985.00,2024.08,,,,
PERSISTENT,PERSISTENT SYSTEMS LTD,503452.00,27658.26,,,,
V2RETAIL,V2 RETAIL LIMITED,445759.00,9884.12,,,,
AUROPHARMA,AUROBINDO PHARMA LTD,767434.00,8940.78,,,,
AEGISLOG,AEGIS LOGISTICS LIMITED,917929.00,7435.98,,,,
MAHSEAMLES,MAHA SEAMLESS LTD,1098880.00,7550.66,,,,
JAICORPLTD,JAI CORP LIMITED,1656914.00,2850.32,,,,
PRICOLLTD,PRICOL LIMITED,426760.00,2057.03,,,,
GOLDBEES,NIP IND ETF GOLD BEES,36807483.00,36593.17,,,,
SBILIFE,SBI LIFE INSURANCE CO LTD,254409.00,4624.08,,,,
SUNTV,SUN TV NETWORK LIMITED,531727.00,3243.30,,,,
360ONE,360 ONE WAM LIMITED,454220.00,4932.34,,,,
INGERRAND,INGERSOLL-RAND INDIA LTD,67411.00,2381.14,,,,
ORIENTCEM,ORIENT CEMENT LTD.,2857102.00,7089.04,,,,
SAILIFE,SAI LIFE SCIENCES LIMITED,754309.00,6536.67,,,,
YATRA,YATRA ONLINE LIMITED,1216175.00,1708.20,,,,
GENUSPOWER,GENUS POWER INFRASTRU LTD,3840182.00,13917.19,,,,
JSWCEMENT,JSW CEMENT LIMITED,3274965.00,4829.39,,,,
EPL,EPL LIMITED,1781263.00,4133.24,,,,
COSMOFIRST,COSMO FIRST LIMITED,431788.00,4343.14,,,,
MAHLOG,MAHINDRA LOGISTIC LIMITED,406337.00,1466.41,,,,
MON100,MOTILAL OS NASDAQ100 ETF,2000591.00,4517.59,,,,
ATGL,ADANI TOTAL GAS LIMITED,1714193.00,11861.22,,,,
MANGCHEFER,MANG.CHEM.FERT.LTD,204363.00,648.26,,,,
PRECWIRE,PRECISION WIRES INDIA LTD,557223.00,1045.78,,,,
NETWEB,NETWEB TECH INDIA LTD,447157.00,15713.17,,,,
AHLUCONT,AHLUWALIA CONT IND LTD,263698.00,2686.71,,,,
ALIVUS,ALIVUS LIFE SCIENCES LTD,218012.00,2258.27,,,,
ACLGATI,ALLCARGO GATI LIMITED,1204281.00,874.13,,,,
ASTERDM,ASTER DM HEALTHCARE LTD.,479080.00,3021.06,,,,
RALLIS,RALLIS INDIA LTD,1338441.00,4467.62,,,,
GICHSGFIN,GIC HOUSING FINANCE LTD,1205110.00,2403.55,,,,
NUCLEUS,NUCLEUS SOFTWARE EXPORTS,72529.00,823.36,,,,
BFINVEST,BF INVESTMENT LIMITED,108067.00,575.34,,,,
ZEEMEDIA,ZEE MEDIA CORPORATION LTD,2753117.00,371.30,,,,
KOPRAN,KOPRAN LTD,397524.00,725.22,,,,
GULFOILLUB,GULF OIL LUB. IND. LTD.,183922.00,2276.52,,,,
TBZ,TRIB BHIMJI ZAVERI LTD,411015.00,824.05,,,,
PENIND,PENNAR INDUSTRIES LTD,2015813.00,4738.48,,,,
DYCL,DYNAMIC CABLES LIMITED,211343.00,919.80,,,,
MUFTI,CREDO BRANDS MARKETING L,493775.00,651.05,,,,
PANAMAPET,PANAMA PETROCHEM LTD,112739.00,377.03,,,,
NAM-INDIA,NIPPON L I A M LTD,764713.00,5680.72,,,,
KRONOX,KRONOX LAB SCIENCES LTD,205637.00,369.13,,,,
VMART,VMART RETAIL LTD,104209.00,963.22,,,,
PHARMABEES,NIPPONAMC - NETFPHARMA,8437586.00,1901.96,,,,
BLAL,BEML LAND ASSETS LIMITED,93963.00,217.52,,,,
HGS,HINDUJA GLOBAL SOLS. LTD.,113070.00,722.91,,,,
UFLEX,UFLEX LIMITED,183496.00,1038.64,,,,
ZFCVINDIA,ZF COM VE CTR SYS IND LTD,11304.00,1515.47,,,,
METALIETF,ICICIPRAMC - METALIETF,7205431.00,735.42,,,,
INDOAMIN,INDO AMINES LIMITED,227851.00,368.98,,,,
FUSION,FUSION FINANCE LIMITED,1616099.00,3906.16,,,,
KELLTONTEC,KELLTON TECH SOL LTD,4616279.00,1232.19,,,,
GOCLCORP,GOCL CORPORATION LIMITED,367577.00,1416.17,,,,
SOTL,SAVITA OIL TECHNOLO. LTD,98198.00,443.92,,,,
MOTISONS,MOTISONS JEWELLERS LTD,4026748.00,799.53,,,,
KAMDHENU,KAMDHENU LIMITED,7052389.00,2215.95,,,,
WONDERLA,WONDERLA HOLIDAYS LTD.,171316.00,1539.05,,,,
IGARASHI,IGARASHI MOTORS INDIA LTD,180844.00,1002.91,,,,
SARVESHWAR,SARVESHWAR FOODS LIMITED,4531120.00,299.61,,,,
ANUP,THE ANUP ENGINEERING LTD,91443.00,2388.42,,,,
RGL,RENAISSANCE GLOBAL LTD,1087025.00,1428.16,,,,
RANEHOLDIN,RANE HOLDINGS LIMITED,17157.00,283.82,,,,
SSDL,SARASWATI SAREE DEPOT LTD,11261.00,10.79,,,,
CARTRADE,CARTRADE TECH LIMITED,543725.00,12669.38,,,,
SKYGOLD,SKY GOLD AND DIAMONDS LTD,1235794.00,3716.00,,,,
NEULANDLAB,NEULAND LAB LTD.,44156.00,5920.76,,,,
HDFCSML250,HDFCAMC - HDFCSML250,3199139.00,5539.39,,,,
MIDCAPETF,MIRAEAMC - MAM150ETF,7567405.00,1626.47,,,,
TCI,TRANSPORT CORPN OF INDIA,18769.00,216.89,,,,
RTNPOWER,RATTANINDIA POWER LIMITED,25162122.00,3369.07,,,,
BALUFORGE,BALU FORGE INDUSTRIES LTD,231586.00,1530.30,,,,
BAJAJHCARE,BAJAJ HEALTHCARE LIMITED,948992.00,4744.11,,,,
DPABHUSHAN,D. P. ABHUSHAN LIMITED,10888.00,165.34,,,,
INDOTECH,INDO TECH TRANSFORM LTD.,7363.00,129.91,,,,
PGIL,PEARL GLOBAL IND LIMITED,108150.00,1520.83,,,,
BAJEL,BAJEL PROJECTS LIMITED,182854.00,379.89,,,,
RAMCOIND,RAMCO INDUSTRIES LIMITED,730196.00,2391.13,,,,
KKCL,KEWAL KIRAN CLOTHING LIMI,197280.00,1006.11,,,,
GTLINFRA,GTL INFRA.LTD,7262689.00,122.74,,,,
ROLEXRINGS,ROLEX RINGS LIMITED,129554.00,1854.76,,,,
MUFIN,MUFIN GREEN FINANCE LTD,518815.00,465.05,,,,
DHUNINV,DHUNSERI INVESTMENTS LTD,1259.00,22.95,,,,
XCHANGING,XCHANGING SOLUTIONS LTD,342097.00,353.63,,,,
WINDMACHIN,WINDSOR MACHINES LIMITED,107682.00,363.57,,,,
ESABINDIA,ESAB INDIA LTD,10255.00,542.60,,,,
AMNPLST,AMINES & PLASTICIZERS LTD,1858.00,5.73,,,,
BSLGOLDETF,ADITYBIRLA SL GOLD ETF-GR,431051.00,450.25,,,,
GOLD360,360ONEAMC - GOLD360,58112.00,72.48,,,,
METAL,MIRAEAMC - METAL,1734100.00,179.43,,,,
DENTA,DENTA WATER N INFRA SOL L,403555.00,1734.27,,,,
WENDT,WENDT (INDIA) LIMITED,34995.00,3423.91,,,,
PVTBANIETF,ICICIPRAMC - ICICIBANKP,1422369.00,388.53,,,,
STALLION,STALLION IND FLUOROCHEM L,200315.00,587.85,,,,
SUBROS,SUBROS LIMITED,168253.00,1781.75,,,,
HDFCMID150,HDFCAMC - HDFCMID150,814084.00,171.78,,,,
UTIBANKETF,UTIAMC - UTIBANKETF,43955.00,25.26,,,,
CONSUMBEES,NIP IND ETF CONSUMPTION,381635.00,512.98,,,,
KIRLOSIND,KIRLOSKAR INDUSTRIES LTD,28785.00,1136.29,,,,
MONTECARLO,MONTE CARLO FASHIONS LTD.,53328.00,374.05,,,,
INDOSTAR,INDOSTAR CAPITAL FIN LTD,1050186.00,3196.59,,,,
SUNCLAY,SUNDARAM CLAYTON LIMITED,31135.00,565.07,,,,
SPLPETRO,SUPREME PETROCHEM LIMITED,105691.00,873.10,,,,
INSECTICID,INSECTICIDES (INDIA) LIMI,108124.00,907.16,,,,
YASHO,YASHO INDUSTRIES LIMITED,11714.00,208.50,,,,
CYBERTECH,CYBERTECHNPP010400DEPO,4947.00,11.43,,,,
AGARWALEYE,DR AGARWALS HEALTH CARE L,125942.00,595.21,,,,
LOWVOL1,KOTAKMAMC - KOTAKLOVOL,5996.00,1.22,,,,
HAPPYFORGE,HAPPY FORGINGS LIMITED,67294.00,645.28,,,,
HLVLTD,HLV LIMITED,868668.00,125.36,,,,
ESSENTIA,INTEGRA ESSENTIA LIMITED,75093.00,1.85,,,,
JAIPURKURT,NANDANI CREATION LIMITED,850.00,0.35,,,,
KOHINOOR,KOHINOOR FOODS LIMITED,1042.00,0.45,,,,
BPL,BPL LTD,70799.00,58.67,,,,
OILCOUNTUB,OIL COUNTRY TUBULAR LTD.,163.00,0.11,,,,
CEWATER,CONCORD ENVIRO SYSTEMS L,85227.00,479.62,,,,
DISHTV,DISH TV INDIA LTD.,3782342.00,230.13,,,,
NCLIND,NCL INDUSTRIES LIMITED,212242.00,463.74,,,,
REGAAL,REGAAL RESOURCES LIMITED,135396.00,122.21,,,,
MAHESHWARI,MAHESHWARI LOGISTICS LTD.,5745.00,3.57,,,,
EBGNG,GNG ELECTRONICS LIMITED,200730.00,739.00,,,,
SURAKSHA,SURAKSHA DIAGNOSTIC LTD,359683.00,1115.51,,,,
CONTROLPR,CONTROL PRINT LIMITED,54952.00,439.46,,,,
ELIN,ELIN ELECTRONICS LIMITED,84521.00,179.96,,,,
ONWARDTEC,ONWARDTEC-DEPO,7649.00,24.42,,,,
LINC,LINC LIMITED,12252.00,24.24,,,,
EXXARO,EXXARO TILES LIMITED,159618.00,12.75,,,,
DMCC,DMCC SPECIALITY CHEMICALS,10962.00,34.95,,,,
SBINEQWETF,SBIAMC - SBINEQWETF,156.00,0.05,,,,
EQUAL200,MIRAEAMC - EQUAL200,3326.00,0.44,,,,
MON50EQUAL,MOTILALAMC - MON50EQUAL,2609.00,0.85,,,,
HDFCNIF100,HDFCAMC - HDFCNIF100,32553.00,8.61,,,,
IDFNIFTYET,BANDHANAMC - IDFNIFTYET,7543.00,20.75,,,,
MOM50,MOTILAL OSWAL M50 ETF,22319.00,57.42,,,,
GSEC10YEAR,MIRAEAMC - MAGS813ETF,2094.00,0.62,,,,
HDFCSENSEX,HDFCAMC - HDFCSENSEX,30726.00,28.06,,,,
AXISVALUE,AXISAMC - AXISVALUE,6637.00,1.97,,,,
MOGSEC,MOTILALAMC - G5,4222.00,2.64,,,,
LIQUID,MIRAEAMC - LIQUID,354.00,3.54,,,,
LIQUIDIETF,ICICIPRAMC - ICICILIQ,23.00,0.23,,,,
LIQUIDSHRI,SHRIRAM NIFTY 1D RATE LIQUID E,60.00,0.64,,,,
AXSENSEX,AXISAMC - AXSENSEX,1430.00,1.19,,,,
HDFCBSE500,HDFCAMC - HDFCBSE500,16109.00,6.02,,,,
NIFMID150,UTIAMC - NIFMID150,29016.00,63.65,,,,
DENORA,DE NORA INDIA LIMITED,11698.00,105.83,,,,
SPECIALITY,SPECIALITY REST LTD,57419.00,84.67,,,,
MALLCOM,MALLCOM (INDIA) LIMITED,6022.00,76.60,,,,
5PAISA,5PAISA CAPITAL LIMITED,76350.00,291.34,,,,
NOVAAGRI,NOVA AGRITECH LIMITED,29563.00,16.82,,,,
AXISCETF,AXISAMC - AXISCETF,15582.00,19.76,,,,
AAATECH,AAA TECHNOLOGIES LIMITED,3950.00,5.06,,,,
SENSEXADD,DSPAMC - DSPSENXETF,1448.00,1.21,,,,
MANBA,MANBA FINANCE LIMITED,157968.00,234.94,,,,
DCMNVL,DCM NOUVELLE LIMITED,3349.00,6.05,,,,
SREEL,SREELEATHERS LIMITED,11262.00,28.79,,,,
IVC,IL&FS INVESTMENT MANAGERS,235593.00,26.73,,,,
ALPHAGEO,ALPHAGEO (INDIA) LIMITED,5910.00,15.54,,,,
COMPUSOFT,COMPUCOM SOFTWARE LTD,35931.00,7.73,,,,
BALAXI,BALAXI PHARMA LTD,86694.00,52.54,,,,
JMA,JULLUNDUR MOT AGENCY LTD,798.00,0.80,,,,
GRPLTD,GRP LIMITED,3236.00,78.51,,,,
GFLLIMITED,GFL LIMITED,23306.00,15.97,,,,
VIRINCHI,VIRINCHI LIMITED,11387.00,3.57,,,,
RELTD,RAVINDRA ENERGY LIMITED,36961.00,61.15,,,,
TIPSFILMS,TIPS FILMS LIMITED,115.00,0.56,,,,
KOVAI,KOVAI MEDICAL CENTER & HO,50.00,3.15,,,,
RMDRIP,R M DRIP & SPRINK SYS LTD,121132.00,91.99,,,,
DHARMAJ,DHARMAJ CROP GUARD LTD,3741.00,11.72,,,,
DIAMINESQ,DIAMINES & CHEMICALS LTD,250.00,1.00,,,,
GLOSTERLTD,GLOSTER LIMITED,4499.00,29.97,,,,
SAKUMA,SAKUMA EXPORTS LIMITED,16100.00,0.66,,,,
MAANALU,MAAN ALUMINIUM LIMITED,8500.00,11.40,,,,
DRCSYSTEMS,DRC SYSTEMS INDIA LIMITED,9200.00,1.91,,,,
SIGMA,SIGMA SOLVE LIMITED,2085.00,1.60,,,,
VIKASECO,VIKAS ECOTECH LIMITED,86050.00,1.88,,,,
BYKE,THE BYKE HOSPITALITY LTD,10400.00,7.36,,,,
RACE,RACE ECO CHAIN LIMITED,53382.00,134.75,,,,
GROWWPOWER,GROWWAMC - GROWWPOWER,27448.00,2.79,,,,
BANKETF,MIRAEAMC - BANKETF,5779.00,32.69,,,,
BELLACASA,BELLA CASA FASH AND RET L,6023.00,23.47,,,,
RNBDENIMS,R&B DENIMS LIMITED,10.00,0.01,,,,
GMMPFAUDLR,GMM PFAUDLER LIMITED,281307.00,3332.52,,,,
GMRAIRPORT,GMR AIRPORTS LIMITED,20106881.00,17565.30,,,,
GODREJAGRO,GODREJ AGROVET LIMITED,829005.00,6234.81,,,,
GRANULES,GRANULES INDIA LIMITED,3957925.00,20545.45,,,,
GRAPHITE,GRAPHITE INDIA LTD,2068854.00,11763.88,,,,
GREAVESCOT,GREAVES COTTON LTD.,5466226.00,12123.85,,,,
GRINDWELL,GRINDWELL NORTON LIMITED,62243.00,1117.23,,,,
HAVELLS,HAVELLS INDIA LIMITED,913650.00,14301.00,,,,
HEROMOTOCO,HERO MOTOCORP LIMITED,240977.00,12458.08,,,,
HEXT,HEXAWARE TECHNOLOGIES LTD,424452.00,3186.71,,,,
HINDCOPPER,HINDUSTAN COPPER LTD,14689448.00,42585.26,,,,
UNITDSPR,UNITED SPIRITS LIMITED,1377925.00,19133.36,,,,
UPL,UPL LIMITED,1291761.00,8887.19,,,,
VSTTILLERS,VST TILLERS TRACTORS LTD,40061.00,2049.41,,,,
VENKEYS,VENKY S (INDIA) LIMITED,154030.00,2483.09,,,,
VINATIORGA,VINATI ORGANICS LTD,59615.00,1067.48,,,,
VINDHYATEL,VINDHYA TELELINKS LTD,119683.00,1928.87,,,,
ABFRL,ADITYA BIRLA FASHION & RT,31781549.00,39686.37,,,,
SUNTECK,SUNTECK REALTY LIMITED,1244412.00,5749.20,,,,
SANSERA,SANSERA ENGINEERING LTD,241704.00,3204.24,,,,
ANTHEM,ANTHEM BIOSCIENCES LTD,190802.00,1548.49,,,,
MOIL,MOIL LIMITED,2771171.00,10781.22,,,,
BHEL,BHEL,12478891.00,30670.36,,,,
FDC,FDC LTD.,484089.00,2397.90,,,,
JAMNAAUTO,JAMNA AUTO IND LTD,6180212.00,6622.07,,,,
MARKSANS,MARKSANS PHARMA LIMITED,4246424.00,8655.23,,,,
MAXHEALTH,MAX HEALTHCARE INS LTD,1046318.00,12215.26,,,,
MOTHERSON,SAMVRDHNA MTHRSN INTL LTD,15042962.00,15925.75,,,,
SOUTHBANK,SOUTH INDIAN BANK LTD.,28606859.00,8497.67,,,,
SAMHI,SAMHI HOTELS LIMITED,3305076.00,6624.41,,,,
IFCI,IFCI LTD,19041789.00,11411.19,,,,
GENESYS,GENESYS INTL CORPN LTD,520661.00,3427.68,,,,
DBREALTY,VALOR ESTATE LIMITED,4271177.00,7812.87,,,,
BANKINDIA,BANK OF INDIA,20931223.00,24904.57,,,,
MAHABANK,BANK OF MAHARASHTRA,39592362.00,22184.88,,,,
SJVN,SJVN LTD,24527359.00,25879.37,,,,
DATAPATTNS,DATA PATTERNS INDIA LTD,507544.00,14138.49,,,,
LAURUSLABS,LAURUS LABS LIMITED,5302244.00,40707.01,,,,
CDSL,CENTRAL DEPO SER (I) LTD,5450680.00,87697.57,,,,
CESC,CESC LTD,5311100.00,9005.31,,,,
IGIL,INTERNATIO GEMM INS (I) L,825215.00,3302.23,,,,
MSTCLTD,MSTC LIMITED,1302739.00,7356.14,,,,
JTLIND,JTL INDUSTRIES LIMITED,15469611.00,11956.34,,,,
AARTIPHARM,AARTI PHARMALABS LIMITED,339757.00,2896.74,,,,
GNFC,GUJ NAR VAL FER & CHEM L,2005559.00,11053.72,,,,
JISLJALEQS,JAIN IRRIGATION SYSTEMS,16293687.00,9527.32,,,,
SBCL,SHIVALIK BIMETAL CON. LTD,149999.00,815.03,,,,
RELIGARE,RELIGARE ENTERPRISES LIMI,6718959.00,17529.10,,,,
NATCOPHARM,NATCO PHARMA LTD.,2530611.00,24630.46,,,,
PCBL,PCBL CHEMICAL LIMITED,4360003.00,17848.65,,,,
LUXIND,LUX INDUSTRIES LIMITED,171134.00,2655.78,,,,
CAPACITE,CAPACITE INFRAPROJECT LTD,1732668.00,5873.90,,,,
EMSLIMITED,EMS LIMITED,1193566.00,7486.34,,,,
NTPCGREEN,NTPC GREEN ENERGY LIMITED,18347067.00,19372.12,,,,
PARAS,PARAS DEF AND SPCE TECH L,534631.00,4046.79,,,,
ABCAPITAL,ADITYA BIRLA CAPITAL LTD.,4059312.00,10414.55,,,,
INDIAGLYCO,INDIA GLYCOLS LTD,1320843.00,10529.42,,,,
POONAWALLA,SEC RED NCD 10.04% SR.III,3857907.00,17788.86,,,,
APLAPOLLO,APL APOLLO TUBES LTD,263348.00,4482.95,,,,
TATAELXSI,TATA ELXSI LIMITED,469280.00,28457.18,,,,
NEOGEN,NEOGEN CHEMICALS LIMITED,154528.00,2450.27,,,,
PNCINFRA,PNC INFRATECH LTD.,1660413.00,5379.11,,,,
POLYPLEX,POLYPLEX CORPORATION LTD,345064.00,4069.91,,,,
RADICO,RADICO KHAITAN LIMITED,203112.00,5681.45,,,,
TATAINVEST,TATA INVESTMENT CORP LTD,989258.00,16644.18,,,,
KPRMILL,KPR MILL LTD.,305173.00,3413.21,,,,
PATANJALI,PATANJALI FOODS LIMITED,3211337.00,19572.38,,,,
DELHIVERY,DELHIVERY LIMITED,1805836.00,7978.95,,,,
AMBUJACEM,AMBUJA CEMENTS LTD,2216631.00,12915.92,,,,
IMAGICAA,IMAGICAAWORLD ENT LTD,2773635.00,1817.71,,,,
BANDHANBNK,BANDHAN BANK LIMITED,13882406.00,24062.28,,,,
POKARNA,POKARNA LIMITED,218726.00,1944.62,,,,
MTNL,MTNL - DEPO. SETT.,6154146.00,2978.50,,,,
ICICIGI,ICICI LOMBARD GIC LIMITED,138342.00,2672.89,,,,
IDEAFORGE,IDEAFORGE TECHNO LTD,1205774.00,6519.51,,,,
INDIACEM,THE INDIA CEMENTS LIMITED,609207.00,2174.89,,,,
ONMOBILE,ONMOBILE GLOBAL LIMITED,1388650.00,901.20,,,,
CARYSIL,CARYSIL LIMITED,240582.00,2130.39,,,,
MASTEK,MASTEK LTD,310646.00,7717.92,,,,
SHAREINDIA,SHARE IND. SECURITIES LTD,2062520.00,3807.60,,,,
PIIND,PI INDUSTRIES LTD,155723.00,5938.95,,,,
JUSTDIAL,JUSTDIAL LTD.,987448.00,9040.85,,,,
GOLD1,KOTAK GOLD ETF,1323154.00,1283.76,,,,
BANKBARODA,BANK OF BARODA,6107457.00,15120.52,,,,
BFUTILITIE,BF UTILITIES LIMITED,421240.00,3356.04,,,,
AFFLE,AFFLE 3I LIMITED,200265.00,3887.32,,,,
AAVAS,AAVAS FINANCIERS LIMITED,266931.00,4751.60,,,,
CRISIL,CRISIL LTD,83925.00,4352.47,,,,
OPTIEMUS,OPTIEMUS INFRACOM LTD,490652.00,2936.92,,,,
INDIASHLTR,INDIA SHELTER FIN CORP L,413879.00,3432.99,,,,
NAVKARCORP,NAVKAR CORPORATION LTD.,1723581.00,2157.69,,,,
MAHLIFE,MAHINDRA LIFESPACE DEVLTD,1051081.00,4543.55,,,,
INDOCO,INDOCO REMEDIES LTD.,105934.00,325.23,,,,
MANAPPURAM,MANAPPURAM FINANCE LTD,3980971.00,10516.46,,,,
MARUTI,MARUTI SUZUKI INDIA LTD.,67505.00,10118.10,,,,
METROBRAND,METRO BRANDS LIMITED,52537.00,650.52,,,,
20MICRONS,20 MICRONS LTD,206115.00,507.06,,,,
CAMPUS,CAMPUS ACTIVEWEAR LIMITED,1044295.00,3006.82,,,,
KRN,KRN HEAT EXCHANGE N REF L,844014.00,7276.54,,,,
PRESTIGE,PRESTIGE ESTATE LTD,555342.00,8905.32,,,,
TBOTEK,TBO TEK LIMITED,86725.00,1344.85,,,,
ABSLAMC,ADIT BIRL SUN LIF AMC LTD,343535.00,2862.76,,,,
ATUL,ATUL LTD,257808.00,15165.44,,,,
ESAFSFB,ESAF SMALL FINANCE BANK L,1633384.00,576.69,,,,
RPGLIFE,RPG LIFE SCIENCES LTD,24657.00,598.66,,,,
SUNDRMFAST,SUNDRAM FASTENERS LTD,104859.00,1104.44,,,,
GMBREW,G M BREWERIES LTD,86905.00,767.72,,,,
GUFICBIO,GUFIC BIOSCIENCES LTD.,147487.00,538.80,,,,
INDIAMART,INDIAMART INTERMESH LTD,126715.00,3169.43,,,,
BHARATWIRE,BHARAT WIRE ROPES LTD.,899307.00,1963.26,,,,
APEX,APEX FROZEN FOODS LIMITED,150951.00,365.93,,,,
PARACABLES,PARAMOUNT COMM LTD,2363952.00,1289.26,,,,
SYMPHONY,SYMPHONY LIMITED,237484.00,2605.28,,,,
SANOFI,SANOFI INDIA LIMITED,42165.00,2232.97,,,,
RIIL,RELIANCE INDUSTRIAL INFRA,446159.00,4576.16,,,,
STARCEMENT,STAR CEMENT LIMITED,588428.00,1593.77,,,,
RAMASTEEL,RAMA STEEL TUBES LIMITED,60058596.00,6322.69,,,,
GOACARBON,GOA CARBON LIMITED,32190.00,162.64,,,,
INTLCONV,INTL CONVEYORS LIMITED,339833.00,345.31,,,,
VINCOFE,VINTAGE COFFEE N BVRGS L,1447565.00,2124.32,,,,
BODALCHEM,BODAL CHEMICALS LTD,746525.00,544.91,,,,
CHEMCON,CHEMCON SPECIAL CHEM LTD,252990.00,676.40,,,,
DHAMPURSUG,DHAMPUR SUGAR MILLS LTD.,942796.00,1442.40,,,,
CHOLAHLDNG,CHOLAMANDALAM FIN HOL LTD,97465.00,1888.90,,,,
TORNTPHARM,TORRENT PHARMACEUTICALS L,54175.00,1933.21,,,,
PDSL,PDS LIMITED,464394.00,1800.45,,,,
HONAUT,HONEYWELL AUTOMATION IND,9754.00,3861.97,,,,
RELAXO,RELAXO FOOT LTD.,706328.00,3433.40,,,,
EMUDHRA,EMUDHRA LIMITED,155607.00,1138.62,,,,
MRF,MRF LTD,2918.00,3825.85,,,,
RANASUG,RANA SUGARS LTD.,224834.00,44.93,,,,
FIEMIND,FIEM INDUSTRIES LIMITED,119063.00,2361.16,,,,
ANDHRSUGAR,ANDHRA SUGARS LTD.,466214.00,500.48,,,,
HARSHA,HARSHA ENGINEERS INT LTD,1077345.00,4841.40,,,,
UTTAMSUGAR,UTTAM SUGAR MILLS LTD.,277057.00,877.01,,,,
GOLDETF,MIRAEAMC - MAGOLDETF,958545.00,1107.45,,,,
KPEL,K.P. ENERGY LIMITED,485343.00,2160.75,,,,
GULFPETRO,GP PETROLEUMS LIMITED,62329.00,27.87,,,,
HCG,HEALTHCARE GLOB. ENT. LTD,330038.00,2032.42,,,,
GREENPOWER,ORIENT GREEN POWER CO LTD,4470120.00,635.13,,,,
MARINE,MARINE ELECTRICAL (I) LTD,102795.00,220.79,,,,
SIYSIL,SIYARAM SILK MILLS LTD,191722.00,1473.37,,,,
ABLBL,ADITYA BIRLA LIFES BRAN L,7558337.00,11323.81,,,,
INOXINDIA,INOX INDIA LIMITED,137927.00,1682.09,,,,
PROSTARM,PROSTARM INFO SYSTEMS LTD,585712.00,1251.29,,,,
BAJAJHIND,BAJAJ HINDUSTHAN SUGAR LT,22486021.00,5726.08,,,,
SHILPAMED,SHILPA MEDICARE LTD,96131.00,380.02,,,,
SWELECTES,SWELECT ENERGY SYS LTD,43266.00,377.75,,,,
LAXMIDENTL,LAXMI DENTAL LIMITED,274552.00,996.85,,,,
MAHEPC,MAHINDRA EPC IRRIG LTD,63064.00,103.72,,,,
RAJOOENG,RAJOO ENGINEERS LIMITED,1363589.00,1434.46,,,,
MUNJALSHOW,MUNJAL SHOWA LTD,114373.00,167.82,,,,
INDORAMA,INDO RAMA SYNTHETICS (IND,140613.00,78.85,,,,
LAXMIINDIA,LAXMI INDIA FINANCE LTD,333635.00,544.79,,,,
IT,KOTAKMAMC - KOTAKIT,343862.00,134.95,,,,
DECCANCE,DECCAN CEMENTS LIMITED,200807.00,2000.94,,,,
FAZE3Q,FAZE THREE LIMITED,40949.00,217.68,,,,
SHAILY,SHAILY ENG PLASTICS LTD,216231.00,4877.66,,,,
SUNDARMHLD,SUNDARAM FINANCE HOLD LTD,308631.00,1577.62,,,,
SWARAJENG,SWARAJ ENGINES LTD,39628.00,1669.60,,,,
ASIANENE,ASIAN ENERGY SERVICES LTD,556596.00,1906.25,,,,
MONQ50,MOTILALAMC - MONQ50,639502.00,605.51,,,,
DEEDEV,DEE DEVELOPMENT ENG LTD,200527.00,584.06,,,,
INDNIPPON,INDIANIPPONELECT,81819.00,762.33,,,,
GOLDSHARE,UTI GOLD ETF,1460454.00,1254.68,,,,
JUNIORBEES,NIP IND ETF JUNIOR BEES,354853.00,2574.57,,,,
GRWRHITECH,GARWARE HI-TECH FILMS LTD,145870.00,5295.14,,,,
SAFARI,SAFARI IND (INDIA) LTD,35863.00,767.94,,,,
SILVERADD,DSPAMC - DSPSILVETF,288652.00,440.28,,,,
HDFCPSUBK,HDFCAMC HDFCPSUBK,22298.00,16.43,,,,
NIF100IETF,ICICI PRUD NIFTY 100 ETF,389521.00,111.62,,,,
FLAIR,FLAIR WRITING INDUST LTD,234251.00,774.21,,,,
DIFFNKG,DIFFUSION ENGINEERS LTD,139189.00,517.33,,,,
MONIFTY500,MOTILALAMC - MONIFTY500,656793.00,155.17,,,,
EBBETF0431,EDELAMC - EBBETF0431,286.00,3.93,,,,
NIFTY50ADD,DSPAMC - DSPN50ETF,16734.00,43.22,,,,
INOXGREEN,INOX GREEN ENERGY SER LTD,3560383.00,7630.24,,,,
SHARIABEES,NIP IND ETF SHARIAH BEES,10084.00,50.40,,,,
ALANKIT,ALANKIT LIMITED,269101.00,38.28,,,,
DPSCLTD,DPSC LIMITED,60410.00,10.34,,,,
KCPSUGIND,KCP SUGAR IND CORP LTD.,7103.00,2.55,,,,
RAJSREESUG,RAJSHREESUGARS LTD,3131.00,1.44,,,,
SANGHIIND,SANGHI INDUSTRIES LTD,976876.00,714.54,,,,
TREL,TRANSINDIA REAL ESTATE L,57862.00,21.11,,,,
FAIRCHEMOR,FAIRCHEM ORGANICS LIMITED,31081.00,305.64,,,,
MOKSH,MOKSH ORNAMENTS LIMITED,751763.00,106.84,,,,
EXCELINDUS,EXCEL INDUSTRIES LIMITED,25393.00,319.80,,,,
NECCLTD,NORTH EAST CARRY CORP LTD,8860.00,1.94,,,,
UYFINCORP,U. Y. FINCORP LIMITED,36847.00,6.73,,,,
RPPINFRA,R.P.P INFRA PROJECTS LTD,67834.00,97.91,,,,
KHAICHEM,KHAITAN CHEM & FERT LTD,653853.00,807.68,,,,
MBEL,M AND B ENGINEERING LTD,204412.00,835.48,,,,
SUPREME,SUPREME HOLDIN N HOSP I L,16105.00,13.30,,,,
SURANASOL,SURANA SOLAR LIMITED,2692.00,0.96,,,,
MUTHOOTCAP,MUTHOOT CAP SERV LTD,16755.00,52.27,,,,
MAZDA,MAZDA LIMITED,34870.00,102.75,,,,
NEXT50,MIRAEAMC - MANXT50,12459.00,86.61,,,,
NIFTY100EW,KOTAKMAMC - NIFTY100EW,3557.00,1.20,,,,
GANDHITUBE,GANDHI SPL. TUBES LTD,28776.00,261.78,,,,
IKIO,IKIO TECHNOLOGIES LIMITED,367238.00,871.11,,,,
MID150,KOTAKMAMC - MID150,5095.00,1.12,,,,
JSWHL,JSW HOLDINGS LIMITED,787.00,136.26,,,,
BLSE,BLS E-SERVICES LIMITED,67287.00,126.29,,,,
TRAVELFOOD,TRAVEL FOOD SERVICES LTD,49109.00,651.01,,,,
ASIANTILES,ASIAN GRANITO IND. LTD.,115422.00,66.46,,,,
WALCHANNAG,WALCHANDNAGAR IND. LTD,84711.00,179.18,,,,
PVSL,POPULAR VEHICLES N SER L,113139.00,160.84,,,,
CONSUMER,MIRAEAMC - CONSUMER,258708.00,31.39,,,,
AFSL,ABANS FINANCIAL SRVCS LTD,27698.00,67.80,,,,
TRANSWORLD,TRANSWORLD SHIP LINES LTD,72300.00,229.73,,,,
UNIONGOLD,UNIONAMC - UNIONGOLD,2255.00,2.72,,,,
UTISENSETF,UTIAMC - UTISENSETF,1339.00,12.06,,,,
HDFCLOWVOL,HDFCAMC - HDFCLOWVOL,26418.00,5.51,,,,
NV20,KOTAKMAMC - KTKNV20ETF,5672.00,8.66,,,,
SBIETFIT,SBIAMC - SBIETFIT,14658.00,58.88,,,,
GILT5YBEES,RELCAPAMC - NETFGILT5Y,9461.00,5.96,,,,
GROWWLIQID,GROWWAMC - GROWWLIQID,1212.00,1.28,,,,
SDL26BEES,RELCAPAMC-NETFSDL26,2084.00,2.78,,,,
TOP15IETF,ICICIPRAMC - TOP15IETF,6677.00,0.70,,,,
HDFCVALUE,HDFCAMC - HDFCVALUE,525.00,0.70,,,,
CREATIVE,CREATIVE NEWTECH LIMITED,372034.00,2552.60,,,,
YUKEN,YUKEN INDIA LIMITED,6576.00,71.05,,,,
DVL,DHUNSERI VENTURES LIMITED,19299.00,75.24,,,,
TAINWALCHM,TAINWALA CHEMICAL AND PLA,1174.00,2.86,,,,
BAJAJINDEF,INDEF MANUFACTURING LTD,11333.00,43.63,,,,
KSOLVES,KSOLVES INDIA LIMITED,35034.00,120.97,,,,
RBZJEWEL,RBZ JEWELLERS LIMITED,54719.00,78.42,,,,
RUBFILA,RUBFILA INTERNATIONAL LTD,10670.00,8.95,,,,
EMAMIPAP,EMAMI PAPER MILLS LIMITED,184265.00,203.52,,,,
GSEC10IETF,ICICIPRAMC - ICICI10GS,1129.00,2.91,,,,
QNIFTY,QUANTUM NIFTY 50 ETF,1090.00,29.57,,,,
SCPL,SHEETAL COOL PRODUCTS LTD,4425.00,14.21,,,,
ALKALI,ALKALI METALS LTD,2317.00,2.27,,,,
ECAPINSURE,EDELAMC - ECAPINSURE,404585.00,95.26,,,,
STARPAPER,STAR PAPER MILLS LTD,942.00,1.76,,,,
ABGSEC,BIRLASLAMC - ABGSEC,1.00,0.00,,,,
SILVERTUC,SILVER TOUCH TECHNO LTD,7789.00,56.84,,,,
ALPA,ALPA LABORATORIES LTD,2698.00,2.97,,,,
ELECTHERM,ELECTROTHERM (I) LTD.,7709.00,81.46,,,,
FILATFASH,FILATEX FASHIONS LIMITED,893284.00,5.36,,,,
GLOBALVECT,GLOBAL VEC HELICORP LTD,2902.00,6.40,,,,
SUYOG,SUYOG TELEMATICS LIMITED,63399.00,508.84,,,,
SHAH,SHAH METACORP LIMITED,233876.00,9.23,,,,
VIPCLOTHNG,VIP CLOTHING LIMITED,140993.00,55.23,,,,
VAISHALI,VAISHALI PHARMA LIMITED,50001.00,6.24,,,,
NDTV,NDTV LTD,32925.00,35.81,,,,
GVKPIL,GVK POWER & INFRASTRUCTUR,20000.00,1.93,,,,
AJOONI,AJOONI BIOTECH LIMITED,7000.00,0.40,,,,
BLUSPRING,BLUSPRING ENTERPRISES LTD,248932.00,210.56,,,,
DCM,DCM LIMITED,4948.00,6.55,,,,
LGHL,LAXMI GOLDORNA HOUSE LTD,154.00,0.66,,,,
UMIYA-MRO,UMIYA BUILDCON LIMITED,5457.00,5.76,,,,
GRAUWEIL,GRAUER & WEIL IND LTD,2600.00,2.38,,,,
HINDMOTORS,HINDUSTAN MOTORS LIMITED,5000.00,1.07,,,,
GOYALALUM,GOYAL ALUMINIUMS LIMITED,1560.00,0.13,,,,
PARSVNATH,PARSVNATH DEVELOPER LTD,3318.00,0.76,,,,
SHREYANIND,SHREYANS INDUSTRIES LTD,400.00,1.19,,,,
KINGFA,KINGFA SCI & TEC IND LTD.,269.00,11.68,,,,
BGRENERGY,BGR ENERGY SYSTEMS LTD,1.00,0.00,,,,
THOMASCOTT,THOMAS SCOTT (INDIA) LTD,2020.00,6.67,,,,
NIRAJ,NIRAJ CEMENT STRUC LTD,1652.00,0.60,,,,
OMAXAUTO,OMAX AUTOS LTD,2.00,0.00,,,,
GODREJIND,GODREJ INDUSTRIES LTD,233790.00,2694.82,,,,
GOKEX,GOKALDAS EXPORTS LTD.,906822.00,7358.58,,,,
GRAVITA,GRAVITA INDIA LIMITED,831821.00,14921.91,,,,
GUJALKALI,GUJARAT ALKALIES & CHEM,358942.00,2315.38,,,,
FLUOROCHEM,GUJARAT FLUOROCHEM LTD,521988.00,19373.75,,,,
GSFC,GUJ STATE FERT & CHEM LTD,7226421.00,15098.21,,,,
HEG,HEG LIMITED,1886904.00,9915.73,,,,
HEMIPROP,HEMISPHERE PROP IND LTD,3014062.00,4781.55,,,,
HERITGFOOD,HERITAGE FOODS LTD,1191286.00,5946.92,,,,
TVSSCS,TVS SUPPLY CHAIN SOL L,2982714.00,4263.07,,,,
USHAMART,USHA MARTIN LTD.,2259054.00,9020.55,,,,
VARROC,VARROC ENGINEERING LTD.,390978.00,2330.19,,,,
NSLNISP,NMDC STEEL LIMITED,21704918.00,9816.47,,,,
HUDCO,HSG & URBAN DEV CORPN LTD,12631004.00,30519.68,,,,
RKFORGE,RAMKRISHNA FORGINGS LTD,2437377.00,15443.65,,,,
SEQUENT,SEQUENT SCIENTIFIC LTD.,1485094.00,2958.20,,,,
BHARATFORG,BHARAT FORGE LTD,1196292.00,15309.72,,,,
PPLPHARMA,PIRAMAL PHARMA LIMITED,9551354.00,19772.86,,,,
SAGILITY,SAGILITY LIMITED,28816236.00,12859.06,,,,
AARTIIND,AARTI INDUSTRIES LTD.,3937673.00,17313.82,,,,
DELTACORP,DELTA CORP LIMITED,9095842.00,8766.57,,,,
BLUEDART,BLUE DART EXPRESS LTD,80169.00,4900.54,,,,
WELENT,WELSPUN ENTERPRISES LTD.,1020280.00,5241.89,,,,
DIACABS,DIAMOND POWER INFRA LTD,3540831.00,5324.15,,,,
IOB,IOB,28887225.00,12367.26,,,,
NIACL,THE NEW INDIA ASSU CO LTD,3380429.00,7196.47,,,,
LT,LARSEN & TOUBRO LTD.,1011151.00,35664.39,,,,
WOCKPHARMA,WOCKHARDT LTD.,1923746.00,29217.93,,,,
MCX,MULTI COMMODITY EXCHANGE,210939.00,17108.84,,,,
AURIONPRO,AURIONPRO SOLN LTD,420429.00,5390.62,,,,
MANORAMA,MANORAMA INDUSTRIES LTD,307381.00,4486.64,,,,
BECTORFOOD,MRS BECTORS FOOD SPE LTD,225183.00,3198.29,,,,
SYNGENE,SYNGENE INTERNATIONAL LTD,742103.00,5073.02,,,,
TECHNOE,TECHNO ELEC & ENG CO. LTD,609828.00,8666.13,,,,
EMBDL,EMBASSY DEVELOPMENTS LTD,40016869.00,46247.40,,,,
ETERNAL,ETERNAL LIMITED,8951961.00,25166.54,,,,
DIXON,DIXON TECHNO (INDIA) LTD,203546.00,33702.58,,,,
EFCIL,EFC (I) LIMITED,208997.00,657.92,,,,
ANGELONE,ANGEL ONE LIMITED,1099966.00,28962.66,,,,
BATAINDIA,BATA INDIA LTD,329690.00,4159.51,,,,
RECLTD,REC LIMITED,17568851.00,72027.76,,,,
ABBOTINDIA,ABBOTT INDIA LIMITED,11227.00,3529.21,,,,
RAILTEL,RAILTEL CORP OF IND LTD,6852079.00,28248.15,,,,
GMRP&UI,GMR POW AND URBAN INFRA L,12409001.00,14416.37,,,,
M&MFIN,M&M FIN. SERVICES LTD,2175751.00,6117.33,,,,
RCF,RASHTRIYA CHEMICALS & FER,9974467.00,16304.04,,,,
CARBORUNIV,CARBORUNDUM UNIV-NPP DEPO,366670.00,3648.12,,,,
BORORENEW,BOROSIL RENEWABLES LTD,1565783.00,9368.24,,,,
NAVNETEDUL,NAVNEET EDUCATION LTD,706845.00,1102.22,,,,
RBA,RESTAURANT BRAND ASIA LTD,6296188.00,5193.44,,,,
KFINTECH,KFIN TECHNOLOGIES LIMITED,1789214.00,21518.80,,,,
BERGEPAINT,BERGER PAINTS (I) LTD,331554.00,1842.10,,,,
BPCL,BHARAT PETROLEUM CORP LT,2788126.00,9217.70,,,,
BBTC,BOMBAY BURMAH TRADING COR,253219.00,4902.73,,,,
BOROLTD,BOROSIL LIMITED,360244.00,1338.07,,,,
MAPMYINDIA,C.E. INFO SYSTEMS LIMITED,216602.00,4090.57,,,,
CANFINHOME,CAN FIN HOMES LTD,620271.00,4851.42,,,,
CAPLIPOINT,CAPLIN POINT LAB LTD.,124449.00,2641.39,,,,
CCL,CCL PRODUCTS (I) LTD,150545.00,1264.19,,,,
BANCOINDIA,BANCO PRODUCTS (I) LTD,463258.00,3462.03,,,,
IOC,INDIAN OIL CORPLTD-DEP SE,16513858.00,24569.81,,,,
NATIONALUM,NATIONAL ALUMINIUM CO LTD,9427514.00,19177.80,,,,
TVSMOTOR,TVS MOTOR COMPANY  LTD,215573.00,7228.35,,,,
JINDALSAW,JINDAL SAW LIMITED,9415248.00,21331.98,,,,
EXIDEIND,EXIDE INDUSTRIES LTD,5523951.00,24159.47,,,,
SENCO,SENCO GOLD LIMITED,1232600.00,4588.10,,,,
TVTODAY,TV TODAY NETWORK LTD,268382.00,506.64,,,,
CENTURYPLY,CENTURY PLYBOARDS (I) LTD,113574.00,923.72,,,,
CHENNPETRO,CHENNAI PETROLEUM CORP LT,1873247.00,14146.12,,,,
CMSINFO,CMS INFO SYSTEMS LIMITED,799427.00,3305.53,,,,
DEEPAKNTR,DEEPAK NITRITE LTD,630705.00,12602.35,,,,
DIVISLAB,DIVI S LABORATORIES LTD,198969.00,12630.18,,,,
APOLLOTYRE,APOLLO TYRES LTD,1115370.00,5409.37,,,,
FINEORG,FINE ORGANIC IND. LTD.,29269.00,1422.54,,,,
ABDL,ALLIED BLEND N DISTILS L,908560.00,4435.07,,,,
BAJAJCON,BAJAJ CONSUMER CARE LTD,1772581.00,4279.42,,,,
YATHARTH,YATHARTH HOSP & TRA C S L,802840.00,5660.33,,,,
HLEGLAS,HLE GLASCOAT LIMITED,322992.00,1655.08,,,,
MAXESTATES,MAX ESTATES LIMITED,345372.00,1705.44,,,,
ICICIPRULI,ICICI PRU LIFE INS CO LTD,1002243.00,6305.41,,,,
IMFA,INDIAN METALS & FERRO,237399.00,2089.15,,,,
ACUTAAS,ACUTAAS CHEMICALS LIMITED,311244.00,4178.79,,,,
STYRENIX,STYRENIX PERFORMANCE LTD,114584.00,3086.71,,,,
SUMICHEM,SUMITOMO CHEM INDIA LTD,620324.00,3499.12,,,,
VISHNU,VISHNU CHEMICALS LIMITED,548486.00,2709.52,,,,
ADVENZYMES,ADVANCED ENZYME TECH LTD,695502.00,2449.87,,,,
ADANIGREEN,ADANI GREEN ENERGY LTD,2570765.00,27302.52,,,,
LICI,LIFE INSURA CORP OF INDIA,3400957.00,31001.43,,,,
MSUMI,MOTHERSON SUMI WRNG IND L,10951352.00,4986.31,,,,
UNICHEMLAB,UNICHEMLAB - DEPO,91542.00,548.63,,,,
ASHOKA,ASHOKA BUILDCON LTD,4769762.00,10022.74,,,,
GAEL,GUJARAT AMBUJA EXPORTS LT,1793725.00,2243.44,,,,
JINDALPOLY,JINDAL POLY FILMS LIMITED,227612.00,1428.14,,,,
TEGA,TEGA INDUSTRIES LIMITED,1751684.00,34971.30,,,,
FCL,FINEOTEX CHEMICAL LIMITED,1401854.00,3674.81,,,,
AKUMS,AKUMS DRUGS AND PHARMA L,465799.00,2398.59,,,,
AZAD,AZAD ENGINEERING LIMITED,584202.00,9838.52,,,,
SANDHAR,SANDHAR TECHNOLOGIES LTD,300649.00,1462.04,,,,
STARHEALTH,STAR HEALTH & AL INS CO L,1066798.00,5008.50,,,,
KEI,KEI INDUSTRIES LTD.,91154.00,3522.48,,,,
FINCABLES,FINOLEX CABLES LTD-DEP SE,1103078.00,10396.47,,,,
AVADHSUGAR,AVADH SUG & ENERGY LTD,237717.00,1229.70,,,,
NOCIL,NOCIL LIMITED,2501513.00,5295.74,,,,
OFSS,ORACLE FIN SERV SOFT LTD.,161550.00,14831.84,,,,
KPIGREEN,KPI GREEN ENERGY LIMITED,2086190.00,10061.42,,,,
KIRLOSENG,KIRLOSKAR OIL ENG LTD,422685.00,3932.51,,,,
STYLAMIND,STYLAM INDUSTRIES LIMITED,77569.00,1505.80,,,,
PSPPROJECT,PSP PROJECTS LIMITED,491987.00,3687.54,,,,
AKZOINDIA,AKZO NOBEL INDIA LIMITED,27661.00,985.74,,,,
SFL,SHEELA FOAM LIMITED,383843.00,2793.81,,,,
SHREDIGCEM,SHREE DIGVIJAY CEM CO LTD,714917.00,673.32,,,,
SKFINDIA,SKF INDIA LTD,27481.00,1279.34,,,,
STOVEKRAFT,STOVE KRAFT LIMITED,202324.00,1364.08,,,,
FORTIS,FORTIS HEALTHCARE LTD,417441.00,3469.86,,,,
GRINFRA,G R INFRAPROJECTS LIMITED,69736.00,931.64,,,,
GLAND,GLAND PHARMA LIMITED,176674.00,3482.09,,,,
WSTCSTPAPR,WEST COAST PAPER MILLS,352897.00,1919.06,,,,
GANDHAR,GANDHAR OIL REFINE IND L,721983.00,1234.41,,,,
PPL,PRAKASH PIPES LIMITED,278980.00,1001.67,,,,
HDFCSILVER,HDFCAMC - HDFCSILVER,4924137.00,8086.59,,,,
INDIGOPNTS,INDIGO PAINTS LIMITED,132020.00,1544.44,,,,
SMCGLOBAL,SMC GLOBAL SECURITIES LTD,1115916.00,1629.04,,,,
GULPOLY,GULSHAN POLYOLS LIMITED,288473.00,509.20,,,,
TRACXN,TRACXN TECHNOLOGIES LTD,320751.00,209.97,,,,
DODLA,DODLA DAIRY LIMITED,56357.00,781.64,,,,
BBL,BHARAT BIJLEE LTD,99219.00,2921.94,,,,
ARIHANTCAP,ARIHANT CAPITAL MKTS LTD,333547.00,355.41,,,,
RATNAVEER,RATNAVEER PRECISION ENG L,377563.00,584.97,,,,
SNOWMAN,SNOWMAN LOGISTICS LTD.,1320581.00,834.36,,,,
KALAMANDIR,SAI SILKS (KALAMANDIR) L,2584212.00,4550.93,,,,
AIAENG,AIA ENGINEERING LIMITED,76156.00,2536.91,,,,
SILVERETF,UTIAMC - SILVERETF,1317595.00,2117.15,,,,
ANDHRAPAP,ANDHRA PAPER LIMITED,578659.00,487.03,,,,
APCOTEXIND,APCOTEX INDUSTRIES LIMITE,34228.00,143.33,,,,
ARVSMART,ARVIND SMARTSPACES LTD,170535.00,1134.24,,,,
GOKULAGRO,GOKUL AGRO RESOURCES LTD,291586.00,721.97,,,,
UDS,UPDATER SERVICES LIMITED,917373.00,2653.14,,,,
RADIANTCMS,RADIANT CASH MGMT SER LTD,297903.00,188.08,,,,
SILVER1,KOTAKMAMC - KOTAKSILVE,1106901.00,1692.51,,,,
JAGSNPHARM,JAGSONPAL PHARMACEUTICALS,146278.00,361.63,,,,
IIFLCAPS,IIFL CAPITAL SERVICES LTD,1507929.00,4707.35,,,,
LICMFGOLD,LIC MF - LIC GOLD ETF,14456.00,1533.60,,,,
FEDFINA,FEDBANK FINANCIAL SER L,3126476.00,4476.42,,,,
ETHOSLTD,ETHOS LIMITED,28382.00,764.21,,,,
WCIL,WESTERN CARRIERS (IND) L,1129214.00,1475.47,,,,
BANKIETF,ICICIPRAMC - IPRU5008,297256.00,167.99,,,,
OLAELEC,OLA ELECTRIC MOBILITY LTD,6553989.00,3962.58,,,,
HUBTOWN,HUBTOWN LIMITED,3179467.00,9381.70,,,,
EUREKAFORB,EUREKA FORBES LIMITED,98562.00,566.22,,,,
DCAL,DISHMAN CARBO AMCIS LTD,355350.00,1027.41,,,,
EMCURE,EMCURE PHARMACEUTICALS L,68132.00,944.56,,,,
ZOTA,ZOTA HEALTH CARE LIMITED,103996.00,1275.53,,,,
NIBE,NIBE LIMITED,13052.00,199.99,,,,
QPOWER,QUALITY POWER ELEC EQUP L,748316.00,5996.39,,,,
VADILALIND,VADILAL INDUSTRIES LTD,15861.00,870.37,,,,
MCLEODRUSS,MCLEOD RUSSEL INDIA LTD.,88651.00,34.01,,,,
SURANAT&P,SURANA TELECOM AND POW LT,29585.00,7.17,,,,
IRMENERGY,IRM ENERGY LIMITED,273987.00,998.67,,,,
DBCORP,D.B.CORP LTD,138052.00,373.26,,,,
VIKRAMSOLR,VIKRAM SOLAR LIMITED,473458.00,1595.37,,,,
WANBURY,WANBURY LIMITED,31132.00,82.15,,,,
TTML,TATA TELESERV(MAHARASTRA),572792.00,366.53,,,,
SCHNEIDER,SCHNEIDER ELECTRIC INFRA,98639.00,828.52,,,,
MID150BEES,NIP IND ETF MIDCAP 150,722838.00,1582.71,,,,
MICEL,MIC ELECTRONICS LTD,1749521.00,1178.66,,,,
SILVERCASE,ZERODHAAMC - SILVERCASE,5419611.00,955.22,,,,
SPAL,S. P. APPARELS LIMITED,65187.00,496.31,,,,
LUMAXIND,LUMAX INDUSTRIES LTD,14978.00,702.00,,,,
MEDIASSIST,MEDI ASSIST HEALTH SER L,243424.00,1312.41,,,,
VAKRANGEE,VAKRANGEE LIMITED,503071.00,45.64,,,,
SRM,SRM CONTRACTORS LIMITED,85389.00,468.97,,,,
ASALCBR,ASSO ALCOHOLS & BREW LTD,111308.00,1097.19,,,,
MODEFENCE,MOTILALAMC - MODEFENCE,6203890.00,5542.94,,,,
ACCELYA,ACCELYA SOLN INDIA LTD,313989.00,4551.70,,,,
IVZINGOLD,INVESCO INDIA GOLD ETF,146.00,15.33,,,,
MOM100,MOTILAL OS MIDCAP100 ETF,1150758.00,715.21,,,,
ICICIB22,ICICIPRAMC - BHARATIWIN,471650.00,523.61,,,,
BHARATSE,BHARAT SEATS LIMITED,43558.00,80.77,,,,
BANKNIFTY1,KOTAKMAMC-KOTAKBKETF,16113.00,90.22,,,,
OILIETF,ICICIPRAMC - OILIETF,4279205.00,493.27,,,,
KITEX,KITEX GARMENTS LTD,329254.00,651.96,,,,
DIGITIDE,DIGITIDE SOLUTIONS LTD,486998.00,1031.79,,,,
NITCO,NITCO LIMITED,615023.00,811.96,,,,
KMEW,KNOWLEDGE MARINE & EN W L,40113.00,856.98,,,,
EBBETF0430,BHARAT Bond ETF - April 2030 -,835.00,12.78,,,,
SHREEPUSHK,SHRE PUSH CHEM & FERT LTD,135632.00,549.44,,,,
DDEVPLSTIK,DDEV PLASTIKS IND LTD,203499.00,649.76,,,,
ORIENTCER,ORIENT CERATECH LIMITED,59280.00,23.43,,,,
ARISINFRA,ARISINFRA SOLUTIONS LTD,548300.00,864.19,,,,
DHANBANK,DHANLAXMI BANK LIMITED,524480.00,144.83,,,,
SASTASUNDR,SASTASUNDAR VENTURES LTD,21149.00,62.99,,,,
TEXMOPIPES,TEXMO PIPE & PRODUCTS LTD,17595.00,11.10,,,,
LIQUIDBEES,NIP IND ETF LIQUID BEES,75952.00,759.61,,,,
LINCOLN,LINCOLN PHARMA LTD,139181.00,837.90,,,,
WORTHPERI,WORTH PERIPHERALS LIMITED,18847.00,29.53,,,,
INDOWIND,INDOWIND ENERGY LIMITED,15321.00,2.86,,,,
HINDCON,HINDCON CHEMICALS LIMITED,178.00,0.06,,,,
KESORAMIND,KESORAM INDUSTRIES LTD,156204.00,9.20,,,,
KRITINUT,KRITI NUTRIENTS LIMITED,3050.00,2.84,,,,
MOHEALTH,MOTILALAMC - MOHEALTH,27835.00,12.46,,,,
SMARTWORKS,SMARTWORKS COWORKING SP L,109002.00,622.73,,,,
MIRZAINT,MIRZA INTERNATIONAL LTD.,254273.00,104.32,,,,
APTECHT,APTECH LIMITED,107413.00,151.52,,,,
KOKUYOCMLN,KOKUYO CAMLIN LIMITED,163757.00,201.86,,,,
HERCULES,HERCULES HOISTS LIMITED,26608.00,55.21,,,,
CONSUMIETF,ICICIPRAMC - ICICICONSU,64325.00,79.11,,,,
ESILVER,EDELAMC - ESILVER,58716.00,89.14,,,,
CHEVIOT,CHEVIOT COMPANY LIMITED,2726.00,35.08,,,,
ICRA,ICRA LIMITED,3971.00,261.62,,,,
ABSLNN50ET,BIRLASLAMC - ABSLNN50ET,172633.00,131.19,,,,
EMULTIMQ,EDELAMC - EMULTIMQ,39565.00,16.88,,,,
NV20BEES,NIP IND ETF ETF NV20,18031.00,26.82,,,,
ABSLBANETF,BIRLASLAMC - ABSLBANETF,29633.00,16.93,,,,
KRYSTAL,KRYSTAL INTEGRATED SER L,31781.00,211.62,,,,
IFBAGRO,IFB AGRO INDUSTRIES LTD,2839.00,28.52,,,,
BSE500IETF,ICICIPRAMC - ICICI500,524235.00,205.58,,,,
SETF10GILT,SBIAMC - SETF10GILT,669.00,1.72,,,,
HDFCQUAL,HDFCAMC - HDFCQUAL,27013.00,15.66,,,,
ADVANIHOTR,ADVANI HOT.& RES.(I) LTD,35188.00,22.80,,,,
MOLDTECH,MOLD-TEK TECHNOLOGIES LTD,40335.00,84.86,,,,
HISARMETAL,HISAR METAL IND. LIMITED,2522.00,5.34,,,,
SBIETFCON,SBIAMC - SBIETFCON,8349.00,10.60,,,,
SENSEXIETF,ICICI PRUD SENSEX ETF,8761.00,81.54,,,,
SUKHJITS,SUKHJIT STARCH & CHEM LTD,1710.00,3.51,,,,
SUPERHOUSE,SUPERHOUSE LIMITED,2608.00,4.86,,,,
ZIMLAB,ZIM LABORATORIES LIMITED,29041.00,29.79,,,,
FIBERWEB,FIBERWEB INDIA LIMITED,5672.00,2.73,,,,
KICL,KALYANI INVEST CO LTD,4667.00,241.20,,,,
SRHHYPOLTD,SREE RAYALSEEMA HHP LTD.,51930.00,339.23,,,,
USK,UDAYSHIVAKUMAR INFRA LTD,16210.00,5.00,,,,
KANORICHEM,KANORIA CHEMICALS & INDUS,7517.00,9.74,,,,
SIMPLEXINF,SIMPLEX INFRASTRUCTURES L,167951.00,500.62,,,,
NPST,NETWORK PEOPLE SRV TECH L,42270.00,860.64,,,,
MANAKSIA,MANAKSIA LIMITED,17735.00,15.30,,,,
CIFL,CAPITAL INDIA FINANCE LTD,38569.00,14.69,,,,
ALMONDZ,ALMONDZ GLOBAL SECURITIES,11276.00,2.46,,,,
AONELIQUID,AONEAMC - AONELIQUID,9.00,0.09,,,,
AXISHCETF,AXISAMC - AXISHCETF,4773.00,6.75,,,,
RUBYMILLS,THE RUBY MILLS LTD,8398.00,20.24,,,,
TPLPLASTEH,TPL PLASTECH LIMITED,74994.00,64.71,,,,
BBOX,BLACK BOX LIMITED,232454.00,1322.71,,,,
KABRAEXTRU,KABRA EXTRUSION TECHNIK L,14498.00,39.25,,,,
FISCHER,FISCHER MEDICAL VENTURE L,122674.00,131.21,,,,
MEGASTAR,MEGASTAR FOODS LIMITED,32.00,0.10,,,,
DOLPHIN,DOLPHIN OFF ENT (IND) L,309.00,1.29,,,,
SPECTRUM,SPECTRUM ELECTRIC IND LTD,264.00,4.18,,,,
NAGAFERT,NAGARJUN FERT AND CHE LTD,43863.00,2.84,,,,
TIGERLOGS,TIGER LOGISTICS (INDIA) L,14347.00,6.31,,,,
SALSTEEL,S.A.L. STEEL LTD.,15771.00,2.97,,,,
PVP,PVP VENTURES LIMITED,8758.00,2.39,,,,
INDOTHAI,INDO THAI SEC LTD,32035.00,103.36,,,,
EUROBOND,EURO PANEL PRODUCTS LTD,1946.00,4.37,,,,
OBCL,ORISSA BENGAL CARRIER LTD,2382.00,1.43,,,,
GROWWNIFTY,GROWWAMC - GROWWNIFTY,5.00,0.00,,,,
MOGOLD,MOTILALAMC - MOGOLD,8354.00,10.40,,,,
OCCLLTD,OCCL LIMITED,5500.00,7.01,,,,
ASPINWALL,ASPINWALL & CO LTD,240.00,0.68,,,,
AKSHOPTFBR,AKSH OPTIFIBRE LIMITED,1000.00,0.07,,,,
KOTHARIPRO,KOTHARI PRODUCTS LTD,4352.00,4.25,,,,
BBETF0432,EDELAMC - BBETF0432,184.00,2.36,,,,
GROWWNXT50,GROWWAMC - GROWWNXT50,460.00,0.31,,,,
MOTOUR,MOTILALAMC - MOTOUR,250.00,0.22,,,,
UNIVASTU,UNIVASTU INDIA LIMITED,0.00,0.00,,,,
CLEDUCATE,CL EDUCATE LIMITED,1.00,0.00,,,,
KILITCH,KILITCH DRUGS INDIA LTD,1.00,0.00,,,,
GOLDIAM,GOLDIAM INTERNATIONAL LTD,2130538.00,8084.15,,,,
GESHIP,THE GE SHPG.LTD,953018.00,10183.54,,,,
HBLENGINE,HBL ENGINEERING LTD,3401938.00,25556.16,,,,
HINDPETRO,HINDUSTAN PETROLEUM CORP,1837412.00,7687.37,,,,
HINDUNILVR,HINDUSTAN UNILEVER LTD.,556202.00,14225.15,,,,
HONDAPOWER,HONDA I POWER PRODUCT LTD,24451.00,725.70,,,,
UTKARSHBNK,UTKARSH SMALL FIN BANK L,12429301.00,3538.10,,,,
NIFTYBEES,NIP IND ETF NIFTY BEES,5100387.00,14223.62,,,,
SWIGGY,SWIGGY LIMITED,6566774.00,28380.53,,,,
JWL,JUPITER WAGONS LIMITED,4634463.00,17698.98,,,,
MBAPL,MADHYA BHARAT AGRO PROD L,149342.00,636.01,,,,
RITES,RITES LIMITED,4756766.00,13685.93,,,,
POWERMECH,POWER MECH PROJECTS LTD.,271776.00,8060.91,,,,
TRIVENI,TRIVENI ENGG. & INDS. LTD,1283886.00,4970.17,,,,
CAMS,COMPUTER AGE MNGT SER LTD,1085211.00,43892.88,,,,
IDBI,IDBI BANK LIMITED,35599797.00,32736.23,,,,
LOTUSDEV,SRI LOTUS DEVLPRS N RTY L,1859987.00,3561.82,,,,
WELSPUNLIV,WELSPUN LIVING LIMITED,9575462.00,13583.11,,,,
OSWALPUMPS,OSWAL PUMPS LIMITED,516222.00,4106.94,,,,
SYRMA,SYRMA SGS TECHNOLOGY LTD,1305906.00,10163.90,,,,
CGPOWER,CG POWER AND IND SOL LTD,3699801.00,26024.35,,,,
ICIL,INDO COUNT INDUSTRIES LTD,816342.00,2481.60,,,,
COLPAL,COLGATE PALMOLIVE LTD.,648656.00,15596.19,,,,
GHCL,GHCL LIMITED,628983.00,3818.50,,,,
HPL,HPL ELECTRIC & POWER LTD,726727.00,3916.16,,,,
MIDHANI,MISHRA DHATU NIGAM LTD,2731086.00,11271.40,,,,
ADANIENT,ADANI ENTERPRISES LIMITED,914976.00,23892.81,,,,
SONACOMS,SONA BLW PRECISION FRGS L,3391125.00,16315.96,,,,
NYKAA,FSN E COMMERCE VENTURES,1695729.00,3978.44,,,,
APTUS,APTUS VALUE HSG FIN I LTD,1765580.00,5788.81,,,,
SARDAEN,SARDA ENERGY & MIN LTD,1658015.00,9179.98,,,,
RAYMOND,RAYMOND LTD,741200.00,5482.86,,,,
ORISSAMINE,ORISSA MIN DEV CO LTD,42148.00,2484.35,,,,
SPARC,SUN PHARMA ADV.RES.CO.LTD,1614595.00,2641.23,,,,
TATASTEEL,TATA STEEL LIMITED,14957246.00,24075.80,,,,
IIFL,SEC RED NCD 9.75 % SR.III,1862170.00,8231.95,,,,
VRLLOG,VRL LOGISTICS LIMITED,759890.00,2172.84,,,,
MARICO,MARICO LIMITED,457475.00,3297.88,,,,
NFL,NATIONAL FERTILIZERS LIMI,9483787.00,9960.00,,,,
BEPL,BHANSALI ENG. POLYMERS LT,2753400.00,3265.07,,,,
BLUESTARCO,BLUE STAR LIMITED,195356.00,3696.98,,,,
CEATLTD,CEAT LIMITED,141662.00,4957.65,,,,
LATENTVIEW,LATENT VIEW ANALYTICS LTD,799702.00,3504.11,,,,
M&M,MAHINDRA & MAHINDRA LTD,1110553.00,38256.21,,,,
TECHM,TECH MAHINDRA LIMITED,1339878.00,21004.91,,,,
ROSSARI,ROSSARI BIOTECH LIMITED,177782.00,1268.41,,,,
GOODLUCK,GOODLUCK INDIA LIMITED,735904.00,7384.71,,,,
CIPLA,CIPLA NPP101299 DEPO,258718.00,3990.17,,,,
CUMMINSIND,CUMMINS INDIA LTD,195425.00,7583.83,,,,
DHANUKA,DHANUKA AGRITECH LTD,84890.00,1378.41,,,,
EIDPARRY,EID PARRY INDIA LTD,229342.00,2427.94,,,,
ECLERX,ECLERX SERVICES LTD,60739.00,2435.18,,,,
SALZERELEC,SALZER ELECTRONICS LTD,297331.00,2723.93,,,,
STLTECH,STERLITE TECHNOLOGIES LTD,1437156.00,1684.53,,,,
AEROFLEX,AEROFLEX INDUSTRIES LTD,2433319.00,4657.45,,,,
ENTERO,ENTERO HEALTHCARE SOLU L,294649.00,3540.58,,,,
VIJAYA,VIJAYA DIAGNOSTIC CEN LTD,138003.00,1456.54,,,,
ADANIPORTS,ADANI PORT & SEZ LTD,1985960.00,27616.92,,,,
JAIBALAJI,JAI BALAJI INDUSTRIES LTD,9044744.00,10659.00,,,,
63MOONS,63 MOONS TECHNOLOGIES LTD,307560.00,2734.26,,,,
JSWSTEEL,JSW STEEL LIMITED,294439.00,3118.24,,,,
BALMLAWRIE,BALMER LAWRIE & CO.LTD.,1801764.00,4099.91,,,,
JINDWORLD,JINDAL WORLDWIDE LTD,2826014.00,1330.90,,,,
LTF,L&T FINANCE LIMITED,3804328.00,8197.66,,,,
BASF,BASF INDIA LTD,168113.00,8684.41,,,,
INDGN,INDEGENE LIMITED,1059218.00,6229.32,,,,
EQUITASBNK,EQUITAS SMALL FIN BNK LTD,10688933.00,6827.97,,,,
SENORES,SENORES PHARMACEUTICALS L,554971.00,3795.31,,,,
MEDANTA,GLOBAL HEALTH LIMITED,178329.00,2385.52,,,,
APLLTD,ALEMBIC PHARMA LTD,209917.00,2139.23,,,,
ZAGGLE,ZAGGLE PREPA OCEAN SER L,1834164.00,6765.22,,,,
EVEREADY,EVEREADY INDS. IND.  LTD.,1229743.00,5067.77,,,,
FILATEX,FILATEX INDIA LTD,3060415.00,1685.07,,,,
MAITHANALL,MAITHAN ALLOYS LTD,210903.00,2407.59,,,,
ALKYLAMINE,ALKYL AMINES CHEM. LTD,172203.00,3576.13,,,,
ENDURANCE,ENDURANCE TECHNO. LTD.,107775.00,3085.70,,,,
GVT&D,GE VERNOVA T&D INDIA LTD,123051.00,3554.90,,,,
QUESS,QUESS CORP LIMITED,612664.00,1889.77,,,,
JSFB,JANA SMALL FIN BANK LTD,355723.00,1806.59,,,,
KSB,KSB LIMITED,153313.00,1276.61,,,,
IPL,INDIA PESTICIDES LIMITED,944655.00,2065.63,,,,
PATELENG,PATEL ENGINEERING LTD.,5717527.00,2467.76,,,,
RPSGVENT,RPSG VENTURES LIMITED,547441.00,5196.31,,,,
INDRAMEDCO,INDRAPRASTHA MEDICAL CORP,370934.00,1942.24,,,,
ALKEM,ALKEM LABORATORIES LTD.,25455.00,1392.60,,,,
SILVERIETF,ICICIPRAMC - ICICISILVE,7638002.00,12187.74,,,,
LANDMARK,LANDMARK CARS LIMITED,97787.00,593.83,,,,
SIGNATURE,SIGNATUREGLOBAL INDIA LTD,777805.00,9287.61,,,,
NESCO,NESCO LTD.,269398.00,3483.02,,,,
NITINSPIN,NITIN SPINNERS LIMITED,289651.00,1076.29,,,,
PICCADIL,PICCADILY AGRO INDUSTRI L,130731.00,917.01,,,,
AUTOAXLES,AUTOMOTIVE AXLES LIMITED,26824.00,495.95,,,,
DCBBANK,DCB BANK LIMITED,5423735.00,6995.33,,,,
RRKABEL,R R KABEL LIMITED,274696.00,3681.81,,,,
FORCEMOT,FORCE MOTORS LIMITED,64913.00,10705.41,,,,
PSUBNKBEES,NIP IND ETF PSU BANK BEES,5954877.00,4910.79,,,,
AGIIL,AGI INFRA LIMITED,2245274.00,4666.28,,,,
LMW,LMW LIMITED,21625.00,3249.79,,,,
UFBL,UNITED FOODBRANDS LIMITED,381791.00,1076.31,,,,
AWHCL,ANTONY WASTE HDG CELL LTD,244204.00,1524.46,,,,
SETFGOLD,SBI-ETF GOLD,1338321.00,1355.37,,,,
SPORTKING,SPORTKING INDIA LIMITED,351241.00,403.46,,,,
MAHKTECH,MIRAEAMC - MAHKTECH,3982436.00,1119.48,,,,
TATAGOLD,TATAAML-TATAGOLD,27516689.00,3205.71,,,,
FINOPB,FINO PAYMENTS BANK LTD,1108548.00,3307.93,,,,
LAOPALA,LA OPALA RG LIMITED,312620.00,865.73,,,,
ROTO,ROTO PUMPS LIMITED,847809.00,778.60,,,,
KANSAINER,KANSAI NEROLAC PAINTS LTD,699743.00,1803.71,,,,
CIGNITITEC,CIGNITI TECHNOLOGIES LTD,67987.00,1041.24,,,,
ASTEC,ASTEC LIFESCIENCES LTD,322240.00,3249.48,,,,
STERTOOLS,STERLING TOOLS LIMITED,315248.00,1184.38,,,,
SAKSOFT,SAKSOFT LIMITED,685309.00,1476.44,,,,
VASCONEQ,VASCON ENGINEERS LTD,4529913.00,2897.61,,,,
RAYMONDLSL,RAYMOND LIFESTYLE LIMITED,389116.00,4748.65,,,,
NUVOCO,NUVOCO VISTAS CORP LTD,628906.00,2690.40,,,,
GPTHEALTH,GPT HEALTHCARE LIMITED,554251.00,891.12,,,,
MOBIKWIK,ONE MOBIKWIK SYSTEMS LTD,2702866.00,7829.79,,,,
REMSONSIND,REMSONS INDUSTRIES LTD,105580.00,144.59,,,,
REDTAPE,REDTAPE LIMITED,1411472.00,2092.60,,,,
GRMOVER,GRM OVERSEAS LIMITED,2625278.00,9747.48,,,,
CONCORDBIO,CONCORD BIOTECH LIMITED,219959.00,3789.27,,,,
SOMANYCERA,SOMANY CERAMICS LIMITED,103797.00,550.81,,,,
AGI,AGI GREENPAC LIMITED,425954.00,3744.35,,,,
TATVA,TATVA CHIN PHARM CHEM LTD,195548.00,2049.83,,,,
OSWALGREEN,OSWAL GREENTECH LIMITED,243687.00,107.18,,,,
DREDGECORP,DREDGING CORP OF INDIA,168203.00,1162.23,,,,
GARFIBRES,GARWARE TECH FIBRES LTD,74676.00,636.19,,,,
SATIA,SATIA INDUSTRIES LIMITED,925843.00,848.97,,,,
HCC,HINDUSTAN CONSTRUCTION CO,7556104.00,2239.79,,,,
ORIENTTECH,ORIENT TECHNOLOGIES LTD,506468.00,2288.25,,,,
GALLANTT,GALLANTT ISPAT LIMITED,185226.00,1258.29,,,,
SOMICONVEY,SOMI CONVEYOR BELT. LTD.,125.00,0.17,,,,
KIOCL,KIOCL LIMITED,230743.00,1174.73,,,,
FCSSOFT,FCS SOFTWARE SOLN. LTD.,381396.00,10.91,,,,
RADIOCITY,MUSIC BROADCAST LIMITED,13171.00,1.34,,,,
PUNJABCHEM,PUNJAB CHEM & CROP PROT L,27098.00,359.22,,,,
3IINFOLTD,3I INFOTECH LIMITED,439322.00,149.16,,,,
STEELXIND,STEEL EXCHANGE INDIA LTD,4512896.00,482.03,,,,
MAFANG,MIRAEAMC - MAFANG,589327.00,911.02,,,,
SEAMECLTD,SEAMEC LIMITED,113679.00,1099.47,,,,
AXISGOLD,AXIS MF - AXIS GOLD ETF,2885002.00,2861.37,,,,
QGOLDHALF,QUANTUM GOLD FUND,349741.00,337.55,,,,
WEBELSOLAR,WEBSOL ENERGY SYSTEM LTD,381495.00,5031.61,,,,
INDOFARM,INDO FARM EQUIPMENT LTD,336026.00,823.68,,,,
MEDPLUS,MEDPLUS HEALTH SERV LTD,623630.00,4738.07,,,,
ONESOURCE,ONESOURCE SPECL PHARMA L,280729.00,5535.20,,,,
ROHLTD,ROYAL ORCHID HOTELS LTD,393331.00,1801.49,,,,
HNGSNGBEES,NIP IND ETF HANGSENG BEES,520391.00,2601.43,,,,
AXISILVER,AXISAMC - AXISILVER,681249.00,1103.46,,,,
MUKANDLTD,MUKAND LTD.,473604.00,686.15,,,,
AUTOIETF,ICICIPRAMC - ICICIAUTO,1382074.00,375.77,,,,
WEL,WONDER ELECTRICALS LTD,1221154.00,1814.45,,,,
LOWVOLIETF,ICICI PR NIF LW VL 30 ETF,870643.00,193.58,,,,
ALPHA,KOTAKMAMC - KOTAKALPHA,4988739.00,2463.39,,,,
KAMATHOTEL,KAMAT HOTELS (I) LTD,182583.00,549.33,,,,
MARATHON,MARATHON NXTGEN REALT LTD,1128014.00,7252.96,,,,
MOVALUE,MOTILALAMC - MOVALUE,122435.00,124.85,,,,
INTERARCH,INTERARCH BLDNG SOLTN LTD,25725.00,503.16,,,,
RAJRATAN,RAJRATAN GLOBAL WIRE LTD,419458.00,1530.39,,,,
NIFTYETF,MIRAEAMC - MAN50ETF,213008.00,564.64,,,,
LIQUIDCASE,ZERODHAAMC - LIQUIDCASE,47139.00,51.82,,,,
ITIETF,ICICIPRAMC - ICICITECH,1702446.00,677.77,,,,
HDFCNIFTY,HDFCAMC - HDFCNIFTY,47717.00,129.52,,,,
PSUBANKADD,DSPAMC - DSPPSBKETF,28648.00,21.22,,,,
AFIL,AKME FINTRADE (INDIA) LTD,12836712.00,996.67,,,,
KMSUGAR,K.M.SUGAR MILLS LIMITED,4876.00,1.61,,,,
PENINLAND,PENINSULA LAND LIMITED,229094.00,83.08,,,,
PONNIERODE,PONNIE SUGARS (ERODE) LTD,18730.00,61.57,,,,
VRAJ,VRAJ IRON AND STEEL LTD,26499.00,52.20,,,,
SUVEN,SUVEN LIFE SCIENCES LTD,92621.00,191.85,,,,
PREMIERPOL,PREMIER POLYFILM LTD,4854.00,2.29,,,,
GTL,GTL LTD - NPP(150399),109871.00,13.75,,,,
GODAVARIB,GODAVARI BIOREFINERIES L,15346.00,39.99,,,,
MAWANASUG,MAWANA SUGARS LIMITED,13647.00,14.17,,,,
NDL,NANDAN DENIM LIMITED,367345.00,14.02,,,,
MAGNUM,MAGNUM VENTURES LTD.,6848.00,2.42,,,,
ARROWGREEN,ARROW GREENTECH LIMITED,6899.00,40.73,,,,
BESTAGRO,BEST AGROLIFE LIMITED,71068.00,322.82,,,,
RUSTOMJEE,KEYSTONE REALTORS LIMITED,113002.00,705.30,,,,
UCAL,UCAL LIMITED,15042.00,22.78,,,,
ASAHISONG,ASAHI SONGWON COLOR LTD,1436.00,4.18,,,,
BRIGHOTEL,BRIGADE HOTEL VENTURE LTD,189443.00,160.37,,,,
HERANBA,HERANBA INDUSTRIES LTD,120822.00,412.12,,,,
GROWWEV,GROWWAMC - GROWWEV,229692.00,70.03,,,,
TNIDETF,TATAAML - TNIDETF,63106.00,58.48,,,,
MNC,KOTAKMAMC - KOTAKMNC,277383.00,85.88,,,,
AMBIKCO,AMBIKA COTTON MILL LTD.,15450.00,236.90,,,,
HEALTHY,BIRLASLAMC - HEALTHY,213751.00,31.88,,,,
ENIL,ENTERTAIN NET. IND. LTD.,35559.00,58.30,,,,
VISAKAIND,VISAKA INDUSTRIES LTD.,50926.00,43.25,,,,
UTINEXT50,UTIAMC - UTINEXT50,183316.00,141.17,,,,
LIBERTSHOE,LIBERTY SHOES LTD,18379.00,65.34,,,,
NAHARSPING,NAHAR SPINNING MILLS LTD.,65241.00,158.29,,,,
GOLDETFADD,DSPAMC - DSPGOLDETF,24292.00,27.76,,,,
JAYBARMARU,JAY BHARAT MARUTI LTD,17171.00,14.79,,,,
MULTICAP,MIRAEAMC - MULTICAP,107959.00,17.09,,,,
NIF5GETF,UTIAMC - NIF5GETF,2590.00,1.65,,,,
NETF,TATAAML - NETF,22375.00,60.01,,,,
EQUAL50ADD,DSPAMC - DSPNEWETF,18449.00,60.46,,,,
NIF10GETF,UTIAMC - NIF10GETF,2488.00,0.65,,,,
SELECTIPO,MIRAEAMC - SELECTIPO,4324.00,2.13,,,,
LIQUIDETF,DSP LIQUID ETF,1049.00,10.49,,,,
COMMOIETF,ICICIPRAMC - ICICICOMMO,74756.00,67.43,,,,
NEXT30ADD,DSPAMC - NEXT30ADD,2715.00,1.06,,,,
MSCIINDIA,KOTAKMAMC - MSCIINDIA,17402.00,5.05,,,,
MAXIND,MAX INDIA LIMITED,23408.00,50.95,,,,
SHIVALIK,SHIVALIK RASAYAN LIMITED,29107.00,160.14,,,,
AARVI,AARVI ENCON LIMITED,305.00,0.37,,,,
ISFT,INTRASOFT TECH. LTD,174913.00,196.91,,,,
STEELCAS,STEELCAST LIMITED,35022.00,81.02,,,,
RITCO,RITCO LOGISTICS LIMITED,133960.00,398.25,,,,
TCPLPACK,TCPL PACKAGING LIMITED,24942.00,1004.47,,,,
ANUHPHR,ANUH PHARMA LIMITED,32140.00,29.89,,,,
PRABHA,PRABHA ENERGY LIMITED,12944.00,32.10,,,,
BEARDSELL,BEARDSELL LIMITED,4301.00,1.49,,,,
AXISBNKETF,AXISAMC - AXISBNKETF,384.00,2.18,,,,
AHLADA,AHLADA ENGINEERS LIMITED,5747.00,5.37,,,,
DUCON,DUCON INFRATECHNOLOGIES L,108160.00,6.83,,,,
MANCREDIT,MANGAL CREDIT N FINCORP L,2314.00,4.17,,,,
BAIDFIN,BAID FINSERV LIMITED,37553.00,4.64,,,,
CSLFINANCE,CSL FINANCE LIMITED,8493.00,26.78,,,,
NPBET,TATAAML - NPBET,250.00,0.66,,,,
MIRCELECTR,MIRC ELECTRONICS LTD,336.00,0.07,,,,
ONEPOINT,ONE POINT ONE SOL LTD,929918.00,445.10,,,,
VIPULLTD,VIPUL LIMITED,209995.00,21.79,,,,
KERNEX,KERNEX MICROSYS(I) LTD,72111.00,881.69,,,,
MANAKCOAT,MAN COAT METAL & IND LTD,146330.00,216.13,,,,
INDOBORAX,INDO BORAX & CHEMICAL LTD,1788.00,3.00,,,,
HILTON,HILTON METAL FORGING LTD,103649.00,48.17,,,,
SGMART,SG MART LIMITED,12791.00,44.73,,,,
RELCHEMQ,RELIANCE CHEMOTEX IND LTD,125.00,0.24,,,,
HTMEDIA,HT MEDIA LIMITED,10000.00,2.89,,,,
ZEELEARN,ZEE LEARN LIMITED,23500.00,2.31,,,,
EBBETF0433,EDELAMC - EBBETF0433,47.00,0.59,,,,
NINSYS,NINTEC SYSTEMS LIMITED,2221.00,11.73,,,,
NRAIL,N R AGARWAL INDS LTD,5633.00,20.60,,,,
CPCAP,CP CAPITAL LIMITED,25.00,0.10,,,,
ARCHIDPLY,ARCHIDPLY INDUSTRIES LIMI,1100.00,1.13,,,,
ASHIMASYN,ASHIMA LTD,1000.00,0.25,,,,
ORIENTBELL,ORIENT BELL LIMITED,484.00,2.39,,,,
UNITEDTEA,UNITED NILGIRI TEA LTD,50.00,0.25,,,,
UNIENTER,UNIPHOS ENTERPRISES LIMIT,1000.00,1.70,,,,
SHIVATEX,SHIVA TEXYARN LIMITED,10.00,0.02,,,,
LIQGRWBEES,NIPPONAMC - LIQGRWBEES,1.00,0.01,,,,
COMSYN,COMMERCIAL SYN BAGS LTD,2496.00,3.84,,,,
JOCIL,JOCIL LIMITED,0.00,0.00,,,,
MOINFRA,MOTILALAMC - MOINFRA,204.00,0.12,,,,
BBNPNBETF,BARODABNP - BBNPNBETF,216.00,0.12,,,,
MARALOVER,MARAL OVERSEAS LTD,27.00,0.01,,,,
TREJHARA,TREJHARA SOLUTIONS LTD,1.00,0.00,,,,
