SEBI REPORT AS ON Reporting date 13-OCT-2025,,,,,,,
,,,,,,,
Sr.No.,Particulars,Rs. In Lakhs ,,,,,
1,Scripwise Total Outstanding on the beginning of the day,10769429.72,,,,,
2,Fresh Exposure taken during the day,354750.64,,,,,
3,Exposure liquidated during the day,325028.41,,,,,
4,Net scripwise outstanding at the end of the day,10799151.95,,,,,
,,,,,,,
,,,,,,,
Symbol,Name,Qty Fin by all the members(No.of Shares),Amt Fin by all the members(Rs. In Lakhs),,,,
HSCL,HIMADRI SPECIALITY CHEM L,4343926.00,21197.02,,,,
FSL,FIRSTSOURCE SOLU. LTD.,1997999.00,7116.58,,,,
PAISALO,PAISALO DIGITAL LIMITED,12387663.00,4748.43,,,,
TRANSRAILL,TRANSRAIL LIGHTING LTD,2612012.00,19279.51,,,,
GLENMARK,GLENMARK NPP010100 DEPO,312324.00,6284.71,,,,
JIOFIN,JIO FIN SERVICES LTD,47713483.00,146308.08,,,,
NMDC,NMDC LIMITED,25137870.00,18648.64,,,,
UCOBANK,UCO BANK,36230128.00,12275.80,,,,
ACE,ACTION CONST EQUIP LTD,827737.00,9768.06,,,,
COALINDIA,COAL INDIA LTD,10159410.00,40267.95,,,,
NTPC,NTPC LTD,8031636.00,28474.94,,,,
BDL,BHARAT DYNAMICS LIMITED,3934361.00,66888.30,,,,
ASIANPAINT,ASIAN PAINTS LIMITED,905721.00,22365.82,,,,
SBC,SBC EXPORTS LIMITED,28828823.00,5002.52,,,,
JBMA,JBM AUTO LIMITED,2505175.00,17416.21,,,,
HCLTECH,HCL TECHNOLOGIES LTD,1925409.00,29908.97,,,,
SHRIRAMPPS,SHRIRAM PROPERTIES LTD,5453951.00,5350.94,,,,
APOLLO,APOLLO MICRO SYSTEMS LTD,3451244.00,9153.63,,,,
JPPOWER,JAIPRAKASH POWER VEN. LT,74997966.00,15353.72,,,,
ZENTEC,ZEN TECHNOLOGIES LIMITED,909846.00,14625.56,,,,
ACC,ACC LIMITED,726859.00,14041.26,,,,
RAMKY,RAMKY INFRA LTD,1379768.00,8055.50,,,,
RENUKA,SHREE RENUKA SUGARS LTD,21654230.00,7798.47,,,,
PAGEIND,PAGE INDUSTRIES LIMITED,11546.00,5080.11,,,,
SUPREMEIND,SUPREME INDUSTRIES LTD,169308.00,7534.18,,,,
ZYDUSLIFE,ZYDUS LIFESCIENCES LTD,629770.00,6422.79,,,,
RPTECH,RASHI PERIPHERALS LIMITED,288562.00,957.00,,,,
AFCONS,AFCONS INFRASTRUCTURE LTD,1368780.00,6189.48,,,,
UNIMECH,UNIMECH AEROSPACE N MFG L,28050.00,298.20,,,,
DATAMATICS,DATAMATICS GLOBAL SER LTD,395996.00,3420.42,,,,
TRITURBINE,TRIVENI TURBINE LIMITED,1098973.00,6540.99,,,,
LXCHEM,LAXMI ORGANIC INDUS LTD,2875469.00,6489.83,,,,
PGEL,PG ELECTROPLAST LTD,3401052.00,18996.11,,,,
POWERINDIA,HITACHI ENERGY INDIA LTD,76493.00,14392.45,,,,
VEDL,VEDANTA LIMITED,13197447.00,59568.12,,,,
POWERGRID,POWER GRID CORP. LTD.,5280758.00,15671.83,,,,
ROUTE,ROUTE MOBILE LIMITED,876349.00,8919.16,,,,
PTC,PTC INDIA LIMITED,2978860.00,5398.63,,,,
INFIBEAM,INFIBEAM AVENUES LIMITED,21395325.00,4098.57,,,,
SHALBY,SHALBY LIMITED,843013.00,2018.45,,,,
KIRLPNU,KIRLOSKAR PNEUMATIC COM L,124262.00,1630.66,,,,
SPIC,SPIC LTD,3181277.00,3267.08,,,,
LEMONTREE,LEMON TREE HOTELS LTD,7014458.00,11589.26,,,,
FIRSTCRY,BRAINBEES SOLUTIONS LTD,2452409.00,9481.99,,,,
BOMDYEING,BOMBAY DYEING & MFG CO.,6380959.00,10838.81,,,,
KUANTUM,KUANTUM PAPERS LIMITED,311409.00,377.87,,,,
OLECTRA,OLECTRA GREENTECH LIMITED,2055978.00,31313.97,,,,
SIGACHI,SIGACHI INDUSTRIES LTD,8934046.00,3879.20,,,,
AMJLAND,AMJ LAND HOLDINGS LIMITED,200.00,0.12,,,,
AWFIS,AWFIS SPACE SOLUTIONS LTD,794228.00,4860.01,,,,
GUJGASLTD,GUJARAT GAS LIMITED,543745.00,2653.25,,,,
METROPOLIS,METROPOLIS HEALTHCARE LTD,79507.00,1638.32,,,,
RTNINDIA,RATTANINDIA ENT LIMITED,16611756.00,9586.18,,,,
RHIM,RHI MAGNESITA INDIA LTD,1262263.00,6234.39,,,,
KOTHARIPET,KOTHARI PETROCHEM LTD,97585.00,161.72,,,,
DAMCAPITAL,DAM CAPITAL ADVISORS LTD,1406638.00,3504.35,,,,
MANKIND,MANKIND PHARMA LIMITED,198128.00,5020.14,,,,
DOLLAR,DOLLAR INDUSTRIES LIMITED,172002.00,689.35,,,,
MANALIPETC,MANALI PETROCHEMICALS LT,589539.00,450.70,,,,
SBICARD,SBI CARDS & PAY SER LTD,526173.00,4800.79,,,,
SCILAL,SHIPPING CORP OF ILA LTD,2109536.00,1142.54,,,,
EMAMILTD,EMAMI LIMITED,725384.00,4300.06,,,,
FEDERALBNK,FEDERAL BANK LTD,4474682.00,9093.58,,,,
OAL,ORIENTAL AROMATICS LTD,20566.00,94.91,,,,
BAJAJELEC,BAJAJ ELECT.LTD,398476.00,2413.47,,,,
TEXINFRA,TEXMACO INFRA & HOLDG LTD,708708.00,825.59,,,,
INDHOTEL,INDIAN HOTELS CO. LTD.,4126315.00,31480.44,,,,
SERVOTECH,SERVOTECH REN POW SYS LTD,573503.00,792.12,,,,
JGCHEM,J.G.CHEMICALS LIMITED,217996.00,1045.55,,,,
TITAGARH,TITAGARH RAIL SYSTEMS LTD,2655745.00,25096.36,,,,
SBFC,SBFC FINANCE LIMITED,3229147.00,3507.73,,,,
ASHOKLEY,ASHOK LEYLAND LTD,6554568.00,8756.87,,,,
JINDALPHOT,JINDAL PHOTO LIMITED,129.00,2.02,,,,
FOSECOIND,FOSECO INDIA LTD,4064.00,240.83,,,,
LLOYDSME,LLOYDS METALS N ENERGY L,1384855.00,18183.73,,,,
PRAKASH,PRAKASH INDUSTRIES LTD,3370519.00,5569.30,,,,
HYUNDAI,HYUNDAI MOTOR INDIA LTD,482807.00,12319.08,,,,
BELRISE,BELRISE INDUSTRIES LTD,14531741.00,21233.23,,,,
HINDCOMPOS,HINDUSTAN COMPOSITES LTD.,4173.00,19.61,,,,
PHOENIXLTD,THE PHOENIX MILLS LTD,330903.00,5335.27,,,,
CYIENT,CYIENT LIMITED,798932.00,10446.58,,,,
NAZARA,NAZARA TECHNOLOGIES LTD,31000279.00,88726.68,,,,
SHIVAMAUTO,SHIVAM AUTOTECH LIMITED,47057.00,15.52,,,,
WAAREERTL,WAAREE RENEWABLE TECH LTD,536010.00,6202.58,,,,
JTEKTINDIA,JTEKT INDIA LIMITED,502572.00,881.74,,,,
PRIMO,PRIMO CHEMICALS LIMITED,8935.00,2.40,,,,
SCODATUBES,SCODA TUBES LIMITED,416019.00,785.07,,,,
TARC,TARC LIMITED,2057946.00,3592.46,,,,
SANSTAR,SANSTAR LIMITED,1143407.00,1167.57,,,,
DAVANGERE,DAVANGERE SUGAR COMPANY L,6575117.00,258.91,,,,
JSWINFRA,JSW INFRASTRUCTURE LTD,4288535.00,12980.25,,,,
PREMEXPLN,PREMIER EXPLOSIVES LTD,992075.00,6014.43,,,,
SIS,SIS LIMITED,123010.00,450.66,,,,
DALMIASUG,DALMIA BHARAT SUG IN LTD,272341.00,1073.72,,,,
MAGADSUGAR,MAGADH SUGAR & ENERGY LTD,16401.00,113.52,,,,
KIMS,KRISHNA INST OF MED SCI L,564967.00,4038.02,,,,
ALEMBICLTD,ALEMBIC LIMITED,2489319.00,2993.50,,,,
STANLEY,STANLEY LIFESTYLES LTD,82585.00,264.43,,,,
HINDALCO,HINDALCO  INDUSTRIES  LTD,1553672.00,11047.48,,,,
UFO,UFO MOVIEZ INDIA LTD.,88982.00,82.04,,,,
RUSHIL,RUSHIL DECOR LIMITED,1007327.00,337.33,,,,
JINDALSTEL,JINDAL STEEL LIMITED,470388.00,4746.13,,,,
KOTARISUG,KOTHARI SUG & CHEM LTD.,20852.00,7.23,,,,
TATACHEM,TATA CHEMICALS LTD,1298522.00,12459.43,,,,
VOLTAMP,VOLTAMP TRANSFORMERS LTD,121666.00,10056.63,,,,
EPACK,EPACK DURABLE LIMITED,1339098.00,5105.06,,,,
PILITA,PIL ITALICA LIFESTYLE LTD,70649.00,10.11,,,,
BLACKBUCK,BLACKBUCK LIMITED,920466.00,5675.97,,,,
EICHERMOT,EICHER MOTORS LTD,101584.00,6703.72,,,,
CRIZAC,CRIZAC LIMITED,996931.00,3090.01,,,,
VHL,VARDHMAN HOLDINGS LIMITED,360.00,16.94,,,,
DLINKINDIA,D-LINK INDIA LTD,406056.00,2018.00,,,,
SHOPERSTOP,SHOPPERS STOP LIMITED,72879.00,424.63,,,,
CENTEXT,CENTURY EXTRUSIONS LTD,32982.00,10.11,,,,
SHAKTIPUMP,SHAKTI PUMPS (I) LTD,940514.00,8257.56,,,,
VIKRAN,VIKRAN ENGINEERING LTD,932046.00,950.93,,,,
AUTOIND,AUTOLINE INDUSTRIES LTD,55253.00,45.32,,,,
VIMTALABS,VIMTA LABS LIMITED,418670.00,3117.84,,,,
ZUARI,ZUARI AGRO CHEMICALS LTD,465564.00,1290.40,,,,
LUMAXTECH,LUMAX AUTO TECH LTD,181939.00,1885.88,,,,
VIKASLIFE,VIKAS LIFECARE LIMITED,720901.00,21.64,,,,
ELGIEQUIP,ELGI16%NCD34-2002,906744.00,4816.82,,,,
CONFIPET,CONFIDENCE PETRO IND LTD.,4004586.00,2401.60,,,,
ATHERENERG,ATHER ENERGY LIMITED,1035532.00,6024.39,,,,
ESCORTS,ESCORTS KUBOTA LIMITED,202026.00,7331.49,,,,
POLICYBZR,PB FINTECH LIMITED,361805.00,6547.01,,,,
COROMANDEL,COROMANDEL INTERNTL. LTD,235878.00,5552.23,,,,
BRITANNIA,8.00% SEC RED NCD,84497.00,5008.49,,,,
AVANTIFEED,AVANTI FEEDS LIMITED,1194956.00,8853.94,,,,
ASTRAZEN,ASTRAZENECA PHARMA INDIA,28544.00,2324.23,,,,
LALPATHLAB,DR. LAL PATH LABS LTD.,88420.00,2841.70,,,,
EPIGRAL,EPIGRAL LIMITED,266153.00,4747.59,,,,
BAYERCROP,BAYER CROPSCIENCE LTD,67566.00,3602.39,,,,
KSCL,KAVERI SEED CO. LTD.,340953.00,4073.28,,,,
SUNDARMFIN,SUNDARAM FINANCE LTD,42836.00,2011.83,,,,
IKS,INVENTURUS KNOWLEDGE SO L,455635.00,7305.67,,,,
TATSILV,TATAAML-TATSILV,21947113.00,3505.14,,,,
MFSL,MAX FINANCIAL SERV LTD,88794.00,1395.32,,,,
MMTC,MMTC LIMITED,2716844.00,1967.35,,,,
MHRIL,MAHINDRA HOLIDAYS LTD,297330.00,1086.71,,,,
GHCLTEXTIL,GHCL TEXTILES LIMITED,107919.00,96.92,,,,
MEDICO,MEDICO REMEDIES LIMITED,9269.00,4.00,,,,
RESPONIND,RESPONSIVE INDUSTRIES LTD,1990358.00,4555.73,,,,
TIRUMALCHM,THIRUMALAI CHEMICALS LTD,1492259.00,4419.60,,,,
BLUEJET,BLUE JET HEALTHCARE LTD,2579442.00,19198.98,,,,
INDIANHUME,INDIAN HUME PIPE CO. LTD.,87584.00,361.47,,,,
HIRECT,HIND RECTIFIER LIMITED,39232.00,638.23,,,,
KROSS,KROSS LIMITED,933220.00,1983.28,,,,
DIVGIITTS,DIVGI TORQTRANSFER SYST L,10766.00,71.11,,,,
OMINFRAL,OM INFRA LIMITED,461339.00,542.80,,,,
TNPL,TAMILNADU NEWSPRT & PAPER,657994.00,1134.05,,,,
OSWALAGRO,OSWAL AGRO MILLS LTD,153751.00,131.76,,,,
PRIVISCL,PRIVI SPECIALITY CHE LTD,434789.00,10247.79,,,,
SURYODAY,SURYODAY SMALL FIN BK LTD,549885.00,782.68,,,,
SANGHVIMOV,SANGHVI MOVERS LTD,1219131.00,4106.95,,,,
MOM30IETF,ICICIPRAMC - ICICIMOM30,2878993.00,932.82,,,,
HARIOMPIPE,HARIOM PIPE INDUSTRIES L,496972.00,2650.77,,,,
MOREALTY,MOTILALAMC - MOREALTY,1064063.00,972.34,,,,
CPSEETF,CPSE ETF,3180437.00,2955.56,,,,
FMCGIETF,ICICIPRAMC - ICICIFMCG,3471128.00,2066.43,,,,
MIDSELIETF,ICICI PRUD MIDCAP SEL ETF,631472.00,112.81,,,,
DOLATALGO,DOLAT ALGOTECH LIMITED,582688.00,546.08,,,,
KRISHANA,KRISHANA PHOSCHEM LIMITED,116688.00,619.69,,,,
ICEMAKE,ICE MAKE REFRIGERAT LTD,26622.00,221.06,,,,
AYMSYNTEX,AYM SYNTEX LIMITED,14055.00,28.46,,,,
GEOJITFSL,GEOJIT FINANCIAL SER L,1549410.00,1302.84,,,,
TVSSRICHAK,TVS SRICHAKRA LIMITED,5285.00,188.69,,,,
VENUSPIPES,VENUS PIPES & TUBES LTD,318754.00,4502.52,,,,
INDBANK,INDBANK MERCH BANK,7599.00,3.30,,,,
IFBIND,IFB INDUSTRIES LTD,274295.00,4395.11,,,,
JBCHEPHARM,J B CHEMICALS AND PHARMA,65367.00,1135.59,,,,
HUHTAMAKI,HUHTAMAKI INDIA LIMITED,1184496.00,4068.29,,,,
ALPL30IETF,ICICIPRAMC - ICICIALPLV,900581.00,256.23,,,,
NV20IETF,ICICI PRUDENTIAL NV20 ETF,736981.00,107.31,,,,
AEGISVOPAK,AEGIS VOPAK TERMINALS LTD,352008.00,912.43,,,,
AHLEAST,ASIAN HOTELS (EAST) LTD,1201.00,1.84,,,,
INDIQUBE,INDIQUBE SPACES LIMITED,163672.00,384.96,,,,
ORIENTELEC,ORIENT ELECTRIC LIMITED,348898.00,774.05,,,,
MURUDCERA,MURUDESHWAR CERAMICS LTD,6880.00,3.41,,,,
RML,RANE (MADRAS) LIMITED,26799.00,234.84,,,,
JAYAGROGN,JAYANT AGRO ORGANICS LTD,14753.00,40.03,,,,
RPEL,RAGHAV PRODUCTIVITY ENH L,88546.00,579.70,,,,
INFRABEES,NIP IND ETF INFRA BEES,32321.00,304.19,,,,
LYKALABS,LYKA LABS LTD,28830.00,34.23,,,,
TVSHLTD,TVS HOLDINGS LIMITED,15070.00,1812.71,,,,
SUPRAJIT,SUPRAJIT ENGINEERING LTD,270157.00,1279.94,,,,
BORANA,BORANA WEAVES LIMITED,41180.00,92.91,,,,
MENONBE,MENON BEARINGS LIMITED,17017.00,23.53,,,,
MID150CASE,ZERODHAAMC - MID150CASE,1366683.00,147.67,,,,
GREENLAM,GREENLAM INDUSTRIES LTD.,134283.00,344.33,,,,
JPOLYINVST,JIND POL INV & FIN CO LTD,4615.00,44.94,,,,
MOLDTKPAC,MOLD-TEK PACKAGING LTD,149395.00,1090.33,,,,
THYROCARE,THYROCARE TECH LTD,51479.00,646.85,,,,
SGFIN,SG FINSERVE LIMITED,57219.00,212.93,,,,
GUJTHEM,GUJARAT THEMIS BIOSYN LTD,1077117.00,4372.83,,,,
THANGAMAYL,THANGAMAYIL JEWELLERY LTD,26053.00,541.66,,,,
HESTERBIO,HESTER BIOSCIENCES LTD,7943.00,163.69,,,,
INVENTURE,INVENTURE GRO & SEC LTD,160012.00,3.23,,,,
BFSI,MIRAEAMC - MAFSETF,1140608.00,309.08,,,,
EIHAHOTELS,EIH ASSOCIATED HOTELS LTD,39565.00,154.61,,,,
AGARIND,AGARWAL INDS CORP LTD.,44286.00,445.18,,,,
BANKPSU,MIRAEAMC - BANKPSU,14424.00,10.55,,,,
BANKBETF,BFAM - BANKBETF,20987.00,11.86,,,,
BIRLANU,BIRLANU LIMITED,42812.00,931.47,,,,
FINIETF,ICICIPRAMC-ICICIFIN,526719.00,158.41,,,,
WHEELS,WHEELS INDIA LTD,101658.00,862.18,,,,
SBIETFPB,SBIAMC - SBIETFPB,546.00,1.48,,,,
BANKETFADD,DSPAMC - DSPBANKETF,3735.00,2.14,,,,
SENSEXETF,MIRAEAMC - SENSEXETF,4939.00,4.14,,,,
AMRUTANJAN,AMRUTAJAN HEALTH LTD,42957.00,324.09,,,,
TOP10ADD,DSPAMC - TOP10ADD,105037.00,100.99,,,,
AXISNIFTY,AXISAMC - AXISNIFTY,18500.00,50.48,,,,
HDFCNIFIT,HDFCAMC - HDFCNIFIT,364337.00,136.02,,,,
VIDHIING,VIDHI SPCLTY F INGRDNTS L,825117.00,3566.33,,,,
UTINIFTETF,UTIAMC-UTINIFTETF,6399.00,17.30,,,,
EGOLD,EDELAMC - EGOLD,69826.00,74.25,,,,
SHANKARA,SHANKARA BLDG PRODUCT LTD,7889.00,12.97,,,,
PROZONER,PROZONE REALTY LIMITED,133687.00,73.80,,,,
BANARISUG,BANNARI AMMAN SUGARS LTD,466.00,16.98,,,,
MEGASOFT,MEGASOFT LTD,6851.00,10.71,,,,
ATALREAL,ATAL REALTECH LIMITED,1671442.00,366.62,,,,
ABINFRA,A B INFRABUILD LIMITED,220.00,0.44,,,,
GUJAPOLLO,GUJ. APOLLO IND. LTD.,427.00,2.08,,,,
ABSLLIQUID,BIRLASLAMC - ABSLLIQUID,11.00,0.11,,,,
LIQUID1,KOTAKMAMC - KOTAKLIQ,107.00,1.15,,,,
EVIETF,ICICIPRAMC - EVIETF,126018.00,40.41,,,,
TOP100CASE,ZERODHAAMC - TOP100CASE,135873.00,14.51,,,,
SILVER360,360ONEAMC - SILVER360,15104.00,23.84,,,,
LIQUIDBETF,BFAM - LIQUIDBETF,40.00,0.42,,,,
AARTISURF,AARTI SURFACTANTS LIMITED,1774.00,8.66,,,,
ASHOKAMET,ASHOKA METCAST LIMITED,6186.00,1.07,,,,
VALIANTORG,VALIANT ORGANICS LIMITED,3175.00,15.32,,,,
LIQUIDSBI,SBIAMC - LIQUIDSBI,11.00,0.11,,,,
SINCLAIR,SINCLAIRS HOTELS LIMITED,42013.00,46.97,,,,
AXISCADES,AXISCADES TECH LTD,556.00,9.28,,,,
BALAJITELE,BALAJI TELEFILMS LIMITED.,76812.00,97.83,,,,
RISHABH,RISHABH INSTRUMENTS LTD,6655.00,25.77,,,,
SNXT30BEES,NIPPONAMC - SNXT30BEES,2144.00,0.84,,,,
TRU,TRUCAP FINANCE LIMITED,15076.00,1.84,,,,
VAL30IETF,ICICIPRAMC - VAL30IETF,13430.00,1.82,,,,
MOQUALITY,MOTILALAMC - MOQUALITY,1270.00,2.48,,,,
BANSWRAS,BANSWARA SYNTEX LIMITED,3608.00,5.89,,,,
SUNDARAM,SUNDARAM MULTI PAP LTD,34424.00,0.73,,,,
RHFL,RELIANCE HOME FINANCE LTD,10000.00,0.56,,,,
SKMEGGPROD,SKM EGG PROD EXPORT(I) LT,613.00,1.65,,,,
VALIANTLAB,VALIANT LABORATORIES LTD,23692.00,23.97,,,,
GCSL,GRETEX CORPORATE SERVICES,1016.00,2.65,,,,
GOKUL,GOKUL REFOILS & SOLV LTD,780.00,0.34,,,,
BALPHARMA,BAL PHARMA LTD.,150.00,0.13,,,,
JUBLCPL,JUBILANT AGRI N CON PRO L,52.00,1.39,,,,
IVP,IVP LTD,1270.00,2.09,,,,
MOMIDMTM,MOTILALAMC - MOMIDMTM,3954.00,2.45,,,,
STEL,SENTINEL TEA AND EXP LTD,400.00,1.99,,,,
ELDEHSG,ELDECO HSG & IND LTD.,338.00,2.69,,,,
PODDARMENT,PODDAR PIGMENTS LIMITED,261.00,0.79,,,,
DCW,DCW LIMITED,4301887.00,3338.21,,,,
GIPCL,GUJ IND POW CO. LTD,2311061.00,4712.16,,,,
HFCL,HFCL LIMITED,38899695.00,35362.36,,,,
CASTROLIND,CASTROL INDIA LIMITED,7628185.00,16638.43,,,,
NBCC,NBCC (INDIA) LIMITED,21543908.00,24110.53,,,,
KPITTECH,KPIT TECHNOLOGIES LIMITED,1788420.00,23509.03,,,,
PNB,PUNJAB NATIONAL BANK,29725372.00,32032.66,,,,
SAMMAANCAP,SAMMAAN CAPITAL LIMITED,39188848.00,56574.61,,,,
SBIN,STATE BANK OF INDIA,5141163.00,41611.70,,,,
TATATECH,TATA TECHNOLOGIES LIMITED,3424692.00,26453.87,,,,
KEC,KEC INTERNATIONAL LIMITED,1252249.00,11087.57,,,,
SALASAR,SALASAR TECHNO ENGG. LTD.,13937785.00,1446.08,,,,
DHANI,DHANI SERVICES LIMITED,5995460.00,3932.85,,,,
SUZLON,SUZLON ENERGY LIMITED,145427226.00,88241.06,,,,
BAJAJHFL,BAJAJ HOUSING FINANCE LTD,22744691.00,27359.04,,,,
BIOCON,BIOCON LIMITED.,3373134.00,12440.10,,,,
DLF,DLF LIMITED,4652796.00,36645.26,,,,
DCXINDIA,DCX SYSTEMS LIMITED,2618045.00,7445.17,,,,
SOLARA,SOLARA ACTIVE PHA SCI LTD,124351.00,788.44,,,,
HEIDELBERG,HEIDELBERGCEMENT (I) LTD,778529.00,1667.48,,,,
REDINGTON,REDINGTON LIMITED,3572248.00,10288.54,,,,
PTCIL,PTC INDUSTRIES LIMITED,35306.00,5257.13,,,,
IREDA,INDIAN RENEWABLE ENERGY,25245798.00,42091.85,,,,
UNIPARTS,UNIPARTS INDIA LIMITED,186092.00,796.39,,,,
ADANIPOWER,ADANI POWER LTD,27437151.00,39525.89,,,,
EMIL,ELECTRONICS MART IND LTD,2721184.00,4178.90,,,,
PFC,POWER FIN CORP LTD.,14680540.00,61731.31,,,,
SILVERBEES,NIPPONAMC - NETFSILVER,23512285.00,33062.80,,,,
VPRPL,VISHNU PRAKASH R PUNGLI L,3597540.00,4872.65,,,,
ITI,ITI LTD,966152.00,3342.56,,,,
GARUDA,GARUDA CONSTRUCT N ENG L,694691.00,1351.37,,,,
ACMESOLAR,ACME SOLAR HOLDINGS LTD,1957722.00,5795.55,,,,
RELIANCE,RELIANCE IND DEPO-SETT,10201833.00,142230.62,,,,
UBL,UNITED BREWERIES LTD,217406.00,4144.23,,,,
DEEPINDS,DEEP INDUSTRIES LIMITED,554569.00,2762.31,,,,
RAJESHEXPO,RAJESH EXPORTS LTD,1857427.00,4068.53,,,,
ABB,ABB INDIA LIMITED,479392.00,27532.32,,,,
ADSL,ALLIED DIGITAL SERVICES L,351695.00,696.69,,,,
GNA,GNA AXLES LIMITED,168607.00,582.90,,,,
NAVINFLUOR,NAVIN FLUORINE INT. LTD,84335.00,3898.31,,,,
ALBERTDAVD,ALBERT DAVID LIMITED,3916.00,32.25,,,,
MUKKA,MUKKA PROTEINS LIMITED,600991.00,187.68,,,,
RSWM,12.00% OCRPS - RSWM,297211.00,513.24,,,,
CANBK,CANARA BANK,25408917.00,28134.24,,,,
SAPPHIRE,SAPPHIRE FOODS INDIA LTD,1862616.00,5955.78,,,,
UNIECOM,UNICOMMERCE ESOLUTIONS L,1049852.00,1544.31,,,,
BLS,BLS INTL SERVS LTD,7747369.00,28861.42,,,,
VESUVIUS,VESUVIUS INDIA LTD,234807.00,1271.15,,,,
SKIPPER,SKIPPER LIMITED,1041614.00,5476.05,,,,
GICRE,GENERAL INS CORP OF INDIA,2667185.00,10635.47,,,,
RAYMONDREL,RAYMOND REALTY LIMITED,580196.00,3624.05,,,,
AXITA,AXITA COTTON LIMITED,52504.00,6.77,,,,
BHANDARI,BHANDARI HOSIERY EXP LTD,891782.00,46.17,,,,
HMAAGRO,HMA AGRO INDUSTRIES LTD,464482.00,157.58,,,,
RPOWER,RELIANCE POWER LTD.,7877095.00,3622.46,,,,
ASAL,AUTOMOTIVE STAMPINGS & AS,34801.00,206.67,,,,
BEML,BEML LIMITED,843249.00,36625.20,,,,
MADRASFERT,MADRAS FERTILISERS LTD,522994.00,495.90,,,,
QUICKHEAL,QUICK HEAL TECH LTD,627610.00,2239.54,,,,
THOMASCOOK,THOMAS COOK (INDIA) LTD,2999119.00,5115.83,,,,
AWL,AWL AGRI BUSINESS LIMITED,4439988.00,12361.60,,,,
LTTS,L&T TECHNOLOGY SER. LTD.,250640.00,11125.45,,,,
SHYAMMETL,SHYAM METALICS AND ENGY L,1077251.00,9237.40,,,,
SOBHA,SOBHA LIMITED,296390.00,4644.63,,,,
TALBROAUTO,TALBROS AUTO. COMP. LTD,216790.00,671.80,,,,
VETO,VETO SWITCHGEAR CABLE LTD,14325.00,17.45,,,,
SUDARSCHEM,SUDARSHAN CHEMICAL INDS L,230790.00,2784.63,,,,
PAYTM,ONE 97 COMMUNICATIONS LTD,1450187.00,14173.09,,,,
RUPA,RUPA & COMPANY LTD,515934.00,1153.20,,,,
QUADFUTURE,QUADRANT FUTURE TEK LTD,558049.00,2497.34,,,,
APOLSINHOT,APOLLO SINDOORI HOTEL LTD,501.00,8.37,,,,
CARERATING,CARE RATINGS LIMITED,182072.00,3145.56,,,,
ARKADE,ARKADE DEVELOPERS LIMITED,2880979.00,5201.06,,,,
NLCINDIA,NLC INDIA LIMITED,5647108.00,14152.74,,,,
JYOTICNC,JYOTI CNC AUTOMATION LTD,874580.00,9175.51,,,,
INDIANB,INDIAN BANK,465177.00,3069.49,,,,
PLATIND,PLATINUM INDUSTRIES LTD,510436.00,1576.12,,,,
JSLL,JEENA SIKHO LIFECARE LTD,48183.00,379.59,,,,
UGARSUGAR,THE UGAR SUGAR WORKS LTD,296071.00,151.72,,,,
PREMIERENE,PREMIER ENERGIES LIMITED,3450361.00,36131.66,,,,
AIIL,AUTHUM INVEST & INFRA LTD,77958.00,2235.08,,,,
AVANTEL,AVANTEL LIMITED,5586288.00,10204.96,,,,
TOLINS,TOLINS TYRES LIMITED,318208.00,594.50,,,,
TORNTPOWER,TORRENT POWER LTD,787722.00,10708.77,,,,
GANESHBE,GANESH BENZOPLAST LIMITED,341358.00,401.21,,,,
MGL,MAHANAGAR GAS LTD.,715680.00,10075.03,,,,
MOL,MEGHMANI ORGANICS LIMITED,5564622.00,4948.18,,,,
CELLO,CELLO WORLD LIMITED,572605.00,3542.26,,,,
SUNPHARMA,SUN PHARMACEUTICAL IND L,561890.00,9435.10,,,,
MASFIN,MAS FINANCIAL SERV LTD,301099.00,910.92,,,,
HITECHCORP,HITECH CORPORATION LTD,1415.00,2.95,,,,
KAJARIACER,KAJARIA CERAMICS LTD,525344.00,6125.70,,,,
CHOICEIN,CHOICE INTERNATIONAL LTD,1631128.00,12433.21,,,,
SPENCERS,SPENCER S RETAIL LIMITED,378197.00,294.10,,,,
ORICONENT,ORICON ENTERPRISES LTD,307281.00,152.11,,,,
TRF,TRF LIMITED,24173.00,91.85,,,,
JNKINDIA,JNK INDIA LIMITED,135271.00,469.56,,,,
NUVAMA,NUVAMA WEALTH MANAGE LTD,146719.00,10149.02,,,,
INFOBEAN,INFOBEANS TECHNO. LTD.,17363.00,100.58,,,,
JAYSREETEA,JAYSHREE TEA & INDUSTRIES,41107.00,44.62,,,,
ADOR,ADOR WELDING LTD,25561.00,275.92,,,,
KRBL,KRBL LIMITED,1631022.00,6276.64,,,,
BIKAJI,BIKAJI FOODS INTERN LTD,492315.00,3838.69,,,,
CAMLINFINE,CAMLIN FINE SCIENCES LTD,1831277.00,3791.38,,,,
CROMPTON,CROMPT GREA CON ELEC LTD,5926398.00,19179.59,,,,
POLYCAB,POLYCAB INDIA LIMITED,153232.00,10070.21,,,,
BALKRISIND,BALKRISHNA IND. LTD,196587.00,4846.34,,,,
MANGLMCEM,MANGALAM CEMENT LTD,898359.00,6890.05,,,,
EIMCOELECO,EIMCO ELECON (INDIA) LTD,47271.00,1001.94,,,,
CHOLAFIN,CHOLAMANDALAM IN & FIN CO,249958.00,3838.58,,,,
CSBBANK,CSB BANK LIMITED,853108.00,3221.12,,,,
DEN,DEN NETWORKS LTD,3164702.00,1262.14,,,,
THELEELA,LEELA PALACES HOTEL LTD,304230.00,1369.42,,,,
PITTIENG,PITTI ENGINEERING LIMITED,132290.00,1355.39,,,,
VLEGOV,VL E GOV AND IT SOL LTD,17356.00,5.70,,,,
HDFCGOLD,HDFC GOLD ETF,2094171.00,2033.97,,,,
CANTABIL,CANTABIL RETAIL LTD,1163009.00,3105.29,,,,
RATEGAIN,RATEGAIN TRAVEL TECHN LTD,2517290.00,14516.49,,,,
PAVNAIND,PAVNA INDUSTRIES LIMITED,24016.00,10.67,,,,
IONEXCHANG,ION EXCHANGE (INDIA) LTD,819612.00,4178.15,,,,
ARIES,ARIES AGRO LTD.,111730.00,444.61,,,,
ESTER,ESTER INDUSTRIES LTD,350154.00,468.80,,,,
SHREECEM,SHREE CEMENT LIMITED,10501.00,3123.84,,,,
HOMEFIRST,HOME FIRST FIN CO IND LTD,282398.00,3561.94,,,,
JKTYRE,JK TYRE & INDUSTRIES LTD,1396811.00,5262.41,,,,
GLOBUSSPR,GLOBUS SPIRITS LTD,159476.00,1792.60,,,,
ERIS,ERIS LIFESCIENCES LIMITED,90654.00,1519.38,,,,
HONASA,HONASA CONSUMER LIMITED,467474.00,1351.67,,,,
AADHARHFC,AADHAR HOUSING FINANCE L,1019144.00,5194.37,,,,
JUNIPER,JUNIPER HOTELS LIMITED,143733.00,447.15,,,,
RELINFRA,RELIANCE INFRASTRUCTU LTD,142871.00,342.21,,,,
SHARDACROP,SHARDA CROPCHEM LTD.,278387.00,2468.24,,,,
CENTUM,CENTUM ELECTRONICS LTD,45548.00,1164.43,,,,
SAMBHV,SAMBHV STEEL TUBES LTD,1681121.00,1985.97,,,,
PLASTIBLEN,PLASTIBLENDS INDIA LIMITE,4680.00,9.17,,,,
LOVABLE,LOVABLE LINGERIE LTD,6055.00,7.76,,,,
HILINFRA,HIGHWAY INFRASTRUCTURE L,55299.00,45.25,,,,
SHK,S H KELKAR AND CO. LTD.,754407.00,1845.10,,,,
SGLTL,STANDARD GLASS LIN TECH L,123796.00,218.23,,,,
MODISONLTD,MODISON LIMITED,69689.00,117.60,,,,
RAMCOSYS,RAMCO SYSTEMS LTD,36525.00,191.74,,,,
LIKHITHA,LIKHITHA INFRASTRUC LTD,221351.00,670.43,,,,
BLKASHYAP,B.L.KASHYAP & SON LTD,654002.00,459.81,,,,
NEXT50IETF,ICICIPRAMC - ICICINXT50,948730.00,687.53,,,,
PSUBNKIETF,ICICIPRAMC - PSUBANKICI,376969.00,275.27,,,,
JASH,JASH ENGINEERING LIMITED,272270.00,1498.79,,,,
ALPHAETF,MIRAEAMC - ALPHAETF,1939756.00,489.64,,,,
AUTOBEES,NIPPONAMC - NETFAUTO,270221.00,727.54,,,,
MOMENTUM50,MOTILALAMC - MOMENTUM50,1855473.00,966.91,,,,
MUTHOOTMF,MUTHOOT MICROFIN LIMITED,625429.00,996.74,,,,
PATINTLOG,PATEL INT. LOG. LTD,101510.00,17.43,,,,
DPWIRES,D P WIRES LIMITED,29662.00,82.58,,,,
DIAMONDYD,PRATAAP SNACKS LIMITED,844601.00,8663.84,,,,
NELCAST,NELCAST LIMITED,104916.00,155.11,,,,
PGHL,PROCTER & GAMBLE HEALTH L,19097.00,1186.46,,,,
RACLGEAR,RACL GEARTECH LIMITED,38056.00,432.43,,,,
UTISXN50,UTIAMC - UTISXN50,4705.00,4.25,,,,
PRITI,PRITI INTERNATIONAL LTD,1416.00,1.25,,,,
RUCHIRA,RUCHIRA PAPERS LIMITED,125532.00,192.62,,,,
DIVOPPBEES,NIP IND ETF DIV OPP,140478.00,114.88,,,,
SAHYADRI,SAHYADRI INDUSTRIES LTD,1681.00,5.03,,,,
GALAPREC,GALA PRECISION ENG LTD,49155.00,463.94,,,,
GTPL,GTPL HATHWAY LIMITED,35617.00,46.56,,,,
EMMBI,EMMBI INDUSTRIES LIMITED,1351.00,1.67,,,,
HPAL,HP ADHESIVES LIMITED,122287.00,95.16,,,,
AONETOTAL,AONEAMC - AONETOTAL,750779.00,88.18,,,,
DEVIT,DEV INFO TECHNOLOGY LTD,27498.00,13.73,,,,
GANESHHOU,GANESH HOUSING LIMITED,454185.00,4346.34,,,,
MAHSCOOTER,MAHARASHTRA SCOOTERS LTD,11338.00,1617.63,,,,
CEIGALL,CEIGALL INDIA LIMITED,664512.00,1820.19,,,,
CLSEL,CHAMAN LAL SETIA EXP LTD,232917.00,715.47,,,,
PGHH,P&G HYGIENE & HEALTH CARE,5397.00,752.48,,,,
SETFNIF50,SBI-ETF NIFTY 50,431954.00,1143.45,,,,
AJAXENGG,AJAX ENGINEERING LIMITED,137402.00,916.21,,,,
BSLSENETFG,BIRLASLAMC - BSLSENETFG,903.00,0.74,,,,
EXPLEOSOL,EXPLEO SOLUTIONS LIMITED,38832.00,450.37,,,,
GSLSU,GLOBAL SURFACES LIMITED,180695.00,261.74,,,,
ALICON,ALICON CASTALLOY LIMITED,7746.00,81.45,,,,
BALAJEE,SHREE TIRUPATI BALAJEE L,95509.00,53.79,,,,
NIFTYQLITY,BIRLASLAMC - NIFTYQLITY,41176.00,8.88,,,,
HNDFDS,HINDUSTAN FOODS LIMITED,65161.00,358.15,,,,
RATNAMANI,RATNAMANI MET & TUB LTD.,41961.00,1127.30,,,,
PRUDENT,PRUDENT CORP ADV SER LTD,28369.00,758.85,,,,
SETFNIFBK,SBI-ETF NIFTY BANK,14569.00,83.11,,,,
ASHIANA,ASHIANA HOUSING LTD,97941.00,307.82,,,,
ADFFOODS,ADF FOODS LIMITED,795589.00,2058.78,,,,
SANATHAN,SANATHAN TEXTILES LIMITED,77976.00,391.74,,,,
KHADIM,KHADIM INDIA LIMITED,10425.00,30.60,,,,
BLUESTONE,BLUESTONE JEWEL LFSTL LTD,580781.00,4180.64,,,,
MIDCAP,KOTAKMAMC - KOTAKMID50,57786.00,96.34,,,,
MEIL,MANGAL ELECTRICAL IND L,29273.00,136.05,,,,
MASTERTR,MASTER TRUST LIMITED,1585469.00,2333.49,,,,
PRIMESECU,PRIME SECURITIES LIMITED,876715.00,2447.59,,,,
TTKHLTCARE,TTK HEALTHCARE LIMITED,1885.00,25.18,,,,
UNIVCABLES,UNIVERSAL CABLES LTD,243485.00,1595.20,,,,
HDFCPVTBAN,HDFCAMC - HDFCPVTBAN,45519.00,12.52,,,,
QUAL30IETF,ICICIPRAMC - ICICIQTY30,511791.00,110.78,,,,
NIFTYBETF,BFAM - NIFTYBETF,1154.00,2.93,,,,
IFGLEXPOR,IFGL REFRACTORIES LIMITED,45362.00,133.04,,,,
PDMJEPAPER,PUDUMJEE PAPER PRO. LTD,98972.00,127.90,,,,
DBOL,DHAMPUR BIO ORGANICS LTD,63233.00,57.75,,,,
BEDMUTHA,BEDMUTHA INDUST LTD,7083.00,10.25,,,,
ANDREWYU,ANDREW YULE & CO LTD,3900.00,1.04,,,,
STCINDIA,THE STATE TRADING CORPN,14001.00,20.28,,,,
SIKKO,SIKKO INDUSTRIES LIMITED,4103.00,3.51,,,,
BCONCEPTS,BRAND CONCEPTS LIMITED,916.00,4.08,,,,
HMVL,HINDUSTAN MEDIA VENT LTD,25341.00,22.60,,,,
HARRMALAYA,HARRISON MALAYALAM LTD,7321.00,15.96,,,,
ATAM,ATAM VALVES LIMITED,1899.00,1.86,,,,
ASMS,BARTRONICS INDIA LIMITED,35578.00,5.58,,,,
ABAN,ABAN OFFSHORE LTD.,750.00,0.58,,,,
NILASPACES,NILA SPACES LIMITED,2544.00,0.42,,,,
AVG,AVG LOGISTICS LIMITED,1866.00,5.15,,,,
PASHUPATI,PASHUPATI COTSPIN LIMITED,710.00,5.07,,,,
WEALTH,WEALTH FRST PORT. MG. LTD,890.00,10.61,,,,
SANDESH,SANDESH LTD,356.00,5.65,,,,
BBNPPGOLD,BARODABNP - BBNPPGOLD,14730.00,17.03,,,,
KAKATCEM,KAKATIYA CEM SUGAR &IND L,136.00,0.32,,,,
LIQUIDPLUS,MIRAEAMC - LIQUIDPLUS,76.00,0.80,,,,
PLAZACABLE,PLAZA WIRES LIMITED,3097.00,1.88,,,,
DYNPRO,DYNEMIC PRODUCTS LIMITED,4619.00,16.60,,,,
AKSHARCHEM,AKSHARCHEM INDIA LIMITED,250.00,0.77,,,,
CHEMBOND,CHEMBOND MATERIALTECH LTD,573.00,3.16,,,,
SBIBPB,SBIAMC - SBIBPB,2187.00,0.93,,,,
LICNETFGSC,LICNAMC - LICNMFET,6614.00,1.87,,,,
INTERNET,MIRAEAMC - INTERNET,6714.00,0.95,,,,
IWEL,INOX WIND ENERGY LIMITED,5.00,0.48,,,,
CONSOFINVT,CONSO. FIN. & HOLD. LTD.,1688.00,3.73,,,,
LAMBODHARA,LAMBODHARA TEXTILES LTD.,10804.00,15.49,,,,
SRD,SHANKAR LAL RAMPAL LTD,100538.00,85.44,,,,
SAKAR,SAKAR HEALTHCARE LIMITED,1252.00,3.18,,,,
NRL,NUPUR RECYCLERS LIMITED,53693.00,41.35,,,,
VENUSREM,VENUS REMEDIES LIMITED,1189.00,5.05,,,,
MITTAL,MITTAL LIFE STYLE LIMITED,8111.00,0.13,,,,
NATHBIOGEN,NATH BIO-GENES (I) LTD,2200.00,4.88,,,,
INNOVANA,INNOVANA THINKLABS LTD,203.00,0.65,,,,
JITFINFRA,JITF INFRALOGISTICS LTD,634.00,2.76,,,,
SML100CASE,ZERODHAAMC - SML100CASE,652.00,0.07,,,,
CENTRUM,CENTRUM CAPITAL LIMITED,12627.00,4.67,,,,
NACLIND,NACL INDUSTRIES LIMITED,2884.00,2.92,,,,
DIGISPICE,DIGISPICE TECHNOLOGIES LT,791.00,0.26,,,,
INDSWFTLAB,IND SWIFT LABORATORIES LT,17.00,0.02,,,,
KNRCON,KNR CONSTRU LTD.,6258236.00,14198.00,,,,
DABUR,DABUR INDIA LTD,1912147.00,9991.37,,,,
IRCON,IRCON INTERNATIONAL LTD,16876042.00,34146.19,,,,
IDEA,VODAFONE IDEA LIMITED,523087290.00,41564.13,,,,
INFY,INFOSYS LIMITED,4237102.00,65411.72,,,,
TITAN,TITAN COMPANY LIMITED,441860.00,15479.35,,,,
UJJIVANSFB,UJJIVAN SMALL FINANC BANK,21648442.00,9989.29,,,,
ZEEL,ZEE ENTERTAINMENT ENT LTD,36515132.00,48002.57,,,,
PRECAM,PRECISION CAMSHAFTS LTD.,678906.00,1494.42,,,,
BEL,BHARAT ELECTRONICS LTD,21652854.00,83020.93,,,,
AARTIDRUGS,AARTI DRUGS LTD.,302996.00,1558.66,,,,
LLOYDSENT,LLOYDS ENTERPRISES LTD,39236739.00,26073.88,,,,
COCHINSHIP,COCHIN SHIPYARD LIMITED,2766997.00,55686.83,,,,
PNBHOUSING,PNB HOUSING FIN LTD.,2035267.00,18223.75,,,,
GPIL,GODAWARI POWER AND ISPAT,8263604.00,18453.57,,,,
GRSE,GARDEN REACH SHIP&ENG LTD,1507254.00,39697.19,,,,
J&KBANK,J & K BANK LTD.,17772242.00,19108.58,,,,
JUBLFOOD,JUBILANT FOODWORKS LTD,2084834.00,13623.92,,,,
MAZDOCK,MAZAGON DOCK SHIPBUIL LTD,3543517.00,109096.34,,,,
SCI,SHIPPING CORP OF INDIA LT,7149261.00,16388.72,,,,
TRENT,TRENT LTD,2157688.00,113018.63,,,,
BAJFINANCE,BAJAJ FINANCE LIMITED,2638311.00,24788.86,,,,
ELECTCAST,ELECTROSTEEL CASTINGS LTD,7490380.00,8623.64,,,,
SEPC,SEPC LIMITED,13257660.00,1990.78,,,,
CCCL,CONS. CONST. CONSORT LTD,456794.00,112.95,,,,
RICOAUTO,RICO AUTO INDUSTRIES LTD,1217143.00,1216.99,,,,
VMM,VISHAL MEGA MART LIMITED,7013249.00,10203.75,,,,
CENTRALBK,CENTRAL BANK OF INDIA,37864501.00,15691.18,,,,
JYOTHYLAB,JYOTHY LABS LIMITED,1429076.00,5091.34,,,,
SMSPHARMA,SMS PHARMACEUTICALS LTD.,466129.00,1280.33,,,,
VAIBHAVGBL,VAIBHAV GLOBAL LIMITED,1179184.00,2998.55,,,,
BAJAJ-AUTO,BAJAJ AUTO LIMITED,400291.00,35532.47,,,,
SOLARINDS,SOLAR INDUSTRIES (I) LTD,219415.00,32156.61,,,,
ULTRACEMCO,ULTRATECH CEMENT LIMITED,100494.00,12303.43,,,,
MANYAVAR,VEDANT FASHIONS LIMITED,744986.00,5700.24,,,,
RAIN,RAIN INDUSTRIES LIMITED,5069334.00,7613.48,,,,
SULA,SULA VINEYARDS LIMITED,2345227.00,7339.97,,,,
PAKKA,PAKKA LIMITED,235080.00,415.23,,,,
GATEWAY,GATEWAY DISTRIPARKS LTD,5242895.00,3588.31,,,,
REFEX,REFEX INDUSTRIES LIMITED,433292.00,1709.45,,,,
TCIEXP,TCI EXPRESS LIMITED,110136.00,902.58,,,,
SANDUMA,SANDUR MANG & IRON ORES L,2398555.00,4545.71,,,,
SMLISUZU,SML ISUZU LIMITED,75742.00,2362.59,,,,
NAUKRI,INFO EDGE (I) LTD,546851.00,7808.43,,,,
TRIDENT,TRIDENT LIMITED,28563965.00,9181.46,,,,
WIPRO,WIPRO LTD,8093281.00,20663.05,,,,
BAJAJHLDNG,BAJAJ HOLDINGS & INVS LTD,68036.00,8796.73,,,,
DWARKESH,DWARIKESH SUGAR IND LTD,2469515.00,1330.67,,,,
IDFCFIRSTB,BOND 0% 2022 TR-2 SR-II,52728425.00,37020.14,,,,
JCHAC,JOHNSON CONTROLS HITACHI,94923.00,1732.86,,,,
NETWORK18,NETWORK18 MEDIA & INV LTD,19228837.00,10916.24,,,,
CGCL,CAPRI GLOBAL CAPITAL LTD,4612429.00,8303.93,,,,
AFFORDABLE,AFFORD ROBO & AUTO LTD,4123.00,11.52,,,,
OBEROIRLTY,OBEROI REALTY LIMITED,597185.00,10618.50,,,,
CREDITACC,CREDITACCESS GRAMEEN LTD,373368.00,4761.80,,,,
ASHAPURMIN,ASHAPURA MINECHEM LTD,1455593.00,7012.15,,,,
PSB,PUNJAB & SIND BANK,10322354.00,3410.39,,,,
TIMETECHNO,TIME TECHNOPLAST LTD.,2375399.00,5372.47,,,,
HITECH,HI-TECH PIPES LIMITED,7518224.00,8665.82,,,,
ALLCARGO,ALLCARGO LOGISTICS LTD,14756403.00,5508.55,,,,
BCLIND,BCL INDUSTRIES LIMITED,1568877.00,705.08,,,,
ANANTRAJ,ANANT RAJ LIMITED,8391413.00,56491.66,,,,
CONCOR,CONTAINER CORP OF INDIA,3715537.00,22064.82,,,,
GPTINFRA,GPT INFRAPROJECTS LTD,111824.00,135.07,,,,
BALAMINES,BALAJI AMINES LIMITED,257664.00,4284.12,,,,
KALYANKJIL,KALYAN JEWELLERS IND LTD,5799540.00,30272.23,,,,
PIXTRANS,PIX TRANSMISSIONS LIMITED,40936.00,636.49,,,,
IGCL,INDOGULF CROPSCIENCES LTD,396529.00,443.42,,,,
JAYNECOIND,JAYASWAL NECO INDUSTR LTD,6786716.00,3965.14,,,,
ACI,ARCHEAN CHEMICAL IND LTD,305494.00,2018.84,,,,
GENUSPAPER,GENUS P&B LIMITED,143190.00,30.17,,,,
NELCO,NELCO LTD,454299.00,4337.82,,,,
AIRAN,AIRAN LIMITED,81400.00,23.02,,,,
FINPIPE,FINOLEX INDUSTRIES LTD,2941469.00,6545.54,,,,
ELLEN,ELLENBARRIE INDUS GASES L,414205.00,2158.79,,,,
IXIGO,LE TRAVENUES TECHNOLOGY L,2972786.00,8356.56,,,,
CAPITALSFB,CAPITAL SMALL FIN BANK L,109224.00,314.28,,,,
PROTEAN,PROTEAN EGOV TECHNO LTD,1188402.00,11614.32,,,,
MCLOUD,MAGELLANIC CLOUD LIMITED,5202610.00,4062.55,,,,
PARKHOTELS,PARKHOTELS,4121006.00,6365.44,,,,
JSWENERGY,JSW ENERGY LIMITED,4993907.00,26750.81,,,,
INNOVACAP,INNOVA CAPTAB LIMITED,70932.00,627.45,,,,
HINDWAREAP,HINDWARE HME INOVATON LTD,1438659.00,4243.03,,,,
NEWGEN,NEWGEN SOFTWARE TECH LTD,1260704.00,12658.74,,,,
PURVA,PURAVANKARA LIMITED,700991.00,2016.77,,,,
BANSALWIRE,BANSAL WIRE INDUSTRIES L,211415.00,839.76,,,,
PASUPTAC,PASUPATI ACRYLON LIMITED,1682.00,0.78,,,,
GANECOS,GANESHA ECOSPHERE LIMITED,135526.00,2068.41,,,,
EDELWEISS,EDELWEISS FIN SERV LTD,16568303.00,18176.75,,,,
GREENPANEL,GREENPANEL INDUSTRIES LTD,248152.00,763.73,,,,
SPMLINFRA,SPML INFRA LIMITED 5 PD,1242894.00,3385.06,,,,
TOKYOPLAST,TOKYO PLAST INTL LTD.,5019.00,6.50,,,,
ADANIENSOL,ADANI ENERGY SOLUTION LTD,1439023.00,12640.68,,,,
AXISBANK,AXIS BANK LIMITED,1801776.00,20887.64,,,,
MANINDS,MAN INDUSTRIES (I) LTD.,584313.00,2254.10,,,,
NRBBEARING,NRB BEARINGS LIMITED,498735.00,1472.20,,,,
BHAGCHEM,BHAGIRADHA CHEM & INDS L,592713.00,1736.05,,,,
SINDHUTRAD,SINDHU TRADE LINKS LTD,2550602.00,617.20,,,,
HATHWAY,HATHWAY CABLE & DATACOM,29683856.00,4653.23,,,,
IPCALAB,IPCA LABORATORIES LTD,157026.00,2241.54,,,,
BHAGERIA,BHAGERIA INDUSTRIES LTD,102932.00,192.00,,,,
SHANTIGOLD,SHANTI GOLD INTERNATION L,956305.00,2083.86,,,,
ZUARIIND,ZUARI INDUSTRIES LIMITED,293715.00,1047.64,,,,
CUPID,CUPID LIMITED,20022002.00,29508.40,,,,
BALRAMCHIN,BALRAMPUR CHINI MILLS LTD,956923.00,5022.56,,,,
RAINBOW,RAINBOW CHILDRENS MED LTD,187445.00,2712.34,,,,
DCI,DC INFOTECH AND COMUN LTD,35200.00,86.21,,,,
GRASIM,GRASIM INDUSTRIES LTD,278778.00,7470.70,,,,
DCMSHRIRAM,DCM SHRIRAM LIMITED,174761.00,2267.98,,,,
ARTEMISMED,ARTEMIS MED SERVICE LTD,193749.00,492.10,,,,
HDFCAMC,HDFC AMC LIMITED,120483.00,6537.80,,,,
KRSNAA,KRSNAA DIAGNOSTICS LTD,202601.00,1694.09,,,,
AVALON,AVALON TECHNOLOGIES LTD,237523.00,2369.20,,,,
TVSELECT,TVS ELECTRONICS LTD,32183.00,196.22,,,,
JKIL,JKUMAR INFR.LTD.,608280.00,4228.34,,,,
PARAGMILK,PARAG MILK FOODS LTD.,4115529.00,9242.22,,,,
SESHAPAPER,SESHASAYEE PAPER & BOARDS,44968.00,134.36,,,,
SHANTIGEAR,SHANTHI GEARS LTD,98255.00,558.58,,,,
DRREDDY,DR. REDDY S LABORATORIES,538683.00,6913.49,,,,
VENTIVE,VENTIVE HOSPITALITY LTD,1234863.00,9278.42,,,,
SRF,SRF LTD,149862.00,4530.76,,,,
BIRLACORPN,BIRLA CORP NPP121099DEPO,304748.00,3993.92,,,,
GSPL,GUJARAT STATE PETRONET LI,823557.00,2772.23,,,,
XPROINDIA,XPRO INDIA LIMITED,105146.00,1292.68,,,,
SIGNPOST,SIGNPOST INDIA LIMITED,166863.00,419.92,,,,
GOLDIETF,ICICI PRUDENTIAL GOLD ETF,4348671.00,4356.77,,,,
ATL,ALLCARGO TERMINALS LTD,893869.00,392.62,,,,
NAVA,NAVA LIMITED,1796429.00,10894.56,,,,
DOMS,DOMS INDUSTRIES LIMITED,120759.00,3198.19,,,,
SURAJEST,SURAJ ESTATE DEVELOPERS L,1205487.00,4024.22,,,,
MUNJALAU,MUNJAL AUTO IND. LTD.,540476.00,551.43,,,,
AEROENTER,AEROFLEX ENTERPRISES LTD,976588.00,1005.00,,,,
ANURAS,ANUPAM RASAYAN INDIA LTD,3526834.00,34254.84,,,,
SIRCA,SIRCA PAINT INDIA LIMITED,1534334.00,6620.90,,,,
NORTHARC,NORTHERN ARC CAPITAL LTD,3701456.00,9441.87,,,,
EIHOTEL,EIH LIMITED,799530.00,3179.81,,,,
SILVERAG,MIRAEAMC - MASILVER,405407.00,568.88,,,,
BANKBEES,NIP IND ETF BANK BEES,537310.00,3063.49,,,,
MUTHOOTFIN,9.25% SECURED NCD,97850.00,2886.61,,,,
VGUARD,V-GUARD IND LTD.,498458.00,1929.40,,,,
TATACOMM,TATA COMMUNICATIONS LTD,332490.00,5858.85,,,,
SILVER,BIRLASLAMC - SILVER,1441021.00,1841.16,,,,
ANANDRATHI,ANAND RATHI WEALTH LTD,96173.00,2625.74,,,,
ITBEES,NIP IND ETF IT,18441799.00,7295.55,,,,
GLAXO,GLAXOSMITHKLINE PHARMACEU,108483.00,3235.76,,,,
PVRINOX,PVR INOX LIMITED,696333.00,8052.73,,,,
JSL,JINDAL STAINLESS LIMITED,386933.00,2907.58,,,,
SCHAEFFLER,SCHAEFFLER INDIA LIMITED,58103.00,2373.34,,,,
CHALET,CHALET HOTELS LIMITED,188350.00,1837.92,,,,
ORCHPHARMA,ORCHID PHARMA LIMITED,93721.00,736.10,,,,
TIPSMUSIC,TIPS MUSIC LIMITED,600240.00,3724.37,,,,
POCL,PONDY OXIDES & CHEM LTD,318972.00,3904.74,,,,
THEJO,THEJO ENGINEERING LIMITED,4902.00,102.08,,,,
VEEDOL,VEEDOL CORPORATION LTD,58182.00,1093.90,,,,
AETHER,AETHER INDUSTRIES LIMITED,492945.00,3778.47,,,,
RAMRAT,RAM RATNA WIRES LIMITED,60108.00,406.72,,,,
MGEL,MANGALAM GLOBAL ENT LTD,1549275.00,264.84,,,,
DCMSRIND,DCM SHRIRAM IND LTD,544078.00,980.06,,,,
CREST,CREST VENTURES LIMITED,23186.00,100.40,,,,
REPRO,REPRO INDIA LIMITED,6011.00,32.08,,,,
GODIGIT,GO DIGIT GENERAL INS LTD,238974.00,855.62,,,,
SMALLCAP,MIRAEAMC - SMALLCAP,5443871.00,2531.45,,,,
LANCORHOL,LANCOR HOLDINGS LIMITED,21786.00,5.68,,,,
MOMOMENTUM,MOTILALAMC - MOMOMENTUM,309293.00,207.49,,,,
RPPL,RAJSHREE POLYPACK LTD,25240.00,6.39,,,,
SSWL,STEEL STRIPS WHEELS LTD.,794923.00,1881.94,,,,
SAURASHCEM,SAURASHTRA CEMENT LIMITED,342605.00,393.30,,,,
GVPIL,GE POWER INDIA LIMITED,536907.00,1891.60,,,,
UGROCAP,SEC RED NCD 10.15% SR. I,614805.00,1116.10,,,,
MOLOWVOL,MOTILALAMC - MOLOWVOL,9285.00,3.48,,,,
THEMISMED,THEMIS MEDICARE LTD.,224412.00,363.35,,,,
MOCAPITAL,MOTILALAMC - MOCAPITAL,695259.00,313.05,,,,
OMAXE,OMAXE LIMITED,440844.00,413.25,,,,
PTL,PTL ENTERPRISES LTD,6808.00,2.78,,,,
NIF100BEES,NIP IND ETF NIFTY 100,37283.00,100.72,,,,
RKSWAMY,R K SWAMY LIMITED,84240.00,144.93,,,,
INDTERRAIN,IND TERRAIN FASHIONS LTD,17971.00,7.78,,,,
PRITIKAUTO,PRITIKA AUTO INDUS LTD,54332.00,12.48,,,,
HEALTHIETF,ICICIPRAMC - ICICIPHARM,115870.00,172.27,,,,
TMB,TAMILNAD MERCA BANK LTD,313067.00,1394.90,,,,
APOLLOPIPE,APOLLO PIPES LIMITED,386636.00,1661.98,,,,
SUNDROP,SUNDROP BRANDS LIMITED,84876.00,677.16,,,,
MPSLTD,MPS LIMITED,98518.00,2249.33,,,,
BASML,BANNARI AM SPIN MILL LTD.,71903.00,21.35,,,,
NIITMTS,NIIT LEARNING SYSTEMS LTD,170737.00,599.77,,,,
SETFNN50,SBI-ETF NIFTY NEXT 50,32904.00,246.35,,,,
GROWWDEFNC,GROWWAMC - GROWWDEFNC,939205.00,773.00,,,,
ABSLPSE,BIRLASLAMC-ABSLPSE,121081.00,12.15,,,,
BSLNIFTY,ADITYBIRLA SL NIF ETF-GR,391037.00,113.13,,,,
GALAXYSURF,GALAXY SURFACTANTS LTD,45091.00,1109.35,,,,
LGBBROSLTD,LG BALAKRISHNAN & BROS,126064.00,1753.81,,,,
BUTTERFLY,BTRFLY GANDHI APPL LTD,8317.00,63.48,,,,
LTGILTBEES,NIP IND ETF LONGTERM GILT,69724.00,20.09,,,,
ESG,MIRAEAMC - MAESGETF,23907.00,10.33,,,,
KALPATARU,KALPATARU LIMITED,26867.00,105.65,,,,
GREENPLY,GREENPLY INDUSTRIES LTD,403434.00,1259.45,,,,
ASAHIINDIA,ASAHI INDIA GLASS LIMITED,164365.00,1427.98,,,,
PILANIINVS,PILANI INV & IND COR LTD,13024.00,708.22,,,,
SASKEN,SASKEN TECHNOLOGIES LTD,59614.00,899.24,,,,
CENTENKA,CENTURY ENKA LTD,52052.00,296.23,,,,
ITETF,MIRAEAMC - ITETF,839365.00,312.37,,,,
VSSL,VARDHMAN SPC STEEL LTD,63290.00,180.34,,,,
BIRLAMONEY,ADITYA BIRLA MONEY LTD,46986.00,85.35,,,,
ANTELOPUS,ANTELOPUS SELAN ENRGY LTD,114148.00,737.60,,,,
TINNARUBR,TINNA RUBBER AND INFR LTD,18417.00,179.23,,,,
SBIETFQLTY,SBIAMC - SBIETFQLTY,3984.00,8.95,,,,
BOROSCI,BOROSIL SCIENTIFIC LTD,59184.00,88.51,,,,
GEMAROMA,GEM AROMATICS LIMITED,40525.00,100.97,,,,
PANCARBON,PANA CARBON IND CO LTD,100.00,0.50,,,,
AVROIND,AVRO INDIA LIMITED,600.00,0.89,,,,
SARLAPOLY,SARLA PERF. FIBERS LTD,19381.00,19.41,,,,
VLSFINANCE,VLS FINANCE LTD,61630.00,153.63,,,,
VARDHACRLC,VARDHMAN ACRYLICS LIMITED,1659.00,0.76,,,,
GROWWNET,GROWWAMC - GROWWNET,150245.00,16.04,,,,
AVTNPL,AVT NATURAL PRODUCTS LTD,43592.00,40.34,,,,
FOODSIN,FOODS & INNS LIMITED,18514.00,18.50,,,,
AONEGOLD,AONEAMC - AONEGOLD,79562.00,9.14,,,,
PATELRMART,PATEL RETAIL LIMITED,39246.00,89.50,,,,
TARMAT,TARMAT LIMITED,5585.00,3.27,,,,
COFFEEDAY,COFFEE DAY ENTERPRISE LTD,53054.00,26.11,,,,
NECLIFE,NECTAR LIFESCIENCES LIMIT,3307.00,1.03,,,,
TNPETRO,TNPETRONPP180899DEPO,25661.00,22.37,,,,
BHAGYANGR,BHAGYANAGAR INDIA LIMITED,1000.00,0.97,,,,
VINYLINDIA,VINYL CHEMICALS (I) LTD.,13037.00,40.90,,,,
GLOBECIVIL,GLOBE CIVIL PROJECTS LTD,142253.00,109.53,,,,
OCCL,ORIENTAL CARBN & CHEM LTD,720.00,2.26,,,,
GSEC5IETF,ICICIPRAMC - ICICI5GSEC,1898.00,1.21,,,,
MEDICAMEQ,MEDICAMEN BIOTECH LIMITED,18745.00,85.50,,,,
GEECEE,GEECEE VENTURES LIMITED,251.00,0.96,,,,
PEL,PIRAMAL ENTERPRISES LTD,293264.00,3442.20,,,,
SRGHFL,SRG HOUSING FINANCE L,2.00,0.01,,,,
SHREERAMA,SHREE RAMA MULTI TECH LTD,50134.00,22.60,,,,
UNITECH,UNITECH LIMITED,20000.00,1.51,,,,
DIGIDRIVE,DIGIDRIVE DISTRIBUTORS L,5300.00,1.73,,,,
TRIGYN,TRIGYN TECHNOLOGIES LTD,7780.00,7.89,,,,
DTIL,DHUNSERI TEA & IND. LTD.,4248.00,8.74,,,,
IZMO,IZMO LIMITED,120.00,1.39,,,,
AONENIFTY,AONEAMC - AONENIFTY,49920.00,5.09,,,,
GROWWLOVOL,GROWWAMC - GROWWLOVOL,4552.00,0.47,,,,
PRAKASHSTL,PRAKASH STEELAGE LTD,1080.00,0.09,,,,
ACL,ANDHRA CEMENTS LIMITED,62.00,0.04,,,,
KAPSTON,KAPSTON SERVICES LIMITED,8.00,0.02,,,,
KCP,KCP LIMITED,1379098.00,2997.52,,,,
APARINDS,APAR INDUSTRIES LTD.,76188.00,6303.75,,,,
INOXWIND,INOX WIND LIMITED,20805908.00,34936.43,,,,
ARE&M,AMARA RAJA ENERGY MOB LTD,1520010.00,16229.65,,,,
EASEMYTRIP,EASY TRIP PLANNERS LTD,67371328.00,8311.72,,,,
ORIENTPPR,ORIENT PAPER AND INDS LTD,3304645.00,1094.91,,,,
ITCHOTELS,ITC HOTELS LIMITED,6960729.00,15835.46,,,,
AURUM,AURUM PROPTECH LIMITED,150290.00,285.56,,,,
DEVYANI,DEVYANI INTERNATIONAL LTD,9657075.00,16799.87,,,,
HDFCBANK,HDFC BANK LTD,3725131.00,35123.58,,,,
ITC,ITC LTD,12465888.00,52156.06,,,,
LLOYDSENGG,LLOYDS ENGG WORK LIMITED,18605163.00,12252.10,,,,
TEXRAIL,TEXMACO RAIL & ENG. LTD.,8981923.00,14930.57,,,,
INDUSINDBK,INDUSIND BANK LIMITED,4409497.00,35928.48,,,,
BSOFT,BIRLASOFT LIMITED,5399817.00,23496.65,,,,
OIL,OIL INDIA LTD,3451061.00,15614.02,,,,
GOLDTECH,AION-TECH SOLUTIONS LTD,1500.00,1.02,,,,
GODREJPROP,GODREJ PROPERTIES LTD,1071587.00,24103.61,,,,
VTL,VARDHMAN TEXTILES LIMITED,690884.00,3236.87,,,,
NHPC,8.43% SEC RED BOND S1B,32275262.00,29478.39,,,,
HAL,HINDUSTAN AERONAUTICS LTD,2835736.00,134651.21,,,,
JAGRAN,JAGRAN PRAKASHAN LIMITED,726174.00,537.51,,,,
TATAMOTORS,TATA MOTORS LIMITED,11948248.00,86656.23,,,,
BSE,BSE LIMITED,3291933.00,80263.07,,,,
NIVABUPA,NIVA BUPA HEALTH INS CO L,6788479.00,5731.81,,,,
TASTYBITE,TASTY BITE EATABLES LTD,7725.00,837.92,,,,
DMART,AVENUE SUPERMARTS LIMITED,360782.00,15949.36,,,,
FACT,FACT LTD,746437.00,7371.06,,,,
MANINFRA,MAN INFRA LTD,1770269.00,3115.48,,,,
STAR,STRIDES PHARMA SCI LTD,822114.00,6492.05,,,,
ALOKINDS,ALOK INDUSTRIES LIMITED,14312080.00,2830.55,,,,
DALBHARAT,DALMIA BHARAT LIMITED,51841.00,1166.34,,,,
PCJEWELLER,PC JEWELLER LTD,76614903.00,10590.84,,,,
SHREEJISPG,SHREEJI SHIPPING GLOBAL L,60283.00,146.58,,,,
RADHIKAJWE,RADHIKA JEWELTECH LIMITED,453695.00,435.11,,,,
VERANDA,VERANDA LEARNING SOL LTD,6155954.00,14189.12,,,,
LTIM,LTIMINDTREE LIMITED,130464.00,7119.72,,,,
HIMATSEIDE,HIMATSINGKA SEIDE LTD,2829266.00,4194.81,,,,
ARVIND,ARVIND LIMITED,1392590.00,4639.87,,,,
COFORGE,COFORGE LIMITED,1089074.00,18906.53,,,,
SONATSOFTW,SONATA SOFTWARE LTD,2099641.00,8469.28,,,,
TI,TILAKNAGAR INDUSTRIES LTD,3544593.00,15742.40,,,,
FIVESTAR,FIVE-STAR BUS FIN LTD,2098297.00,12408.77,,,,
IEX,INDIAN ENERGY EXC LTD,9401761.00,15306.33,,,,
KECL,KIRLOSKAR ELECTRIC CO LTD,227427.00,316.52,,,,
KOLTEPATIL,KOLTE PATIL DEV. LTD.,324218.00,1434.25,,,,
AVONMORE,AVONMORE CAP&MGT SERV LTD,12427.00,2.36,,,,
TEJASNET,TEJAS NETWORKS LIMITED,4210891.00,30636.10,,,,
MOTILALOFS,MOTILAL OSWAL FIN LTD,1176934.00,10335.10,,,,
WAAREEENER,WAAREE ENERGIES LIMITED,1676331.00,56982.56,,,,
MAYURUNIQ,MAYUR UNIQUOTERS LTD,146705.00,814.75,,,,
PARADEEP,PARADEEP PHOSPHATES LTD,8042069.00,15302.44,,,,
SAREGAMA,SAREGAMA INDIA LIMITED,690186.00,3617.38,,,,
WABAG,VA TECH WABAG LTD,934314.00,13630.15,,,,
KARURVYSYA,KARUR VYSYA BANK LTD,2892499.00,6237.19,,,,
VBL,VARUN BEVERAGES LIMITED,9501779.00,47251.99,,,,
TFCILTD,TOURISM FINANCE CORP. OF,57645534.00,30700.69,,,,
CORDSCABLE,CORDS CABLE INDUS LTD.,6035.00,11.46,,,,
CYIENTDLM,CYIENT DLM LIMITED,854135.00,4295.41,,,,
EXICOM,EXICOM TELE SYSTEMS LTD,740280.00,1242.75,,,,
LODHA,LODHA DEVELOPERS LIMITED,1773779.00,22637.04,,,,
CEMPRO,CEMINDIA PROJECTS LIMITED,913648.00,6673.44,,,,
BIRLACABLE,BIRLA CABLE LIMITED,13665.00,25.38,,,,
SWANCORP,SWAN CORP LIMITED,6469468.00,32337.63,,,,
BRIGADE,BRIGADE ENTER. LTD,687226.00,7156.86,,,,
CARRARO,CARRARO INDIA LIMITED,70666.00,323.74,,,,
CIEINDIA,CIE AUTOMOTIVE INDIA LTD,575930.00,2597.78,,,,
SADBHAV,SADBHAV ENGINEERING LIMIT,571024.00,75.53,,,,
KTKBANK,KARNATAKA BANK LIMITED,15218089.00,28392.00,,,,
MRPL,MRPL,7393607.00,11505.86,,,,
PETRONET,PETRONET LNG LIMITED,2372091.00,7081.78,,,,
MSPL,MSP STEEL & POWER LTD.,1073217.00,395.60,,,,
SHALPAINTS,SHALIM PAINTS LTD,871269.00,841.78,,,,
ARMANFIN,ARMAN FIN SERV LTD,64573.00,1024.87,,,,
URJA,URJA GLOBAL LIMITED,307933.00,43.82,,,,
SHRIRAMFIN,SEC RED NCD 9.30% SR. IV,3433372.00,22626.24,,,,
DONEAR,DONEAR IND. LIMITED,32790.00,34.49,,,,
MBLINFRA,MBL INFRASTRUCTURE LTD,165616.00,72.15,,,,
SUPRIYA,SUPRIYA LIFESCIENCE LTD,454225.00,3191.70,,,,
SIEMENS,SIEMENS LTD,434273.00,14904.32,,,,
STYLEBAAZA,BAAZAR STYLE RETAIL LTD,763741.00,2643.97,,,,
MAMATA,MAMATA MACHINERY LIMITED,531006.00,2554.88,,,,
SUBEXLTD,SUBEX LTD,774004.00,130.16,,,,
NILAINFRA,NILA INFRASTRUCTURES LTD,95734.00,11.27,,,,
JMFINANCIL,JM FINANCIAL LIMITED,11924568.00,19383.42,,,,
EVERESTIND,EVEREST INDUSTRIES LTD,10061.00,69.19,,,,
VSTIND,VST INDUSTRIES LTD.,1327842.00,3958.33,,,,
ROSSTECH,ROSSELL TECHSYS LIMITED,71727.00,524.81,,,,
INDIGO,INTERGLOBE AVIATION LTD,441287.00,24839.72,,,,
ICICIBANK,ICICI BANK LTD DEPO SETT,2371653.00,32954.25,,,,
BAJAJFINSV,BAJAJ FINSERV LTD.,940763.00,18813.82,,,,
POLYMED,POLY MEDICURE LIMITED,310608.00,6733.39,,,,
MVGJL,MANOJ VAIBHAV GEM N JEW L,271743.00,611.39,,,,
VISHWARAJ,VISHWARAJ SUGAR IND LTD,134693.00,17.17,,,,
JUBLPHARMA,JUBILANT PHARMOVA LTD,472066.00,5278.75,,,,
SATIN,SATIN CREDIT NET LTD,415922.00,669.66,,,,
UNOMINDA,UNO MINDA LIMITED,433526.00,5413.01,,,,
PANACEABIO,PANACEA BIOTEC LTD.,359221.00,1500.90,,,,
CHAMBLFERT,CHAMBAL FERTILIZERS LTD,4864075.00,26850.98,,,,
AMBER,AMBER ENTERPRISES (I) LTD,149963.00,11829.45,,,,
INDUSTOWER,INDUS TOWERS LIMITED,5434801.00,19119.15,,,,
SAKHTISUG,SAKHTISUG SUGARS LTD,1096405.00,458.22,,,,
PNBGILTS,PNB GILTS LIMITED,3687108.00,3887.11,,,,
MOSILVER,MOTILALAMC - MOSILVER,68945.00,122.31,,,,
ASTRAMICRO,ASTRA MICROWAVE LTD,2078801.00,19061.22,,,,
KPIL,KALPATARU PROJECT INT LTD,185587.00,2281.39,,,,
NSIL,NALWA SONS INVESTMENT LTD,25670.00,1965.03,,,,
WELCORP,WELSPUN CORP LIMITED,1615850.00,13689.75,,,,
ECOSMOBLTY,ECOS (INDIA) MOB & HOSP L,255720.00,726.00,,,,
KIRLOSBROS,KIRLOSKAR BROTHERS LTD,188522.00,3963.05,,,,
SPANDANA,SPANDANA SPHOORTY FIN LTD,718069.00,2480.55,,,,
TEAMLEASE,TEAMLEASE SERVICES LTD.,95673.00,1941.56,,,,
WHIRLPOOL,WHIRLPOOL OF INDIA LTD,229079.00,2939.16,,,,
JINDRILL,JINDAL DRILLING IND. LTD,485204.00,3258.32,,,,
KSL,KALYANI STEELS LIMITED,278578.00,2414.25,,,,
NILKAMAL,NILKAMAL LIMITED,6730.00,117.87,,,,
SILINV,SIL INVESTMENTS LIMITED,518.00,3.70,,,,
SUMMITSEC,SUMMIT SECURITIES LTD,17715.00,381.05,,,,
TAJGVK,TAJ GVK HOTELS & RESORT,1013477.00,4450.05,,,,
DBEIL,DEEPAK BUILDERS & ENG I L,155959.00,279.07,,,,
NDRAUTO,NDR AUTO COMPONENTS LTD,30194.00,325.70,,,,
PFS,PTC INDIA FIN SERV LTD,1981080.00,802.61,,,,
NIITLTD,NIIT LIMITED,2891108.00,4152.23,,,,
APOLLOHOSP,APOLLO HOSPITALS ENTER. L,96903.00,7363.31,,,,
HDFCLIFE,HDFC LIFE INS CO LTD,967832.00,7345.23,,,,
BRNL,BHARAT ROAD NETWORK LTD,11907.00,2.76,,,,
TDPOWERSYS,TD POWER SYSTEMS LTD.,759725.00,4039.19,,,,
JKPAPER,JK PAPER LIMITED,748501.00,3077.80,,,,
MMFL,MM FORGINGS LTD,271784.00,992.53,,,,
VSTL,VIBHOR STEEL TUBES LTD,8942.00,16.03,,,,
SYNCOMF,SYNCOM FORMU (I) LTD,197928.00,38.24,,,,
SHRIPISTON,SHRIRAM PIST. & RING LTD,52274.00,1326.98,,,,
MPHASIS,MPHASIS LIMITED,185098.00,5254.16,,,,
ASTRAL,ASTRAL LIMITED,963716.00,14545.87,,,,
JKCEMENT,JK CEMENT LIMITED,34347.00,2312.52,,,,
KOTAKBANK,KOTAK MAHINDRA BANK LIMIT,319584.00,6699.30,,,,
SJS,SJS ENTERPRISES LIMITED,154629.00,2022.64,,,,
BOSCHLTD,BOSCH LIMITED,13976.00,5496.54,,,,
IGL,INDRAPRASTHA GAS LTD,2040168.00,4459.82,,,,
VOLTAS,VOLTAS LTD,439276.00,6206.61,,,,
INTELLECT,INTELLECT DESIGN ARENA,491438.00,4966.52,,,,
CUB,CITY UNION BANK LTD,1278941.00,2603.29,,,,
AJANTPHARM,AJANTA PHARMA LIMITED,80116.00,2134.30,,,,
CRAFTSMAN,CRAFTSMAN AUTOMATION LTD,26972.00,1668.38,,,,
WESTLIFE,WESTLIFE FOODWORLD LTD,129722.00,926.80,,,,
PFOCUS,PRIME FOCUS LIMITED,1411238.00,2515.84,,,,
PFIZER,PFIZER LTD,47186.00,2566.23,,,,
SHARDAMOTR,SHARDA MOTOR INDS LTD,129121.00,1376.57,,,,
PNGJL,P N GADGIL JEWELLERS LTD,630335.00,3906.37,,,,
AJMERA,AJMERA REALTY & INF I LTD,219040.00,2118.78,,,,
GABRIEL,GABRIEL INDIA LTD,191806.00,1956.57,,,,
ITDC,INDIA TOUR. DEV. CO. LTD.,220281.00,1448.13,,,,
EKC,EVEREST KANTO CYLINDER LI,1337264.00,1994.56,,,,
TARSONS,TARSONS PRODUCTS LIMITED,1498469.00,5536.38,,,,
GOLDCASE,ZERODHAAMC - GOLDCASE,2593490.00,474.42,,,,
RSYSTEMS,R SYS INTERNATIONAL LTD,431371.00,1955.37,,,,
PVTBANKADD,DSPAMC - DSPPVBKETF,33549.00,9.11,,,,
NIFTY1,KOTAK NIFTY ETF,57465.00,156.79,,,,
SAGCEM,SAGAR CEMENTS LIMITED,272484.00,728.83,,,,
JKLAKSHMI,JK LAKSHMI CEMENT LTD,265196.00,2419.67,,,,
HDFCMOMENT,HDFCAMC - HDFCMOMENT,579404.00,186.87,,,,
GROWWRAIL,GROWWAMC - GROWWRAIL,2148382.00,781.03,,,,
HDFCGROWTH,HDFCAMC - HDFCGROWTH,9359.00,11.45,,,,
MOMENTUM,BIRLASLAMC - MOMENTUM,60893.00,19.28,,,,
AVL,ADITYA VISION LIMITED,128875.00,678.63,,,,
GILLETTE,GILLETTE INDIA LTD.,32517.00,3204.06,,,,
DSSL,DYNACONS SYS & SOLN LTD,98482.00,1063.38,,,,
HATSUN,HATSUN AGRO PRODUCT LTD.,60501.00,570.44,,,,
SBISILVER,SBIAMC - SBISILVER,1351953.00,2095.91,,,,
WINDLAS,WINDLAS BIOTECH LIMITED,223051.00,2026.53,,,,
BIGBLOC,BIGBLOC CONSTRUCTION LTD,76059.00,71.48,,,,
ASKAUTOLTD,ASK AUTOMOTIVE LIMITED,340593.00,1751.81,,,,
MANGALAM,MANGALAM DRUG & CHEM LTD,5489.00,4.87,,,,
ALLTIME,ALL TIME PLASTICS LIMITED,154948.00,440.65,,,,
CHEMPLASTS,CHEMPLAST SANMAR LIMITED,225655.00,1002.32,,,,
EVINDIA,MIRAEAMC - EVINDIA,231106.00,70.56,,,,
BSHSL,BOMBAY SUPER HYBRID SEEDS,8490.00,12.59,,,,
SANGAMIND,SANGAM (INDIA) LTD.,24349.00,110.63,,,,
ITETFADD,DSPAMC - DSPITETF,16173.00,6.01,,,,
ARVINDFASN,ARVIND FASHIONS LIMITED,496038.00,2613.13,,,,
PYRAMID,PYRAMID TECHNOPLAST LTD,40376.00,71.08,,,,
TTKPRESTIG,TTK PRESTIGE LTD,103680.00,717.94,,,,
ATULAUTO,ATUL AUTO LIMITED,255526.00,1307.43,,,,
MONARCH,MONARCH NETWORTH CAP LTD,354226.00,1275.32,,,,
AXISTECETF,AXISAMC - AXISTECETF,11929.00,47.64,,,,
MOSMALL250,MOTILALAMC - MOSMALL250,2391176.00,412.18,,,,
CPPLUS,ADITYA INFOTECH LIMITED,38039.00,527.61,,,,
MAKEINDIA,MIRAEAMC - MAMFGETF,24679.00,36.50,,,,
MATRIMONY,MATRIMONY.COM LIMITED,18434.00,118.87,,,,
AGRITECH,AGRI-TECH (INDIA) LIMITED,3499.00,6.57,,,,
JLHL,JUPITER LIFE LINE HOSP L,16180.00,240.47,,,,
MASPTOP50,MIRAEAMC - MASPTOP50,511697.00,320.33,,,,
MIDCAPIETF,ICICIPRAMC - ICICIM150,4313483.00,945.82,,,,
SANOFICONR,SANOFI CONS HEALTHC IND L,3223.00,161.84,,,,
REPCOHOME,REPCO HOME FINANCE LTD,918867.00,3792.30,,,,
KDDL,KDDL LIMITED,31599.00,867.42,,,,
ZYDUSWELL,ZYDUS WELLNESS LIMITED,275344.00,1252.28,,,,
NIFTYIETF,ICICI PRUD NIFTY ETF,556330.00,1532.70,,,,
DYNAMATECH,DYNAMATIC TECHNOLOGIES,69743.00,4898.20,,,,
BHARATRAS,BHARAT RASAYAN LTD,10178.00,1082.72,,,,
LIQUIDADD,DSPAMC - LIQUIDADD,2250.00,24.60,,,,
BLISSGVS,BLISS GVS PHARMA LTD,812953.00,1316.02,,,,
FMGOETZE,FEDERAL-MOGUL GOETZE (IND,114162.00,592.09,,,,
GSS,GSS INFOTECH LIMITED,551013.00,151.90,,,,
ORIENTHOT,ORIENT HOTELS LTD,2728155.00,3813.27,,,,
MIDSMALL,MIRAEAMC - MIDSMALL,1244599.00,605.90,,,,
MIDQ50ADD,DSPAMC - DSPQ50ETF,30249.00,76.81,,,,
INFRAIETF,ICICIPRAMC - ICICIINFRA,164785.00,154.47,,,,
GROWWGOLD,GROWWAMC - GROWWGOLD,282895.00,330.59,,,,
IGPL,I G PETROCHEMICALS LTD,96599.00,507.97,,,,
HDFCNIFBAN,HDFCAMC - HDFCNIFBAN,84262.00,47.08,,,,
PSUBANK,KOTAK PSU BANK,22456.00,162.52,,,,
ALLDIGI,ALLDIGI TECH LIMITED,32663.00,254.71,,,,
HEUBACHIND,HEUBACH COLORANTS IND LTD,31111.00,174.39,,,,
SGIL,SYNERGY GREEN IND. LTD,28728.00,158.94,,,,
ARIHANTSUP,ARIHANT SUPERSTRUCT LTD,178044.00,755.75,,,,
HDFCNEXT50,HDFCAMC - HDFCNEXT50,103918.00,71.70,,,,
LICNETFN50,LICNAMC - LICNFENGP,188.00,0.51,,,,
SUMIT,SUMIT WOODS LIMITED,1000.00,0.90,,,,
STLNETWORK,STL NETWORKS LIMITED,488224.00,142.62,,,,
STEELCITY,STEEL CITY SECURITIES LTD,513.00,0.52,,,,
MINDTECK,MINDTECK (INDIA) LIMITED,9305.00,26.25,,,,
AARON,AARON INDUSTRIES LIMITED,891.00,2.16,,,,
NAHARPOLY,NAHAR POLY FILMS LIMITED,1167.00,3.59,,,,
THEINVEST,THE INVEST TRUST OF IND L,1715.00,2.43,,,,
SCHAND,S CHAND AND COMPANY LTD,123180.00,261.60,,,,
AMANTA,AMANTA HEALTHCARE LIMITED,17528.00,23.31,,,,
MMP,MMP INDUSTRIES LIMITED,36747.00,102.95,,,,
UNIDT,UNITED DRILLING TOOLS LTD,4899.00,10.81,,,,
GROWWSLVR,GROWWAMC - GROWWSLVR,409486.00,652.82,,,,
CHEMFAB,CHEMFAB ALKALIS LIMITED,7373.00,51.10,,,,
GROWWMOM50,GROWWAMC - GROWWMOM50,224824.00,24.13,,,,
TECH,BIRLASLAMC - TECH,30142.00,11.64,,,,
AXISBPSETF,AXISAMC - AXISBPSETF,8675.00,1.12,,,,
HDFCLIQUID,HDFC NIFTY 1D RATE LIQUID ETF,12.00,0.12,,,,
GROWWN200,GROWWAMC - GROWWN200,24968.00,2.83,,,,
IMPAL,INDIA MOTOR PARTS AND ACC,682.00,7.99,,,,
SURAJLTD,SURAJ LIMITED,47.00,0.15,,,,
DREAMFOLKS,DREAMFOLKS SERVICES LTD,7704.00,15.60,,,,
ZODIAC,ZODIAC ENERGY LIMITED,137.00,0.62,,,,
BHARATGEAR,BHARAT GEARS LTD.,7703.00,9.68,,,,
AGSTRA,AGS TRANSACT TECH LTD,3262.00,3.15,,,,
500245,KIRLOSKAR FERROUS INDUSTRIES L,2.00,0.01,,,,
CASHIETF,ICICIPRAMC - CASHIETF,12.00,0.12,,,,
COASTCORP,COASTAL CORPORATION LTD,15542.00,6.15,,,,
LOKESHMACH,LOKESH MACHINES LTD,1245.00,3.79,,,,
GEEKAYWIRE,GEEKAY WIRES LIMITED,1771.00,1.38,,,,
EMKAY,EMKAY GLOBAL FIN SERV LTD,205.00,0.72,,,,
KANPRPLA,KANPUR PLASTIPACK LIMITED,150.00,0.35,,,,
NATCAPSUQ,NATURAL CAPSULES LIMITED,200.00,0.45,,,,
SMLT,SARTHAK METALS LIMITED,4221.00,4.76,,,,
HCL-INSYS,HCL INFOSYSTEMS-DEPO SETT,325.00,0.06,,,,
AARTECH,AARTECH SOLONICS LIMITED,800.00,0.42,,,,
TPHQ,TEAMO PRODUCTIONS HQ LTD,10000.00,0.07,,,,
NAHARINDUS,NAHAR INDS ENT LTD,12660.00,16.68,,,,
LANCER,LANCER CONTAINER LINE LTD,2000.00,0.25,,,,
IRB,IRB INFRA DEV LTD.,63581252.00,31454.16,,,,
IRFC,INDIAN RAILWAY FIN CORP L,45172763.00,63690.63,,,,
HINDZINC,HINDUSTAN ZINC LIMITED,6978856.00,33780.31,,,,
RVNL,RAIL VIKAS NIGAM LIMITED,18129352.00,69692.11,,,,
GENUSPOWER,GENUS POWER INFRASTRU LTD,3796826.00,13793.31,,,,
RALLIS,RALLIS INDIA LTD,1320414.00,4418.77,,,,
SWSOLAR,STRLNG & WIL REN ENE LTD,8897275.00,26649.74,,,,
RBLBANK,RBL BANK LIMITED,16276568.00,43386.49,,,,
SAIL,STEEL AUTHORITY OF INDIA,18512648.00,24537.24,,,,
NCC,NCC LIMITED,13076504.00,30218.66,,,,
YESBANK,YES BANK LIMITED,365850900.00,79335.11,,,,
SDBL,SOM DIST & BREW LTD,6588356.00,8833.32,,,,
GAIL,GAIL (INDIA) LTD,16749411.00,31367.89,,,,
IRCTC,INDIAN RAIL TOUR CORP LTD,3323750.00,26423.05,,,,
ONGC,ONGC DEPO. SETT.,10932223.00,27959.14,,,,
TATAPOWER,TATA POWER CO LTD,9866446.00,39183.55,,,,
NETWEB,NETWEB TECH INDIA LTD,452531.00,15922.49,,,,
RTNPOWER,RATTANINDIA POWER LIMITED,25082803.00,3363.38,,,,
ASTERDM,ASTER DM HEALTHCARE LTD.,447287.00,2784.91,,,,
HINDOILEXP,HINDOILEXP,4001331.00,7871.08,,,,
LTFOODS,LT FOODS LIMITED,1317808.00,5773.63,,,,
MAHLOG,MAHINDRA LOGISTIC LIMITED,408927.00,1474.44,,,,
TCS,TATA CONSULTANCY SERV LT,4560762.00,146209.70,,,,
DBL,DILIP BUILDCON LIMITED,707392.00,3530.67,,,,
SKYGOLD,SKY GOLD AND DIAMONDS LTD,1232407.00,3703.54,,,,
SUNTV,SUN TV NETWORK LIMITED,530328.00,3236.31,,,,
BAJEL,BAJEL PROJECTS LIMITED,182617.00,379.48,,,,
SARVESHWAR,SARVESHWAR FOODS LIMITED,4152853.00,278.47,,,,
MTARTECH,MTAR TECHNOLOGIES LIMITED,284839.00,5170.15,,,,
HDBFS,HDB FINANCIAL SERVICES L,663128.00,5024.90,,,,
HIKAL,HIKAL LIMITED,1335417.00,4291.04,,,,
NEULANDLAB,NEULAND LAB LTD.,47247.00,6404.16,,,,
GOLDBEES,NIP IND ETF GOLD BEES,26698689.00,25813.44,,,,
PRAJIND,PRAJ INDUSTRIES LTD,4784155.00,21436.83,,,,
THERMAX,THERMAX LTD,262268.00,9155.00,,,,
KRONOX,KRONOX LAB SCIENCES LTD,196281.00,355.68,,,,
ATGL,ADANI TOTAL GAS LIMITED,1704332.00,11824.55,,,,
MUFTI,CREDO BRANDS MARKETING L,506584.00,665.91,,,,
AUROPHARMA,AUROBINDO PHARMA LTD,768784.00,8956.38,,,,
MOSCHIP,MOSCHIP TECHNOLOGIES LTD,2435097.00,5909.81,,,,
LUPIN,LUPIN LIMITED,426717.00,8505.08,,,,
PIDILITIND,PIDILITE INDUSTRIES LTD,336125.00,5137.71,,,,
ROLEXRINGS,ROLEX RINGS LIMITED,127382.00,1833.14,,,,
TANLA,TANLA PLATFORMS LIMITED,2438506.00,17036.76,,,,
ANUP,THE ANUP ENGINEERING LTD,92929.00,2432.94,,,,
MOREPENLAB,MOREPEN LAB. LTD,14162937.00,8470.83,,,,
GPPL,GUJARAT PIPAVAV PORT LTD,9079221.00,17857.27,,,,
GULFOILLUB,GULF OIL LUB. IND. LTD.,184150.00,2279.84,,,,
NAM-INDIA,NIPPON L I A M LTD,730303.00,5370.23,,,,
VIPIND,VIP INDUSTRIES LTD.,1089391.00,4796.34,,,,
JSWCEMENT,JSW CEMENT LIMITED,3067154.00,4547.28,,,,
ENGINERSIN,ENGINEERS INDIA - DEPO,12053898.00,26019.82,,,,
TATACONSUM,TATA CONSUMER PRODUCT LTD,560193.00,6132.19,,,,
LINDEINDIA,LINDE INDIA LIMITED,144463.00,9740.35,,,,
ABREL,ADITYA BIRLA REAL EST LTD,387618.00,7807.63,,,,
BLAL,BEML LAND ASSETS LIMITED,90815.00,210.96,,,,
KOPRAN,KOPRAN LTD,387518.00,708.68,,,,
UFLEX,UFLEX LIMITED,183692.00,1039.82,,,,
EXXARO,EXXARO TILES LIMITED,146585.00,11.82,,,,
GMDCLTD,GUJARAT MINERAL DEV CORP,5814634.00,30853.58,,,,
GODFRYPHLP,GODFREY PHILIPS-DEPO,749563.00,25521.91,,,,
DISHTV,DISH TV INDIA LTD.,3781146.00,230.39,,,,
SPLPETRO,SUPREME PETROCHEM LIMITED,102598.00,850.80,,,,
INDOSTAR,INDOSTAR CAPITAL FIN LTD,1048447.00,3192.40,,,,
AEGISLOG,AEGIS LOGISTICS LIMITED,877545.00,7102.50,,,,
BALAXI,BALAXI PHARMA LTD,86694.00,52.54,,,,
JUBLINGREA,JUBILANT INGREVIA LIMITED,992683.00,7311.13,,,,
JAICORPLTD,JAI CORP LIMITED,1668893.00,2875.62,,,,
JYOTISTRUC,JYOTI STRUCTURES LTD,21744866.00,4019.60,,,,
KELLTONTEC,KELLTON TECH SOL LTD,4482778.00,1201.83,,,,
VIKASECO,VIKAS ECOTECH LIMITED,84362.00,1.85,,,,
UNIONBANK,UNION BANK OF INDIA,22969726.00,31542.43,,,,
KIRIINDUS,KIRI INDUSTRIES LIMITED,2701539.00,16519.06,,,,
CLEAN,CLEAN SCIENCE & TECH LTD,951686.00,12636.01,,,,
ELECON,ELECON ENG. CO. LTD,1448205.00,8890.33,,,,
HGINFRA,H.G.INFRA ENGINEERING LTD,481256.00,5259.42,,,,
NH,NARAYANA HRUDAYALAYA LTD.,628149.00,11690.63,,,,
PRINCEPIPE,PRINCE PIPES FITTINGS LTD,868946.00,3139.60,,,,
SAILIFE,SAI LIFE SCIENCES LIMITED,750366.00,6502.12,,,,
ORIENTCEM,ORIENT CEMENT LTD.,2850563.00,7079.73,,,,
YATRA,YATRA ONLINE LIMITED,1217569.00,1710.65,,,,
PERSISTENT,PERSISTENT SYSTEMS LTD,484595.00,26637.57,,,,
COMPUSOFT,COMPUCOM SOFTWARE LTD,35931.00,7.73,,,,
XCHANGING,XCHANGING SOLUTIONS LTD,342455.00,353.98,,,,
LICHSGFIN,LIC HOUSING. FIN.- DEP RS,3169038.00,19103.89,,,,
MOTISONS,MOTISONS JEWELLERS LTD,3954805.00,787.71,,,,
HAPPSTMNDS,HAPPIEST MINDS TECHNO LTD,2843070.00,18982.46,,,,
IOLCP,IOL CHEM AND PHARMA LTD,5936141.00,6239.31,,,,
HLVLTD,HLV LIMITED,869814.00,125.52,,,,
KAYNES,KAYNES TECHNOLOGY IND LTD,491354.00,33324.20,,,,
EIEL,ENVIRO INFRA ENGINEERS L,3773197.00,9840.34,,,,
SUNFLAG,SUNFLAG IRON AND STEEL CO,619348.00,1776.55,,,,
GRPLTD,GRP LIMITED,3215.00,78.06,,,,
NUCLEUS,NUCLEUS SOFTWARE EXPORTS,72976.00,827.94,,,,
TIINDIA,TUBE INVEST OF INDIA LTD,221565.00,7171.66,,,,
MANBA,MANBA FINANCE LIMITED,156199.00,232.58,,,,
DENTA,DENTA WATER N INFRA SOL L,413719.00,1782.43,,,,
MAHSEAMLES,MAHARASHTRA SEAMLESS LTD,1097072.00,7543.97,,,,
SUBROS,SUBROS LIMITED,158111.00,1680.21,,,,
SURYAROSNI,SURYA ROSHNI LTD,756907.00,2314.63,,,,
DYCL,DYNAMIC CABLES LIMITED,208538.00,908.74,,,,
GODREJCP,GODREJ CONSUMER PRODUCTS,543847.00,6698.18,,,,
PRICOLLTD,PRICOL LIMITED,424925.00,2047.30,,,,
360ONE,360 ONE WAM LIMITED,455462.00,4935.43,,,,
FUSION,FUSION FINANCE LIMITED,1644550.00,3953.27,,,,
GOCOLORS,GO FASHION INDIA LTD,130744.00,1020.69,,,,
DEEPAKFERT,DEEPAK FERTILIZERS & PETR,665256.00,8874.56,,,,
TBZ,TRIB BHIMJI ZAVERI LTD,412472.00,826.75,,,,
ACLGATI,ALLCARGO GATI LIMITED,1115708.00,822.14,,,,
INSECTICID,INSECTICIDES (I) LTD,110387.00,925.34,,,,
NOVAAGRI,NOVA AGRITECH LIMITED,29563.00,16.82,,,,
NCLIND,NCL INDUSTRIES LIMITED,213684.00,466.81,,,,
COSMOFIRST,COSMO FIRST LIMITED,434849.00,4371.02,,,,
PENIND,PENNAR INDUSTRIES LTD,2011330.00,4728.73,,,,
MONTECARLO,MONTE CARLO FASHIONS LTD.,53638.00,376.29,,,,
BFINVEST,BF INVESTMENT LIMITED,108634.00,578.28,,,,
BHARTIARTL,BHARTI AIRTEL LIMITED,1202748.00,22993.18,,,,
INDOAMIN,INDO AMINES LIMITED,224182.00,364.92,,,,
STALLION,STALLION IND FLUOROCHEM L,365078.00,1070.23,,,,
RAMCOCEM,THE RAMCO CEMENTS LIMITED,357481.00,3693.50,,,,
GICHSGFIN,GIC HOUSING FINANCE LTD,1194739.00,2386.09,,,,
CARTRADE,CARTRADE TECH LIMITED,542570.00,12638.21,,,,
HDFCSML250,HDFCAMC - HDFCSML250,3251994.00,5631.85,,,,
SURAKSHA,SURAKSHA DIAGNOSTIC LTD,358822.00,1113.50,,,,
ZENSARTECH,ZENSAR TECHNOLOGIES LTD,704235.00,5766.30,,,,
EPL,EPL LIMITED,1769470.00,4110.54,,,,
UTIAMC,UTI ASSET MNGMT CO LTD,268303.00,3612.92,,,,
BAJAJHCARE,BAJAJ HEALTHCARE LIMITED,949300.00,4745.83,,,,
NESTLEIND,NESTLE INDIA LIMITED,568727.00,6761.13,,,,
V2RETAIL,V2 RETAIL LIMITED,443546.00,9826.37,,,,
GOPAL,GOPAL SNACKS LIMITED,596961.00,2167.58,,,,
KKCL,KEWAL KIRAN CLOTHING LIMI,195841.00,998.19,,,,
CERA,CERA SANITARYWARE LTD,50032.00,3330.72,,,,
IGARASHI,IGARASHI MOTORS INDIA LTD,178762.00,992.32,,,,
SBILIFE,SBI LIFE INSURANCE CO LTD,260096.00,4727.40,,,,
METALIETF,ICICIPRAMC - METALIETF,7071866.00,722.32,,,,
METAL,MIRAEAMC - METAL,1726219.00,178.66,,,,
PHARMABEES,NIPPONAMC - NETFPHARMA,8388978.00,1890.92,,,,
AUBANK,AU SMALL FINANCE BANK LTD,890669.00,6539.84,,,,
MINDACORP,MINDA CORPORATION LTD,782169.00,4425.23,,,,
BHARTIHEXA,BHARTI HEXACOM LIMITED,103008.00,1857.22,,,,
CONSUMBEES,NIP IND ETF CONSUMPTION,382640.00,514.33,,,,
ENRIN,SIEMENS ENERGY INDIA LTD,226860.00,7605.60,,,,
AHLUCONT,AHLUWALIA CONT IND LTD,261995.00,2670.87,,,,
TARIL,TRANSFORMERS AND RECTIFIE,1460862.00,7618.93,,,,
TIMKEN,TIMKEN INDIA LTD.,76357.00,2562.24,,,,
GTLINFRA,GTL INFRASTRUCTURE LIMITE,7127521.00,120.77,,,,
ISGEC,ISGEC HEAVY ENG LTD,182517.00,1983.67,,,,
PRECWIRE,PRECISION WIRES INDIA LTD,559245.00,1049.82,,,,
BALUFORGE,BALU FORGE INDUSTRIES LTD,185870.00,1238.33,,,,
3MINDIA,3M INDIA LIMITED,8731.00,2641.66,,,,
PGIL,PEARL GLOBAL IND LIMITED,108330.00,1523.31,,,,
DPABHUSHAN,D. P. ABHUSHAN LIMITED,10894.00,165.51,,,,
INDOTECH,INDO TECH TRANSFORM LTD.,7326.00,129.27,,,,
RAMCOIND,RAMCO INDUSTRIES LIMITED,734135.00,2405.17,,,,
WINDMACHIN,WINDSOR MACHINES LIMITED,107248.00,362.34,,,,
HGS,HINDUJA GLOBAL SOLS. LTD.,113294.00,724.44,,,,
WENDT,WENDT (INDIA) LIMITED,34904.00,3416.70,,,,
CONTROLPR,CONTROL PRINT LIMITED,54382.00,435.69,,,,
AGARWALEYE,DR AGARWALS HEALTH CARE L,132188.00,627.66,,,,
MON100,MOTILAL OS NASDAQ100 ETF,2116083.00,4772.84,,,,
MANGCHEFER,MANG.CHEM.FERT.LTD,201530.00,639.67,,,,
KAMDHENU,KAMDHENU LIMITED,7045799.00,2214.17,,,,
HDFCMID150,HDFCAMC - HDFCMID150,816523.00,172.34,,,,
GOCLCORP,GOCL CORPORATION LIMITED,361134.00,1393.66,,,,
MOM50,MOTILAL OSWAL M50 ETF,22219.00,57.16,,,,
GLOSTERLTD,GLOSTER LIMITED,4499.00,29.97,,,,
DCMNVL,DCM NOUVELLE LIMITED,3349.00,6.05,,,,
SSDL,SARASWATI SAREE DEPOT LTD,11259.00,10.79,,,,
WONDERLA,WONDERLA HOLIDAYS LTD.,171119.00,1537.96,,,,
MIDCAPETF,MIRAEAMC - MAM150ETF,7353492.00,1579.26,,,,
CEWATER,CONCORD ENVIRO SYSTEMS L,84570.00,476.68,,,,
VMART,VMART RETAIL LTD,119958.00,1092.33,,,,
PRSMJOHNSN,PRISM JOHNSON LIMITED,1149791.00,1936.67,,,,
PANAMAPET,PANAMA PETROCHEM LTD,110992.00,372.37,,,,
MAHESHWARI,MAHESHWARI LOGISTICS LTD.,5745.00,3.57,,,,
NIFMID150,UTIAMC - NIFMID150,29031.00,63.68,,,,
HAPPYFORGE,HAPPY FORGINGS LIMITED,73069.00,702.31,,,,
GFLLIMITED,GFL LIMITED,22706.00,15.61,,,,
SPECIALITY,SPECIALITY REST LTD,57279.00,84.57,,,,
DENORA,DE NORA INDIA LIMITED,11668.00,105.60,,,,
REGAAL,REGAAL RESOURCES LIMITED,124507.00,112.91,,,,
RMDRIP,R M DRIP & SPRINK SYS LTD,121057.00,91.93,,,,
TIIL,TECHNOCRAFT INDUSTRIES (I,31773.00,853.93,,,,
HDFCBSE500,HDFCAMC - HDFCBSE500,16097.00,6.02,,,,
ZEEMEDIA,ZEE MEDIA CORPORATION LTD,2716135.00,367.20,,,,
INGERRAND,INGERSOLL RAND LTD.,67128.00,2370.52,,,,
SUNCLAY,SUNDARAM CLAYTON LIMITED,30878.00,564.11,,,,
BPL,BPL LTD - RS 2.50 PAID UP,69799.00,57.91,,,,
RGL,RENAISSANCE GLOBAL LTD,1073013.00,1409.73,,,,
IVC,IL&FS INVESTMENT MANAGERS,235593.00,26.73,,,,
HDFCNIF100,HDFCAMC - HDFCNIF100,31980.00,8.45,,,,
COHANCE,COHANCE LIFESCIENCES LTD,720178.00,6577.72,,,,
ZFCVINDIA,ZF COM VE CTR SYS IND LTD,10705.00,1437.13,,,,
ALIVUS,ALIVUS LIFE SCIENCES LTD,219024.00,2269.44,,,,
EBGNG,GNG ELECTRONICS LIMITED,200641.00,741.54,,,,
LIQUID,MIRAEAMC - LIQUID,454.00,4.54,,,,
KIRLOSIND,KIRLOSKAR INDUSTRIES LIMI,28619.00,1129.73,,,,
TCI,TRANSPORT CORPN OF INDIA,18534.00,214.11,,,,
ESABINDIA,ESAB INDIA LTD,9923.00,526.47,,,,
PVTBANIETF,ICICIPRAMC - ICICIBANKP,1408105.00,384.52,,,,
5PAISA,5PAISA CAPITAL LIMITED,77703.00,296.15,,,,
MALLCOM,MALLCOM (INDIA) LIMITED,5937.00,75.39,,,,
KOHINOOR,KOHINOOR FOODS LIMITED,1042.00,0.45,,,,
SOTL,SAVITA OIL TECHNOLO. LTD,97349.00,440.52,,,,
MUFIN,MUFIN GREEN FINANCE LTD,539852.00,485.04,,,,
ELIN,ELIN ELECTRONICS LIMITED,66694.00,145.11,,,,
BSLGOLDETF,ADITYBIRLA SL GOLD ETF-GR,348108.00,357.07,,,,
AXSENSEX,AXISAMC - AXSENSEX,1372.00,1.14,,,,
IDFNIFTYET,BANDHANAMC - IDFNIFTYET,7243.00,19.90,,,,
HDFCSENSEX,HDFCAMC - HDFCSENSEX,30496.00,27.85,,,,
UTIBANKETF,UTIAMC - UTIBANKETF,44523.00,25.58,,,,
AXISCETF,AXISAMC - AXISCETF,14351.00,18.20,,,,
BANKETF,MIRAEAMC - BANKETF,5764.00,32.60,,,,
RANEHOLDIN,RANE HOLDINGS LIMITED,16874.00,280.17,,,,
YASHO,YASHO INDUSTRIES LIMITED,10299.00,185.62,,,,
TIPSFILMS,TIPS FILMS LIMITED,115.00,0.56,,,,
KOVAI,KOVAI MEDICAL CENTER & HO,50.00,3.15,,,,
DRCSYSTEMS,DRC SYSTEMS INDIA LIMITED,9200.00,1.91,,,,
VIRINCHI,VIRINCHI LIMITED,11387.00,3.57,,,,
ESSENTIA,INTEGRA ESSENTIA LIMITED,77743.00,1.90,,,,
KAVDEFENCE,KAVVERI DFS & WIR TEC LTD,0.00,0.00,,,,
SREEL,SREELEATHERS LIMITED,11262.00,28.78,,,,
RELTD,RAVINDRA ENERGY LIMITED,37206.00,61.70,,,,
AAATECH,AAA TECHNOLOGIES LIMITED,4550.00,5.84,,,,
JMA,JULLUNDUR MOT AGENCY LTD,298.00,0.33,,,,
SIGMA,SIGMA SOLVE LIMITED,2085.00,1.60,,,,
GOLD360,360ONEAMC - GOLD360,73334.00,91.23,,,,
DMCC,DMCC SPECIALITY CHEMICALS,13312.00,43.17,,,,
ONWARDTEC,ONWARDTEC-DEPO,7270.00,23.25,,,,
BELLACASA,BELLA CASA FASH AND RET L,6062.00,23.64,,,,
LOWVOL1,KOTAKMAMC - KOTAKLOVOL,5996.00,1.22,,,,
AXISVALUE,AXISAMC - AXISVALUE,6640.00,1.97,,,,
GROWWPOWER,GROWWAMC - GROWWPOWER,23968.00,2.43,,,,
DHUNINV,DHUNSERI INVESTMENTS LTD,1259.00,22.95,,,,
CYBERTECH,CYBERTECH SYSTEMS & SOFTW,5147.00,11.97,,,,
OILCOUNTUB,OIL COUNTRY TUBULAR LTD.,163.00,0.11,,,,
LIQUIDIETF,ICICIPRAMC - ICICILIQ,23.00,0.23,,,,
LIQUIDSHRI,SHRIRAM - LIQUIDSHRI,60.00,0.64,,,,
SAKUMA,SAKUMA EXPORTS LIMITED,16100.00,0.66,,,,
LINC,LINC LIMITED,12191.00,24.16,,,,
SBINEQWETF,SBIAMC - SBINEQWETF,55.00,0.02,,,,
EQUAL200,MIRAEAMC - EQUAL200,3326.00,0.44,,,,
GSEC10YEAR,MIRAEAMC - MAGS813ETF,2094.00,0.62,,,,
MOGSEC,MOTILALAMC - G5,4222.00,2.64,,,,
MON50EQUAL,MOTILALAMC - MON50EQUAL,2608.00,0.85,,,,
RACE,RACE ECO CHAIN LIMITED,53382.00,134.75,,,,
MAANALU,MAAN ALUMINIUM LIMITED,8500.00,11.40,,,,
DHARMAJ,DHARMAJ CROP GUARD LTD,3731.00,11.69,,,,
ALPHAGEO,ALPHAGEO (INDIA) LIMITED,5910.00,15.54,,,,
DIAMINESQ,DIAMINES & CHEMICALS LTD,250.00,1.00,,,,
JAIPURKURT,NANDANI CREATION LIMITED,850.00,0.35,,,,
AMNPLST,AMINES & PLASTICIZERS LTD,1858.00,5.73,,,,
SENSEXADD,DSPAMC - DSPSENXETF,1448.00,1.21,,,,
RNBDENIMS,R&B DENIMS LIMITED,10.00,0.01,,,,
BYKE,THE BYKE HOSPITALITY LTD,10400.00,7.36,,,,
FLATPROD,FLAT PRODUCTS EQUIPMENT (,0.00,0.00,,,,
PATANJALI,PATANJALI FOODS LIMITED,3204698.00,19534.25,,,,
BAJAJHIND,BAJAJ HINDUSTHAN SUGAR LT,22454377.00,5720.88,,,,
CDSL,CENTRAL DEPO SER (I) LTD,5421044.00,87119.75,,,,
IFCI,IFCI LTD,18882741.00,11334.35,,,,
MTNL,MAHANAGAR TELEPHONE NIGAM,6176065.00,2989.32,,,,
HINDCOPPER,HINDUSTAN COPPER LTD,14890793.00,42949.21,,,,
GMRAIRPORT,GMR AIRPORTS LIMITED,20098056.00,17555.96,,,,
RIIL,RELIANCE INDL INFRA LTD,440148.00,4523.32,,,,
DATAPATTNS,DATA PATTERNS INDIA LTD,510574.00,14225.17,,,,
PARAS,PARAS DEF AND SPCE TECH L,531023.00,4027.09,,,,
ABFRL,ADITYA BIRLA FASHION & RT,31806458.00,39738.57,,,,
BHEL,BHEL,12375546.00,30438.29,,,,
HAVELLS,HAVELLS INDIA LIMITED,871460.00,13693.12,,,,
LAURUSLABS,LAURUS LABS LIMITED,5224721.00,40019.75,,,,
JAMNAAUTO,JAMNA AUTO IND LTD,6240392.00,6686.57,,,,
GODREJAGRO,GODREJ AGROVET LIMITED,824537.00,6209.83,,,,
RELIGARE,RELIGARE ENTER. LTD.,6595754.00,17211.83,,,,
TATAELXSI,TATA ELXSI LIMITED,469534.00,28489.98,,,,
BANKBARODA,BANK OF BARODA,5868539.00,14477.82,,,,
BANDHANBNK,BANDHAN BANK LIMITED,12982750.00,22591.61,,,,
GRAPHITE,GRAPHITE INDIA LTD,1992304.00,11341.78,,,,
JUSTDIAL,JUSTDIAL LTD.,981809.00,9011.78,,,,
PNCINFRA,PNC INFRATECH LTD.,1661352.00,5385.77,,,,
AMBUJACEM,AMBUJA CEMENTS LTD,2194091.00,12790.75,,,,
MAHABANK,BANK OF MAHARASHTRA,36302605.00,20346.71,,,,
GULFPETRO,GP PETROLEUMS LIMITED,57329.00,25.90,,,,
NATCOPHARM,NATCO PHARMA LTD.,2468080.00,24153.21,,,,
FDC,FDC LIMITED,477903.00,2372.82,,,,
JISLJALEQS,JAIN IRRIGATION SYSTEMS,16198630.00,9486.07,,,,
DBREALTY,VALOR ESTATE LIMITED,4219943.00,7737.41,,,,
SJVN,SJVN LTD,24351681.00,25742.43,,,,
LUXIND,LUX INDUSTRIES LIMITED,169659.00,2636.73,,,,
CAMPUS,CAMPUS ACTIVEWEAR LIMITED,1055140.00,3036.23,,,,
AFSL,ABANS FINANCIAL SRVCS LTD,27698.00,67.80,,,,
AFFLE,AFFLE 3I LIMITED,204241.00,3967.99,,,,
RADICO,RADICO KHAITAN LTD,199994.00,5586.23,,,,
UNITDSPR,UNITED SPIRITS LIMITED,1351268.00,18788.95,,,,
BANKINDIA,BANK OF INDIA,20402891.00,24240.79,,,,
MSTCLTD,MSTC LIMITED,1305147.00,7372.17,,,,
ABCAPITAL,ADITYA BIRLA CAPITAL LTD.,3980230.00,10174.91,,,,
KRN,KRN HEAT EXCHANGE N REF L,846235.00,7294.71,,,,
PCBL,PCBL CHEMICAL LIMITED,4382139.00,17945.52,,,,
POONAWALLA,SEC RED NCD 10.25% SR. I,3931150.00,18208.15,,,,
SOUTHBANK,THE SOUTH INDIAN BANK LTD,26575986.00,7813.93,,,,
GNFC,GUJ NAR VAL FER & CHEM L,1989510.00,10977.46,,,,
MOIL,MOIL LIMITED,2754611.00,10723.31,,,,
PRESTIGE,PRESTIGE ESTATE LTD,562185.00,8977.52,,,,
VENKEYS,VENKY S (INDIA) LIMITED,156503.00,2519.99,,,,
BODALCHEM,BODAL CHEMICALS LTD,743745.00,543.58,,,,
RAMASTEEL,RAMA STEEL TUBES LIMITED,60967649.00,6416.63,,,,
INDIAGLYCO,INDIA GLYCOLS LTD,1312754.00,10440.28,,,,
RBZJEWEL,RBZ JEWELLERS LIMITED,49705.00,71.11,,,,
MAXHEALTH,MAX HEALTHCARE INS LTD,1185091.00,13804.53,,,,
GREAVESCOT,GREAVES COTTON LTD.,5413120.00,12019.60,,,,
NDTV,NDTV LTD,19884.00,23.60,,,,
NTPCGREEN,NTPC GREEN ENERGY LIMITED,18444237.00,19477.82,,,,
BFUTILITIE,BF UTILITIES LIMITED,421650.00,3361.43,,,,
EMSLIMITED,EMS LIMITED,1199547.00,7524.17,,,,
EMUDHRA,EMUDHRA LIMITED,156034.00,1142.26,,,,
GOACARBON,GOA CARBON LIMITED,31857.00,161.80,,,,
IMAGICAA,IMAGICAAWORLD ENT LTD,2758429.00,1810.73,,,,
DHAMPURSUG,DHAMPUR SUGAR MILLS LTD.,901110.00,1385.35,,,,
HEROMOTOCO,HERO MOTOCORP LIMITED,238445.00,12304.59,,,,
GENESYS,GENESYS INTL CORPN LTD,521956.00,3440.78,,,,
APEX,APEX FROZEN FOODS LIMITED,153549.00,372.41,,,,
INDOCO,INDOCO REMEDIES LTD.,106043.00,325.67,,,,
WALCHANNAG,WALCHANDNAGAR INDUSTRIES,80614.00,171.87,,,,
AARTIPHARM,AARTI PHARMALABS LIMITED,342496.00,2919.53,,,,
SHAILY,SHAILY ENG PLASTICS LTD,214023.00,4824.14,,,,
SANGHIIND,SANGHI INDUSTRIES LTD,976004.00,713.86,,,,
OPTIEMUS,OPTIEMUS INFRACOM LTD,491812.00,2941.50,,,,
TBOTEK,TBO TEK LIMITED,86385.00,1341.52,,,,
MANAPPURAM,MANAPPURAM FINANCE LTD,3980132.00,10512.47,,,,
MOKSH,MOKSH ORNAMENTS LIMITED,807863.00,115.06,,,,
CESC,CESC LTD.,5214835.00,8842.84,,,,
SYMPHONY,SYMPHONY LIMITED,235589.00,2593.62,,,,
DIFFNKG,DIFFUSION ENGINEERS LTD,141765.00,526.87,,,,
IDEAFORGE,IDEAFORGE TECHNO LTD,1194412.00,6469.98,,,,
INDIAMART,INDIAMART INTERMESH LTD,122899.00,3080.90,,,,
LAXMIDENTL,LAXMI DENTAL LIMITED,275710.00,1001.38,,,,
ONMOBILE,ONMOBILE GLOBAL LIMITED,1393033.00,904.17,,,,
ABLBL,ADITYA BIRLA LIFES BRAN L,7576210.00,11353.68,,,,
SANSERA,SANSERA ENGINEERING LTD,240594.00,3189.16,,,,
UMIYA-MRO,UMIYA BUILDCON LIMITED,1690.00,1.74,,,,
IKIO,IKIO TECHNOLOGIES LIMITED,365760.00,868.28,,,,
CRISIL,CRISIL LTD,84807.00,4395.71,,,,
CHEMCON,CHEMCON SPECIAL CHEM LTD,247860.00,662.88,,,,
KPEL,K.P. ENERGY LIMITED,480516.00,2140.62,,,,
NAVKARCORP,NAVKAR CORPORATION LTD.,1784559.00,2224.56,,,,
JTLIND,JTL INDUSTRIES LIMITED,14288086.00,11129.21,,,,
PARACABLES,PARAMOUNT COMMUNICATIONS,2344702.00,1280.91,,,,
RAJSREESUG,RAJSHREESUGARS LTD,3131.00,1.44,,,,
UTTAMSUGAR,UTTAM SUGAR MILLS LTD.,277827.00,879.41,,,,
MOTHERSON,SAMVRDHNA MTHRSN INTL LTD,15320340.00,16213.51,,,,
RANASUG,RANA SUGARS LTD,224922.00,44.95,,,,
MARKSANS,MARKSANS PHARMA LIMITED,4147627.00,8475.55,,,,
DELHIVERY,DELHIVERY LIMITED,1783525.00,7867.42,,,,
MARUTI,MARUTI SUZUKI INDIA LTD.,64840.00,9673.38,,,,
BAJAJINDEF,INDEF MANUFACTURING LTD,9870.00,37.81,,,,
GREENPOWER,ORIENT GREEN POWER CO LTD,4427640.00,630.02,,,,
INTLCONV,INTL CONVEYORS LIMITED,342901.00,349.59,,,,
CARYSIL,CARYSIL LIMITED,240801.00,2132.29,,,,
POLYPLEX,POLYPLEX CORPORATION LTD,342697.00,4049.09,,,,
ANTHEM,ANTHEM BIOSCIENCES LTD,182350.00,1482.20,,,,
STARPAPER,STAR PAPER MILLS LTD,942.00,1.75,,,,
SUNDRMFAST,SUNDRAM FASTENERS LTD,104613.00,1102.55,,,,
SAMHI,SAMHI HOTELS LIMITED,3317910.00,6657.16,,,,
MASTEK,MASTEK LTD,304798.00,7594.92,,,,
JSWHL,JSW HOLDINGS LIMITED,820.00,142.01,,,,
GOLDETF,MIRAEAMC - MAGOLDETF,798226.00,904.75,,,,
INDIACEM,THE INDIA CEMENTS LIMITED,609561.00,2176.07,,,,
ASIANENE,ASIAN ENERGY SERVICES LTD,556531.00,1906.14,,,,
CAPACITE,CAPACITE INFRAPROJECT LTD,1732676.00,5881.42,,,,
SHILPAMED,SHILPA MEDICARE LTD,91905.00,366.13,,,,
TATAINVEST,TATA INV. CORPN LTD.,524821.00,15461.23,,,,
FIEMIND,FIEM INDUSTRIES LIMITED,121238.00,2404.23,,,,
INDORAMA,INDO RAMA SYNTHETICS LTD,140529.00,78.80,,,,
SIYSIL,SIYARAM SILK MILLS LTD,191684.00,1472.90,,,,
MAZDA,MAZDA LIMITED,35220.00,103.68,,,,
GMBREW,G M BREWERIES LTD,134054.00,1173.15,,,,
BLUSPRING,BLUSPRING ENTERPRISES LTD,260914.00,220.14,,,,
SHAREINDIA,SHARE IND. SECURITIES LTD,2071242.00,3828.33,,,,
INDNIPPON,INDIA NIPPON ELECT  LTD,86756.00,809.01,,,,
GMMPFAUDLR,GMM PFAUDLER LIMITED,276296.00,3282.16,,,,
GRANULES,GRANULES INDIA LIMITED,3922771.00,19972.83,,,,
KSOLVES,KSOLVES INDIA LIMITED,34466.00,119.18,,,,
HONAUT,HONEYWELL AUTOMATION IND,9809.00,3882.65,,,,
UYFINCORP,U. Y. FINCORP LIMITED,36865.00,6.73,,,,
PIIND,PI INDUSTRIES LTD,156124.00,5954.83,,,,
ICICIGI,ICICI LOMBARD GIC LIMITED,141682.00,2735.18,,,,
UPL,UPL LIMITED,1278405.00,8799.10,,,,
ATUL,ATUL LTD,255581.00,15036.06,,,,
APLAPOLLO,APL APOLLO TUBES LTD,265302.00,4515.93,,,,
KPRMILL,K.P.R. MILL LIMITED,303179.00,3393.91,,,,
VINATIORGA,VINATI ORGANICS LTD,58357.00,1047.12,,,,
STARCEMENT,STAR CEMENT LIMITED,623089.00,1697.06,,,,
TORNTPHARM,TORRENT PHARMACEUTICALS L,52792.00,1885.29,,,,
INOXINDIA,INOX INDIA LIMITED,136776.00,1668.88,,,,
GRWRHITECH,GARWARE HI-TECH FILMS LTD,146441.00,5313.29,,,,
SANOFI,SANOFI INDIA LIMITED,42388.00,2244.30,,,,
INOXGREEN,INOX GREEN ENERGY SER LTD,3092212.00,6442.90,,,,
BLSE,BLS E-SERVICES LIMITED,67865.00,127.28,,,,
VSTTILLERS,VST TILLERS TRACTORS LTD,39082.00,1993.64,,,,
MARINE,MARINE ELECTRICAL (I) LTD,100921.00,218.33,,,,
MAHLIFE,MAHINDRA LIFESPACE DEVLTD,1061360.00,4580.95,,,,
SUNDARMHLD,SUNDARAM FINANCE HOLD LTD,317303.00,1631.38,,,,
SCPL,SHEETAL COOL PRODUCTS LTD,4185.00,13.65,,,,
AAVAS,AAVAS FINANCIERS LIMITED,266751.00,4748.07,,,,
PROSTARM,PROSTARM INFO SYSTEMS LTD,632286.00,1358.41,,,,
ANDHRSUGAR,THE ANDHRA SUGARS LTD,466887.00,500.99,,,,
IGIL,INTERNATIO GEMM INS (I) L,826323.00,3312.61,,,,
TREL,TRANSINDIA REAL ESTATE L,62362.00,22.59,,,,
EXCELINDUS,EXCEL INDUSTRIES LTD,25228.00,317.89,,,,
DEEDEV,DEE DEVELOPMENT ENG LTD,193719.00,565.62,,,,
KCPSUGIND,KCP SUGAR IND CORP LTD.,7103.00,2.55,,,,
EMAMIPAP,EMAMI PAPER MILLS LIMITED,184265.00,203.52,,,,
ESAFSFB,ESAF SMALL FINANCE BANK L,1630421.00,575.78,,,,
RPPINFRA,R.P.P INFRA PROJECTS LTD.,67683.00,98.60,,,,
CHOLAHLDNG,CHOLAMANDALAM FIN HOL LTD,99009.00,1917.73,,,,
GOLD1,KOTAK GOLD ETF,1264209.00,1217.95,,,,
HARSHA,HARSHA ENGINEERS INT LTD,1076811.00,4839.58,,,,
MRF,MRF LTD,3066.00,4050.95,,,,
GRINDWELL,GRINDWELL NORTON LIMITED,62223.00,1116.92,,,,
RPGLIFE,RPG LIFE SCIENCES LTD,24296.00,590.32,,,,
VINDHYATEL,VINDHYA TELELINKS LTD,120812.00,1959.04,,,,
RELAXO,RELAXO FOOT LTD.,704919.00,3431.71,,,,
JUNIORBEES,NIP IND ETF JUNIOR BEES,358763.00,2603.34,,,,
NEXT50,MIRAEAMC - MANXT50,11622.00,80.82,,,,
SILVERADD,DSPAMC - DSPSILVETF,193593.00,271.74,,,,
ABSLAMC,ADIT BIRL SUN LIF AMC LTD,334888.00,2788.59,,,,
GANDHITUBE,GANDHI SPL. TUBES LTD,28614.00,260.40,,,,
IT,KOTAKMAMC - KOTAKIT,349408.00,137.08,,,,
HEXT,HEXAWARE TECHNOLOGIES LTD,454881.00,3405.07,,,,
SAFARI,SAFARI IND (INDIA) LTD,35762.00,765.82,,,,
MUNJALSHOW,MUNJAL SHOWA LTD,113876.00,167.20,,,,
SHARIABEES,NIP IND ETF SHARIAH BEES,9905.00,49.56,,,,
SBCL,SHIVALIK BIMETAL CON. LTD,147857.00,804.60,,,,
VINCOFE,VINTAGE COFFEE N BVRGS L,1448336.00,2129.49,,,,
RUBFILA,RUBFILA INTERNATIONAL LTD,10670.00,8.95,,,,
MUTHOOTCAP,MUTHOOT CAP SERV LTD,17020.00,53.01,,,,
RAJOOENG,RAJOO ENGINEERS LIMITED,1353531.00,1426.15,,,,
GLOBALVECT,GLOBAL VEC HELICORP LTD,2939.00,6.49,,,,
INDIASHLTR,INDIA SHELTER FIN CORP L,414839.00,3441.75,,,,
PDSL,PDS LIMITED,472885.00,1830.34,,,,
POKARNA,POKARNA LIMITED,218243.00,1946.36,,,,
NIF100IETF,ICICI PRUD NIFTY 100 ETF,384215.00,110.10,,,,
MONQ50,MOTILALAMC - MONQ50,651308.00,600.88,,,,
FAZE3Q,FAZE THREE LIMITED,40978.00,217.82,,,,
SUNTECK,SUNTECK REALTY LIMITED,1234048.00,5705.75,,,,
MONIFTY500,MOTILALAMC - MONIFTY500,631214.00,149.12,,,,
UTISENSETF,UTIAMC - UTISENSETF,1348.00,12.15,,,,
PVSL,POPULAR VEHICLES N SER L,115210.00,163.76,,,,
HCG,HEALTHCARE GLOB. ENT. LTD,336395.00,2075.01,,,,
FLAIR,FLAIR WRITING INDUST LTD,233387.00,771.54,,,,
MBEL,M AND B ENGINEERING LTD,239261.00,971.35,,,,
FILATFASH,FILATEX FASHIONS LIMITED,886289.00,5.33,,,,
VIPCLOTHNG,VIP CLOTHING LIMITED,140993.00,55.23,,,,
ALANKIT,ALANKIT LIMITED,268837.00,38.25,,,,
20MICRONS,20 MICRONS LTD,198809.00,491.45,,,,
METROBRAND,METRO BRANDS LIMITED,51720.00,640.89,,,,
NEOGEN,NEOGEN CHEMICALS LIMITED,152528.00,2420.99,,,,
TRANSWORLD,TRANSWORLD SHIP LINES LTD,72200.00,229.50,,,,
DVL,DHUNSERI VENTURES LIMITED,19549.00,76.13,,,,
BHARATWIRE,BHARAT WIRE ROPES LTD.,900001.00,1964.66,,,,
CREATIVE,CREATIVE PERI & DIST LTD.,372333.00,2554.69,,,,
GOLDSHARE,UTI GOLD ETF,1356389.00,1142.49,,,,
TRAVELFOOD,TRAVEL FOOD SERVICES LTD,45322.00,597.99,,,,
SWARAJENG,SWARAJ ENGINES LTD,39794.00,1676.19,,,,
GUFICBIO,GUFIC BIOSCIENCES LTD.,148299.00,541.75,,,,
FAIRCHEMOR,FAIRCHEM ORGANICS LIMITED,30981.00,304.92,,,,
DPSCLTD,DPSC LIMITED,60416.00,10.34,,,,
DECCANCE,DECCAN CEMENTS LIMITED,201431.00,2007.99,,,,
YUKEN,YUKEN INDIA LIMITED,6572.00,71.04,,,,
HDFCPSUBK,HDFCAMC HDFCPSUBK,21571.00,15.88,,,,
SBIETFIT,SBIAMC - SBIETFIT,14967.00,60.06,,,,
LAXMIINDIA,LAXMI INDIA FINANCE LTD,331548.00,542.09,,,,
NIFTY50ADD,DSPAMC - DSPN50ETF,16282.00,42.00,,,,
NV20,KOTAKMAMC - KTKNV20ETF,5797.00,8.85,,,,
QNIFTY,QUANTUM NIFTY 50 ETF,1077.00,29.21,,,,
SWELECTES,SWELECT ENERGY SYS LTD,42664.00,372.54,,,,
KHAICHEM,KHAITAN CHEM & FERT LTD,686837.00,850.97,,,,
HDFCLOWVOL,HDFCAMC - HDFCLOWVOL,26418.00,5.51,,,,
GILT5YBEES,RELCAPAMC - NETFGILT5Y,11412.00,7.18,,,,
SUPREME,SUPREME HOLDIN N HOSP I L,18875.00,15.93,,,,
ALKALI,ALKALI METALS LTD,1790.00,1.78,,,,
MAHEPC,MAHINDRA EPC IRRIG LTD,63722.00,104.72,,,,
DCM,DCM  LTD,4948.00,6.55,,,,
ELECTHERM,ELECTROTHERM (I) LTD.,7708.00,81.45,,,,
SUYOG,SUYOG TELEMATICS LIMITED,62694.00,503.34,,,,
ECAPINSURE,EDELAMC - ECAPINSURE,462444.00,108.77,,,,
SDL26BEES,RELCAPAMC-NETFSDL26,2284.00,3.05,,,,
SILVERTUC,SILVER TOUCH TECHNO LTD,7789.00,56.84,,,,
CONSUMER,MIRAEAMC - CONSUMER,257221.00,31.21,,,,
EBBETF0431,EDELAMC - EBBETF0431,286.00,3.93,,,,
SURANASOL,SURANA SOLAR LIMITED,2692.00,0.96,,,,
NECCLTD,NORTH EAST CARRY CORP LTD,8860.00,1.94,,,,
LGHL,LAXMI GOLDORNA HOUSE LTD,117.00,0.66,,,,
KINGFA,KINGFA SCI & TEC IND LTD.,307.00,13.34,,,,
TOP15IETF,ICICIPRAMC - TOP15IETF,6677.00,0.70,,,,
GOYALALUM,GOYAL ALUMINIUMS LIMITED,1560.00,0.13,,,,
NIFTY100EW,KOTAKMAMC - NIFTY100EW,3557.00,1.20,,,,
ASIANTILES,ASIAN GRANITO IND. LTD.,98735.00,56.92,,,,
HDFCVALUE,HDFCAMC - HDFCVALUE,525.00,0.70,,,,
UNIONGOLD,UNIONAMC - UNIONGOLD,1237.00,1.45,,,,
MID150,KOTAKMAMC - MID150,5095.00,1.12,,,,
GROWWLIQID,GROWWAMC - GROWWLIQID,1210.00,1.28,,,,
VAISHALI,VAISHALI PHARMA LIMITED,50001.00,6.24,,,,
TAINWALCHM,TAINWALA CHEMICAL AND PLA,1420.00,3.53,,,,
SHAH,SHAH METACORP LIMITED,233876.00,9.23,,,,
SHREYANIND,SHREYANS INDUSTRIES LTD,400.00,1.19,,,,
ALPA,ALPA LABORATORIES LIMITED,2698.00,2.97,,,,
AJOONI,AJOONI BIOTECH LIMITED,7000.00,0.40,,,,
PARSVNATH,PARSVNATH DEVELOPER LTD,3318.00,0.76,,,,
BGRENERGY,BGR ENERGY SYSTEMS LTD,1.00,0.00,,,,
THOMASCOTT,THOMAS SCOTT (INDIA) LTD,2020.00,6.67,,,,
NIRAJ,NIRAJ CEMENT STRUC LTD,1700.00,0.62,,,,
HINDMOTORS,HINDUSTAN MOTORS LIMITED,5000.00,1.07,,,,
GSEC10IETF,ICICIPRAMC - ICICI10GS,1129.00,2.91,,,,
ABGSEC,BIRLASLAMC - ABGSEC,1.00,0.00,,,,
GVKPIL,GVK POW. & INFRA LTD.,20000.00,1.93,,,,
OMAXAUTO,OMAX AUTOS LTD,2.00,0.00,,,,
GRAUWEIL,GRAUER & WEIL IND LTD,2600.00,2.38,,,,
HERITGFOOD,HERITAGE FOODS LTD,1171747.00,5853.40,,,,
JINDALSAW,JINDAL SAW LIMITED,9151760.00,20811.50,,,,
GSFC,GUJ STATE FERT & CHEM LTD,7155715.00,14969.10,,,,
LICI,LIFE INSURA CORP OF INDIA,3436420.00,31317.77,,,,
GRAVITA,GRAVITA INDIA LIMITED,826168.00,14835.33,,,,
MCX,MULTI COMMODITY EXCHANGE,253226.00,20566.76,,,,
TTML,TATA TELESERV(MAHARASTRA),608898.00,387.99,,,,
IOB,IOB,28128250.00,12077.52,,,,
LT,LARSEN & TOUBRO LIMITED,935833.00,32827.46,,,,
NSLNISP,NMDC STEEL LIMITED,21611797.00,9778.03,,,,
RECLTD,REC LIMITED,17536780.00,71922.08,,,,
ETERNAL,ETERNAL LIMITED,9005784.00,25293.31,,,,
FCL,FINEOTEX CHEMICAL LIMITED,1410865.00,3702.16,,,,
AARTIIND,AARTI INDUSTRIES LTD,3959450.00,17425.44,,,,
SMCGLOBAL,SMC GLOBAL SECURITIES LTD,1113975.00,1626.56,,,,
BORORENEW,BOROSIL RENEWABLES LTD,1568741.00,9386.22,,,,
CHENNPETRO,CHENNAI PETROLEUM CORP LT,1818449.00,13702.97,,,,
HDFCSILVER,HDFCAMC - HDFCSILVER,2591373.00,3787.95,,,,
KPIGREEN,KPI GREEN ENERGY LIMITED,2063636.00,9962.00,,,,
PPLPHARMA,PIRAMAL PHARMA LIMITED,9132192.00,18968.80,,,,
RAILTEL,RAILTEL CORP OF IND LTD,6875756.00,28455.50,,,,
FINCABLES,FINOLEX CABLES LTD,1086854.00,10280.20,,,,
KIRLOSENG,KIRLOSKAR OIL ENG LTD,419356.00,3904.73,,,,
SRHHYPOLTD,SREE RAYALSEEMA HHP LTD.,51927.00,339.26,,,,
TEGA,TEGA INDUSTRIES LIMITED,1781324.00,35544.96,,,,
EXIDEIND,EXIDE INDUSTRIES LTD,5488877.00,24026.90,,,,
HEMIPROP,HEMISPHERE PROP IND LTD,3028897.00,4807.53,,,,
KOKUYOCMLN,KOKUYO CAMLIN LIMITED,158024.00,196.09,,,,
ADANIGREEN,ADANI GREEN ENERGY LTD,2534119.00,26927.81,,,,
ACUTAAS,ACUTAAS CHEMICALS LIMITED,289490.00,3835.39,,,,
EMBDL,EMBASSY DEVELOPMENTS LTD,39499208.00,45774.49,,,,
IMFA,INDIAN METALS & FERRO,246479.00,2187.60,,,,
GMRP&UI,GMR POW AND URBAN INFRA L,12378909.00,14386.60,,,,
BECTORFOOD,MRS BECTORS FOOD SPE LTD,224331.00,3188.74,,,,
TVSSCS,TVS SUPPLY CHAIN SOL L,3025534.00,4322.37,,,,
WOCKPHARMA,WOCKHARDT LTD.,1923352.00,29219.01,,,,
IOC,INDIAN OIL CORP LTD,16228302.00,24114.08,,,,
SKFINDIA,SKF INDIA LTD,44023.00,2065.64,,,,
NIACL,THE NEW INDIA ASSU CO LTD,3332489.00,7109.58,,,,
HEG,HEG LTD,1898964.00,9977.10,,,,
PPL,PRAKASH PIPES LIMITED,281964.00,1014.38,,,,
NOCIL,NOCIL LIMITED,2508517.00,5309.10,,,,
SAGILITY,SAGILITY LIMITED,26566471.00,11856.23,,,,
APOLLOTYRE,APOLLOTYRE DEPO,1122314.00,5442.14,,,,
DELTACORP,DELTA CORP LIMITED,9143077.00,8804.96,,,,
MSUMI,MOTHERSON SUMI WRNG IND L,10803653.00,4921.97,,,,
NATIONALUM,NATIONAL ALUMINIUM CO LTD,9456890.00,19229.54,,,,
MANAKSIA,MANAKSIA LTD.,17635.00,15.23,,,,
BHARATFORG,BHARAT FORGE LTD,1208688.00,15471.62,,,,
QPOWER,QUALITY POWER ELEC EQUP L,760233.00,6098.94,,,,
MCLEODRUSS,MCLEOD RUSSEL INDIA LTD.,88651.00,34.01,,,,
BPCL,BHARAT PETROLEUM CORP  LT,2643643.00,8731.69,,,,
HUBTOWN,HUBTOWN LIMITED,3155574.00,9307.96,,,,
GOKULAGRO,GOKUL AGRO RESOURCES LTD,204889.00,623.26,,,,
FORTIS,FORTIS HEALTHCARE LTD,410181.00,3367.75,,,,
OFSS,ORACLE FIN SERV SOFT LTD.,149703.00,13756.68,,,,
RCF,RASHTRIYA CHEMICALS & FER,9979870.00,16322.03,,,,
ICICIPRULI,ICICI PRU LIFE INS CO LTD,1043655.00,6561.07,,,,
CAPLIPOINT,CAPLIN POINT LAB LTD.,122512.00,2604.92,,,,
GAEL,GUJARAT AMBUJA EXPORTS LT,1777406.00,2228.35,,,,
HUDCO,BOND 7.03% PA TAX FREE S1,12439925.00,30092.39,,,,
DIXON,DIXON TECHNO (INDIA) LTD,163426.00,27002.84,,,,
IRMENERGY,IRM ENERGY LIMITED,287708.00,1051.27,,,,
NIBE,NIBE LIMITED,12755.00,196.21,,,,
ASHOKA,ASHOKA BUILDCON LTD,4803662.00,10090.68,,,,
RKFORGE,RAMKRISHNA FORGINGS LTD,2461185.00,15584.16,,,,
NAGAFERT,NAGARJUN FERT AND CHE LTD,41872.00,2.74,,,,
MICEL,MIC ELECTRONICS LTD,1764998.00,1192.45,,,,
KABRAEXTRU,KABRA EXTRUS TECHNIK LTD,15218.00,41.22,,,,
USK,UDAYSHIVAKUMAR INFRA LTD,16210.00,5.00,,,,
TRACXN,TRACXN TECHNOLOGIES LTD,277169.00,186.30,,,,
KFINTECH,KFIN TECHNOLOGIES LIMITED,1758466.00,21162.71,,,,
MIRZAINT,MIRZA INTERNATIONAL LIMIT,243306.00,100.06,,,,
RBA,RESTAURANT BRAND ASIA LTD,6356468.00,5244.48,,,,
BBTC,BOMBAY BURMAH TRADING COR,261652.00,5063.15,,,,
MAPMYINDIA,C.E. INFO SYSTEMS LIMITED,259574.00,4820.17,,,,
AZAD,AZAD ENGINEERING LIMITED,574026.00,9674.12,,,,
SENCO,SENCO GOLD LIMITED,1254818.00,4668.49,,,,
GLAND,GLAND PHARMA LIMITED,176673.00,3482.06,,,,
CANFINHOME,CAN FIN HOMES LTD,616365.00,4819.53,,,,
NITCO,NITCO LIMITED,561115.00,752.02,,,,
WCIL,WESTERN CARRIERS (IND) L,1115196.00,1459.64,,,,
DBCORP,D.B.CORP LTD,135254.00,365.86,,,,
ANGELONE,ANGEL ONE LIMITED,1154556.00,30187.68,,,,
ADVENZYMES,ADVANCED ENZYME TECH LTD,688627.00,2429.90,,,,
TECHNOE,TECHNO ELEC & ENG CO. LTD,612517.00,8705.30,,,,
GUJALKALI,GUJALKALI NPP010699DEPO,356712.00,2303.43,,,,
USHAMART,USHA MARTIN LTD.,2303899.00,9225.04,,,,
BBL,BHARAT BIJLEE LTD,99557.00,2932.73,,,,
ZIMLAB,ZIM LABORATORIES LIMITED,29041.00,29.79,,,,
BLUEDART,BLUE DART EXPRESS LTD,79404.00,4859.85,,,,
AKUMS,AKUMS DRUGS AND PHARMA L,463313.00,2387.89,,,,
AVADHSUGAR,AVADH SUG & ENERGY LTD,238136.00,1232.01,,,,
GANDHAR,GANDHAR OIL REFINE IND L,721299.00,1233.52,,,,
VISHNU,VISHNU CHEMICALS LIMITED,549252.00,2713.66,,,,
BHARATSE,BHARAT SEATS LIMITED,44123.00,81.74,,,,
ADVANIHOTR,ADVANI HOT.& RES.(I) LTD,35194.00,22.81,,,,
SNOWMAN,SNOWMAN LOGISTICS LTD.,1232198.00,789.45,,,,
DIACABS,DIAMOND POWER INFRA LTD,3438466.00,5181.10,,,,
DIGITIDE,DIGITIDE SOLUTIONS LTD,484191.00,1027.89,,,,
MODEFENCE,MOTILALAMC - MODEFENCE,6163627.00,5507.41,,,,
DEEPAKNTR,DEEPAK NITRITE LTD,627870.00,12557.95,,,,
INDIGOPNTS,INDIGO PAINTS LIMITED,131479.00,1539.46,,,,
ORIENTCER,ORIENT CERATECH LIMITED,59280.00,23.43,,,,
VIKRAMSOLR,VIKRAM SOLAR LIMITED,197577.00,644.55,,,,
SCHNEIDER,SCHNEIDER ELECTRIC INFRA,76949.00,648.73,,,,
FINEORG,FINE ORGANIC IND. LTD.,29382.00,1427.66,,,,
TVTODAY,TV TODAY NETWORK LTD,269749.00,509.06,,,,
GODREJIND,GODREJ INDUSTRIES LTD.,235060.00,2711.04,,,,
MEDIASSIST,MEDI ASSIST HEALTH SER L,249057.00,1341.15,,,,
NAVNETEDUL,NAVNEET EDUCATION LTD,715829.00,1116.78,,,,
SEQUENT,SEQUENT SCIENTIFIC LTD.,1432930.00,2846.96,,,,
UDS,UPDATER SERVICES LIMITED,906136.00,2627.31,,,,
IIFLCAPS,IIFL CAPITAL SERVICES LTD,1358588.00,4228.20,,,,
KICL,KALYANI INVEST CO LTD,4667.00,241.19,,,,
CARBORUNIV,CARBORUNDUM UNIVERSAL LTD,365970.00,3642.37,,,,
ABDL,ALLIED BLEND N DISTILS L,887458.00,4322.57,,,,
WSTCSTPAPR,WEST COAST PAPER MILLS,352991.00,1920.00,,,,
BAJAJCON,BAJAJ CONSUMER CARE LTD,1749855.00,4211.72,,,,
SYNGENE,SYNGENE INTERNATIONAL LTD,712846.00,4889.88,,,,
HLEGLAS,HLE GLASCOAT LIMITED,337129.00,1725.79,,,,
ACCELYA,ACCELYA SOLN INDIA LTD,311957.00,4521.06,,,,
DCAL,DISHMAN CARBO AMCIS LTD,346367.00,1002.36,,,,
M&MFIN,M&M FIN. SERVICES LTD,2396934.00,6729.78,,,,
RUBYMILLS,THE RUBY MILLS LTD,8066.00,19.54,,,,
VAKRANGEE,VAKRANGEE LIMITED,516374.00,46.73,,,,
SHREDIGCEM,SHREE DIGVIJAY CEM CO LTD,727432.00,684.61,,,,
STARHEALTH,STAR HEALTH & AL INS CO L,1066577.00,5005.49,,,,
CMSINFO,CMS INFO SYSTEMS LIMITED,793560.00,3287.49,,,,
GULPOLY,GULSHAN POLYOLS LIMITED,289364.00,511.07,,,,
MOLDTECH,MOLD-TEK TECHNOLOGIES LTD,49372.00,102.58,,,,
NPST,NETWORK PEOPLE SRV TECH L,42124.00,857.88,,,,
FLUOROCHEM,GUJARAT FLUOROCHEM LTD,513475.00,19065.09,,,,
SUMICHEM,SUMITOMO CHEM INDIA LTD,596624.00,3379.25,,,,
STOVEKRAFT,STOVE KRAFT LIMITED,203484.00,1372.37,,,,
AIAENG,AIA ENGINEERING LIMITED,73269.00,2444.07,,,,
BANCOINDIA,BANCO PRODUCTS (I) LTD,457903.00,3423.23,,,,
INDOWIND,INDOWIND ENERGY LTD,15321.00,2.86,,,,
AURIONPRO,AURIONPRO SOLUTIONS LIMIT,432168.00,5528.94,,,,
TVSMOTOR,TVS MOTOR COMPANY  LTD,215340.00,7219.69,,,,
DIVISLAB,DIVI S LABORATORIES LTD,187635.00,11880.00,,,,
SILVERETF,UTIAMC - SILVERETF,1138548.00,1702.75,,,,
BERGEPAINT,BERGER PAINTS (I) LTD,331437.00,1842.62,,,,
SFL,SHEELA FOAM LIMITED,366421.00,2675.95,,,,
STYRENIX,STYRENIX PERFORMANCE LTD,113444.00,3061.23,,,,
ABBOTINDIA,ABBOTT INDIA LIMITED,11210.00,3524.42,,,,
KEI,KEI INDUSTRIES LTD.,92705.00,3577.06,,,,
MID150BEES,NIP IND ETF MIDCAP 150,725499.00,1588.45,,,,
GOKEX,GOKALDAS EXPORTS LTD.,898805.00,7302.20,,,,
BATAINDIA,BATA INDIA LTD,325384.00,4113.82,,,,
OLAELEC,OLA ELECTRIC MOBILITY LTD,6628442.00,4010.36,,,,
VARROC,VARROC ENGINEERING LTD.,391994.00,2338.08,,,,
WANBURY,WANBURY LIMITED,30280.00,80.05,,,,
ETHOSLTD,ETHOS LIMITED,28870.00,777.40,,,,
EUREKAFORB,EUREKA FORBES LIMITED,97645.00,561.26,,,,
EMCURE,EMCURE PHARMACEUTICALS L,65257.00,905.64,,,,
ZOTA,ZOTA HEALTH CARE LIMITED,102744.00,1256.73,,,,
MANORAMA,MANORAMA INDUSTRIES LTD,310649.00,4536.31,,,,
VADILALIND,VADILAL INDUSTRIES LTD,16334.00,896.53,,,,
JINDALPOLY,JINDAL POLY FILMS LIMITED,228527.00,1432.90,,,,
KALAMANDIR,SAI SILKS (KALAMANDIR) L,2630992.00,4630.76,,,,
INDOTHAI,INDO THAI SEC LTD,57221.00,185.68,,,,
LINCOLN,LINCOLN PHARMA LTD,139867.00,841.89,,,,
TEXMOPIPES,TEXMO PIPE & PRODUCTS LTD,17307.00,10.96,,,,
LUMAXIND,LUMAX INDUSTRIES LTD,13281.00,620.31,,,,
SILVERCASE,ZERODHAAMC - SILVERCASE,2540865.00,401.17,,,,
ANDHRAPAP,ANDHRA PAPER LIMITED,589443.00,495.56,,,,
ICICIB22,ICICIPRAMC - BHARATIWIN,471852.00,523.82,,,,
ARISINFRA,ARISINFRA SOLUTIONS LTD,540651.00,851.69,,,,
SRM,SRM CONTRACTORS LIMITED,83831.00,460.20,,,,
SANDHAR,SANDHAR TECHNOLOGIES LTD,300430.00,1459.31,,,,
HDFCQUAL,HDFCAMC - HDFCQUAL,27013.00,15.66,,,,
EUROBOND,EURO PANEL PRODUCTS LTD,1946.00,4.37,,,,
GRINFRA,G R INFRAPROJECTS LIMITED,70138.00,936.82,,,,
JAGSNPHARM,JAGSONPAL PHARMACEUTICALS,142704.00,354.18,,,,
ARIHANTCAP,ARIHANT CAPITAL MKTS LTD,306872.00,326.84,,,,
KMEW,KNOWLEDGE MARINE & EN W L,38962.00,830.56,,,,
MAXESTATES,MAX ESTATES LIMITED,341397.00,1687.57,,,,
YATHARTH,YATHARTH HOSP & TRA C S L,837964.00,5924.35,,,,
MOM100,MOTILAL OS MIDCAP100 ETF,1156414.00,718.68,,,,
OILIETF,ICICIPRAMC - OILIETF,4220427.00,486.34,,,,
FEDFINA,FEDBANK FINANCIAL SER L,2915882.00,4111.21,,,,
ARVSMART,ARVIND SMARTSPACES LTD,172436.00,1145.76,,,,
WELENT,WELSPUN ENTERPRISES LTD.,1042014.00,5343.68,,,,
SENSEXIETF,ICICI PRUD SENSEX ETF,8617.00,80.20,,,,
RATNAVEER,RATNAVEER PRECISION ENG L,380373.00,591.20,,,,
APTECHT,APTECH LIMITED,103015.00,146.38,,,,
FIBERWEB,FIBERWEB INDIA LIMITED,5672.00,2.73,,,,
BBOX,BLACK BOX LIMITED,228307.00,1298.92,,,,
ABSLBANETF,BIRLASLAMC - ABSLBANETF,23255.00,13.24,,,,
BANKIETF,ICICIPRAMC - IPRU5008,290960.00,164.34,,,,
ABSLNN50ET,BIRLASLAMC - ABSLNN50ET,172933.00,131.39,,,,
PSPPROJECT,PSP PROJECTS LIMITED,486494.00,3644.84,,,,
BANKNIFTY1,KOTAKMAMC-KOTAKBKETF,15773.00,88.22,,,,
CHEVIOT,CHEVIOT COMPANY LIMITED,2726.00,35.08,,,,
LICMFGOLD,LIC MF - LIC GOLD ETF,14633.00,1551.81,,,,
CENTURYPLY,CENTURY PLYBOARDS (I) LTD,105762.00,866.91,,,,
WORTHPERI,WORTH PERIPHERALS LIMITED,18847.00,29.53,,,,
SMARTWORKS,SMARTWORKS COWORKING SP L,102688.00,588.76,,,,
ASALCBR,ASSO ALCOHOLS & BREW LTD,111443.00,1098.56,,,,
EFCIL,EFC (I) LIMITED,206863.00,651.61,,,,
EMULTIMQ,EDELAMC - EMULTIMQ,40165.00,17.13,,,,
BOROLTD,BOROSIL LIMITED,369069.00,1369.77,,,,
IVZINGOLD,INVESCO INDIA GOLD ETF,239.00,25.15,,,,
SIMPLEXINF,SIMPLEX INFRASTRUCTURES L,167320.00,499.21,,,,
RADIANTCMS,RADIANT CASH MGMT SER LTD,295617.00,186.83,,,,
SILVER1,KOTAKMAMC - KOTAKSILVE,742033.00,1054.46,,,,
LIQUIDBEES,NIP IND ETF LIQUID BEES,64392.00,644.07,,,,
AKZOINDIA,AKZO NOBEL INDIA LIMITED,28953.00,1032.32,,,,
DODLA,DODLA DAIRY LIMITED,56193.00,779.40,,,,
UNICHEMLAB,UNICHEM LABORATORIES LTD,90691.00,544.88,,,,
ICRA,ICRA LIMITED,3908.00,257.51,,,,
CCL,CCL PRODUCTS (I) LTD,150820.00,1267.21,,,,
DHANBANK,DHANLAXMI BANK LIMITED,539456.00,148.77,,,,
STYLAMIND,STYLAM INDUSTRIES LIMITED,70337.00,1356.29,,,,
SPAL,S. P. APPARELS LIMITED,66055.00,502.46,,,,
DDEVPLSTIK,DDEV PLASTIKS IND LTD,200929.00,642.91,,,,
CONSUMIETF,ICICIPRAMC - ICICICONSU,63994.00,78.73,,,,
BSE500IETF,ICICIPRAMC - ICICI500,519894.00,203.88,,,,
SHREEPUSHK,SHRE PUSH CHEM & FERT LTD,137060.00,556.61,,,,
APCOTEXIND,APCOTEX INDUSTRIES LIMITE,33680.00,141.38,,,,
SBIETFCON,SBIAMC - SBIETFCON,7929.00,10.07,,,,
AXISHCETF,AXISAMC - AXISHCETF,4673.00,6.60,,,,
KITEX,KITEX GARMENTS LTD,381486.00,750.85,,,,
NV20BEES,NIP IND ETF ETF NV20,18031.00,26.82,,,,
MOHEALTH,MOTILALAMC - MOHEALTH,34050.00,15.28,,,,
FISCHER,FISCHER MEDICAL VENTURE L,122123.00,130.72,,,,
CIFL,CAPITAL INDIA FINANCE LTD,43590.00,16.56,,,,
KRYSTAL,KRYSTAL INTEGRATED SER L,32345.00,215.79,,,,
SETF10GILT,SBIAMC - SETF10GILT,2184.00,5.63,,,,
SUPERHOUSE,SUPERHOUSE LIMITED,2761.00,5.12,,,,
SPECTRUM,SPECTRUM ELECTRIC IND LTD,244.00,3.92,,,,
SUKHJITS,SUKHJIT STARCH & CHEM LTD,1710.00,3.51,,,,
MEGASTAR,MEGASTAR FOODS LIMITED,32.00,0.10,,,,
PVP,PVP VENTURES LIMITED,8758.00,2.39,,,,
ALMONDZ,ALMONDZ GLOBAL SEC LTD,11326.00,2.46,,,,
IFBAGRO,IFB AGRO INDUSTRIES LTD,2860.00,28.70,,,,
HERCULES,HERCULES HOISTS LIMITED,25367.00,52.87,,,,
TIGERLOGS,TIGER LOGISTICS (INDIA) L,7527.00,3.33,,,,
KANORICHEM,KANORIA CHEMICALS & INDUS,7517.00,9.74,,,,
ESILVER,EDELAMC - ESILVER,50400.00,67.67,,,,
OCCLLTD,OCCL LIMITED,5500.00,7.01,,,,
MOGOLD,MOTILALAMC - MOGOLD,7432.00,9.12,,,,
EBBETF0430,EDELAMC - EBBETF0430,835.00,12.78,,,,
KESORAMIND,KESORAM INDUSTRIES LTD.,148213.00,8.80,,,,
HINDCON,HINDCON CHEMICALS LIMITED,178.00,0.06,,,,
KRITINUT,KRITI NUTRIENTS LIMITED,3050.00,2.84,,,,
SASTASUNDR,SASTASUNDAR VENTURES LTD,21149.00,62.99,,,,
AONELIQUID,AONEAMC - AONELIQUID,9.00,0.09,,,,
OBCL,ORISSA BENGAL CARRIER LTD,2382.00,1.43,,,,
ASPINWALL,ASPINWALL & CO LTD,240.00,0.68,,,,
TPLPLASTEH,TPL PLASTECH LIMITED,74994.00,64.71,,,,
SURANAT&P,SURANA TELECOM AND POW LT,32585.00,7.85,,,,
AKSHOPTFBR,AKSH OPTIFIBRE LIMITED,1000.00,0.07,,,,
DOLPHIN,DOLPHIN OFF ENT (IND) L,307.00,1.28,,,,
HISARMETAL,HISAR METAL IND. LIMITED,2522.00,5.34,,,,
SALSTEEL,S.A.L. STEEL LTD.,15771.00,2.97,,,,
GROWWNIFTY,GROWWAMC - GROWWNIFTY,5.00,0.00,,,,
BBETF0432,EDELAMC - BBETF0432,184.00,2.36,,,,
MOTOUR,MOTILALAMC - MOTOUR,250.00,0.22,,,,
GROWWNXT50,GROWWAMC - GROWWNXT50,460.00,0.31,,,,
UNIVASTU,UNIVASTU INDIA LIMITED,800.00,0.73,,,,
CLEDUCATE,CL EDUCATE LIMITED,1.00,0.00,,,,
KILITCH,KILITCH DRUGS INDIA LTD,1.00,0.00,,,,
JAIBALAJI,JAI BALAJI INDUSTRIES LTD,9035100.00,10653.12,,,,
MUKANDLTD,MUKAND LTD.,471129.00,683.00,,,,
SPARC,SUN PHARMA ADV.RES.CO.LTD,1621483.00,2653.11,,,,
RITES,RITES LIMITED,4753945.00,13684.77,,,,
LTF,L&T FINANCE LIMITED,3551160.00,7503.40,,,,
MIDHANI,MISHRA DHATU NIGAM LTD,2705110.00,11175.65,,,,
MARICO,MARICO LIMITED,456646.00,3292.74,,,,
TATASTEEL,TATA STEEL LIMITED,12964361.00,20662.64,,,,
STEELXIND,STEEL EXCHANGE INDIA LTD,4500355.00,480.79,,,,
IIFL,SEC RE NCD 0% SR.II,1869429.00,8263.97,,,,
SONACOMS,SONA BLW PRECISION FRGS L,3828459.00,18217.72,,,,
SARDAEN,SARDA ENERGY & MIN LTD,1603482.00,8886.35,,,,
M&M,MAHINDRA & MAHINDRA LTD,1091778.00,37602.73,,,,
BAIDFIN,BAID FINSERV LIMITED,37553.00,4.64,,,,
HCC,HINDUSTAN CONSTRUCTION CO,7372999.00,2190.44,,,,
ADANIPORTS,ADANI PORT & SEZ LTD,2022771.00,28144.03,,,,
MEDANTA,GLOBAL HEALTH LIMITED,178277.00,2385.18,,,,
ENDURANCE,ENDURANCE TECHNO. LTD.,107892.00,3092.47,,,,
JWL,JUPITER WAGONS LIMITED,4593997.00,17572.86,,,,
AWHCL,ANTONY WASTE HDG CELL LTD,242173.00,1515.72,,,,
CEATLTD,CEAT LIMITED,135964.00,4757.40,,,,
IDBI,IDBI BANK LIMITED,35569424.00,32721.87,,,,
SHIVALIK,SHIVALIK RASAYAN LIMITED,30810.00,167.25,,,,
STLTECH,STERLITE TECHNOLOGIES LTD,1351518.00,1587.36,,,,
QUESS,QUESS CORP LIMITED,601247.00,1863.97,,,,
ISFT,INTRASOFT TECH. LTD,173920.00,195.94,,,,
SWIGGY,SWIGGY LIMITED,6740882.00,29102.45,,,,
CAMS,COMPUTER AGE MNGT SER LTD,1062626.00,43053.28,,,,
HBLENGINE,HBL ENGINEERING LTD,3363449.00,25092.23,,,,
TRIVENI,TRIVENI ENGG. & INDS. LTD,1290239.00,4993.98,,,,
PATELENG,PATEL ENGINEERING LTD.,5899225.00,2539.27,,,,
DREDGECORP,DREDGING CORP OF INDIA,167756.00,1159.82,,,,
NFL,NATIONAL FERT. LTD,9529364.00,10010.57,,,,
VASCONEQ,VASCON ENGINEERS LTD,4649973.00,2999.96,,,,
NDL,NANDAN DENIM LIMITED,367345.00,14.02,,,,
FCSSOFT,FCS SOFTWARE SOLN. LTD.,382402.00,10.94,,,,
WELSPUNLIV,WELSPUN LIVING LIMITED,9776768.00,13828.82,,,,
FORCEMOT,FORCE MOTORS LIMITED,63566.00,10476.04,,,,
GOLDIAM,GOLDIAM INTERNATIONAL LTD,2089619.00,7936.52,,,,
GALLANTT,GALLANTT ISPAT LIMITED,184695.00,1256.14,,,,
BEPL,BHANSALI ENG. POLYMERS LT,2728380.00,3241.62,,,,
ADANIENT,ADANI ENTERPRISES LIMITED,905559.00,23653.73,,,,
BESTAGRO,BEST AGROLIFE LIMITED,69574.00,317.88,,,,
MOBIKWIK,ONE MOBIKWIK SYSTEMS LTD,2684838.00,7799.14,,,,
REDTAPE,REDTAPE LIMITED,1400379.00,2079.77,,,,
3IINFOLTD,3I INFOTECH LIMITED,439324.00,149.16,,,,
TECHM,TECH MAHINDRA LIMITED,1349381.00,21151.45,,,,
63MOONS,63 MOONS TECHNOLOGIES LTD,307222.00,2739.11,,,,
ORISSAMINE,ORISSA MIN DEV CO LTD,41798.00,2465.40,,,,
CGPOWER,CG POWER AND IND SOL LTD,3705843.00,26068.30,,,,
CIPLA,CIPLA LTD,256946.00,3957.12,,,,
EQUITASBNK,EQUITAS SMALL FIN BNK LTD,10669781.00,6822.92,,,,
ICIL,INDO COUNT INDUSTRIES LTD,804999.00,2455.00,,,,
CSLFINANCE,CSL FINANCE LIMITED,8193.00,25.94,,,,
GHCL,GHCL LIMITED,632239.00,3837.78,,,,
RAYMOND,RAYMOND LTD,737272.00,5466.35,,,,
DCBBANK,DCB BANK LIMITED,5383074.00,6942.45,,,,
MAWANASUG,MAWANA SUGARS LIMITED,23647.00,23.71,,,,
UCAL,UCAL LIMITED,15042.00,22.78,,,,
AGI,AGI GREENPAC LIMITED,428698.00,3768.54,,,,
HINDPETRO,HINDUSTAN PETROLEUM CORP,1736244.00,7237.18,,,,
ROTO,ROTO PUMPS LIMITED,842995.00,775.58,,,,
LOTUSDEV,SRI LOTUS DEVLPRS N RTY L,1779495.00,3418.64,,,,
FILATEX,FILATEX INDIA LTD,3110387.00,1711.31,,,,
AFIL,AKME FINTRADE (INDIA) LTD,12814833.00,995.02,,,,
AEROFLEX,AEROFLEX INDUSTRIES LTD,2423343.00,4644.81,,,,
STERTOOLS,STERLING TOOLS LTD.,324323.00,1215.36,,,,
VRAJ,VRAJ IRON AND STEEL LTD,26722.00,52.67,,,,
UTKARSHBNK,UTKARSH SMALL FIN BANK L,11857878.00,3469.06,,,,
APTUS,APTUS VALUE HSG FIN I LTD,1759786.00,5771.84,,,,
BALMLAWRIE,BALMER LAWRIE & CO LTD,1785297.00,4070.62,,,,
ROSSARI,ROSSARI BIOTECH LIMITED,177223.00,1265.76,,,,
ORIENTTECH,ORIENT TECHNOLOGIES LTD,482052.00,2173.07,,,,
JINDWORLD,JINDAL WORLDWIDE LTD,2753816.00,1304.32,,,,
WEBELSOLAR,WEBSOL ENERGY SYSTEM LTD,380424.00,5010.65,,,,
LATENTVIEW,LATENT VIEW ANALYTICS LTD,802004.00,3514.15,,,,
GPTHEALTH,GPT HEALTHCARE LIMITED,548787.00,883.34,,,,
SENORES,SENORES PHARMACEUTICALS L,549662.00,3748.68,,,,
INDGN,INDEGENE LIMITED,1035002.00,6102.06,,,,
RPSGVENT,RPSG VENTURES LIMITED,547795.00,5199.79,,,,
SATIA,SATIA INDUSTRIES LIMITED,923508.00,847.24,,,,
SUVEN,SUVEN LIFE SCIENCES LTD,91036.00,188.87,,,,
KERNEX,KERNEX MICROSYS(I) LTD,39021.00,414.29,,,,
NYKAA,FSN E COMMERCE VENTURES,1716020.00,4024.49,,,,
JSWSTEEL,JSW STEEL LIMITED,287842.00,3040.92,,,,
GESHIP,THE GE SHPG.LTD,952013.00,10175.50,,,,
GOODLUCK,GOODLUCK INDIA LIMITED,736537.00,7384.08,,,,
IPL,INDIA PESTICIDES LIMITED,938043.00,2057.54,,,,
TCPLPACK,TCPL PACKAGING LIMITED,24922.00,1003.87,,,,
GVT&D,GE VERNOVA T&D INDIA LTD,121513.00,3506.45,,,,
TATVA,TATVA CHIN PHARM CHEM LTD,183875.00,1921.30,,,,
PICCADIL,PICCADILY AGRO INDUSTRI L,133369.00,935.70,,,,
ZAGGLE,ZAGGLE PREPA OCEAN SER L,1809929.00,6683.47,,,,
SAKSOFT,SAKSOFT LIMITED,671185.00,1450.63,,,,
INDRAMEDCO,INDRAPRASTHA MED-ROLLSETT,387398.00,2032.20,,,,
MAITHANALL,MAITHAN ALLOYS LTD,209717.00,2394.38,,,,
RAYMONDLSL,RAYMOND LIFESTYLE LIMITED,389622.00,4756.31,,,,
RAJRATAN,RAJRATAN GLOBAL WIRE LTD,419283.00,1529.87,,,,
HNGSNGBEES,NIP IND ETF HANGSENG BEES,507181.00,2532.71,,,,
MARATHON,MARATHON NXTGEN REALT LTD,1128403.00,7258.02,,,,
OSWALPUMPS,OSWAL PUMPS LIMITED,505698.00,4032.07,,,,
SETFGOLD,SBI-ETF GOLD,1326936.00,1329.05,,,,
SILVERIETF,ICICIPRAMC - ICICISILVE,5449571.00,8081.12,,,,
POWERMECH,POWER MECH PROJECTS LTD.,278332.00,8247.70,,,,
RRKABEL,R R KABEL LIMITED,277348.00,3715.43,,,,
HINDUNILVR,HINDUSTAN UNILEVER LTD.,565426.00,14459.01,,,,
TATAGOLD,TATAAML-TATAGOLD,22106691.00,2526.20,,,,
SALZERELEC,SALZER ELECTRONICS LTD,287862.00,2645.62,,,,
JSFB,JANA SMALL FIN BANK LTD,355150.00,1805.37,,,,
BLUESTARCO,BLUE STAR LIMITED,187706.00,3552.30,,,,
RUSTOMJEE,KEYSTONE REALTORS LIMITED,99242.00,620.79,,,,
KIOCL,KIOCL LIMITED,247490.00,1253.81,,,,
COLPAL,COLGATE PALMOLIVE LTD.,633006.00,15256.63,,,,
EIDPARRY,EID PARRY - DEP RS,232301.00,2458.37,,,,
PSUBNKBEES,NIP IND ETF PSU BANK BEES,4755023.00,3883.21,,,,
CONCORDBIO,CONCORD BIOTECH LIMITED,215485.00,3721.56,,,,
CUMMINSIND,CUMMINS INDIA LTD,195260.00,7578.06,,,,
SYRMA,SYRMA SGS TECHNOLOGY LTD,1155323.00,8933.81,,,,
NIFTYBEES,NIP IND ETF NIFTY BEES,4985789.00,13893.92,,,,
ALKEM,ALKEM LABORATORIES LTD.,25333.00,1386.05,,,,
ECLERX,ECLERX SERVICES LTD,61337.00,2460.61,,,,
NIFTYETF,MIRAEAMC - MAN50ETF,208927.00,553.58,,,,
KANSAINER,KANSAI NEROLAC PAINTS LTD,706991.00,1821.68,,,,
NUVOCO,NUVOCO VISTAS CORP LTD,627508.00,2684.43,,,,
BRIGHOTEL,BRIGADE HOTEL VENTURE LTD,178388.00,151.61,,,,
VIJAYA,VIJAYA DIAGNOSTIC CEN LTD,142327.00,1501.26,,,,
APLLTD,ALEMBIC PHARMA LTD,209073.00,2131.72,,,,
BASF,BASF INDIA LTD,168177.00,8693.06,,,,
KSB,KSB LIMITED,151831.00,1264.80,,,,
HONDAPOWER,HONDA I POWER PRODUCT LTD,24272.00,720.95,,,,
NESCO,NESCO LIMITED,270170.00,3494.18,,,,
CIGNITITEC,CIGNITI TECHNOLOGIES LTD,67255.00,1029.24,,,,
HPL,HPL ELECTRIC & POWER LTD,728210.00,3926.85,,,,
PRABHA,PRABHA ENERGY LIMITED,12944.00,32.10,,,,
VRLLOG,VRL LOGISTICS LIMITED,765751.00,2190.68,,,,
PREMIERPOL,PREMIER POLYFILM LTD,4854.00,2.29,,,,
GTL,GTL LTD  NPP210499,109871.00,13.75,,,,
KMSUGAR,K M SUGAR MILLS LTD,4876.00,1.61,,,,
GODAVARIB,GODAVARI BIOREFINERIES L,16090.00,42.48,,,,
ONESOURCE,ONESOURCE SPECL PHARMA L,235897.00,4710.05,,,,
MAHKTECH,MIRAEAMC - MAHKTECH,3874173.00,1089.70,,,,
UFBL,UNITED FOODBRANDS LIMITED,383058.00,1081.35,,,,
AUTOAXLES,AUTOMOTIVE AXLES LIMITED,26598.00,492.13,,,,
ALKYLAMINE,ALKYL AMINES CHEM. LTD,170599.00,3547.17,,,,
SPORTKING,SPORTKING INDIA LIMITED,358977.00,412.79,,,,
AUTOIETF,ICICIPRAMC - ICICIAUTO,1542926.00,419.96,,,,
WEL,WONDER ELECTRICALS LTD,1224342.00,1833.74,,,,
SOMANYCERA,SOMANY CERAMICS LIMITED,104475.00,554.36,,,,
ALPHA,KOTAKMAMC - KOTAKALPHA,4987189.00,2462.49,,,,
NAHARSPING,NAHAR SPINNING MILLS LTD.,65716.00,159.34,,,,
ITIETF,ICICIPRAMC - ICICITECH,1709043.00,680.32,,,,
ENIL,ENTERTAINMENT NETWORK (IN,35559.00,58.30,,,,
EVEREADY,EVEREADY INDS. IND.  LTD.,1251303.00,5165.70,,,,
ROHLTD,ROYAL ORCHID HOTELS LTD,379980.00,1736.09,,,,
SIGNATURE,SIGNATUREGLOBAL INDIA LTD,764942.00,9156.88,,,,
LANDMARK,LANDMARK CARS LIMITED,79280.00,469.31,,,,
LMW,LMW LIMITED,21622.00,3249.38,,,,
RITCO,RITCO LOGISTICS LIMITED,133960.00,398.25,,,,
OSWALGREEN,OSWAL GREENTECH LIMITED,248605.00,109.26,,,,
AXISGOLD,AXIS MF - AXIS GOLD ETF,2658053.00,2614.85,,,,
DUCON,DUCON INFRATECHNOLOGIES L,108160.00,6.83,,,,
FINOPB,FINO PAYMENTS BANK LTD,1151294.00,3424.15,,,,
GROWWEV,GROWWAMC - GROWWEV,220109.00,67.11,,,,
PUNJABCHEM,PUNJAB CHEM & CROP PROT L,27872.00,369.63,,,,
LIQUIDCASE,ZERODHAAMC - LIQUIDCASE,47379.00,52.08,,,,
LOWVOLIETF,ICICI PR NIF LW VL 30 ETF,870840.00,193.63,,,,
HERANBA,HERANBA INDUSTRIES LTD,120518.00,411.15,,,,
LAOPALA,LA OPALA RG LIMITED,316630.00,876.39,,,,
MAXIND,MAX INDIA LIMITED,23417.00,50.97,,,,
MAFANG,MIRAEAMC - MAFANG,566660.00,866.84,,,,
PONNIERODE,PONNIE SUGARS (ERODE) LTD,20712.00,67.97,,,,
HEALTHY,BIRLASLAMC - HEALTHY,196750.00,29.31,,,,
ENTERO,ENTERO HEALTHCARE SOLU L,298747.00,3586.79,,,,
BEARDSELL,BEARDSELL LIMITED,4301.00,1.49,,,,
RADIOCITY,MUSIC BROADCAST LIMITED,14160.00,1.43,,,,
TNIDETF,TATAAML - TNIDETF,63228.00,58.60,,,,
MANAKCOAT,MAN COAT METAL & IND LTD,144062.00,212.69,,,,
ONEPOINT,ONE POINT ONE SOL LTD,923892.00,442.39,,,,
VIPULLTD,VIPUL LIMITED,209995.00,21.79,,,,
MANCREDIT,MANGAL CREDIT N FINCORP L,2850.00,5.10,,,,
NITINSPIN,NITIN SPINNERS LIMITED,295605.00,1095.48,,,,
MOVALUE,MOTILALAMC - MOVALUE,117828.00,119.92,,,,
AMBIKCO,AMBIKA COTTON MILL LTD.,15392.00,236.10,,,,
MNC,KOTAKMAMC - KOTAKMNC,284000.00,87.95,,,,
REMSONSIND,REMSONS INDUSTRIES LTD,112722.00,154.05,,,,
GRMOVER,GRM OVERSEAS LIMITED,2549175.00,9440.54,,,,
MEDPLUS,MEDPLUS HEALTH SERV LTD,638562.00,4838.88,,,,
GARFIBRES,GARWARE TECH FIBRES LTD,75574.00,642.98,,,,
DHANUKA,DHANUKA AGRITECH LTD,84306.00,1373.28,,,,
MBAPL,MADHYA BHARAT AGRO P. LTD,154602.00,659.75,,,,
ASTEC,ASTEC LIFESCIENCES LTD,322066.00,3248.40,,,,
PENINLAND,PENINSULA LAND LIMITED,225595.00,81.97,,,,
AGIIL,AGI INFRA LIMITED,2194626.00,4545.04,,,,
COMMOIETF,ICICIPRAMC - ICICICOMMO,97504.00,87.82,,,,
STEELCAS,STEELCAST LIMITED,32888.00,76.29,,,,
ARROWGREEN,ARROW GREENTECH LIMITED,5394.00,32.75,,,,
AXISILVER,AXISAMC - AXISILVER,629144.00,972.41,,,,
QGOLDHALF,QUANTUM GOLD FUND,349785.00,337.54,,,,
UTINEXT50,UTIAMC - UTINEXT50,179587.00,138.45,,,,
ANUHPHR,ANUH PHARMA LIMITED,31162.00,29.11,,,,
AXISBNKETF,AXISAMC - AXISBNKETF,347.00,1.97,,,,
PSUBANKADD,DSPAMC - DSPPSBKETF,25992.00,19.19,,,,
EQUAL50ADD,DSPAMC - DSPNEWETF,17528.00,57.38,,,,
INDOFARM,INDO FARM EQUIPMENT LTD,327772.00,804.03,,,,
KAMATHOTEL,KAMAT HOTELS (I) LTD,181656.00,546.67,,,,
NPBET,TATAAML - NPBET,225.00,0.58,,,,
SEAMECLTD,SEAMEC LIMITED,113608.00,1098.83,,,,
GOLDETFADD,DSPAMC - DSPGOLDETF,33028.00,37.83,,,,
HDFCNIFTY,HDFCAMC - HDFCNIFTY,48475.00,131.61,,,,
NETF,TATAAML - NETF,22383.00,60.03,,,,
INTERARCH,INTERARCH BLDNG SOLTN LTD,24928.00,489.09,,,,
VISAKAIND,VISAKA INDUSTRIES LIMITED,50125.00,42.61,,,,
ARCHIDPLY,ARCHIDPLY IND. LTD,1100.00,1.13,,,,
ASHIMASYN,ASHIMA LTD,1000.00,0.25,,,,
LIBERTSHOE,LIBERTY SHOES LTD,16891.00,60.43,,,,
ZEELEARN,ZEE LEARN LIMITED,23500.00,2.31,,,,
SGMART,SG MART LIMITED,9183.00,32.42,,,,
JAYBARMARU,JAY BHARAT MARUTI LTD,17189.00,14.81,,,,
RELCHEMQ,RELIANCE CHEMOTEX IND LTD,125.00,0.24,,,,
MULTICAP,MIRAEAMC - MULTICAP,101911.00,16.09,,,,
MSCIINDIA,KOTAKMAMC - MSCIINDIA,17202.00,4.99,,,,
LIQUIDETF,DSP LIQUID ETF,1049.00,10.49,,,,
MAGNUM,MAGNUM VENTURES LTD.,6848.00,2.42,,,,
LIQGRWBEES,NIPPONAMC - LIQGRWBEES,1.00,0.01,,,,
COMSYN,COMMERCIAL SYN BAGS LTD,2496.00,3.84,,,,
UNITEDTEA,UNITED NILGIRI TEA LTD,50.00,0.25,,,,
AARVI,AARVI ENCON LIMITED,305.00,0.37,,,,
AHLADA,AHLADA ENGINEERS LIMITED,5747.00,5.37,,,,
SELECTIPO,MIRAEAMC - SELECTIPO,4845.00,2.39,,,,
NIF10GETF,UTI NIFTY 10 YR BENCHMARK G-SE,2488.00,0.65,,,,
ASAHISONG,ASAHI SONGWON COLOR LTD,1431.00,4.17,,,,
NIF5GETF,UTI NIFTY 5 YR BENCHMARK G-SEC,2595.00,1.66,,,,
NEXT30ADD,DSPAMC - NEXT30ADD,3112.00,1.21,,,,
NINSYS,NINTEC SYSTEMS LIMITED,2407.00,12.53,,,,
UNIENTER,UNIPHOS ENTERPRISES LTD,1000.00,1.70,,,,
EBBETF0433,EDELAMC - EBBETF0433,47.00,0.59,,,,
MIRCELECTR,MIRC ELECTRONICS LTD,336.00,0.07,,,,
CPCAP,CP CAPITAL LIMITED,25.00,0.10,,,,
SHIVATEX,SHIVA TEXYARN LIMITED,10.00,0.02,,,,
ORIENTBELL,ORIENT BELL LIMITED,484.00,2.39,,,,
HILTON,HILTON METAL FORGING LTD,104149.00,48.38,,,,
INDOBORAX,INDO BORAX & CHEMICAL LTD,1788.00,3.00,,,,
JOCIL,JOCIL LIMITED,0.00,0.00,,,,
MOINFRA,MOTILALAMC - MOINFRA,204.00,0.12,,,,
BBNPNBETF,BARODABNP - BBNPNBETF,216.00,0.12,,,,
SOMICONVEY,SOMI CONVEYOR BELT. LTD.,125.00,0.17,,,,
NRAIL,N R AGARWAL INDS LTD,5633.00,20.60,,,,
HTMEDIA,HT MEDIA LIMITED,10000.00,2.89,,,,
MARALOVER,MARAL OVERSEAS LTD,27.00,0.01,,,,
TREJHARA,TREJHARA SOLUTIONS LTD,1.00,0.00,,,,
