,,,,,,Data Revised for reporting date 19-NOV-2025 to include late member submissions,,,
SEBI REPORT AS ON 19-NOV-2025,,,,,,,,,
,,As on Reporting Date 19-NOV-2025,,,,,,As on Current Date 21-NOV-2025 for reporting date 19-NOV-2025,
,Sr.No.,Particulars,Rs. In Lakhs ,,,,Sr.No.,Particulars,Rs. In Lakhs
,1,Scripwise Total Outstanding on the beginning of the day,11270084.89,,,,1,Scripwise Total Outstanding on the beginning of the day,11270221.96
,2,Fresh Exposure taken during the day,303670.48,,,,2,Fresh Exposure taken during the day,303673.08
,3,Exposure liquidated during the day,353042.00,,,,3,Exposure liquidated during the day,353042.00
,4,Net scripwise outstanding at the end of the day,11220713.38,,,,4,Net scripwise outstanding at the end of the day,11220853.04
,,,,,,,,,
,,,,,,,,,
Symbol,Name,Qty Fin by all the members(No.of Shares),Amt Fin by all the members(Rs. In Lakhs),,,Symbol,Name,Qty Fin by all the members(No.of Shares),Amt Fin by all the members(Rs. In Lakhs)
20MICRONS,20 MICRONS LTD,255770,595.53,,,20MICRONS,20 MICRONS LTD,255770,595.53
360ONE,360 ONE WAM LIMITED,362128,4029.51,,,360ONE,360 ONE WAM LIMITED,362128,4029.51
3IINFOLTD,3I INFOTECH LIMITED,478418,149.52,,,3IINFOLTD,3I INFOTECH LIMITED,478418,149.52
3MINDIA,3M INDIA LIMITED,5254,1684.50,,,3MINDIA,3M INDIA LIMITED,5254,1684.50
5PAISA,5PAISA CAPITAL LIMITED,122032,443.73,,,5PAISA,5PAISA CAPITAL LIMITED,122032,443.73
63MOONS,63 MOONS TECHNOLOGIES LTD,389659,3268.92,,,63MOONS,63 MOONS TECHNOLOGIES LTD,389659,3268.92
AADHARHFC,AADHAR HOUSING FINANCE L,1159342,5877.20,,,AADHARHFC,AADHAR HOUSING FINANCE L,1159342,5877.20
AARON,AARON INDUSTRIES LIMITED,270,0.78,,,AARON,AARON INDUSTRIES LIMITED,270,0.78
AARTECH,AARTECH SOLONICS LIMITED,1075,0.57,,,AARTECH,AARTECH SOLONICS LIMITED,1075,0.57
AARTIDRUGS,AARTI DRUGS LTD.,713815,3533.36,,,AARTIDRUGS,AARTI DRUGS LTD.,713815,3533.36
AARTIIND,AARTI INDUSTRIES LTD,3802153,16602.75,,,AARTIIND,AARTI INDUSTRIES LTD,3802153,16602.75
AARTIPHARM,AARTI PHARMALABS LIMITED,380878,3101.58,,,AARTIPHARM,AARTI PHARMALABS LIMITED,380878,3101.58
AARTISURF,AARTI SURFACTANTS LIMITED,3684,17.96,,,AARTISURF,AARTI SURFACTANTS LIMITED,3684,17.96
AARVI,AARVI ENCON LIMITED,334,0.44,,,AARVI,AARVI ENCON LIMITED,334,0.44
AAVAS,AAVAS FINANCIERS LIMITED,245035,4338.35,,,AAVAS,AAVAS FINANCIERS LIMITED,245035,4338.35
ABAN,ABAN OFFSHORE LTD.,750,0.58,,,ABAN,ABAN OFFSHORE LTD.,750,0.58
ABB,ABB INDIA LIMITED,540366,30245.76,,,ABB,ABB INDIA LIMITED,540366,30245.76
ABBOTINDIA,ABBOTT INDIA LIMITED,14758,4530.32,,,ABBOTINDIA,ABBOTT INDIA LIMITED,14758,4530.32
ABCAPITAL,ADITYA BIRLA CAPITAL LTD.,3695034,10271.99,,,ABCAPITAL,ADITYA BIRLA CAPITAL LTD.,3695034,10271.99
ABCOTS,A B COTSPIN INDIA LIMITED,31451,131.07,,,ABCOTS,A B COTSPIN INDIA LIMITED,31451,131.07
ABDL,ALLIED BLEND N DISTILS L,918230,4924.43,,,ABDL,ALLIED BLEND N DISTILS L,918230,4924.43
ABFRL,ADITYA BIRLA FASHION & RT,33284314,40603.50,,,ABFRL,ADITYA BIRLA FASHION & RT,33284314,40603.50
ABGSEC,BIRLASLAMC - ABGSEC,261,0.29,,,ABGSEC,BIRLASLAMC - ABGSEC,261,0.29
ABINFRA,A B INFRABUILD LIMITED,1,0.00,,,ABINFRA,A B INFRABUILD LIMITED,1,0.00
ABLBL,ADITYA BIRLA LIFES BRAN L,6364262,9558.95,,,ABLBL,ADITYA BIRLA LIFES BRAN L,6364262,9558.95
ABREL,ADITYA BIRLA REAL EST LTD,323656,6611.81,,,ABREL,ADITYA BIRLA REAL EST LTD,323656,6611.81
ABSLAMC,ADIT BIRL SUN LIF AMC LTD,486674,3929.29,,,ABSLAMC,ADIT BIRL SUN LIF AMC LTD,486674,3929.29
ABSLBANETF,BIRLASLAMC - ABSLBANETF,9381,5.33,,,ABSLBANETF,BIRLASLAMC - ABSLBANETF,9381,5.33
ABSLLIQUID,BIRLASLAMC - ABSLLIQUID,11,0.11,,,ABSLLIQUID,BIRLASLAMC - ABSLLIQUID,11,0.11
ABSLNN50ET,BIRLASLAMC - ABSLNN50ET,165854,126.52,,,ABSLNN50ET,BIRLASLAMC - ABSLNN50ET,165854,126.52
ABSLPSE,BIRLASLAMC-ABSLPSE,101055,10.19,,,ABSLPSE,BIRLASLAMC-ABSLPSE,101055,10.19
ACC,ACC LIMITED,777068,14938.91,,,ACC,ACC LIMITED,777068,14938.91
ACCELYA,ACCELYA SOLN INDIA LTD,298242,4330.73,,,ACCELYA,ACCELYA SOLN INDIA LTD,298242,4330.73
ACE,ACTION CONST EQUIP LTD,721232,8368.40,,,ACE,ACTION CONST EQUIP LTD,721232,8368.40
ACI,ARCHEAN CHEMICAL IND LTD,390272,2517.21,,,ACI,ARCHEAN CHEMICAL IND LTD,390272,2517.21
ACL,ANDHRA CEMENTS LIMITED,62,0.04,,,ACL,ANDHRA CEMENTS LIMITED,62,0.04
ACLGATI,ALLCARGO GATI LIMITED,58575,37.97,,,ACLGATI,ALLCARGO GATI LIMITED,58575,37.97
ACMESOLAR,ACME SOLAR HOLDINGS LTD,2686410,7614.36,,,ACMESOLAR,ACME SOLAR HOLDINGS LTD,2686410,7614.36
ACUTAAS,ACUTAAS CHEMICALS LIMITED,400418,6138.35,,,ACUTAAS,ACUTAAS CHEMICALS LIMITED,400418,6138.35
ADANIENSOL,ADANI ENERGY SOLUTION LTD,1238731,11063.65,,,ADANIENSOL,ADANI ENERGY SOLUTION LTD,1238731,11063.65
ADANIENT,ADANI ENTERPRISES LIMITED,1235272,31640.48,,,ADANIENT,ADANI ENTERPRISES LIMITED,1235272,31640.48
ADANIGREEN,ADANI GREEN ENERGY LTD,2593831,27787.84,,,ADANIGREEN,ADANI GREEN ENERGY LTD,2593831,27787.84
ADANIPORTS,ADANI PORT & SEZ LTD,1740249,24656.88,,,ADANIPORTS,ADANI PORT & SEZ LTD,1740249,24656.88
ADANIPOWER,ADANI POWER LTD,32261899,48807.16,,,ADANIPOWER,ADANI POWER LTD,32261899,48807.16
ADFFOODS,ADF FOODS LIMITED,799196,2043.37,,,ADFFOODS,ADF FOODS LIMITED,799196,2043.37
ADOR,ADOR WELDING LTD,50354,564.84,,,ADOR,ADOR WELDING LTD,50354,564.84
ADSL,ALLIED DIGITAL SERV. LTD,343223,665.13,,,ADSL,ALLIED DIGITAL SERV. LTD,343223,665.13
ADVANCE,ADVANCE AGROLIFE LIMITED,552467,787.94,,,ADVANCE,ADVANCE AGROLIFE LIMITED,552467,787.94
ADVANIHOTR,ADVANI HOT.& RES.(I) LTD,27989,17.78,,,ADVANIHOTR,ADVANI HOT.& RES.(I) LTD,27989,17.78
ADVENTHTL,ADVENT HOTELS INTERNATI L,2018,5.79,,,ADVENTHTL,ADVENT HOTELS INTERNATI L,2018,5.79
ADVENZYMES,ADVANCED ENZYME TECH LTD,714271,2509.67,,,ADVENZYMES,ADVANCED ENZYME TECH LTD,714271,2509.67
AEGISLOG,AEGIS LOGISTICS LIMITED,1107161,8883.77,,,AEGISLOG,AEGIS LOGISTICS LIMITED,1107161,8883.77
AEGISVOPAK,AEGIS VOPAK TERMINALS LTD,486192,1296.72,,,AEGISVOPAK,AEGIS VOPAK TERMINALS LTD,486192,1296.72
AEROENTER,AEROFLEX ENTERPRISES LTD,905454,912.87,,,AEROENTER,AEROFLEX ENTERPRISES LTD,905454,912.87
AEROFLEX,AEROFLEX INDUSTRIES LTD,2468804,4722.19,,,AEROFLEX,AEROFLEX INDUSTRIES LTD,2468804,4722.19
AETHER,AETHER INDUSTRIES LIMITED,328398,2554.35,,,AETHER,AETHER INDUSTRIES LIMITED,328398,2554.35
AFCONS,AFCONS INFRASTRUCTURE LTD,1466704,6509.18,,,AFCONS,AFCONS INFRASTRUCTURE LTD,1466704,6509.18
AFFLE,AFFLE 3I LIMITED,305667,5689.45,,,AFFLE,AFFLE 3I LIMITED,305667,5689.45
AFFORDABLE,AFFORD ROBO & AUTO LTD,11554,30.19,,,AFFORDABLE,AFFORD ROBO & AUTO LTD,11554,30.19
AFIL,AKME FINTRADE (INDIA) LTD,12401063,959.11,,,AFIL,AKME FINTRADE (INDIA) LTD,12401063,959.11
AFSL,ABANS FINANCIAL SRVCS LTD,28281,66.88,,,AFSL,ABANS FINANCIAL SRVCS LTD,28281,66.88
AGARIND,AGARWAL INDS CORP LTD.,53965,519.83,,,AGARIND,AGARWAL INDS CORP LTD.,53965,519.83
AGARWALEYE,DR AGARWALS HEALTH CARE L,118270,577.61,,,AGARWALEYE,DR AGARWALS HEALTH CARE L,118270,577.61
AGI,AGI GREENPAC LIMITED,514723,4451.20,,,AGI,AGI GREENPAC LIMITED,514723,4451.20
AGIIL,AGI INFRA LIMITED,1712151,3701.35,,,AGIIL,AGI INFRA LIMITED,1712151,3701.35
AGRITECH,AGRI-TECH (INDIA) LIMITED,2549,4.82,,,AGRITECH,AGRI-TECH (INDIA) LIMITED,2549,4.82
AGSTRA,AGS TRANSACT TECH LTD,497,0.37,,,AGSTRA,AGS TRANSACT TECH LTD,497,0.37
AHLADA,AHLADA ENGINEERS LIMITED,5737,5.37,,,AHLADA,AHLADA ENGINEERS LIMITED,5737,5.37
AHLEAST,ASIAN HOTELS (EAST) LTD,1401,2.12,,,AHLEAST,ASIAN HOTELS (EAST) LTD,1401,2.12
AHLUCONT,AHLUWALIA CONT IND LTD,262672,2670.48,,,AHLUCONT,AHLUWALIA CONT IND LTD,262672,2670.48
AIAENG,AIA ENGINEERING LIMITED,43882,1537.08,,,AIAENG,AIA ENGINEERING LIMITED,43882,1537.08
AIIL,AUTHUM INVEST & INFRA LTD,93127,2685.29,,,AIIL,AUTHUM INVEST & INFRA LTD,93127,2685.29
AIRAN,AIRAN LIMITED,84540,23.46,,,AIRAN,AIRAN LIMITED,84540,23.46
AJANTPHARM,AJANTA PHARMA LIMITED,64144,1727.55,,,AJANTPHARM,AJANTA PHARMA LIMITED,64144,1727.55
AJAXENGG,AJAX ENGINEERING LIMITED,134172,884.40,,,AJAXENGG,AJAX ENGINEERING LIMITED,134172,884.40
AJMERA,AJMERA REALTY & INF I LTD,171349,1655.75,,,AJMERA,AJMERA REALTY & INF I LTD,171349,1655.75
AJOONI,AJOONI BIOTECH LIMITED,7049,0.40,,,AJOONI,AJOONI BIOTECH LIMITED,7049,0.40
AKSHARCHEM,AKSHARCHEM INDIA LIMITED,250,0.77,,,AKSHARCHEM,AKSHARCHEM INDIA LIMITED,250,0.77
AKSHOPTFBR,AKSH OPTIFIBRE LIMITED,1158,0.09,,,AKSHOPTFBR,AKSH OPTIFIBRE LIMITED,1158,0.09
AKUMS,AKUMS DRUGS AND PHARMA L,453916,2274.45,,,AKUMS,AKUMS DRUGS AND PHARMA L,453916,2274.45
AKZOINDIA,AKZO NOBEL INDIA LIMITED,27856,984.09,,,AKZOINDIA,AKZO NOBEL INDIA LIMITED,27856,984.09
ALANKIT,ALANKIT LIMITED,206163,29.72,,,ALANKIT,ALANKIT LIMITED,206163,29.72
ALBERTDAVD,ALBERT DAVID LIMITED,3758,30.66,,,ALBERTDAVD,ALBERT DAVID LIMITED,3758,30.66
ALEMBICLTD,ALEMBIC LIMITED,2164348,2502.76,,,ALEMBICLTD,ALEMBIC LIMITED,2164348,2502.76
ALICON,ALICON CASTALLOY LIMITED,12567,127.21,,,ALICON,ALICON CASTALLOY LIMITED,12567,127.21
ALIVUS,ALIVUS LIFE SCIENCES LTD,214488,2192.05,,,ALIVUS,ALIVUS LIFE SCIENCES LTD,214488,2192.05
ALKALI,ALKALI METALS LTD,740,0.70,,,ALKALI,ALKALI METALS LTD,740,0.70
ALKEM,ALKEM LABORATORIES LTD.,23752,1333.97,,,ALKEM,ALKEM LABORATORIES LTD.,23752,1333.97
ALKYLAMINE,ALKYL AMINES CHEM. LTD,173710,3563.55,,,ALKYLAMINE,ALKYL AMINES CHEM. LTD,173710,3563.55
ALLCARGO,ALLCARGO LOGISTICS LTD,789838,313.63,,,ALLCARGO,ALLCARGO LOGISTICS LTD,789838,313.63
ALLDIGI,ALLDIGI TECH LIMITED,27610,203.97,,,ALLDIGI,ALLDIGI TECH LIMITED,27610,203.97
ALLTIME,ALL TIME PLASTICS LIMITED,164250,475.66,,,ALLTIME,ALL TIME PLASTICS LIMITED,164250,475.66
ALMONDZ,ALMONDZ GLOBAL SEC LTD,14106,2.99,,,ALMONDZ,ALMONDZ GLOBAL SEC LTD,14106,2.99
ALOKINDS,ALOK INDUSTRIES LIMITED,15572548,3009.25,,,ALOKINDS,ALOK INDUSTRIES LIMITED,15572548,3009.25
ALPA,ALPA LABORATORIES LTD,3698,3.81,,,ALPA,ALPA LABORATORIES LTD,3698,3.81
ALPHA,KOTAKMAMC - KOTAKALPHA,4051119,2009.72,,,ALPHA,KOTAKMAMC - KOTAKALPHA,4051119,2009.72
ALPHAETF,MIRAEAMC - ALPHAETF,1744377,442.63,,,ALPHAETF,MIRAEAMC - ALPHAETF,1744377,442.63
ALPHAGEO,ALPHAGEO (INDIA) LIMITED,14272,37.92,,,ALPHAGEO,ALPHAGEO (INDIA) LIMITED,14272,37.92
ALPL30IETF,ICICIPRAMC - ICICIALPLV,807399,229.93,,,ALPL30IETF,ICICIPRAMC - ICICIALPLV,807399,229.93
AMANTA,AMANTA HEALTHCARE LIMITED,14619,18.17,,,AMANTA,AMANTA HEALTHCARE LIMITED,14619,18.17
AMBER,AMBER ENTERPRISES (I) LTD,221843,17228.01,,,AMBER,AMBER ENTERPRISES (I) LTD,221843,17228.01
AMBIKCO,AMBIKA COTTON MILL LTD.,14425,212.07,,,AMBIKCO,AMBIKA COTTON MILL LTD.,14425,212.07
AMBUJACEM,AMBUJA CEMENTS LTD,2687193,15549.59,,,AMBUJACEM,AMBUJA CEMENTS LTD,2687193,15549.59
AMJLAND,AMJ LAND HOLDINGS LIMITED,200,0.12,,,AMJLAND,AMJ LAND HOLDINGS LIMITED,200,0.12
AMNPLST,AMINES & PLASTICIZERS LTD,2375,6.97,,,AMNPLST,AMINES & PLASTICIZERS LTD,2375,6.97
AMRUTANJAN,AMRUTAJAN HEALTH LTD,42378,317.40,,,AMRUTANJAN,AMRUTAJAN HEALTH LTD,42378,317.40
ANANDRATHI,ANAND RATHI WEALTH LTD,120366,3494.17,,,ANANDRATHI,ANAND RATHI WEALTH LTD,120366,3494.17
ANANTRAJ,ANANT RAJ LIMITED,10630684,69429.03,,,ANANTRAJ,ANANT RAJ LIMITED,10630684,69429.03
ANDHRAPAP,ANDHRA PAPER LIMITED,606949,507.13,,,ANDHRAPAP,ANDHRA PAPER LIMITED,606949,507.13
ANDHRSUGAR,ANDHRA SUGARS LTD,473833,500.75,,,ANDHRSUGAR,ANDHRA SUGARS LTD,473833,500.75
ANDREWYU,ANDREW YULE & CO LTD,3900,1.04,,,ANDREWYU,ANDREW YULE & CO LTD,3900,1.04
ANGELONE,ANGEL ONE LIMITED,593866,16603.68,,,ANGELONE,ANGEL ONE LIMITED,593866,16603.68
ANMOL,ANMOL INDIA LIMITED,500,0.08,,,ANMOL,ANMOL INDIA LIMITED,500,0.08
ANTELOPUS,ANTELOPUS SELAN ENRGY LTD,121787,769.93,,,ANTELOPUS,ANTELOPUS SELAN ENRGY LTD,121787,769.93
ANTHEM,ANTHEM BIOSCIENCES LTD,398353,2947.53,,,ANTHEM,ANTHEM BIOSCIENCES LTD,398353,2947.53
ANUHPHR,ANUH PHARMA LIMITED,18510,16.63,,,ANUHPHR,ANUH PHARMA LIMITED,18510,16.63
ANUP,THE ANUP ENGINEERING LTD,72043,1884.32,,,ANUP,THE ANUP ENGINEERING LTD,72043,1884.32
ANURAS,ANUPAM RASAYAN INDIA LTD,4314274,42774.35,,,ANURAS,ANUPAM RASAYAN INDIA LTD,4314274,42774.35
AONEGOLD,AONEAMC - AONEGOLD,768032,91.36,,,AONEGOLD,AONEAMC - AONEGOLD,768032,91.36
AONELIQUID,AONEAMC - AONELIQUID,3,0.03,,,AONELIQUID,AONEAMC - AONELIQUID,3,0.03
AONENIFTY,AONEAMC - AONENIFTY,44872,4.62,,,AONENIFTY,AONEAMC - AONENIFTY,44872,4.62
AONETOTAL,AONEAMC - AONETOTAL,73969,8.68,,,AONETOTAL,AONEAMC - AONETOTAL,73969,8.68
APARINDS,APAR INDUSTRIES LTD.,71753,6042.97,,,APARINDS,APAR INDUSTRIES LTD.,71753,6042.97
APCOTEXIND,APCOTEX INDUSTRIES LIMITE,29399,123.39,,,APCOTEXIND,APCOTEX INDUSTRIES LIMITE,29399,123.39
APEX,APEX FROZEN FOODS LIMITED,204271,551.58,,,APEX,APEX FROZEN FOODS LIMITED,204271,551.58
APLAPOLLO,APL APOLLO TUBES LTD,275712,4812.36,,,APLAPOLLO,APL APOLLO TUBES LTD,275712,4812.36
APLLTD,ALEMBIC PHARMA LTD,237971,2378.35,,,APLLTD,ALEMBIC PHARMA LTD,237971,2378.35
APOLLO,APOLLO MICRO SYSTEMS LTD,3416385,8883.39,,,APOLLO,APOLLO MICRO SYSTEMS LTD,3416385,8883.39
APOLLOHOSP,APOLLO HOSPITALS ENTER. L,182304,13827.78,,,APOLLOHOSP,APOLLO HOSPITALS ENTER. L,182304,13827.78
APOLLOPIPE,APOLLO PIPES LIMITED,512628,1956.74,,,APOLLOPIPE,APOLLO PIPES LIMITED,512628,1956.74
APOLLOTYRE,APOLLO TYRES LTD,659758,3337.97,,,APOLLOTYRE,APOLLO TYRES LTD,659758,3337.97
APOLSINHOT,APOLLO SINDOORI HOTEL LTD,202,3.47,,,APOLSINHOT,APOLLO SINDOORI HOTEL LTD,202,3.47
APTECHT,APTECH LIMITED,324109,381.14,,,APTECHT,APTECH LIMITED,324109,381.14
APTUS,APTUS VALUE HSG FIN I LTD,2699662,8516.50,,,APTUS,APTUS VALUE HSG FIN I LTD,2699662,8516.50
ARCHIDPLY,ARCHIDPLY IND. LTD,622,0.64,,,ARCHIDPLY,ARCHIDPLY IND. LTD,622,0.64
ARE&M,AMARA RAJA ENERGY MOB LTD,1561939,16468.74,,,ARE&M,AMARA RAJA ENERGY MOB LTD,1561939,16468.74
ARIES,ARIES AGRO LTD.,105042,415.08,,,ARIES,ARIES AGRO LTD.,105042,415.08
ARIHANTCAP,ARIHANT CAPITAL MKTS LTD,780952,824.11,,,ARIHANTCAP,ARIHANT CAPITAL MKTS LTD,780952,824.11
ARIHANTSUP,ARIHANT SUPERSTRUCT LTD,140117,594.38,,,ARIHANTSUP,ARIHANT SUPERSTRUCT LTD,140117,594.38
ARISINFRA,ARISINFRA SOLUTIONS LTD,491433,793.33,,,ARISINFRA,ARISINFRA SOLUTIONS LTD,491433,793.33
ARKADE,ARKADE DEVELOPERS LIMITED,2864560,5121.96,,,ARKADE,ARKADE DEVELOPERS LIMITED,2864560,5121.96
ARMANFIN,ARMAN FIN SERV LTD,95031,1559.19,,,ARMANFIN,ARMAN FIN SERV LTD,95031,1559.19
ARROWGREEN,ARROW GREENTECH LIMITED,13105,82.36,,,ARROWGREEN,ARROW GREENTECH LIMITED,13105,82.36
ARSSBL,ANAND RATHI SH N STK BR L,575188,3926.79,,,ARSSBL,ANAND RATHI SH N STK BR L,575188,3926.79
ARTEMISMED,ARTEMIS MED SERVICE LTD,181131,486.94,,,ARTEMISMED,ARTEMIS MED SERVICE LTD,181131,486.94
ARVIND,ARVIND LIMITED,1033469,3522.26,,,ARVIND,ARVIND LIMITED,1033469,3522.26
ARVINDFASN,ARVIND FASHIONS LIMITED,557458,2925.22,,,ARVINDFASN,ARVIND FASHIONS LIMITED,557458,2925.22
ARVSMART,ARVIND SMARTSPACES LTD,153078,1005.41,,,ARVSMART,ARVIND SMARTSPACES LTD,153078,1005.41
ASAHIINDIA,ASAHI INDIA GLASS LIMITED,86462,765.04,,,ASAHIINDIA,ASAHI INDIA GLASS LIMITED,86462,765.04
ASAHISONG,ASAHI SONGWON COLOR LTD,542,1.59,,,ASAHISONG,ASAHI SONGWON COLOR LTD,542,1.59
ASAL,AUTOMOTIVE STAMPINGS & AS,35023,205.04,,,ASAL,AUTOMOTIVE STAMPINGS & AS,35023,205.04
ASALCBR,ASSO ALCOHOLS & BREW LTD,160680,1630.11,,,ASALCBR,ASSO ALCOHOLS & BREW LTD,160680,1630.11
ASHAPURMIN,ASHAPURA MINECHEM LTD,1501151,7420.18,,,ASHAPURMIN,ASHAPURA MINECHEM LTD,1501151,7420.18
ASHIANA,ASHIANA HOUSING LTD,82715,261.70,,,ASHIANA,ASHIANA HOUSING LTD,82715,261.70
ASHIMASYN,ASHIMA LTD,18563,3.87,,,ASHIMASYN,ASHIMA LTD,18563,3.87
ASHOKA,ASHOKA BUILDCON LTD,4450613,9351.37,,,ASHOKA,ASHOKA BUILDCON LTD,4450613,9351.37
ASHOKAMET,ASHOKA METCAST LIMITED,6186,1.07,,,ASHOKAMET,ASHOKA METCAST LIMITED,6186,1.07
ASHOKLEY,ASHOK LEYLAND LTD,4941351,6760.23,,,ASHOKLEY,ASHOK LEYLAND LTD,4941351,6760.23
ASIANENE,ASIAN ENERGY SERVICES LTD,564149,1931.65,,,ASIANENE,ASIAN ENERGY SERVICES LTD,564149,1931.65
ASIANPAINT,ASIAN PAINTS LIMITED,354911,9219.82,,,ASIANPAINT,ASIAN PAINTS LIMITED,354911,9219.82
ASIANTILES,ASIAN GRANITO IND. LTD.,1699445,1145.28,,,ASIANTILES,ASIAN GRANITO IND. LTD.,1699445,1145.28
ASKAUTOLTD,ASK AUTOMOTIVE LIMITED,408646,2041.35,,,ASKAUTOLTD,ASK AUTOMOTIVE LIMITED,408646,2041.35
ASMS,BARTRONICS INDIA LIMITED,3631,0.53,,,ASMS,BARTRONICS INDIA LIMITED,3631,0.53
ASPINWALL,ASPINWALL & CO LTD,126,0.36,,,ASPINWALL,ASPINWALL & CO LTD,126,0.36
ASTEC,ASTEC LIFESCIENCES LTD,354257,3431.30,,,ASTEC,ASTEC LIFESCIENCES LTD,354257,3431.30
ASTERDM,ASTER DM HEALTHCARE LTD.,568366,3708.62,,,ASTERDM,ASTER DM HEALTHCARE LTD.,568366,3708.62
ASTRAL,ASTRAL LIMITED,719989,11085.00,,,ASTRAL,ASTRAL LIMITED,719989,11085.00
ASTRAMICRO,ASTRA MICROWAVE LTD,2216779,20411.44,,,ASTRAMICRO,ASTRA MICROWAVE LTD,2216779,20411.44
ASTRAZEN,ASTRAZENECA PHARMA IND LT,29287,2409.67,,,ASTRAZEN,ASTRAZENECA PHARMA IND LT,29287,2409.67
ATALREAL,ATAL REALTECH LIMITED,1219000,260.78,,,ATALREAL,ATAL REALTECH LIMITED,1219000,260.78
ATAM,ATAM VALVES LIMITED,1849,2.04,,,ATAM,ATAM VALVES LIMITED,1849,2.04
ATGL,ADANI TOTAL GAS LIMITED,1754613,11906.14,,,ATGL,ADANI TOTAL GAS LIMITED,1754613,11906.14
ATHERENERG,ATHER ENERGY LIMITED,702370,4404.01,,,ATHERENERG,ATHER ENERGY LIMITED,702370,4404.01
ATL,ALLCARGO TERMINALS LTD,902042,384.03,,,ATL,ALLCARGO TERMINALS LTD,902042,384.03
ATLANTAELE,ATLANTA ELECTRICALS LTD,80506,794.60,,,ATLANTAELE,ATLANTA ELECTRICALS LTD,80506,794.60
ATUL,ATUL LTD,253888,15712.10,,,ATUL,ATUL LTD,253888,15712.10
ATULAUTO,ATUL AUTO LIMITED,279111,1399.03,,,ATULAUTO,ATUL AUTO LIMITED,279111,1399.03
AUBANK,AU SMALL FINANCE BANK LTD,482621,3708.35,,,AUBANK,AU SMALL FINANCE BANK LTD,482621,3708.35
AURIONPRO,AURIONPRO SOLN LTD,454030,5599.07,,,AURIONPRO,AURIONPRO SOLN LTD,454030,5599.07
AUROPHARMA,AUROBINDO PHARMA LTD,460862,5465.12,,,AUROPHARMA,AUROBINDO PHARMA LTD,460862,5465.12
AURUM,AURUM PROPTECH LIMITED,225843,408.35,,,AURUM,AURUM PROPTECH LIMITED,225843,408.35
AUTOAXLES,AUTOMOTIVE AXLES LIMITED,24167,434.84,,,AUTOAXLES,AUTOMOTIVE AXLES LIMITED,24167,434.84
AUTOBEES,NIPPONAMC - NETFAUTO,242509,661.11,,,AUTOBEES,NIPPONAMC - NETFAUTO,242509,661.11
AUTOIETF,ICICIPRAMC - ICICIAUTO,852307,233.09,,,AUTOIETF,ICICIPRAMC - ICICIAUTO,852307,233.09
AUTOIND,AUTOLINE INDUSTRIES LTD,65876,52.45,,,AUTOIND,AUTOLINE INDUSTRIES LTD,65876,52.45
AVADHSUGAR,AVADH SUG & ENERGY LTD,153017,775.21,,,AVADHSUGAR,AVADH SUG & ENERGY LTD,153017,775.21
AVALON,AVALON TECHNOLOGIES LTD,350742,3596.46,,,AVALON,AVALON TECHNOLOGIES LTD,350742,3596.46
AVANTEL,AVANTEL LIMITED,7140605,12698.55,,,AVANTEL,AVANTEL LIMITED,7140605,12698.55
AVANTIFEED,AVANTI FEEDS LIMITED,941391,7143.03,,,AVANTIFEED,AVANTI FEEDS LIMITED,941391,7143.03
AVG,AVG LOGISTICS LIMITED,1906,5.18,,,AVG,AVG LOGISTICS LIMITED,1906,5.18
AVL,ADITYA VISION LIMITED,125322,661.28,,,AVL,ADITYA VISION LIMITED,125322,661.28
AVONMORE,AVONMORE CAP&MGT SERV LTD,12160,2.30,,,AVONMORE,AVONMORE CAP&MGT SERV LTD,12160,2.30
AVROIND,AVRO INDIA LIMITED,1258,1.79,,,AVROIND,AVRO INDIA LIMITED,1258,1.79
AVTNPL,AVT NATURAL PRODUCTS LTD,70793,60.85,,,AVTNPL,AVT NATURAL PRODUCTS LTD,70793,60.85
AWFIS,AWFIS SPACE SOLUTIONS LTD,810256,4912.36,,,AWFIS,AWFIS SPACE SOLUTIONS LTD,810256,4912.36
AWHCL,ANTONY WASTE HDG CELL LTD,276435,1625.72,,,AWHCL,ANTONY WASTE HDG CELL LTD,276435,1625.72
AWL,AWL AGRI BUSINESS LIMITED,2832455,8043.50,,,AWL,AWL AGRI BUSINESS LIMITED,2832455,8043.50
AXISBANK,AXIS BANK LIMITED,917092,10870.87,,,AXISBANK,AXIS BANK LIMITED,917092,10870.87
AXISBNKETF,AXISAMC - AXISBNKETF,647,3.85,,,AXISBNKETF,AXISAMC - AXISBNKETF,647,3.85
AXISBPSETF,AXISAMC - AXISBPSETF,4400,0.57,,,AXISBPSETF,AXISAMC - AXISBPSETF,4400,0.57
AXISCADES,AXISCADES TECH LTD,420,7.14,,,AXISCADES,AXISCADES TECH LTD,420,7.14
AXISCETF,AXISAMC - AXISCETF,11924,15.11,,,AXISCETF,AXISAMC - AXISCETF,11924,15.11
AXISGOLD,AXIS MF - AXIS GOLD ETF,2896310,2906.05,,,AXISGOLD,AXIS MF - AXIS GOLD ETF,2896310,2906.05
AXISHCETF,AXISAMC - AXISHCETF,7252,10.51,,,AXISHCETF,AXISAMC - AXISHCETF,7252,10.51
AXISILVER,AXISAMC - AXISILVER,895373,1454.66,,,AXISILVER,AXISAMC - AXISILVER,895373,1454.66
AXISNIFTY,AXISAMC - AXISNIFTY,19474,55.16,,,AXISNIFTY,AXISAMC - AXISNIFTY,19474,55.16
AXISTECETF,AXISAMC - AXISTECETF,5741,22.98,,,AXISTECETF,AXISAMC - AXISTECETF,5741,22.98
AXISVALUE,AXISAMC - AXISVALUE,1836,0.55,,,AXISVALUE,AXISAMC - AXISVALUE,1836,0.55
AXITA,AXITA COTTON LIMITED,50926,6.56,,,AXITA,AXITA COTTON LIMITED,50926,6.56
AXSENSEX,AXISAMC - AXSENSEX,1865,1.59,,,AXSENSEX,AXISAMC - AXSENSEX,1865,1.59
AYMSYNTEX,AYM SYNTEX LIMITED,22138,42.54,,,AYMSYNTEX,AYM SYNTEX LIMITED,22138,42.54
AZAD,AZAD ENGINEERING LIMITED,557913,9381.26,,,AZAD,AZAD ENGINEERING LIMITED,557913,9381.26
BAIDFIN,BAID FINSERV LIMITED,31629,3.93,,,BAIDFIN,BAID FINSERV LIMITED,31629,3.93
BAJAJ-AUTO,BAJAJ AUTO LIMITED,409447,36571.88,,,BAJAJ-AUTO,BAJAJ AUTO LIMITED,409447,36571.88
BAJAJCON,BAJAJ CONSUMER CARE LTD,2227143,5836.94,,,BAJAJCON,BAJAJ CONSUMER CARE LTD,2227143,5836.94
BAJAJELEC,BAJAJ ELECT.LTD,470289,2704.04,,,BAJAJELEC,BAJAJ ELECT.LTD,470289,2704.04
BAJAJFINSV,BAJAJ FINSERV LTD.,793120,16053.48,,,BAJAJFINSV,BAJAJ FINSERV LTD.,793120,16053.48
BAJAJHCARE,BAJAJ HEALTHCARE LIMITED,913647,4518.41,,,BAJAJHCARE,BAJAJ HEALTHCARE LIMITED,913647,4518.41
BAJAJHFL,BAJAJ HOUSING FINANCE LTD,23642248,27975.88,,,BAJAJHFL,BAJAJ HOUSING FINANCE LTD,23643248,27977.30
BAJAJHIND,BAJAJ HINDUSTHAN SUGAR LT,25544250,6292.58,,,BAJAJHIND,BAJAJ HINDUSTHAN SUGAR LT,25544250,6292.58
BAJAJHLDNG,BAJAJ HOLDINGS & INVS LTD,97129,12316.93,,,BAJAJHLDNG,BAJAJ HOLDINGS & INVS LTD,97129,12316.93
BAJAJINDEF,INDEF MANUFACTURING LTD,12771,48.61,,,BAJAJINDEF,INDEF MANUFACTURING LTD,12771,48.61
BAJEL,BAJEL PROJECTS LIMITED,227990,463.40,,,BAJEL,BAJEL PROJECTS LIMITED,227990,463.40
BAJFINANCE,BAJAJ FINANCE LIMITED,3921565,38572.92,,,BAJFINANCE,BAJAJ FINANCE LIMITED,3921565,38572.92
BALAJEE,SHREE TIRUPATI BALAJEE L,124996,64.19,,,BALAJEE,SHREE TIRUPATI BALAJEE L,124996,64.19
BALAJITELE,BALAJI TELEFILMS LIMITED.,278666,349.70,,,BALAJITELE,BALAJI TELEFILMS LIMITED.,278666,349.70
BALAMINES,BALAJI AMINES LIMITED,297701,4727.20,,,BALAMINES,BALAJI AMINES LIMITED,297701,4727.20
BALAXI,BALAXI PHARMA LTD,71914,42.84,,,BALAXI,BALAXI PHARMA LTD,71914,42.84
BALKRISIND,BALKRISHNA IND. LTD,147726,3714.47,,,BALKRISIND,BALKRISHNA IND. LTD,147726,3714.47
BALMLAWRIE,BALMER LAWRIE & CO LTD,1713497,3807.92,,,BALMLAWRIE,BALMER LAWRIE & CO LTD,1713497,3807.92
BALPHARMA,BAL PHARMA LTD.,2611,2.16,,,BALPHARMA,BAL PHARMA LTD.,2611,2.16
BALRAMCHIN,BALRAMPUR CHINI MILLS LTD,1064725,5406.28,,,BALRAMCHIN,BALRAMPUR CHINI MILLS LTD,1064725,5406.28
BALUFORGE,BALU FORGE INDUSTRIES LTD,286797,1841.33,,,BALUFORGE,BALU FORGE INDUSTRIES LTD,286797,1841.33
BANARBEADS,BANARAS BEADS LTD,350,0.48,,,BANARBEADS,BANARAS BEADS LTD,350,0.48
BANARISUG,BANNARI AMMAN SUGARS LTD,574,21.00,,,BANARISUG,BANNARI AMMAN SUGARS LTD,574,21.00
BANCOINDIA,BANCO PRODUCTS (I) LTD,580574,4450.87,,,BANCOINDIA,BANCO PRODUCTS (I) LTD,580574,4450.87
BANDHANBNK,BANDHAN BANK LIMITED,17444498,29425.65,,,BANDHANBNK,BANDHAN BANK LIMITED,17444498,29425.65
BANKBARODA,BANK OF BARODA,4998449,12958.52,,,BANKBARODA,BANK OF BARODA,4998449,12958.52
BANKBEES,NIP IND ETF BANK BEES,356246,2063.25,,,BANKBEES,NIP IND ETF BANK BEES,356246,2063.25
BANKBETF,BFAM - BANKBETF,25647,15.03,,,BANKBETF,BFAM - BANKBETF,25647,15.03
BANKETF,MIRAEAMC - BANKETF,13345,78.38,,,BANKETF,MIRAEAMC - BANKETF,13345,78.38
BANKETFADD,DSPAMC - DSPBANKETF,4316,2.52,,,BANKETFADD,DSPAMC - DSPBANKETF,4316,2.52
BANKIETF,ICICIPRAMC - IPRU5008,213523,123.51,,,BANKIETF,ICICIPRAMC - IPRU5008,213523,123.51
BANKINDIA,BANK OF INDIA,14917492,18564.06,,,BANKINDIA,BANK OF INDIA,14917492,18564.06
BANKNIFTY1,KOTAKMAMC-KOTAKBKETF,10344,59.04,,,BANKNIFTY1,KOTAKMAMC-KOTAKBKETF,10344,59.04
BANKPSU,MIRAEAMC - BANKPSU,16994,12.98,,,BANKPSU,MIRAEAMC - BANKPSU,16994,12.98
BANSALWIRE,BANSAL WIRE INDUSTRIES L,211543,821.19,,,BANSALWIRE,BANSAL WIRE INDUSTRIES L,211543,821.19
BANSWRAS,BANSWARA SYNTEX LIMITED,3127,5.05,,,BANSWRAS,BANSWARA SYNTEX LIMITED,3127,5.05
BASF,BASF INDIA LTD,169917,8724.85,,,BASF,BASF INDIA LTD,169917,8724.85
BASML,BANNARI AM SPIN MILL LTD.,43762,13.91,,,BASML,BANNARI AM SPIN MILL LTD.,43762,13.91
BATAINDIA,BATA INDIA LTD,501306,5897.37,,,BATAINDIA,BATA INDIA LTD,501306,5897.37
BAYERCROP,BAYER CROPSCIENCE LTD,96309,4855.63,,,BAYERCROP,BAYER CROPSCIENCE LTD,96309,4855.63
BBETF0432,EDELAMC - BBETF0432,151,1.95,,,BBETF0432,EDELAMC - BBETF0432,151,1.95
BBL,BHARAT BIJLEE LTD,104749,3064.82,,,BBL,BHARAT BIJLEE LTD,104749,3064.82
BBNPNBETF,BARODABNP - BBNPNBETF,11,0.01,,,BBNPNBETF,BARODABNP - BBNPNBETF,11,0.01
BBNPPGOLD,BARODABNP - BBNPPGOLD,24239,29.15,,,BBNPPGOLD,BARODABNP - BBNPPGOLD,24239,29.15
BBOX,BLACK BOX LIMITED,969728,5352.19,,,BBOX,BLACK BOX LIMITED,969728,5352.19
BBTC,BOMBAY BURMAH TRADING COR,235304,4624.49,,,BBTC,BOMBAY BURMAH TRADING COR,235304,4624.49
BCLIND,BCL INDUSTRIES LIMITED,1672688,720.58,,,BCLIND,BCL INDUSTRIES LIMITED,1672688,720.58
BCONCEPTS,BRAND CONCEPTS LIMITED,24,0.10,,,BCONCEPTS,BRAND CONCEPTS LIMITED,24,0.10
BDL,BHARAT DYNAMICS LIMITED,3642467,61613.75,,,BDL,BHARAT DYNAMICS LIMITED,3642467,61613.75
BEARDSELL,BEARDSELL LIMITED,11951,4.15,,,BEARDSELL,BEARDSELL LIMITED,11951,4.15
BECTORFOOD,MRS BECTORS FOOD SPE LTD,185532,2641.93,,,BECTORFOOD,MRS BECTORS FOOD SPE LTD,185532,2641.93
BEDMUTHA,BEDMUTHA INDUST LTD,6328,8.94,,,BEDMUTHA,BEDMUTHA INDUST LTD,6328,8.94
BEL,BHARAT ELECTRONICS LTD,22135585,87013.78,,,BEL,BHARAT ELECTRONICS LTD,22135585,87013.78
BELLACASA,BELLA CASA FASH AND RET L,11185,46.43,,,BELLACASA,BELLA CASA FASH AND RET L,11185,46.43
BELRISE,BELRISE INDUSTRIES LTD,11404995,16938.53,,,BELRISE,BELRISE INDUSTRIES LTD,11404995,16938.53
BEML,BEML LIMITED,1505280,32293.87,,,BEML,BEML LIMITED,1505280,32293.87
BEPL,BHANSALI ENG. POLYMERS LT,2976747,3428.04,,,BEPL,BHANSALI ENG. POLYMERS LT,2976747,3428.04
BERGEPAINT,BERGER PAINTS (I) LTD,202760,1143.27,,,BERGEPAINT,BERGER PAINTS (I) LTD,202760,1143.27
BESTAGRO,BEST AGROLIFE LIMITED,79014,338.08,,,BESTAGRO,BEST AGROLIFE LIMITED,79014,338.08
BFINVEST,BF INVESTMENT LIMITED,98688,520.35,,,BFINVEST,BF INVESTMENT LIMITED,98688,520.35
BFSI,MIRAEAMC - MAFSETF,986253,269.17,,,BFSI,MIRAEAMC - MAFSETF,986253,269.17
BFUTILITIE,BF UTILITIES LIMITED,13219,105.22,,,BFUTILITIE,BF UTILITIES LIMITED,13219,105.22
BGRENERGY,BGR ENERGY SYSTEMS LTD,1,0.00,,,BGRENERGY,BGR ENERGY SYSTEMS LTD,1,0.00
BHAGCHEM,BHAGIRADHA CHEM & INDS L,692072,1983.77,,,BHAGCHEM,BHAGIRADHA CHEM & INDS L,692072,1983.77
BHAGERIA,BHAGERIA INDUSTRIES LTD,157276,334.55,,,BHAGERIA,BHAGERIA INDUSTRIES LTD,157276,334.55
BHAGYANGR,BHAGYANAGAR INDIA LIMITED,6060,9.20,,,BHAGYANGR,BHAGYANAGAR INDIA LIMITED,6060,9.20
BHANDARI,BHANDARI HOSIERY EXP LTD,907045,46.86,,,BHANDARI,BHANDARI HOSIERY EXP LTD,907045,46.86
BHARATFORG,BHARAT FORGE LTD,597611,7983.22,,,BHARATFORG,BHARAT FORGE LTD,597611,7983.22
BHARATGEAR,BHARAT GEARS LTD.,7227,9.24,,,BHARATGEAR,BHARAT GEARS LTD.,7227,9.24
BHARATRAS,BHARAT RASAYAN LTD,19530,2123.05,,,BHARATRAS,BHARAT RASAYAN LTD,19530,2123.05
BHARATSE,BHARAT SEATS LIMITED,39659,76.36,,,BHARATSE,BHARAT SEATS LIMITED,39659,76.36
BHARATWIRE,BHARAT WIRE ROPES LTD.,937201,2078.62,,,BHARATWIRE,BHARAT WIRE ROPES LTD.,937201,2078.62
BHARTIARTL,BHARTI AIRTEL LIMITED,613662,12264.57,,,BHARTIARTL,BHARTI AIRTEL LIMITED,613662,12264.57
BHARTIHEXA,BHARTI HEXACOM LIMITED,137809,2528.62,,,BHARTIHEXA,BHARTI HEXACOM LIMITED,137809,2528.62
BHEL,BHEL,8501918,21652.20,,,BHEL,BHEL,8502118,21652.82
BIGBLOC,BIGBLOC CONSTRUCTION LTD,68615,65.98,,,BIGBLOC,BIGBLOC CONSTRUCTION LTD,68615,65.98
BIKAJI,BIKAJI FOODS INTERN LTD,584265,4465.81,,,BIKAJI,BIKAJI FOODS INTERN LTD,584265,4465.81
BIOCON,BIOCON LIMITED.,2870847,11171.50,,,BIOCON,BIOCON LIMITED.,2870847,11171.50
BIRLACABLE,BIRLA CABLE LIMITED,20849,36.07,,,BIRLACABLE,BIRLA CABLE LIMITED,20849,36.07
BIRLACORPN,BIRLA CORPORATION LTD,304235,3943.29,,,BIRLACORPN,BIRLA CORPORATION LTD,304235,3943.29
BIRLAMONEY,ADITYA BIRLA MONEY LTD,42528,74.04,,,BIRLAMONEY,ADITYA BIRLA MONEY LTD,42528,74.04
BIRLANU,BIRLANU LIMITED,44796,939.78,,,BIRLANU,BIRLANU LIMITED,44796,939.78
BLACKBUCK,BLACKBUCK LIMITED,1457371,9696.56,,,BLACKBUCK,BLACKBUCK LIMITED,1457371,9696.56
BLAL,BEML LAND ASSETS LIMITED,98414,223.83,,,BLAL,BEML LAND ASSETS LIMITED,98414,223.83
BLISSGVS,BLISS GVS PHARMA LTD,689257,1110.58,,,BLISSGVS,BLISS GVS PHARMA LTD,689257,1110.58
BLKASHYAP,B.L.KASHYAP & SON LTD,750154,505.25,,,BLKASHYAP,B.L.KASHYAP & SON LTD,750154,505.25
BLS,BLS INTL SERVS LTD,7347525,27064.35,,,BLS,BLS INTL SERVS LTD,7347525,27064.35
BLSE,BLS E-SERVICES LIMITED,200541,404.77,,,BLSE,BLS E-SERVICES LIMITED,200541,404.77
BLUEDART,BLUE DART EXPRESS LTD,84331,5456.14,,,BLUEDART,BLUE DART EXPRESS LTD,84331,5456.14
BLUEJET,BLUE JET HEALTHCARE LTD,2619878,18847.70,,,BLUEJET,BLUE JET HEALTHCARE LTD,2619878,18847.70
BLUESTARCO,BLUE STAR LIMITED,262231,4993.09,,,BLUESTARCO,BLUE STAR LIMITED,262231,4993.09
BLUESTONE,BLUESTONE JEWEL LFSTL LTD,237270,1577.89,,,BLUESTONE,BLUESTONE JEWEL LFSTL LTD,237270,1577.89
BLUSPRING,BLUSPRING ENTERPRISES LTD,259221,215.40,,,BLUSPRING,BLUSPRING ENTERPRISES LTD,259221,215.40
BMWVENTLTD,BMW VENTURES LIMITED,44963,31.75,,,BMWVENTLTD,BMW VENTURES LIMITED,44963,31.75
BODALCHEM,BODAL CHEMICALS LTD,736169,527.53,,,BODALCHEM,BODAL CHEMICALS LTD,736169,527.53
BOMDYEING,BOMBAY DYEING & MFG. CO L,6563032,11036.18,,,BOMDYEING,BOMBAY DYEING & MFG. CO L,6563032,11036.18
BORANA,BORANA WEAVES LIMITED,123290,348.37,,,BORANA,BORANA WEAVES LIMITED,123290,348.37
BOROLTD,BOROSIL LIMITED,391410,1435.40,,,BOROLTD,BOROSIL LIMITED,391410,1435.40
BORORENEW,BOROSIL RENEWABLES LTD,1896598,11985.11,,,BORORENEW,BOROSIL RENEWABLES LTD,1896598,11985.11
BOROSCI,BOROSIL SCIENTIFIC LTD,195354,271.25,,,BOROSCI,BOROSIL SCIENTIFIC LTD,195354,271.25
BOSCHLTD,BOSCH LIMITED,18612,7162.47,,,BOSCHLTD,BOSCH LIMITED,18612,7162.47
BPCL,BHARAT PETROLEUM CORP  LT,2852023,9944.39,,,BPCL,BHARAT PETROLEUM CORP  LT,2852023,9944.39
BPL,BPL LTD,56678,46.10,,,BPL,BPL LTD,56678,46.10
BRIGADE,BRIGADE ENTER. LTD,475010,5065.45,,,BRIGADE,BRIGADE ENTER. LTD,475010,5065.45
BRIGHOTEL,BRIGADE HOTEL VENTURE LTD,179495,152.35,,,BRIGHOTEL,BRIGADE HOTEL VENTURE LTD,179495,152.35
BRITANNIA,BRITANNIA INDUSTRIES LTD,86335,5076.67,,,BRITANNIA,BRITANNIA INDUSTRIES LTD,86335,5076.67
BRNL,BHARAT ROAD NETWORK LTD,1300,0.33,,,BRNL,BHARAT ROAD NETWORK LTD,1300,0.33
BSE,BSE LIMITED,2505743,63485.60,,,BSE,BSE LIMITED,2505743,63485.60
BSE500IETF,ICICIPRAMC - ICICI500,581877,229.48,,,BSE500IETF,ICICIPRAMC - ICICI500,581877,229.48
BSHSL,BOMBAY SUPER HYBRID SEEDS,2916,4.89,,,BSHSL,BOMBAY SUPER HYBRID SEEDS,2916,4.89
BSLGOLDETF,ADITYBIRLA SL GOLD ETF-GR,400724,430.38,,,BSLGOLDETF,ADITYBIRLA SL GOLD ETF-GR,400724,430.38
BSLNIFTY,ADITYBIRLA SL NIF ETF-GR,177863,52.25,,,BSLNIFTY,ADITYBIRLA SL NIF ETF-GR,177863,52.25
BSLSENETFG,BIRLASLAMC - BSLSENETFG,811,0.68,,,BSLSENETFG,BIRLASLAMC - BSLSENETFG,811,0.68
BSOFT,BIRLASOFT LIMITED,4591994,20044.10,,,BSOFT,BIRLASOFT LIMITED,4591994,20044.10
BUTTERFLY,BTRFLY GANDHI APPL LTD,19390,149.88,,,BUTTERFLY,BTRFLY GANDHI APPL LTD,19390,149.88
BYKE,THE BYKE HOSPITALITY LTD,14499,9.89,,,BYKE,THE BYKE HOSPITALITY LTD,14499,9.89
CAMLINFINE,CAMLIN FINE SCIENCES LTD,2077051,4182.04,,,CAMLINFINE,CAMLIN FINE SCIENCES LTD,2077051,4182.04
CAMPUS,CAMPUS ACTIVEWEAR LIMITED,988405,2834.15,,,CAMPUS,CAMPUS ACTIVEWEAR LIMITED,988405,2834.15
CAMS,COMPUTER AGE MNGT SER LTD,894416,36450.84,,,CAMS,COMPUTER AGE MNGT SER LTD,894416,36450.84
CANBK,CANARA BANK,22743620,27111.86,,,CANBK,CANARA BANK,22743620,27111.86
CANFINHOME,CAN FIN HOMES LTD,345769,2821.90,,,CANFINHOME,CAN FIN HOMES LTD,345769,2821.90
CANTABIL,CANTABIL RETAIL LTD,1315155,3418.76,,,CANTABIL,CANTABIL RETAIL LTD,1315155,3418.76
CAPACITE,CAPACITE INFRAPROJECT LTD,1633486,5494.03,,,CAPACITE,CAPACITE INFRAPROJECT LTD,1633486,5494.03
CAPITALSFB,CAPITAL SMALL FIN BANK L,126850,359.92,,,CAPITALSFB,CAPITAL SMALL FIN BANK L,126850,359.92
CAPLIPOINT,CAPLIN POINT LAB LTD.,129236,2695.95,,,CAPLIPOINT,CAPLIN POINT LAB LTD.,129236,2695.95
CARBORUNIV,CARBORUNDUM UNIVERSAL LTD,369550,3612.16,,,CARBORUNIV,CARBORUNDUM UNIVERSAL LTD,369550,3612.16
CARERATING,CARE RATINGS LIMITED,166878,2885.17,,,CARERATING,CARE RATINGS LIMITED,166878,2885.17
CARRARO,CARRARO INDIA LIMITED,194940,1006.58,,,CARRARO,CARRARO INDIA LIMITED,194940,1006.58
CARTRADE,CARTRADE TECH LIMITED,984248,24209.35,,,CARTRADE,CARTRADE TECH LIMITED,984248,24209.35
CARYSIL,CARYSIL LIMITED,162685,1546.30,,,CARYSIL,CARYSIL LIMITED,162685,1546.30
CASHIETF,ICICIPRAMC - CASHIETF,217,2.25,,,CASHIETF,ICICIPRAMC - CASHIETF,217,2.25
CASTROLIND,CASTROL INDIA LIMITED,8168727,17474.71,,,CASTROLIND,CASTROL INDIA LIMITED,8168727,17474.71
CCCL,CONS. CONST. CONSORT LTD,9922,2.33,,,CCCL,CONS. CONST. CONSORT LTD,9922,2.33
CCL,CCL PRODUCTS (I) LTD,195132,1821.84,,,CCL,CCL PRODUCTS (I) LTD,195132,1821.84
CDSL,CENTRAL DEPO SER (I) LTD,5218799,84188.51,,,CDSL,CENTRAL DEPO SER (I) LTD,5218899,84190.10
CEATLTD,CEAT LIMITED,170423,6711.96,,,CEATLTD,CEAT LIMITED,170423,6711.96
CEIGALL,CEIGALL INDIA LIMITED,661485,1783.75,,,CEIGALL,CEIGALL INDIA LIMITED,661485,1783.75
CELLO,CELLO WORLD LIMITED,712655,4579.27,,,CELLO,CELLO WORLD LIMITED,712655,4579.27
CEMPRO,CEMINDIA PROJECTS LIMITED,781317,5657.23,,,CEMPRO,CEMINDIA PROJECTS LIMITED,781317,5657.23
CENTENKA,CENTURY ENKA LTD,54148,296.79,,,CENTENKA,CENTURY ENKA LTD,54148,296.79
CENTRALBK,CENTRAL BANK OF INDIA,37757205,15724.60,,,CENTRALBK,CENTRAL BANK OF INDIA,37759205,15725.82
CENTRUM,CENTRUM CAPITAL LIMITED,113079,37.89,,,CENTRUM,CENTRUM CAPITAL LIMITED,113079,37.89
CENTUM,CENTUM ELECTRONICS LTD,67133,1716.76,,,CENTUM,CENTUM ELECTRONICS LTD,67133,1716.76
CENTURYPLY,CENTURY PLYBOARDS (I) LTD,89309,730.29,,,CENTURYPLY,CENTURY PLYBOARDS (I) LTD,89309,730.29
CERA,CERA SANITARYWARE LTD,55968,3618.67,,,CERA,CERA SANITARYWARE LTD,55968,3618.67
CESC,CESC LTD,4322105,7450.72,,,CESC,CESC LTD,4322105,7450.72
CEWATER,CONCORD ENVIRO SYSTEMS L,76241,412.89,,,CEWATER,CONCORD ENVIRO SYSTEMS L,76241,412.89
CGCL,CAPRI GLOBAL CAPITAL LTD,5349508,10028.10,,,CGCL,CAPRI GLOBAL CAPITAL LTD,5349508,10028.10
CGPOWER,CG POWER AND IND SOL LTD,4286546,30315.51,,,CGPOWER,CG POWER AND IND SOL LTD,4286546,30315.51
CHALET,CHALET HOTELS LIMITED,294953,2770.10,,,CHALET,CHALET HOTELS LIMITED,294953,2770.10
CHAMBLFERT,CHAMBAL FERTILIZERS LTD,4958417,26400.07,,,CHAMBLFERT,CHAMBAL FERTILIZERS LTD,4958417,26400.07
CHEMBOND,CHEMBOND MATERIALTECH LTD,473,2.99,,,CHEMBOND,CHEMBOND MATERIALTECH LTD,473,2.99
CHEMCON,CHEMCON SPECIAL CHEM LTD,263354,685.00,,,CHEMCON,CHEMCON SPECIAL CHEM LTD,263354,685.00
CHEMFAB,CHEMFAB ALKALIS LIMITED,7341,48.33,,,CHEMFAB,CHEMFAB ALKALIS LIMITED,7341,48.33
CHEMPLASTS,CHEMPLAST SANMAR LIMITED,229015,955.74,,,CHEMPLASTS,CHEMPLAST SANMAR LIMITED,229015,955.74
CHENNPETRO,CHENNAI PETROLEUM CORP LT,901156,7869.84,,,CHENNPETRO,CHENNAI PETROLEUM CORP LT,901156,7869.84
CHEVIOT,CHEVIOT COMPANY LIMITED,1553,20.27,,,CHEVIOT,CHEVIOT COMPANY LIMITED,1553,20.27
CHOICEIN,CHOICE INTERNATIONAL LTD,1507727,11523.04,,,CHOICEIN,CHOICE INTERNATIONAL LTD,1507727,11523.04
CHOLAFIN,CHOLAMANDALAM IN & FIN CO,254753,4205.35,,,CHOLAFIN,CHOLAMANDALAM IN & FIN CO,254753,4205.35
CHOLAHLDNG,CHOLAMANDALAM FIN HOL LTD,120402,2349.19,,,CHOLAHLDNG,CHOLAMANDALAM FIN HOL LTD,120402,2349.19
CIEINDIA,CIE AUTOMOTIVE INDIA LTD,491322,2230.21,,,CIEINDIA,CIE AUTOMOTIVE INDIA LTD,491322,2230.21
CIFL,CAPITAL INDIA FINANCE LTD,41502,14.75,,,CIFL,CAPITAL INDIA FINANCE LTD,41502,14.75
CIGNITITEC,CIGNITI TECHNOLOGIES LTD,62691,976.30,,,CIGNITITEC,CIGNITI TECHNOLOGIES LTD,62691,976.30
CIPLA,CIPLA LTD,730911,11420.16,,,CIPLA,CIPLA LTD,730911,11420.16
CLEAN,CLEAN SCIENCE & TECH LTD,1279872,15604.57,,,CLEAN,CLEAN SCIENCE & TECH LTD,1279872,15604.57
CLEDUCATE,CL EDUCATE LIMITED,1,0.00,,,CLEDUCATE,CL EDUCATE LIMITED,1,0.00
CLSEL,CHAMAN LAL SETIA EXP LTD,247076,746.30,,,CLSEL,CHAMAN LAL SETIA EXP LTD,247076,746.30
CMSINFO,CMS INFO SYSTEMS LIMITED,951548,3803.82,,,CMSINFO,CMS INFO SYSTEMS LIMITED,951548,3803.82
COALINDIA,COAL INDIA LTD,12098598,47937.39,,,COALINDIA,COAL INDIA LTD,12098598,47937.39
COASTCORP,COASTAL CORPORATION LTD,19093,7.61,,,COASTCORP,COASTAL CORPORATION LTD,19093,7.61
COCHINSHIP,COCHIN SHIPYARD LIMITED,3153937,61791.29,,,COCHINSHIP,COCHIN SHIPYARD LIMITED,3153937,61791.29
COFFEEDAY,COFFEE DAY ENTERPRISE LTD,43117,21.08,,,COFFEEDAY,COFFEE DAY ENTERPRISE LTD,43117,21.08
COFORGE,COFORGE LIMITED,741311,13163.51,,,COFORGE,COFORGE LIMITED,741311,13163.51
COHANCE,COHANCE LIFESCIENCES LTD,1371723,10880.30,,,COHANCE,COHANCE LIFESCIENCES LTD,1371723,10880.30
COLPAL,COLGATE PALMOLIVE LTD.,717058,16887.83,,,COLPAL,COLGATE PALMOLIVE LTD.,717058,16887.83
COMMOIETF,ICICIPRAMC - ICICICOMMO,61867,56.71,,,COMMOIETF,ICICIPRAMC - ICICICOMMO,61867,56.71
COMPUSOFT,COMPUCOM SOFTWARE LTD,34581,7.46,,,COMPUSOFT,COMPUCOM SOFTWARE LTD,34581,7.46
COMSYN,COMMERCIAL SYN BAGS LTD,250,0.39,,,COMSYN,COMMERCIAL SYN BAGS LTD,250,0.39
CONCOR,CONTAINER CORP OF IND LTD,3932769,22882.57,,,CONCOR,CONTAINER CORP OF IND LTD,3932894,22883.47
CONCORDBIO,CONCORD BIOTECH LIMITED,223746,3768.61,,,CONCORDBIO,CONCORD BIOTECH LIMITED,223746,3768.61
CONFIPET,CONFIDENCE PETRO IND LTD.,3683733,2199.16,,,CONFIPET,CONFIDENCE PETRO IND LTD.,3683733,2199.16
CONS,KOTAKMAMC - KOTAKCONS,121,0.16,,,CONS,KOTAKMAMC - KOTAKCONS,121,0.16
CONSOFINVT,CONSO. FIN. & HOLD. LTD.,1508,3.36,,,CONSOFINVT,CONSO. FIN. & HOLD. LTD.,1508,3.36
CONSUMBEES,NIP IND ETF CONSUMPTION,240858,325.36,,,CONSUMBEES,NIP IND ETF CONSUMPTION,240858,325.36
CONSUMER,MIRAEAMC - CONSUMER,53847,6.59,,,CONSUMER,MIRAEAMC - CONSUMER,53847,6.59
CONSUMIETF,ICICIPRAMC - ICICICONSU,63315,78.47,,,CONSUMIETF,ICICIPRAMC - ICICICONSU,63315,78.47
CONTROLPR,CONTROL PRINT LIMITED,52043,411.18,,,CONTROLPR,CONTROL PRINT LIMITED,52043,411.18
CORALFINAC,CORAL INDIA FIN & HOUS LT,2231,0.97,,,CORALFINAC,CORAL INDIA FIN & HOUS LT,2231,0.97
CORDSCABLE,CORDS CABLE INDUS LTD.,8199,15.28,,,CORDSCABLE,CORDS CABLE INDUS LTD.,8199,15.28
COROMANDEL,COROMANDEL INTERNTL. LTD,213903,4898.05,,,COROMANDEL,COROMANDEL INTERNTL. LTD,213903,4898.05
COSMOFIRST,COSMO FIRST LIMITED,450962,4443.39,,,COSMOFIRST,COSMO FIRST LIMITED,450962,4443.39
CPCAP,CP CAPITAL LIMITED,25,0.10,,,CPCAP,CP CAPITAL LIMITED,25,0.10
CPPLUS,ADITYA INFOTECH LIMITED,35069,553.18,,,CPPLUS,ADITYA INFOTECH LIMITED,35069,553.18
CPSEETF,CPSE ETF,2821791,2636.77,,,CPSEETF,CPSE ETF,2821791,2636.77
CRAFTSMAN,CRAFTSMAN AUTOMATION LTD,31772,2052.10,,,CRAFTSMAN,CRAFTSMAN AUTOMATION LTD,31772,2052.10
CREATIVE,CREATIVE NEWTECH LIMITED,318901,2164.17,,,CREATIVE,CREATIVE NEWTECH LIMITED,318901,2164.17
CREDITACC,CREDITACCESS GRAMEEN LTD,456020,5917.48,,,CREDITACC,CREDITACCESS GRAMEEN LTD,456020,5917.48
CREST,CREST VENTURES LIMITED,28553,120.03,,,CREST,CREST VENTURES LIMITED,28553,120.03
CRISIL,CRISIL LTD,79424,4121.86,,,CRISIL,CRISIL LTD,79424,4121.86
CRIZAC,CRIZAC LIMITED,986339,3053.56,,,CRIZAC,CRIZAC LIMITED,986339,3053.56
CROMPTON,CROMPT GREA CON ELEC LTD,6540133,20626.29,,,CROMPTON,CROMPT GREA CON ELEC LTD,6540683,20627.95
CROWN,CROWN LIFTERS LIMITED,50,0.07,,,CROWN,CROWN LIFTERS LIMITED,50,0.07
CSBBANK,CSB BANK LIMITED,637471,2473.34,,,CSBBANK,CSB BANK LIMITED,637471,2473.34
CSLFINANCE,CSL FINANCE LIMITED,7732,24.54,,,CSLFINANCE,CSL FINANCE LIMITED,7732,24.54
CUB,CITY UNION BANK LTD,995371,2406.62,,,CUB,CITY UNION BANK LTD,995371,2406.62
CUMMINSIND,CUMMINS INDIA LTD,144476,5902.83,,,CUMMINSIND,CUMMINS INDIA LTD,144476,5902.83
CUPID,CUPID LIMITED,18344137,27979.32,,,CUPID,CUPID LIMITED,18344137,27979.32
CYBERTECH,CYBERTECH SYSTEMS & SOFTW,1663,3.94,,,CYBERTECH,CYBERTECH SYSTEMS & SOFTW,1663,3.94
CYIENT,CYIENT LIMITED,824935,10585.00,,,CYIENT,CYIENT LIMITED,824935,10585.00
CYIENTDLM,CYIENT DLM LIMITED,924239,4576.05,,,CYIENTDLM,CYIENT DLM LIMITED,924239,4576.05
DABUR,DABUR INDIA LTD,1325184,7034.95,,,DABUR,DABUR INDIA LTD,1325184,7034.95
DALBHARAT,DALMIA BHARAT LIMITED,164149,3513.77,,,DALBHARAT,DALMIA BHARAT LIMITED,164149,3513.77
DALMIASUG,DALMIA BHARAT SUG IN LTD,13116,48.81,,,DALMIASUG,DALMIA BHARAT SUG IN LTD,13116,48.81
DAMCAPITAL,DAM CAPITAL ADVISORS LTD,1816650,4635.60,,,DAMCAPITAL,DAM CAPITAL ADVISORS LTD,1816650,4635.60
DATAMATICS,DATAMATICS GLOBAL SER LTD,416762,3653.35,,,DATAMATICS,DATAMATICS GLOBAL SER LTD,416762,3653.35
DATAPATTNS,DATA PATTERNS INDIA LTD,404359,11477.56,,,DATAPATTNS,DATA PATTERNS INDIA LTD,404359,11477.56
DAVANGERE,DAVANGERE SUGAR COMPANY L,3542903,135.32,,,DAVANGERE,DAVANGERE SUGAR COMPANY L,3551918,135.65
DBCORP,D.B.CORP LTD,155903,415.22,,,DBCORP,D.B.CORP LTD,155903,415.22
DBEIL,DEEPAK BUILDERS & ENG I L,217041,364.81,,,DBEIL,DEEPAK BUILDERS & ENG I L,217041,364.81
DBL,DILIP BUILDCON LIMITED,952322,4633.02,,,DBL,DILIP BUILDCON LIMITED,952322,4633.02
DBOL,DHAMPUR BIO ORGANICS LTD,36847,32.69,,,DBOL,DHAMPUR BIO ORGANICS LTD,36847,32.69
DBREALTY,VALOR ESTATE LIMITED,4993105,8722.38,,,DBREALTY,VALOR ESTATE LIMITED,4993105,8722.38
DCAL,DISHMAN CARBO AMCIS LTD,625724,1729.89,,,DCAL,DISHMAN CARBO AMCIS LTD,625724,1729.89
DCBBANK,DCB BANK LIMITED,3698530,5273.47,,,DCBBANK,DCB BANK LIMITED,3699530,5274.97
DCI,DC INFOTECH AND COMUN LTD,101974,258.38,,,DCI,DC INFOTECH AND COMUN LTD,101974,258.38
DCM,DCM LTD,7745,9.32,,,DCM,DCM LTD,7745,9.32
DCMNVL,DCM NOUVELLE LIMITED,1903,3.67,,,DCMNVL,DCM NOUVELLE LIMITED,1903,3.67
DCMSHRIRAM,DCM SHRIRAM LIMITED,173216,2290.04,,,DCMSHRIRAM,DCM SHRIRAM LIMITED,173216,2290.04
DCMSRIND,DCM SHRIRAM IND LTD,623579,1074.49,,,DCMSRIND,DCM SHRIRAM IND LTD,623579,1074.49
DCW,DCW LTD,3847188,2956.42,,,DCW,DCW LTD,3847188,2956.42
DCXINDIA,DCX SYSTEMS LIMITED,2969367,7905.98,,,DCXINDIA,DCX SYSTEMS LIMITED,2969367,7905.98
DDEVPLSTIK,DDEV PLASTIKS IND LTD,314422,955.32,,,DDEVPLSTIK,DDEV PLASTIKS IND LTD,314422,955.32
DECCANCE,DECCAN CEMENTS LIMITED,182956,1764.00,,,DECCANCE,DECCAN CEMENTS LIMITED,182956,1764.00
DEEDEV,DEE DEVELOPMENT ENG LTD,314215,840.81,,,DEEDEV,DEE DEVELOPMENT ENG LTD,314215,840.81
DEEPAKFERT,DEEPAK FERTILIZERS & PETR,715845,9550.68,,,DEEPAKFERT,DEEPAK FERTILIZERS & PETR,715845,9550.68
DEEPAKNTR,DEEPAK NITRITE LTD,698400,13591.20,,,DEEPAKNTR,DEEPAK NITRITE LTD,698400,13591.20
DEEPINDS,DEEP INDUSTRIES LIMITED,603202,2992.20,,,DEEPINDS,DEEP INDUSTRIES LIMITED,603202,2992.20
DELHIVERY,DELHIVERY LIMITED,2069021,9258.86,,,DELHIVERY,DELHIVERY LIMITED,2069021,9258.86
DELTACORP,DELTA CORP LIMITED,9362852,8725.04,,,DELTACORP,DELTA CORP LIMITED,9363052,8725.21
DEN,DEN NETWORKS LTD,3317281,1298.30,,,DEN,DEN NETWORKS LTD,3317281,1298.30
DENORA,DE NORA INDIA LIMITED,7998,73.11,,,DENORA,DE NORA INDIA LIMITED,7998,73.11
DENTA,DENTA WATER N INFRA SOL L,439478,1832.38,,,DENTA,DENTA WATER N INFRA SOL L,439478,1832.38
DEVIT,DEV INFO TECHNOLOGY LTD,14373,8.12,,,DEVIT,DEV INFO TECHNOLOGY LTD,14373,8.12
DEVX,DEV ACCELERATOR LIMITED,3030,1.26,,,DEVX,DEV ACCELERATOR LIMITED,3030,1.26
DEVYANI,DEVYANI INTERNATIONAL LTD,10513624,17742.16,,,DEVYANI,DEVYANI INTERNATIONAL LTD,10513624,17742.16
DHAMPURSUG,DHAMPUR SUGAR MILLS LTD.,922659,1391.06,,,DHAMPURSUG,DHAMPUR SUGAR MILLS LTD.,923659,1393.23
DHANBANK,DHANLAXMI BANK LIMITED,472475,131.61,,,DHANBANK,DHANLAXMI BANK LIMITED,472475,131.61
DHANI,DHANI SERVICES LIMITED,1294184,787.50,,,DHANI,DHANI SERVICES LIMITED,1294184,787.50
DHANUKA,DHANUKA AGRITECH LTD,106339,1577.43,,,DHANUKA,DHANUKA AGRITECH LTD,106339,1577.43
DHARMAJ,DHARMAJ CROP GUARD LTD,15434,42.49,,,DHARMAJ,DHARMAJ CROP GUARD LTD,15434,42.49
DHUNINV,DHUNSERI INVESTMENTS LTD,696,10.65,,,DHUNINV,DHUNSERI INVESTMENTS LTD,696,10.65
DIACABS,DIAMOND POWER INFRA LTD,3944466,5957.15,,,DIACABS,DIAMOND POWER INFRA LTD,3944466,5957.15
DIAMINESQ,DIAMINES & CHEMICALS LTD,410,1.46,,,DIAMINESQ,DIAMINES & CHEMICALS LTD,410,1.46
DIAMONDYD,PRATAAP SNACKS LIMITED,1043860,10940.66,,,DIAMONDYD,PRATAAP SNACKS LIMITED,1043860,10940.66
DICIND,DIC INDIA LIMITED,363,1.88,,,DICIND,DIC INDIA LIMITED,363,1.88
DIFFNKG,DIFFUSION ENGINEERS LTD,167695,612.56,,,DIFFNKG,DIFFUSION ENGINEERS LTD,167695,612.56
DIGISPICE,DIGISPICE TECHNOLOGIES LT,690,0.23,,,DIGISPICE,DIGISPICE TECHNOLOGIES LT,690,0.23
DIGITIDE,DIGITIDE SOLUTIONS LTD,481290,951.29,,,DIGITIDE,DIGITIDE SOLUTIONS LTD,481290,951.29
DISHTV,DISH TV INDIA LTD.,3937613,205.21,,,DISHTV,DISH TV INDIA LTD.,3937613,205.21
DIVGIITTS,DIVGI TORQTRANSFER SYST L,11943,78.51,,,DIVGIITTS,DIVGI TORQTRANSFER SYST L,11943,78.51
DIVISLAB,DIVI S LABORATORIES LTD,188920,12280.48,,,DIVISLAB,DIVI S LABORATORIES LTD,188920,12280.48
DIVOPPBEES,NIP IND ETF DIV OPP,106619,89.16,,,DIVOPPBEES,NIP IND ETF DIV OPP,106619,89.16
DIXON,DIXON TECHNO (INDIA) LTD,344845,55468.09,,,DIXON,DIXON TECHNO (INDIA) LTD,344845,55468.09
DLF,DLF LIMITED,4097093,32422.80,,,DLF,DLF LIMITED,4097693,32427.79
DLINKINDIA,D-LINK INDIA LTD,386158,1888.59,,,DLINKINDIA,D-LINK INDIA LTD,386158,1888.59
DMART,AVENUE SUPERMARTS LIMITED,498938,21399.77,,,DMART,AVENUE SUPERMARTS LIMITED,498963,21401.01
DMCC,DMCC SPECIALITY CHEMICALS,17983,54.51,,,DMCC,DMCC SPECIALITY CHEMICALS,17983,54.51
DODLA,DODLA DAIRY LIMITED,63975,864.57,,,DODLA,DODLA DAIRY LIMITED,63975,864.57
DOLATALGO,DOLAT ALGOTECH LIMITED,597038,527.03,,,DOLATALGO,DOLAT ALGOTECH LIMITED,597038,527.03
DOLLAR,DOLLAR INDUSTRIES LIMITED,159548,632.51,,,DOLLAR,DOLLAR INDUSTRIES LIMITED,159548,632.51
DOMS,DOMS INDUSTRIES LIMITED,107558,2844.79,,,DOMS,DOMS INDUSTRIES LIMITED,107558,2844.79
DONEAR,DONEAR IND. LIMITED,31043,32.85,,,DONEAR,DONEAR IND. LIMITED,31043,32.85
DPABHUSHAN,D. P. ABHUSHAN LIMITED,13250,203.45,,,DPABHUSHAN,D. P. ABHUSHAN LIMITED,13250,203.45
DPSCLTD,DPSC LIMITED,45242,8.25,,,DPSCLTD,DPSC LIMITED,45242,8.25
DPWIRES,D P WIRES LIMITED,24362,66.19,,,DPWIRES,D P WIRES LIMITED,24362,66.19
DRCSYSTEMS,DRC SYSTEMS INDIA LIMITED,3715,0.78,,,DRCSYSTEMS,DRC SYSTEMS INDIA LIMITED,3715,0.78
DREAMFOLKS,DREAMFOLKS SERVICES LTD,46712,65.42,,,DREAMFOLKS,DREAMFOLKS SERVICES LTD,46712,65.42
DREDGECORP,DREDGING CORP OF INDIA,119278,933.70,,,DREDGECORP,DREDGING CORP OF INDIA,119278,933.70
DRREDDY,DR. REDDY S LABORATORIES,661254,8394.74,,,DRREDDY,DR. REDDY S LABORATORIES,661254,8394.74
DSSL,DYNACONS SYS & SOLN LTD,74096,800.05,,,DSSL,DYNACONS SYS & SOLN LTD,74096,800.05
DTIL,DHUNSERI TEA & IND. LTD.,4248,8.74,,,DTIL,DHUNSERI TEA & IND. LTD.,4248,8.74
DUCON,DUCON INFRATECHNOLOGIES L,156661,9.29,,,DUCON,DUCON INFRATECHNOLOGIES L,156661,9.29
DVL,DHUNSERI VENTURES LIMITED,29232,100.94,,,DVL,DHUNSERI VENTURES LIMITED,29232,100.94
DWARKESH,DWARIKESH SUGAR IND LTD,2504483,1325.99,,,DWARKESH,DWARIKESH SUGAR IND LTD,2504483,1325.99
DYCL,DYNAMIC CABLES LIMITED,266245,1124.98,,,DYCL,DYNAMIC CABLES LIMITED,266245,1124.98
DYNAMATECH,DYNAMATIC TECHNOLOGIES,74506,5527.83,,,DYNAMATECH,DYNAMATIC TECHNOLOGIES,74506,5527.83
DYNPRO,DYNEMIC PRODUCTS LIMITED,7034,22.66,,,DYNPRO,DYNEMIC PRODUCTS LIMITED,7034,22.66
EASEMYTRIP,EASY TRIP PLANNERS LTD,63872240,7768.05,,,EASEMYTRIP,EASY TRIP PLANNERS LTD,63876240,7768.87
EBBETF0430,EDELAMC - EBBETF0430,533,8.15,,,EBBETF0430,EDELAMC - EBBETF0430,533,8.15
EBBETF0431,EDELAMC - EBBETF0431,280,3.85,,,EBBETF0431,EDELAMC - EBBETF0431,280,3.85
EBBETF0433,EDELAMC - EBBETF0433,282,3.59,,,EBBETF0433,EDELAMC - EBBETF0433,282,3.59
EBGNG,GNG ELECTRONICS LIMITED,244704,867.75,,,EBGNG,GNG ELECTRONICS LIMITED,244704,867.75
ECAPINSURE,EDELAMC - ECAPINSURE,153195,36.07,,,ECAPINSURE,EDELAMC - ECAPINSURE,153195,36.07
ECLERX,ECLERX SERVICES LTD,53114,2235.03,,,ECLERX,ECLERX SERVICES LTD,53114,2235.03
ECOSMOBLTY,ECOS (INDIA) MOB & HOSP L,271332,735.02,,,ECOSMOBLTY,ECOS (INDIA) MOB & HOSP L,271332,735.02
EDELWEISS,EDELWEISS FIN SERV LTD,14953659,16704.53,,,EDELWEISS,EDELWEISS FIN SERV LTD,14953659,16704.53
EFCIL,EFC (I) LIMITED,278567,844.41,,,EFCIL,EFC (I) LIMITED,278567,844.41
EGOLD,EDELAMC - EGOLD,117136,134.24,,,EGOLD,EDELAMC - EGOLD,117136,134.24
EICHERMOT,EICHER MOTORS LTD,128330,8569.01,,,EICHERMOT,EICHER MOTORS LTD,128330,8569.01
EIDPARRY,EID PARRY INDIA LTD,339044,3562.50,,,EIDPARRY,EID PARRY INDIA LTD,339044,3562.50
EIEL,ENVIRO INFRA ENGINEERS L,3949806,10067.30,,,EIEL,ENVIRO INFRA ENGINEERS L,3949806,10067.30
EIHAHOTELS,EIH ASSOCIATED HOTELS LTD,39390,153.18,,,EIHAHOTELS,EIH ASSOCIATED HOTELS LTD,39390,153.18
EIHOTEL,EIH LIMITED,720807,2859.26,,,EIHOTEL,EIH LIMITED,720807,2859.26
EIMCOELECO,EIMCO ELECON (INDIA) LTD,49918,1020.59,,,EIMCOELECO,EIMCO ELECON (INDIA) LTD,49918,1020.59
EKC,EVEREST KANTO CYLINDERLTD,1239042,1838.76,,,EKC,EVEREST KANTO CYLINDERLTD,1239042,1838.76
ELDEHSG,ELDECO HSG & IND LTD.,50,0.43,,,ELDEHSG,ELDECO HSG & IND LTD.,50,0.43
ELECON,ELECON ENG. CO. LTD,1336612,8079.01,,,ELECON,ELECON ENG. CO. LTD,1336612,8079.01
ELECTCAST,ELECTROSTEEL CASTINGS LTD,8161922,8780.59,,,ELECTCAST,ELECTROSTEEL CASTINGS LTD,8168322,8786.01
ELECTHERM,ELECTROTHERM (I) LTD.,15593,149.74,,,ELECTHERM,ELECTROTHERM (I) LTD.,15593,149.74
ELGIEQUIP,ELGI EQUIPMENTS LTD,1164199,6056.13,,,ELGIEQUIP,ELGI EQUIPMENTS LTD,1164199,6056.13
ELIN,ELIN ELECTRONICS LIMITED,157131,324.09,,,ELIN,ELIN ELECTRONICS LIMITED,157131,324.09
ELLEN,ELLENBARRIE INDUS GASES L,386437,1986.10,,,ELLEN,ELLENBARRIE INDUS GASES L,386437,1986.10
EMAMILTD,EMAMI LIMITED,670736,3920.10,,,EMAMILTD,EMAMI LIMITED,670736,3920.10
EMAMIPAP,EMAMI PAPER MILLS LIMITED,183934,203.10,,,EMAMIPAP,EMAMI PAPER MILLS LIMITED,183934,203.10
EMBDL,EMBASSY DEVELOPMENTS LTD,41926909,47235.15,,,EMBDL,EMBASSY DEVELOPMENTS LTD,41932609,47241.64
EMCURE,EMCURE PHARMACEUTICALS L,136031,1872.68,,,EMCURE,EMCURE PHARMACEUTICALS L,136031,1872.68
EMIL,ELECTRONICS MART IND LTD,1957086,2987.93,,,EMIL,ELECTRONICS MART IND LTD,1957086,2987.93
EMKAY,EMKAY GLOBAL FIN SERV LTD,72,0.28,,,EMKAY,EMKAY GLOBAL FIN SERV LTD,72,0.28
EMMBI,EMMBI INDUSTRIES LIMITED,1651,2.03,,,EMMBI,EMMBI INDUSTRIES LIMITED,1651,2.03
EMSLIMITED,EMS LIMITED,1284754,7641.95,,,EMSLIMITED,EMS LIMITED,1284754,7641.95
EMUDHRA,EMUDHRA LIMITED,196633,1376.92,,,EMUDHRA,EMUDHRA LIMITED,196633,1376.92
EMULTIMQ,EDELAMC - EMULTIMQ,40488,17.31,,,EMULTIMQ,EDELAMC - EMULTIMQ,40488,17.31
ENDURANCE,ENDURANCE TECHNO. LTD.,148268,4182.35,,,ENDURANCE,ENDURANCE TECHNO. LTD.,148268,4182.35
ENGINERSIN,ENGINEERS INDIA LTD,12572312,26865.32,,,ENGINERSIN,ENGINEERS INDIA LTD,12572312,26865.32
ENIL,ENTERTAIN NET. IND. LTD.,41980,66.45,,,ENIL,ENTERTAIN NET. IND. LTD.,41980,66.45
ENRIN,SIEMENS ENERGY INDIA LTD,253513,8377.31,,,ENRIN,SIEMENS ENERGY INDIA LTD,253513,8377.31
ENTERO,ENTERO HEALTHCARE SOLU L,404936,4740.34,,,ENTERO,ENTERO HEALTHCARE SOLU L,404936,4740.34
EPACK,EPACK DURABLE LIMITED,1545522,5449.73,,,EPACK,EPACK DURABLE LIMITED,1545522,5449.73
EPACKPEB,EPACK PREFAB TECHN LTD,298629,950.91,,,EPACKPEB,EPACK PREFAB TECHN LTD,298629,950.91
EPIGRAL,EPIGRAL LIMITED,258807,4606.84,,,EPIGRAL,EPIGRAL LIMITED,258807,4606.84
EPL,EPL LIMITED,2247263,4995.57,,,EPL,EPL LIMITED,2247263,4995.57
EQUAL200,MIRAEAMC - EQUAL200,18025,2.43,,,EQUAL200,MIRAEAMC - EQUAL200,18025,2.43
EQUAL50ADD,DSPAMC - DSPNEWETF,7007,22.91,,,EQUAL50ADD,DSPAMC - DSPNEWETF,7007,22.91
EQUITASBNK,EQUITAS SMALL FIN BNK LTD,8477259,5520.54,,,EQUITASBNK,EQUITAS SMALL FIN BNK LTD,8477259,5520.54
ERIS,ERIS LIFESCIENCES LIMITED,60341,1011.60,,,ERIS,ERIS LIFESCIENCES LIMITED,60341,1011.60
ESABINDIA,ESAB INDIA LTD,5455,291.49,,,ESABINDIA,ESAB INDIA LTD,5455,291.49
ESAFSFB,ESAF SMALL FINANCE BANK L,1856926,633.37,,,ESAFSFB,ESAF SMALL FINANCE BANK L,1856926,633.37
ESCORTS,ESCORTS KUBOTA LIMITED,164445,5959.93,,,ESCORTS,ESCORTS KUBOTA LIMITED,164445,5959.93
ESG,MIRAEAMC - MAESGETF,17079,7.40,,,ESG,MIRAEAMC - MAESGETF,17079,7.40
ESILVER,EDELAMC - ESILVER,78574,120.76,,,ESILVER,EDELAMC - ESILVER,78574,120.76
ESSENTIA,INTEGRA ESSENTIA LIMITED,163988,3.51,,,ESSENTIA,INTEGRA ESSENTIA LIMITED,163988,3.51
ESTER,ESTER INDUSTRIES LTD,339103,445.76,,,ESTER,ESTER INDUSTRIES LTD,339103,445.76
ETERNAL,ETERNAL LIMITED,21382301,65341.86,,,ETERNAL,ETERNAL LIMITED,21382369,65341.99
ETHOSLTD,ETHOS LIMITED,20566,556.93,,,ETHOSLTD,ETHOS LIMITED,20566,556.93
EUREKAFORB,EUREKA FORBES LIMITED,150568,874.10,,,EUREKAFORB,EUREKA FORBES LIMITED,150568,874.10
EUROBOND,EURO PANEL PRODUCTS LTD,3487,7.43,,,EUROBOND,EURO PANEL PRODUCTS LTD,3487,7.43
EUROPRATIK,EURO PRATIK SALES LIMITED,59636,219.07,,,EUROPRATIK,EURO PRATIK SALES LIMITED,59636,219.07
EVEREADY,EVEREADY INDS. IND.  LTD.,961405,3806.55,,,EVEREADY,EVEREADY INDS. IND.  LTD.,961405,3806.55
EVERESTIND,EVEREST INDUSTRIES LTD,13708,86.87,,,EVERESTIND,EVEREST INDUSTRIES LTD,13708,86.87
EVIETF,ICICIPRAMC - EVIETF,154697,49.19,,,EVIETF,ICICIPRAMC - EVIETF,154697,49.19
EVINDIA,MIRAEAMC - EVINDIA,208251,63.57,,,EVINDIA,MIRAEAMC - EVINDIA,208251,63.57
EXCEL,EXCEL REALTY N INFRA LTD,201,0.00,,,EXCEL,EXCEL REALTY N INFRA LTD,201,0.00
EXCELINDUS,EXCEL INDUSTRIES LTD,28397,344.15,,,EXCELINDUS,EXCEL INDUSTRIES LTD,28397,344.15
EXICOM,EXICOM TELE SYSTEMS LTD,842757,1333.85,,,EXICOM,EXICOM TELE SYSTEMS LTD,842757,1333.85
EXIDEIND,EXIDE INDUSTRIES LTD,6143211,25708.56,,,EXIDEIND,EXIDE INDUSTRIES LTD,6143211,25708.56
EXPLEOSOL,EXPLEO SOLUTIONS LIMITED,127062,1448.85,,,EXPLEOSOL,EXPLEO SOLUTIONS LIMITED,127062,1448.85
EXXARO,EXXARO TILES LIMITED,151903,12.68,,,EXXARO,EXXARO TILES LIMITED,151903,12.68
FABTECH,FABTECH TECHNOLOGIES LTD,201391,492.55,,,FABTECH,FABTECH TECHNOLOGIES LTD,201391,492.55
FACT,FACT LTD,713363,6970.04,,,FACT,FACT LTD,713363,6970.04
FAIRCHEMOR,FAIRCHEM ORGANICS LIMITED,44657,387.67,,,FAIRCHEMOR,FAIRCHEM ORGANICS LIMITED,44657,387.67
FAZE3Q,FAZE THREE LIMITED,61714,321.92,,,FAZE3Q,FAZE THREE LIMITED,61714,321.92
FCL,FINEOTEX CHEMICAL LIMITED,6885691,2220.14,,,FCL,FINEOTEX CHEMICAL LIMITED,6885691,2220.14
FCSSOFT,FCS SOFTWARE SOLN. LTD.,648623,16.61,,,FCSSOFT,FCS SOFTWARE SOLN. LTD.,648623,16.61
FDC,FDC LIMITED,517648,2488.15,,,FDC,FDC LIMITED,517648,2488.15
FEDERALBNK,FEDERAL BANK LTD,2641797,5740.25,,,FEDERALBNK,FEDERAL BANK LTD,2641797,5740.25
FEDFINA,FEDBANK FINANCIAL SER L,3449392,4925.66,,,FEDFINA,FEDBANK FINANCIAL SER L,3449392,4925.66
FIBERWEB,FIBERWEB INDIA LIMITED,3122,1.43,,,FIBERWEB,FIBERWEB INDIA LIMITED,3122,1.43
FIEMIND,FIEM INDUSTRIES LIMITED,75293,1555.79,,,FIEMIND,FIEM INDUSTRIES LIMITED,75293,1555.79
FILATEX,FILATEX INDIA LTD,3176705,1792.30,,,FILATEX,FILATEX INDIA LTD,3176705,1792.30
FILATFASH,FILATEX FASHIONS LIMITED,2480044,12.99,,,FILATFASH,FILATEX FASHIONS LIMITED,2480044,12.99
FINCABLES,FINOLEX CABLES LTD,1197180,10894.29,,,FINCABLES,FINOLEX CABLES LTD,1197180,10894.29
FINEORG,FINE ORGANIC IND. LTD.,29143,1395.32,,,FINEORG,FINE ORGANIC IND. LTD.,29143,1395.32
FINIETF,ICICIPRAMC-ICICIFIN,495582,152.73,,,FINIETF,ICICIPRAMC-ICICIFIN,495582,152.73
FINOPB,FINO PAYMENTS BANK LTD,1428335,4326.69,,,FINOPB,FINO PAYMENTS BANK LTD,1428335,4326.69
FINPIPE,FINOLEX INDUSTRIES LTD,3292382,7081.71,,,FINPIPE,FINOLEX INDUSTRIES LTD,3292382,7081.71
FIRSTCRY,BRAINBEES SOLUTIONS LTD,2622044,9754.86,,,FIRSTCRY,BRAINBEES SOLUTIONS LTD,2622044,9754.86
FISCHER,FISCHER MEDICAL VENTURE L,762060,723.96,,,FISCHER,FISCHER MEDICAL VENTURE L,762060,723.96
FIVESTAR,FIVE-STAR BUS FIN LTD,1014042,6487.62,,,FIVESTAR,FIVE-STAR BUS FIN LTD,1014042,6487.62
FLAIR,FLAIR WRITING INDUST LTD,243108,798.09,,,FLAIR,FLAIR WRITING INDUST LTD,243108,798.09
FLEXIADD,DSPAMC - FLEXIADD,170,0.02,,,FLEXIADD,DSPAMC - FLEXIADD,170,0.02
FLUOROCHEM,GUJARAT FLUOROCHEM LTD,491372,18204.23,,,FLUOROCHEM,GUJARAT FLUOROCHEM LTD,491372,18204.23
FMCGIETF,ICICIPRAMC - ICICIFMCG,1996415,1194.69,,,FMCGIETF,ICICIPRAMC - ICICIFMCG,1996415,1194.69
FMGOETZE,FEDERAL-MOGUL GOETZE (IND,153706,787.08,,,FMGOETZE,FEDERAL-MOGUL GOETZE (IND,153706,787.08
FOCUS,FOCUS LIGHTG & FIXTRS LTD,4450,3.35,,,FOCUS,FOCUS LIGHTG & FIXTRS LTD,4450,3.35
FOODSIN,FOODS & INNS LIMITED,26804,25.20,,,FOODSIN,FOODS & INNS LIMITED,26804,25.20
FORCEMOT,FORCE MOTORS LIMITED,60901,10149.95,,,FORCEMOT,FORCE MOTORS LIMITED,60901,10149.95
FORTIS,FORTIS HEALTHCARE LTD,1321575,12646.98,,,FORTIS,FORTIS HEALTHCARE LTD,1321575,12646.98
FOSECOIND,FOSECO INDIA LTD,3435,204.92,,,FOSECOIND,FOSECO INDIA LTD,3435,204.92
FSL,FIRSTSOURCE SOLU. LTD.,1683472,6039.26,,,FSL,FIRSTSOURCE SOLU. LTD.,1683472,6039.26
FUSION,FUSION FINANCE LIMITED,1677119,3972.08,,,FUSION,FUSION FINANCE LIMITED,1677119,3972.08
GABRIEL,GABRIEL INDIA LTD,216799,2179.34,,,GABRIEL,GABRIEL INDIA LTD,216799,2179.34
GAEL,GUJARAT AMBUJA EXPORTS LT,1574946,1984.69,,,GAEL,GUJARAT AMBUJA EXPORTS LT,1574946,1984.69
GAIL,GAIL (INDIA) LTD,14655858,27505.99,,,GAIL,GAIL (INDIA) LTD,14655858,27505.99
GALAPREC,GALA PRECISION ENG LTD,43862,410.56,,,GALAPREC,GALA PRECISION ENG LTD,43862,410.56
GALAXYSURF,GALAXY SURFACTANTS LTD,36025,867.50,,,GALAXYSURF,GALAXY SURFACTANTS LTD,36025,867.50
GALLANTT,GALLANTT ISPAT LIMITED,325276,2058.80,,,GALLANTT,GALLANTT ISPAT LIMITED,325276,2058.80
GANDHAR,GANDHAR OIL REFINE IND L,704743,1187.30,,,GANDHAR,GANDHAR OIL REFINE IND L,704743,1187.30
GANDHITUBE,GANDHI SPL. TUBES LTD,25209,219.73,,,GANDHITUBE,GANDHI SPL. TUBES LTD,25209,219.73
GANECOS,GANESHA ECOSPHERE LIMITED,142735,1885.82,,,GANECOS,GANESHA ECOSPHERE LIMITED,142735,1885.82
GANESHBE,GANESH BENZOPLAST LIMITED,404910,454.37,,,GANESHBE,GANESH BENZOPLAST LIMITED,404910,454.37
GANESHCP,GANESH CONSUMER PRODUCT L,27684,77.58,,,GANESHCP,GANESH CONSUMER PRODUCT L,27684,77.58
GANESHHOU,GANESH HOUSING LIMITED,442177,4168.20,,,GANESHHOU,GANESH HOUSING LIMITED,442177,4168.20
GARFIBRES,GARWARE TECH FIBRES LTD,94242,774.21,,,GARFIBRES,GARWARE TECH FIBRES LTD,94242,774.21
GARUDA,GARUDA CONSTRUCT N ENG L,655253,1491.02,,,GARUDA,GARUDA CONSTRUCT N ENG L,655253,1491.02
GATECH,GACM TECHNOLOGIES LIMITED,10936,0.08,,,GATECH,GACM TECHNOLOGIES LIMITED,10936,0.08
GATEWAY,GATEWAY DISTRIPARKS LTD,5219899,3517.52,,,GATEWAY,GATEWAY DISTRIPARKS LTD,5220899,3518.66
GCSL,GRETEX CORPORATE SERVICES,0,0.00,,,GCSL,GRETEX CORPORATE SERVICES,0,0.00
GEECEE,GEECEE VENTURES LIMITED,1393,5.11,,,GEECEE,GEECEE VENTURES LIMITED,1393,5.11
GEEKAYWIRE,GEEKAY WIRES LIMITED,972,0.52,,,GEEKAYWIRE,GEEKAY WIRES LIMITED,972,0.52
GEMAROMA,GEM AROMATICS LIMITED,247171,526.32,,,GEMAROMA,GEM AROMATICS LIMITED,247171,526.32
GENESYS,GENESYS INTL CORPN LTD,830828,4944.94,,,GENESYS,GENESYS INTL CORPN LTD,831078,4946.31
GENUSPAPER,GENUS P&B LIMITED,147535,30.51,,,GENUSPAPER,GENUS P&B LIMITED,147535,30.51
GENUSPOWER,GENUS POWER INFRASTRU LTD,3844621,13899.92,,,GENUSPOWER,GENUS POWER INFRASTRU LTD,3844621,13899.92
GEOJITFSL,GEOJIT FINANCIAL SER L,1864259,1525.38,,,GEOJITFSL,GEOJIT FINANCIAL SER L,1864259,1525.38
GESHIP,THE GE SHPG.LTD,728337,7954.82,,,GESHIP,THE GE SHPG.LTD,728337,7954.82
GFLLIMITED,GFL LIMITED,10481,5.75,,,GFLLIMITED,GFL LIMITED,10481,5.75
GHCL,GHCL LIMITED,433471,2719.43,,,GHCL,GHCL LIMITED,433471,2719.43
GHCLTEXTIL,GHCL TEXTILES LIMITED,87097,73.94,,,GHCLTEXTIL,GHCL TEXTILES LIMITED,87097,73.94
GICHSGFIN,GIC HOUSING FINANCE LTD,1309419,2571.27,,,GICHSGFIN,GIC HOUSING FINANCE LTD,1309419,2571.27
GICRE,GENERAL INS CORP OF INDIA,2263658,9068.34,,,GICRE,GENERAL INS CORP OF INDIA,2263658,9068.34
GILLETTE,GILLETTE INDIA LTD,56277,5305.14,,,GILLETTE,GILLETTE INDIA LTD,56277,5305.14
GILT5YBEES,RELCAPAMC - NETFGILT5Y,5302,3.35,,,GILT5YBEES,RELCAPAMC - NETFGILT5Y,5302,3.35
GIPCL,GUJ IND POW CO. LTD,2832183,5588.78,,,GIPCL,GUJ IND POW CO. LTD,2832183,5588.78
GKENERGY,GK ENERGY LIMITED,211513,416.24,,,GKENERGY,GK ENERGY LIMITED,211513,416.24
GLAND,GLAND PHARMA LIMITED,176125,3430.10,,,GLAND,GLAND PHARMA LIMITED,176125,3430.10
GLAXO,GLAXOSMITHKLINE PHARMA LT,118522,3434.83,,,GLAXO,GLAXOSMITHKLINE PHARMA LT,118522,3434.83
GLENMARK,GLENMARK PHARMACEUTICALS,579316,11151.80,,,GLENMARK,GLENMARK PHARMACEUTICALS,579316,11151.80
GLOBAL,GLOBAL EDUCATION LIMITED,7000,4.96,,,GLOBAL,GLOBAL EDUCATION LIMITED,7000,4.96
GLOBALVECT,GLOBAL VEC HELICORP LTD,2184,5.03,,,GLOBALVECT,GLOBAL VEC HELICORP LTD,2184,5.03
GLOBE,GLOBE ENTERPRISE (I) LTD,150,0.00,,,GLOBE,GLOBE ENTERPRISE (I) LTD,150,0.00
GLOBECIVIL,GLOBE CIVIL PROJECTS LTD,797616,564.94,,,GLOBECIVIL,GLOBE CIVIL PROJECTS LTD,797616,564.94
GLOBUSSPR,GLOBUS SPIRITS LTD,173302,1967.55,,,GLOBUSSPR,GLOBUS SPIRITS LTD,173302,1967.55
GLOSTERLTD,GLOSTER LIMITED,11563,75.36,,,GLOSTERLTD,GLOSTER LIMITED,11563,75.36
GLOTTIS,GLOTTIS LIMITED,106444,75.91,,,GLOTTIS,GLOTTIS LIMITED,106444,75.91
GMBREW,G M BREWERIES LTD,91746,1010.40,,,GMBREW,G M BREWERIES LTD,91746,1010.40
GMDCLTD,GUJARAT MINERAL DEV CORP,6182739,32987.83,,,GMDCLTD,GUJARAT MINERAL DEV CORP,6182739,32987.83
GMMPFAUDLR,GMM PFAUDLER LIMITED,272486,3341.70,,,GMMPFAUDLR,GMM PFAUDLER LIMITED,272486,3341.70
GMRAIRPORT,GMR AIRPORTS LIMITED,9226133,8526.14,,,GMRAIRPORT,GMR AIRPORTS LIMITED,9226133,8526.14
GMRP&UI,GMR POW AND URBAN INFRA L,12467836,14634.84,,,GMRP&UI,GMR POW AND URBAN INFRA L,12467836,14634.84
GNA,GNA AXLES LIMITED,162596,558.07,,,GNA,GNA AXLES LIMITED,162596,558.07
GNFC,GUJ NAR VAL FER & CHEM L,1991491,10892.88,,,GNFC,GUJ NAR VAL FER & CHEM L,1991491,10892.88
GOACARBON,GOA CARBON LIMITED,27864,139.53,,,GOACARBON,GOA CARBON LIMITED,27864,139.53
GOCLCORP,GOCL CORPORATION LIMITED,348437,1342.23,,,GOCLCORP,GOCL CORPORATION LIMITED,348437,1342.23
GOCOLORS,GO FASHION INDIA LTD,215853,1484.29,,,GOCOLORS,GO FASHION INDIA LTD,215853,1484.29
GODAVARIB,GODAVARI BIOREFINERIES L,53458,144.04,,,GODAVARIB,GODAVARI BIOREFINERIES L,53458,144.04
GODFRYPHLP,GODFREY PHILLIPS INDIA LT,652190,22086.12,,,GODFRYPHLP,GODFREY PHILLIPS INDIA LT,652190,22086.12
GODIGIT,GO DIGIT GENERAL INS LTD,210765,756.64,,,GODIGIT,GO DIGIT GENERAL INS LTD,210765,756.64
GODREJAGRO,GODREJ AGROVET LIMITED,1014802,7199.70,,,GODREJAGRO,GODREJ AGROVET LIMITED,1014802,7199.70
GODREJCP,GODREJ CONSUMER PRODUCTS,537133,6567.81,,,GODREJCP,GODREJ CONSUMER PRODUCTS,537133,6567.81
GODREJIND,GODREJ INDUSTRIES LTD,189648,2163.29,,,GODREJIND,GODREJ INDUSTRIES LTD,189648,2163.29
GODREJPROP,GODREJ PROPERTIES LTD,677052,15735.27,,,GODREJPROP,GODREJ PROPERTIES LTD,677052,15735.27
GOKEX,GOKALDAS EXPORTS LTD.,1381883,11849.61,,,GOKEX,GOKALDAS EXPORTS LTD.,1381883,11849.61
GOKUL,GOKUL REFOILS & SOLV LTD,1225,0.50,,,GOKUL,GOKUL REFOILS & SOLV LTD,1225,0.50
GOKULAGRO,GOKUL AGRO RESOURCES LTD,440307,844.21,,,GOKULAGRO,GOKUL AGRO RESOURCES LTD,440307,844.21
GOLD1,KOTAK GOLD ETF,1178854,1149.51,,,GOLD1,KOTAK GOLD ETF,1178854,1149.51
GOLD360,360ONEAMC - GOLD360,40357,50.26,,,GOLD360,360ONEAMC - GOLD360,40357,50.26
GOLDBEES,NIP IND ETF GOLD BEES,22744781,22747.83,,,GOLDBEES,NIP IND ETF GOLD BEES,22744781,22747.83
GOLDCASE,ZERODHAAMC - GOLDCASE,2754322,522.81,,,GOLDCASE,ZERODHAAMC - GOLDCASE,2754322,522.81
GOLDETF,MIRAEAMC - MAGOLDETF,740720,863.46,,,GOLDETF,MIRAEAMC - MAGOLDETF,740720,863.46
GOLDETFADD,DSPAMC - DSPGOLDETF,29682,35.13,,,GOLDETFADD,DSPAMC - DSPGOLDETF,29682,35.13
GOLDIAM,GOLDIAM INTERNATIONAL LTD,2040254,7705.11,,,GOLDIAM,GOLDIAM INTERNATIONAL LTD,2040254,7705.11
GOLDIETF,ICICI PRUDENTIAL GOLD ETF,3772025,3892.99,,,GOLDIETF,ICICI PRUDENTIAL GOLD ETF,3772025,3892.99
GOLDSHARE,UTI GOLD ETF,1391401,1198.95,,,GOLDSHARE,UTI GOLD ETF,1391401,1198.95
GOLDTECH,AION-TECH SOLUTIONS LTD,1400,0.95,,,GOLDTECH,AION-TECH SOLUTIONS LTD,1400,0.95
GOODLUCK,GOODLUCK INDIA LIMITED,755843,7632.50,,,GOODLUCK,GOODLUCK INDIA LIMITED,755843,7632.50
GOPAL,GOPAL SNACKS LIMITED,797017,2861.63,,,GOPAL,GOPAL SNACKS LIMITED,797017,2861.63
GOYALALUM,GOYAL ALUMINIUMS LIMITED,200,0.01,,,GOYALALUM,GOYAL ALUMINIUMS LIMITED,200,0.01
GPIL,GODAWARI POW & ISP LTD,9223614,21922.43,,,GPIL,GODAWARI POW & ISP LTD,9223614,21922.43
GPPL,GUJARAT PIPAVAV PORT LTD,8773049,17597.49,,,GPPL,GUJARAT PIPAVAV PORT LTD,8773049,17597.49
GPTHEALTH,GPT HEALTHCARE LIMITED,576061,915.45,,,GPTHEALTH,GPT HEALTHCARE LIMITED,576061,915.45
GPTINFRA,GPT INFRAPROJECTS LTD,191076,216.89,,,GPTINFRA,GPT INFRAPROJECTS LTD,191076,216.89
GRANULES,GRANULES INDIA LIMITED,4615588,24414.12,,,GRANULES,GRANULES INDIA LIMITED,4615588,24414.12
GRAPHITE,GRAPHITE INDIA LTD,1695724,9841.49,,,GRAPHITE,GRAPHITE INDIA LTD,1695724,9841.49
GRASIM,GRASIM INDUSTRIES LTD,293002,8158.28,,,GRASIM,GRASIM INDUSTRIES LTD,293002,8158.28
GRAUWEIL,GRAUER & WEIL IND LTD,2000,1.83,,,GRAUWEIL,GRAUER & WEIL IND LTD,2000,1.83
GRAVITA,GRAVITA INDIA LIMITED,651854,11754.94,,,GRAVITA,GRAVITA INDIA LIMITED,651854,11754.94
GREAVESCOT,GREAVES COTTON LTD.,5207675,11514.57,,,GREAVESCOT,GREAVES COTTON LTD.,5207675,11514.57
GREENLAM,GREENLAM INDUSTRIES LTD.,91594,236.36,,,GREENLAM,GREENLAM INDUSTRIES LTD.,91594,236.36
GREENPANEL,GREENPANEL INDUSTRIES LTD,310106,926.31,,,GREENPANEL,GREENPANEL INDUSTRIES LTD,310106,926.31
GREENPLY,GREENPLY INDUSTRIES LTD,427097,1323.70,,,GREENPLY,GREENPLY INDUSTRIES LTD,427097,1323.70
GREENPOWER,ORIENT GREEN POWER CO LTD,5582916,785.79,,,GREENPOWER,ORIENT GREEN POWER CO LTD,5582916,785.79
GRINDWELL,GRINDWELL NORTON LIMITED,79083,1374.27,,,GRINDWELL,GRINDWELL NORTON LIMITED,79083,1374.27
GRINFRA,G R INFRAPROJECTS LIMITED,82770,1067.16,,,GRINFRA,G R INFRAPROJECTS LIMITED,82770,1067.16
GRMOVER,GRM OVERSEAS LIMITED,2467211,9321.06,,,GRMOVER,GRM OVERSEAS LIMITED,2467211,9321.06
GROWWDEFNC,GROWWAMC - GROWWDEFNC,782199,644.93,,,GROWWDEFNC,GROWWAMC - GROWWDEFNC,782199,644.93
GROWWEV,GROWWAMC - GROWWEV,201014,61.44,,,GROWWEV,GROWWAMC - GROWWEV,201014,61.44
GROWWGOLD,GROWWAMC - GROWWGOLD,246395,299.57,,,GROWWGOLD,GROWWAMC - GROWWGOLD,246395,299.57
GROWWLIQID,GROWWAMC - GROWWLIQID,2561,2.72,,,GROWWLIQID,GROWWAMC - GROWWLIQID,2561,2.72
GROWWLOVOL,GROWWAMC - GROWWLOVOL,3102,0.32,,,GROWWLOVOL,GROWWAMC - GROWWLOVOL,3102,0.32
GROWWMOM50,GROWWAMC - GROWWMOM50,154248,16.73,,,GROWWMOM50,GROWWAMC - GROWWMOM50,154248,16.73
GROWWN200,GROWWAMC - GROWWN200,24812,2.83,,,GROWWN200,GROWWAMC - GROWWN200,24812,2.83
GROWWNET,GROWWAMC - GROWWNET,139654,15.05,,,GROWWNET,GROWWAMC - GROWWNET,139654,15.05
GROWWNIFTY,GROWWAMC - GROWWNIFTY,16540,1.72,,,GROWWNIFTY,GROWWAMC - GROWWNIFTY,16540,1.72
GROWWNXT50,GROWWAMC - GROWWNXT50,112,0.08,,,GROWWNXT50,GROWWAMC - GROWWNXT50,112,0.08
GROWWPOWER,GROWWAMC - GROWWPOWER,137981,14.19,,,GROWWPOWER,GROWWAMC - GROWWPOWER,137981,14.19
GROWWRAIL,GROWWAMC - GROWWRAIL,3735841,1334.70,,,GROWWRAIL,GROWWAMC - GROWWRAIL,3735841,1334.70
GROWWRLTY,GROWWAMC - GROWWRLTY,11848,1.26,,,GROWWRLTY,GROWWAMC - GROWWRLTY,11848,1.26
GROWWSLVR,GROWWAMC - GROWWSLVR,487055,792.75,,,GROWWSLVR,GROWWAMC - GROWWSLVR,487055,792.75
GRPLTD,GRP LIMITED,4451,101.23,,,GRPLTD,GRP LIMITED,4451,101.23
GRSE,GARDEN REACH SHIP&ENG LTD,1417468,38074.01,,,GRSE,GARDEN REACH SHIP&ENG LTD,1417468,38074.01
GRWRHITECH,GARWARE HI-TECH FILMS LTD,122431,4669.45,,,GRWRHITECH,GARWARE HI-TECH FILMS LTD,122431,4669.45
GSEC10IETF,ICICIPRAMC - ICICI10GS,1137,2.94,,,GSEC10IETF,ICICIPRAMC - ICICI10GS,1137,2.94
GSEC10YEAR,MIRAEAMC - MAGS813ETF,2,0.00,,,GSEC10YEAR,MIRAEAMC - MAGS813ETF,2,0.00
GSEC5IETF,ICICIPRAMC - ICICI5GSEC,1000,0.64,,,GSEC5IETF,ICICIPRAMC - ICICI5GSEC,1000,0.64
GSFC,GUJ STATE FERT & CHEM LTD,7447407,15435.15,,,GSFC,GUJ STATE FERT & CHEM LTD,7447407,15435.15
GSLSU,GLOBAL SURFACES LIMITED,169158,240.55,,,GSLSU,GLOBAL SURFACES LIMITED,169158,240.55
GSPL,GUJARAT STATE PETRO LTD,804945,2682.69,,,GSPL,GUJARAT STATE PETRO LTD,804945,2682.69
GSS,GSS INFOTECH LIMITED,319734,75.95,,,GSS,GSS INFOTECH LIMITED,319734,75.95
GTL,GTL LTD,100231,12.27,,,GTL,GTL LTD,100231,12.27
GTLINFRA,GTL INFRA.LTD,8382142,135.14,,,GTLINFRA,GTL INFRA.LTD,8382142,135.14
GTPL,GTPL HATHWAY LIMITED,45292,53.95,,,GTPL,GTPL HATHWAY LIMITED,45292,53.95
GUFICBIO,GUFIC BIOSCIENCES LTD.,145986,526.51,,,GUFICBIO,GUFIC BIOSCIENCES LTD.,145986,526.51
GUJALKALI,GUJARAT ALKALIES & CHEM,362138,2316.15,,,GUJALKALI,GUJARAT ALKALIES & CHEM,362138,2316.15
GUJAPOLLO,GUJ. APOLLO IND. LTD.,2,0.01,,,GUJAPOLLO,GUJ. APOLLO IND. LTD.,2,0.01
GUJGASLTD,GUJARAT GAS LIMITED,755512,3467.07,,,GUJGASLTD,GUJARAT GAS LIMITED,755512,3467.07
GUJTHEM,GUJARAT THEMIS BIOSYN LTD,1354438,5633.14,,,GUJTHEM,GUJARAT THEMIS BIOSYN LTD,1354438,5633.14
GULFOILLUB,GULF OIL LUB. IND. LTD.,163345,2022.82,,,GULFOILLUB,GULF OIL LUB. IND. LTD.,163345,2022.82
GULFPETRO,GP PETROLEUMS LIMITED,70739,29.62,,,GULFPETRO,GP PETROLEUMS LIMITED,70739,29.62
GULPOLY,GULSHAN POLYOLS LIMITED,271044,460.36,,,GULPOLY,GULSHAN POLYOLS LIMITED,271044,460.36
GVKPIL,GVK POW. & INFRA LTD.,20000,1.93,,,GVKPIL,GVK POW. & INFRA LTD.,20000,1.93
GVPIL,GE POWER INDIA LIMITED,487457,1700.76,,,GVPIL,GE POWER INDIA LIMITED,487457,1700.76
GVT&D,GE VERNOVA T&D INDIA LTD,162738,4897.43,,,GVT&D,GE VERNOVA T&D INDIA LTD,162738,4897.43
HAL,HINDUSTAN AERONAUTICS LTD,2930063,139805.26,,,HAL,HINDUSTAN AERONAUTICS LTD,2930063,139805.26
HAPPSTMNDS,HAPPIEST MINDS TECHNO LTD,2815918,18679.69,,,HAPPSTMNDS,HAPPIEST MINDS TECHNO LTD,2815918,18679.69
HAPPYFORGE,HAPPY FORGINGS LIMITED,103160,1033.17,,,HAPPYFORGE,HAPPY FORGINGS LIMITED,103160,1033.17
HARDWYN,HARDWYN INDIA LIMITED,171785,27.38,,,HARDWYN,HARDWYN INDIA LIMITED,171785,27.38
HARIOMPIPE,HARIOM PIPE INDUSTRIES L,607507,3024.87,,,HARIOMPIPE,HARIOM PIPE INDUSTRIES L,607507,3024.87
HARRMALAYA,HARRISON MALAYALAM LTD,12168,25.39,,,HARRMALAYA,HARRISON MALAYALAM LTD,12168,25.39
HARSHA,HARSHA ENGINEERS INT LTD,1059298,4759.49,,,HARSHA,HARSHA ENGINEERS INT LTD,1059298,4759.49
HATHWAY,HATHWAY CABLE & DATACOM,28963749,4504.97,,,HATHWAY,HATHWAY CABLE & DATACOM,28963749,4504.97
HATSUN,HATSUN AGRO PRODUCT LTD.,30449,324.92,,,HATSUN,HATSUN AGRO PRODUCT LTD.,30449,324.92
HAVELLS,HAVELLS INDIA LIMITED,830199,12942.15,,,HAVELLS,HAVELLS INDIA LIMITED,830199,12942.15
HBLENGINE,HBL ENGINEERING LTD,4532482,39919.77,,,HBLENGINE,HBL ENGINEERING LTD,4532482,39919.77
HCC,HINDUSTAN CONSTRUCTION CO,13450800,3781.98,,,HCC,HINDUSTAN CONSTRUCTION CO,13450800,3781.98
HCG,HEALTHCARE GLOB. ENT. LTD,342114,2160.10,,,HCG,HEALTHCARE GLOB. ENT. LTD,342114,2160.10
HCL-INSYS,HCL INFOSYSTEMS LTD,425,0.07,,,HCL-INSYS,HCL INFOSYSTEMS LTD,425,0.07
HCLTECH,HCL TECHNOLOGIES LTD,914363,14792.70,,,HCLTECH,HCL TECHNOLOGIES LTD,914363,14792.70
HDBFS,HDB FINANCIAL SERVICES L,610554,4584.92,,,HDBFS,HDB FINANCIAL SERVICES L,610554,4584.92
HDFCAMC,HDFC AMC LIMITED,252072,13864.60,,,HDFCAMC,HDFC AMC LIMITED,252072,13864.60
HDFCBANK,HDFC BANK LTD,3496965,33333.92,,,HDFCBANK,HDFC BANK LTD,3496965,33333.92
HDFCBSE500,HDFCAMC - HDFCBSE500,12348,4.64,,,HDFCBSE500,HDFCAMC - HDFCBSE500,12348,4.64
HDFCGOLD,HDFC GOLD ETF,2662374,2710.95,,,HDFCGOLD,HDFC GOLD ETF,2662374,2710.95
HDFCGROWTH,HDFCAMC - HDFCGROWTH,3832,4.65,,,HDFCGROWTH,HDFCAMC - HDFCGROWTH,3832,4.65
HDFCLIFE,HDFC LIFE INS CO LTD,748764,5675.22,,,HDFCLIFE,HDFC LIFE INS CO LTD,748764,5675.22
HDFCLIQUID,HDFCAMC - HDFCLIQUID,12,0.12,,,HDFCLIQUID,HDFCAMC - HDFCLIQUID,12,0.12
HDFCLOWVOL,HDFCAMC - HDFCLOWVOL,29802,6.22,,,HDFCLOWVOL,HDFCAMC - HDFCLOWVOL,29802,6.22
HDFCMID150,HDFCAMC - HDFCMID150,726562,156.36,,,HDFCMID150,HDFCAMC - HDFCMID150,726562,156.36
HDFCMOMENT,HDFCAMC - HDFCMOMENT,446494,146.34,,,HDFCMOMENT,HDFCAMC - HDFCMOMENT,446494,146.34
HDFCNEXT50,HDFCAMC - HDFCNEXT50,60945,42.74,,,HDFCNEXT50,HDFCAMC - HDFCNEXT50,60945,42.74
HDFCNIF100,HDFCAMC - HDFCNIF100,22053,5.82,,,HDFCNIF100,HDFCAMC - HDFCNIF100,22053,5.82
HDFCNIFBAN,HDFCAMC - HDFCNIFBAN,63412,35.73,,,HDFCNIFBAN,HDFCAMC - HDFCNIFBAN,63412,35.73
HDFCNIFIT,HDFCAMC - HDFCNIFIT,166464,62.39,,,HDFCNIFIT,HDFCAMC - HDFCNIFIT,166464,62.39
HDFCNIFTY,HDFCAMC - HDFCNIFTY,39756,109.87,,,HDFCNIFTY,HDFCAMC - HDFCNIFTY,39756,109.87
HDFCPSUBK,HDFCAMC HDFCPSUBK,14860,11.70,,,HDFCPSUBK,HDFCAMC HDFCPSUBK,14860,11.70
HDFCPVTBAN,HDFCAMC - HDFCPVTBAN,95236,26.81,,,HDFCPVTBAN,HDFCAMC - HDFCPVTBAN,95236,26.81
HDFCQUAL,HDFCAMC - HDFCQUAL,22801,13.38,,,HDFCQUAL,HDFCAMC - HDFCQUAL,22801,13.38
HDFCSENSEX,HDFCAMC - HDFCSENSEX,24577,22.44,,,HDFCSENSEX,HDFCAMC - HDFCSENSEX,24577,22.44
HDFCSILVER,HDFCAMC - HDFCSILVER,5940725,9397.49,,,HDFCSILVER,HDFCAMC - HDFCSILVER,5940725,9397.49
HDFCSML250,HDFCAMC - HDFCSML250,2302500,3965.45,,,HDFCSML250,HDFCAMC - HDFCSML250,2302500,3965.45
HDFCVALUE,HDFCAMC - HDFCVALUE,1447,1.95,,,HDFCVALUE,HDFCAMC - HDFCVALUE,1447,1.95
HEALTHIETF,ICICIPRAMC - ICICIPHARM,169175,254.32,,,HEALTHIETF,ICICIPRAMC - ICICIPHARM,169175,254.32
HEALTHY,BIRLASLAMC - HEALTHY,204099,30.52,,,HEALTHY,BIRLASLAMC - HEALTHY,204099,30.52
HEG,HEG LTD,2106600,11291.25,,,HEG,HEG LTD,2106600,11291.25
HEIDELBERG,HEIDELBERGCEMENT (I) LTD,874464,1837.74,,,HEIDELBERG,HEIDELBERGCEMENT (I) LTD,874464,1837.74
HEMIPROP,HEMISPHERE PROP IND LTD,2943699,4557.09,,,HEMIPROP,HEMISPHERE PROP IND LTD,2943699,4557.09
HERANBA,HERANBA INDUSTRIES LTD,131811,436.82,,,HERANBA,HERANBA INDUSTRIES LTD,131811,436.82
HERCULES,HERCULES HOI. LTD.,28374,56.20,,,HERCULES,HERCULES HOI. LTD.,28374,56.20
HERITGFOOD,HERITAGE FOODS LTD,1137159,5646.45,,,HERITGFOOD,HERITAGE FOODS LTD,1137159,5646.45
HEROMOTOCO,HERO MOTOCORP LIMITED,150578,7824.80,,,HEROMOTOCO,HERO MOTOCORP LIMITED,150578,7824.80
HESTERBIO,HESTER BIOSCIENCES LTD,8348,164.79,,,HESTERBIO,HESTER BIOSCIENCES LTD,8348,164.79
HEUBACHIND,HEUBACH COLORANTS IND LTD,40637,222.18,,,HEUBACHIND,HEUBACH COLORANTS IND LTD,40637,222.18
HEXT,HEXAWARE TECHNOLOGIES LTD,394941,2949.46,,,HEXT,HEXAWARE TECHNOLOGIES LTD,394941,2949.46
HFCL,HFCL LIMITED,37752291,34142.30,,,HFCL,HFCL LIMITED,37752591,34142.52
HGINFRA,H.G.INFRA ENGINEERING LTD,511400,5423.11,,,HGINFRA,H.G.INFRA ENGINEERING LTD,511400,5423.11
HGS,HINDUJA GLOBAL SOLS. LTD.,131520,787.19,,,HGS,HINDUJA GLOBAL SOLS. LTD.,131520,787.19
HIKAL,HIKAL LIMITED,1383619,4279.74,,,HIKAL,HIKAL LIMITED,1383619,4279.74
HILINFRA,HIGHWAY INFRASTRUCTURE L,168779,126.70,,,HILINFRA,HIGHWAY INFRASTRUCTURE L,168779,126.70
HILTON,HILTON METAL FORGING LTD,48779,23.06,,,HILTON,HILTON METAL FORGING LTD,48779,23.06
HIMATSEIDE,HIMATSINGKA SEIDE LTD,2946154,4274.41,,,HIMATSEIDE,HIMATSINGKA SEIDE LTD,2946154,4274.41
HINDALCO,HINDALCO  INDUSTRIES  LTD,1914631,14545.48,,,HINDALCO,HINDALCO  INDUSTRIES  LTD,1914631,14545.48
HINDCOMPOS,HINDUSTAN COMPOSITES LTD.,3259,15.28,,,HINDCOMPOS,HINDUSTAN COMPOSITES LTD.,3259,15.28
HINDCON,HINDCON CHEMICALS LIMITED,821,0.26,,,HINDCON,HINDCON CHEMICALS LIMITED,821,0.26
HINDCOPPER,HINDUSTAN COPPER LTD,17060883,51469.52,,,HINDCOPPER,HINDUSTAN COPPER LTD,17060883,51469.52
HINDMOTORS,HINDUSTAN MOTORS LIMITED,5000,1.07,,,HINDMOTORS,HINDUSTAN MOTORS LIMITED,5000,1.07
HINDOILEXP,HINDUSTAN OIL EXPLORATION,4269349,8092.36,,,HINDOILEXP,HINDUSTAN OIL EXPLORATION,4270349,8094.60
HINDPETRO,HINDUSTAN PETROLEUM CORP,1353082,5790.71,,,HINDPETRO,HINDUSTAN PETROLEUM CORP,1353082,5790.71
HINDUNILVR,HINDUSTAN UNILEVER LTD.,936488,23505.39,,,HINDUNILVR,HINDUSTAN UNILEVER LTD.,936488,23505.39
HINDWAREAP,HINDWARE HME INOVATON LTD,1712017,5355.25,,,HINDWAREAP,HINDWARE HME INOVATON LTD,1712017,5355.25
HINDZINC,HINDUSTAN ZINC LIMITED,8899020,43368.96,,,HINDZINC,HINDUSTAN ZINC LIMITED,8899520,43371.25
HIRECT,HIND RECTIFIER LIMITED,50379,851.63,,,HIRECT,HIND RECTIFIER LIMITED,50379,851.63
HISARMETAL,HISAR METAL IND. LIMITED,1099,2.43,,,HISARMETAL,HISAR METAL IND. LIMITED,1099,2.43
HITECH,HI-TECH PIPES LIMITED,7810204,9003.08,,,HITECH,HI-TECH PIPES LIMITED,7817204,9010.69
HITECHCORP,HITECH CORPORATION LTD,1353,2.75,,,HITECHCORP,HITECH CORPORATION LTD,1353,2.75
HLEGLAS,HLE GLASCOAT LIMITED,302236,1599.67,,,HLEGLAS,HLE GLASCOAT LIMITED,302236,1599.67
HLVLTD,HLV LIMITED,966686,128.86,,,HLVLTD,HLV LIMITED,966686,128.86
HMAAGRO,HMA AGRO INDUSTRIES LTD,691800,226.25,,,HMAAGRO,HMA AGRO INDUSTRIES LTD,691800,226.25
HMVL,HINDUSTAN MEDIA VENT LTD,28070,24.23,,,HMVL,HINDUSTAN MEDIA VENT LTD,28070,24.23
HNDFDS,HINDUSTAN FOODS LIMITED,65258,357.76,,,HNDFDS,HINDUSTAN FOODS LIMITED,65258,357.76
HNGSNGBEES,NIP IND ETF HANGSENG BEES,406329,2006.98,,,HNGSNGBEES,NIP IND ETF HANGSENG BEES,406329,2006.98
HOMEFIRST,HOME FIRST FIN CO IND LTD,291964,3649.53,,,HOMEFIRST,HOME FIRST FIN CO IND LTD,291964,3649.53
HONASA,HONASA CONSUMER LIMITED,850660,2481.83,,,HONASA,HONASA CONSUMER LIMITED,850660,2481.83
HONAUT,HONEYWELL AUTOMATION IND,16866,6435.02,,,HONAUT,HONEYWELL AUTOMATION IND,16866,6435.02
HONDAPOWER,HONDA I POWER PRODUCT LTD,22691,646.95,,,HONDAPOWER,HONDA I POWER PRODUCT LTD,22691,646.95
HPAL,HP ADHESIVES LIMITED,91877,64.39,,,HPAL,HP ADHESIVES LIMITED,91877,64.39
HPL,HPL ELECTRIC & POWER LTD,697674,3739.27,,,HPL,HPL ELECTRIC & POWER LTD,697674,3739.27
HSCL,HIMADRI SPECIALITY CHEM L,4810820,23310.90,,,HSCL,HIMADRI SPECIALITY CHEM L,4810820,23310.90
HTMEDIA,HT MEDIA LIMITED,10000,2.89,,,HTMEDIA,HT MEDIA LIMITED,10000,2.89
HUBTOWN,HUBTOWN LIMITED,3279946,9694.62,,,HUBTOWN,HUBTOWN LIMITED,3279946,9694.62
HUDCO,HSG & URBAN DEV CORPN LTD,11046027,26941.09,,,HUDCO,HSG & URBAN DEV CORPN LTD,11046027,26941.09
HUHTAMAKI,HUHTAMAKI INDIA LIMITED,1201538,4126.34,,,HUHTAMAKI,HUHTAMAKI INDIA LIMITED,1201538,4126.34
HYUNDAI,HYUNDAI MOTOR INDIA LTD,625076,15484.72,,,HYUNDAI,HYUNDAI MOTOR INDIA LTD,625076,15484.72
ICEMAKE,ICE MAKE REFRIGERAT LTD,29431,238.74,,,ICEMAKE,ICE MAKE REFRIGERAT LTD,29431,238.74
ICICIB22,ICICIPRAMC - BHARATIWIN,360281,402.90,,,ICICIB22,ICICIPRAMC - BHARATIWIN,360281,402.90
ICICIBANK,ICICI BANK LTD.,3846846,53254.55,,,ICICIBANK,ICICI BANK LTD.,3846846,53254.55
ICICIGI,ICICI LOMBARD GIC LIMITED,157422,3186.73,,,ICICIGI,ICICI LOMBARD GIC LIMITED,157422,3186.73
ICICIPRULI,ICICI PRU LIFE INS CO LTD,606158,3870.19,,,ICICIPRULI,ICICI PRU LIFE INS CO LTD,606158,3870.19
ICIL,INDO COUNT INDUSTRIES LTD,805794,2464.96,,,ICIL,INDO COUNT INDUSTRIES LTD,805794,2464.96
ICRA,ICRA LIMITED,6403,413.12,,,ICRA,ICRA LIMITED,6403,413.12
IDBI,IDBI BANK LIMITED,38136527,36311.04,,,IDBI,IDBI BANK LIMITED,38138027,36312.43
IDEA,VODAFONE IDEA LIMITED,602030498,52573.76,,,IDEA,VODAFONE IDEA LIMITED,602030598,52573.77
IDEAFORGE,IDEAFORGE TECHNO LTD,1192301,6372.02,,,IDEAFORGE,IDEAFORGE TECHNO LTD,1192301,6372.02
IDFCFIRSTB,IDFC FIRST BANK LIMITED,49981700,36529.51,,,IDFCFIRSTB,IDFC FIRST BANK LIMITED,49982700,36530.34
IDFNIFTYET,BANDHANAMC - IDFNIFTYET,3376,9.29,,,IDFNIFTYET,BANDHANAMC - IDFNIFTYET,3376,9.29
IEX,INDIAN ENERGY EXC LTD,10244686,16161.29,,,IEX,INDIAN ENERGY EXC LTD,10244686,16161.29
IFBAGRO,IFB AGRO INDUSTRIES LTD,18280,257.66,,,IFBAGRO,IFB AGRO INDUSTRIES LTD,18280,257.66
IFBIND,IFB INDUSTRIES LTD,301644,5043.74,,,IFBIND,IFB INDUSTRIES LTD,301644,5043.74
IFCI,IFCI LTD,20930030,12396.84,,,IFCI,IFCI LTD,20930030,12396.84
IFGLEXPOR,IFGL REFRACTORIES LIMITED,36071,101.01,,,IFGLEXPOR,IFGL REFRACTORIES LIMITED,36071,101.01
IGARASHI,IGARASHI MOTORS INDIA LTD,186103,1014.67,,,IGARASHI,IGARASHI MOTORS INDIA LTD,186103,1014.67
IGCL,INDOGULF CROPSCIENCES LTD,428870,466.68,,,IGCL,INDOGULF CROPSCIENCES LTD,428870,466.68
IGIL,INTERNATIO GEMM INS (I) L,1041399,3982.98,,,IGIL,INTERNATIO GEMM INS (I) L,1041499,3983.57
IGL,INDRAPRASTHA GAS LTD,2214616,4776.93,,,IGL,INDRAPRASTHA GAS LTD,2214616,4776.93
IGPL,I G PETROCHEMICALS LTD,84242,431.14,,,IGPL,I G PETROCHEMICALS LTD,85044,434.48
IIFL,IIFL FINANCE LIMITED,1763293,8315.83,,,IIFL,IIFL FINANCE LIMITED,1763293,8315.83
IIFLCAPS,IIFL CAPITAL SERVICES LTD,2548031,8293.46,,,IIFLCAPS,IIFL CAPITAL SERVICES LTD,2548031,8293.46
IKIO,IKIO TECHNOLOGIES LIMITED,334912,790.25,,,IKIO,IKIO TECHNOLOGIES LIMITED,334912,790.25
IKS,INVENTURUS KNOWLEDGE SO L,492976,7900.58,,,IKS,INVENTURUS KNOWLEDGE SO L,492976,7900.58
IMAGICAA,IMAGICAAWORLD ENT LTD,2948068,1869.37,,,IMAGICAA,IMAGICAAWORLD ENT LTD,2948068,1869.37
IMFA,INDIAN METALS & FERRO,234949,2399.30,,,IMFA,INDIAN METALS & FERRO,234949,2399.30
IMPAL,IND MOTOR PART & ACC LTD,596,6.76,,,IMPAL,IND MOTOR PART & ACC LTD,596,6.76
INDBANK,INDBANK MERCH BANK,11628,4.83,,,INDBANK,INDBANK MERCH BANK,11628,4.83
INDGN,INDEGENE LIMITED,1178721,6729.87,,,INDGN,INDEGENE LIMITED,1178721,6729.87
INDHOTEL,THE INDIAN HOTELS CO. LTD,4223040,31847.25,,,INDHOTEL,THE INDIAN HOTELS CO. LTD,4223040,31847.25
INDIACEM,THE INDIA CEMENTS LIMITED,557734,1999.18,,,INDIACEM,THE INDIA CEMENTS LIMITED,557734,1999.18
INDIAGLYCO,INDIA GLYCOLS LTD,1132631,9533.86,,,INDIAGLYCO,INDIA GLYCOLS LTD,1132631,9533.86
INDIAMART,INDIAMART INTERMESH LTD,110623,2764.78,,,INDIAMART,INDIAMART INTERMESH LTD,110623,2764.78
INDIANB,INDIAN BANK,484651,3678.01,,,INDIANB,INDIAN BANK,484651,3678.01
INDIANHUME,INDIAN HUME PIPE CO. LTD.,79664,331.11,,,INDIANHUME,INDIAN HUME PIPE CO. LTD.,79664,331.11
INDIASHLTR,INDIA SHELTER FIN CORP L,414400,3423.42,,,INDIASHLTR,INDIA SHELTER FIN CORP L,414400,3423.42
INDIGO,INTERGLOBE AVIATION LTD,373294,21275.43,,,INDIGO,INTERGLOBE AVIATION LTD,373294,21275.43
INDIGOPNTS,INDIGO PAINTS LIMITED,117355,1419.01,,,INDIGOPNTS,INDIGO PAINTS LIMITED,117355,1419.01
INDIQUBE,INDIQUBE SPACES LIMITED,111677,258.86,,,INDIQUBE,INDIQUBE SPACES LIMITED,111677,258.86
INDNIPPON,INDIA NIPPON ELECT  LTD,70863,641.14,,,INDNIPPON,INDIA NIPPON ELECT  LTD,70863,641.14
INDOAMIN,INDO AMINES LIMITED,228261,344.96,,,INDOAMIN,INDO AMINES LIMITED,228261,344.96
INDOBORAX,INDO BORAX & CHEMICAL LTD,2188,4.01,,,INDOBORAX,INDO BORAX & CHEMICAL LTD,2188,4.01
INDOCO,INDOCO REMEDIES LTD.,126469,376.73,,,INDOCO,INDOCO REMEDIES LTD.,126469,376.73
INDOFARM,INDO FARM EQUIPMENT LTD,353702,854.60,,,INDOFARM,INDO FARM EQUIPMENT LTD,353702,854.60
INDORAMA,INDO RAMA SYNTHETICS LTD,508537,315.25,,,INDORAMA,INDO RAMA SYNTHETICS LTD,508537,315.25
INDOSTAR,INDOSTAR CAPITAL FIN LTD,1064306,3180.98,,,INDOSTAR,INDOSTAR CAPITAL FIN LTD,1064306,3180.98
INDOTECH,INDO TECH TRANSFORM LTD.,14559,263.21,,,INDOTECH,INDO TECH TRANSFORM LTD.,14559,263.21
INDOWIND,INDOWIND ENERGY LTD,15818,2.92,,,INDOWIND,INDOWIND ENERGY LTD,15818,2.92
INDRAMEDCO,INDRAPRASTHA MEDICAL CORP,991409,5601.18,,,INDRAMEDCO,INDRAPRASTHA MEDICAL CORP,991409,5601.18
INDSWFTLAB,IND SWIFT LABORATORIES LT,6364,6.56,,,INDSWFTLAB,IND SWIFT LABORATORIES LT,6364,6.56
INDTERRAIN,IND TERRAIN FASHIONS LTD,17026,7.44,,,INDTERRAIN,IND TERRAIN FASHIONS LTD,17026,7.44
INDUSINDBK,INDUSIND BANK LIMITED,3504286,29209.57,,,INDUSINDBK,INDUSIND BANK LIMITED,3504286,29209.57
INDUSTOWER,INDUS TOWERS LIMITED,3625650,12933.17,,,INDUSTOWER,INDUS TOWERS LIMITED,3625650,12933.17
INFIBEAM,INFIBEAM AVENUES LIMITED,20888612,4110.30,,,INFIBEAM,INFIBEAM AVENUES LIMITED,20888612,4110.30
INFOBEAN,INFOBEANS TECHNO. LTD.,16892,103.76,,,INFOBEAN,INFOBEANS TECHNO. LTD.,16892,103.76
INFRABEES,NIP IND ETF INFRA BEES,9691,92.61,,,INFRABEES,NIP IND ETF INFRA BEES,9691,92.61
INFRAIETF,ICICIPRAMC - ICICIINFRA,166233,158.33,,,INFRAIETF,ICICIPRAMC - ICICIINFRA,166233,158.33
INFY,INFOSYS LIMITED,4557639,70068.99,,,INFY,INFOSYS LIMITED,4557639,70068.99
INGERRAND,INGERSOLL-RAND INDIA LTD,74688,2658.86,,,INGERRAND,INGERSOLL-RAND INDIA LTD,74688,2658.86
INNOVACAP,INNOVA CAPTAB LIMITED,75708,651.25,,,INNOVACAP,INNOVA CAPTAB LIMITED,75708,651.25
INNOVANA,INNOVANA THINKLABS LTD,108,0.55,,,INNOVANA,INNOVANA THINKLABS LTD,108,0.55
INOXGREEN,INOX GREEN ENERGY SER LTD,7447682,18738.17,,,INOXGREEN,INOX GREEN ENERGY SER LTD,7447682,18738.17
INOXINDIA,INOX INDIA LIMITED,154545,1870.11,,,INOXINDIA,INOX INDIA LIMITED,154545,1870.11
INOXWIND,INOX WIND LIMITED,23699094,38584.60,,,INOXWIND,INOX WIND LIMITED,23699094,38584.60
INSECTICID,INSECTICIDES (I) LTD,103674,843.55,,,INSECTICID,INSECTICIDES (I) LTD,103674,843.55
INTELLECT,INTELLECT DESIGN ARENA,735334,8026.39,,,INTELLECT,INTELLECT DESIGN ARENA,735334,8026.39
INTERARCH,INTERARCH BLDNG SOLTN LTD,81103,1949.95,,,INTERARCH,INTERARCH BLDNG SOLTN LTD,81103,1949.95
INTERNET,MIRAEAMC - INTERNET,12544,1.80,,,INTERNET,MIRAEAMC - INTERNET,12544,1.80
INTLCONV,INTL CONVEYORS LIMITED,314095,314.34,,,INTLCONV,INTL CONVEYORS LIMITED,314095,314.34
INVENTURE,INVENTURE GRO & SEC LTD,60183,1.65,,,INVENTURE,INVENTURE GRO & SEC LTD,60183,1.65
IOB,INDIAN OVERSEAS BANK,30312332,12929.57,,,IOB,INDIAN OVERSEAS BANK,30312332,12929.57
IOC,INDIAN OIL CORP LTD,12716747,19380.32,,,IOC,INDIAN OIL CORP LTD,12716747,19380.32
IOLCP,IOL CHEM AND PHARMA LTD,6453187,6576.35,,,IOLCP,IOL CHEM AND PHARMA LTD,6453187,6576.35
IONEXCHANG,ION EXCHANGE (INDIA) LTD,789283,3913.89,,,IONEXCHANG,ION EXCHANGE (INDIA) LTD,789283,3913.89
IPCALAB,IPCA LABORATORIES LTD,129646,1892.33,,,IPCALAB,IPCA LABORATORIES LTD,129646,1892.33
IPL,INDIA PESTICIDES LIMITED,1046383,2204.50,,,IPL,INDIA PESTICIDES LIMITED,1046383,2204.50
IRB,IRB INFRA DEV LTD.,57010800,28163.11,,,IRB,IRB INFRA DEV LTD.,57010800,28163.11
IRCON,IRCON INTERNATIONAL LTD,17092817,33922.17,,,IRCON,IRCON INTERNATIONAL LTD,17092817,33922.17
IRCTC,INDIAN RAIL TOUR CORP LTD,3472338,27143.57,,,IRCTC,INDIAN RAIL TOUR CORP LTD,3472338,27143.57
IREDA,INDIAN RENEWABLE ENERGY,24203805,40013.59,,,IREDA,INDIAN RENEWABLE ENERGY,24203805,40013.59
IRFC,INDIAN RAILWAY FIN CORP L,46737970,64846.82,,,IRFC,INDIAN RAILWAY FIN CORP L,46738470,64847.72
IRIS,IRIS BUSINESS SERV LTD,1871,6.06,,,IRIS,IRIS BUSINESS SERV LTD,1871,6.06
IRMENERGY,IRM ENERGY LIMITED,294885,1034.30,,,IRMENERGY,IRM ENERGY LIMITED,294885,1034.30
ISFT,INTRASOFT TECH. LTD,256904,278.27,,,ISFT,INTRASOFT TECH. LTD,256904,278.27
ISGEC,ISGEC HEAVY ENG LTD,200634,2112.07,,,ISGEC,ISGEC HEAVY ENG LTD,200634,2112.07
IT,KOTAKMAMC - KOTAKIT,347681,138.65,,,IT,KOTAKMAMC - KOTAKIT,347681,138.65
ITBEES,NIP IND ETF IT,21147601,8464.44,,,ITBEES,NIP IND ETF IT,21147601,8464.44
ITC,ITC LTD,10082644,42307.39,,,ITC,ITC LTD,10084694,42316.38
ITCHOTELS,ITC HOTELS LIMITED,8213798,18417.48,,,ITCHOTELS,ITC HOTELS LIMITED,8213798,18417.48
ITDC,INDIA TOUR. DEV. CO. LTD.,199754,1301.60,,,ITDC,INDIA TOUR. DEV. CO. LTD.,199754,1301.60
ITETF,MIRAEAMC - ITETF,496247,187.26,,,ITETF,MIRAEAMC - ITETF,496247,187.26
ITETFADD,DSPAMC - DSPITETF,12707,4.74,,,ITETFADD,DSPAMC - DSPITETF,12707,4.74
ITI,ITI LTD,1056490,3565.56,,,ITI,ITI LTD,1056490,3565.56
ITIETF,ICICIPRAMC - ICICITECH,1155957,465.77,,,ITIETF,ICICIPRAMC - ICICITECH,1155957,465.77
IVALUE,IVALUE INFOSOLUTIONS LTD,175305,550.59,,,IVALUE,IVALUE INFOSOLUTIONS LTD,175305,550.59
IVC,IL&FS INVESTMENT MANAGERS,249309,27.32,,,IVC,IL&FS INVESTMENT MANAGERS,249309,27.32
IVP,IVP LTD,1450,2.41,,,IVP,IVP LTD,1450,2.41
IVZINGOLD,INVESCO INDIA GOLD ETF,271,28.44,,,IVZINGOLD,INVESCO INDIA GOLD ETF,271,28.44
IWEL,INOX WIND ENERGY LIMITED,5,0.48,,,IWEL,INOX WIND ENERGY LIMITED,5,0.48
IXIGO,LE TRAVENUES TECHNOLOGY L,1349810,3913.46,,,IXIGO,LE TRAVENUES TECHNOLOGY L,1349810,3913.46
IZMO,IZMO LIMITED,228,2.30,,,IZMO,IZMO LIMITED,228,2.30
J&KBANK,J & K BANK LTD.,16542854,17886.81,,,J&KBANK,J & K BANK LTD.,16542854,17886.81
JAGRAN,JAGRAN PRAKASHAN LIMITED,728794,536.19,,,JAGRAN,JAGRAN PRAKASHAN LIMITED,728794,536.19
JAGSNPHARM,JAGSONPAL PHARMACEUTICALS,126747,308.31,,,JAGSNPHARM,JAGSONPAL PHARMACEUTICALS,126747,308.31
JAIBALAJI,JAI BALAJI INDUSTRIES LTD,9331536,10762.62,,,JAIBALAJI,JAI BALAJI INDUSTRIES LTD,9331536,10762.62
JAICORPLTD,JAI CORP LIMITED,2131703,3585.84,,,JAICORPLTD,JAI CORP LIMITED,2131703,3585.84
JAINREC,JAIN RESOURCE RECYCLING L,336715,1432.53,,,JAINREC,JAIN RESOURCE RECYCLING L,336715,1432.53
JAMNAAUTO,JAMNA AUTO IND LTD,4910018,5287.57,,,JAMNAAUTO,JAMNA AUTO IND LTD,4910018,5287.57
JARO,JARO INS OF TEC MG N RE L,48314,337.29,,,JARO,JARO INS OF TEC MG N RE L,48314,337.29
JASH,JASH ENGINEERING LIMITED,254372,1378.67,,,JASH,JASH ENGINEERING LIMITED,254372,1378.67
JAYAGROGN,JAYANT AGRO ORGANICS LTD,12095,33.17,,,JAYAGROGN,JAYANT AGRO ORGANICS LTD,12095,33.17
JAYBARMARU,JAY BHARAT MARUTI LTD,17926,15.52,,,JAYBARMARU,JAY BHARAT MARUTI LTD,17926,15.52
JAYNECOIND,JAYASWAL NECO INDUSTR LTD,7693519,5052.77,,,JAYNECOIND,JAYASWAL NECO INDUSTR LTD,7693519,5052.77
JAYSREETEA,JAYSHREE TEA & INDUSTRIES,35501,38.60,,,JAYSREETEA,JAYSHREE TEA & INDUSTRIES,35501,38.60
JBCHEPHARM,J B CHEMICALS AND PHARMA,43444,759.09,,,JBCHEPHARM,J B CHEMICALS AND PHARMA,43444,759.09
JBMA,JBM AUTO LIMITED,2612124,17916.56,,,JBMA,JBM AUTO LIMITED,2612124,17916.56
JCHAC,JOHNSON CONTROLS HITACHI,78763,1436.81,,,JCHAC,JOHNSON CONTROLS HITACHI,78763,1436.81
JGCHEM,J.G.CHEMICALS LIMITED,281075,1292.07,,,JGCHEM,J.G.CHEMICALS LIMITED,281075,1292.07
JINDALPHOT,JINDAL PHOTO LIMITED,1002,14.74,,,JINDALPHOT,JINDAL PHOTO LIMITED,1002,14.74
JINDALPOLY,JINDAL POLY FILMS LIMITED,225481,1397.30,,,JINDALPOLY,JINDAL POLY FILMS LIMITED,225481,1397.30
JINDALSAW,JINDAL SAW LIMITED,10208076,21650.88,,,JINDALSAW,JINDAL SAW LIMITED,10209076,21652.62
JINDALSTEL,JINDAL STEEL LIMITED,335435,3452.06,,,JINDALSTEL,JINDAL STEEL LIMITED,335435,3452.06
JINDRILL,JINDAL DRILLING IND. LTD,482747,3183.04,,,JINDRILL,JINDAL DRILLING IND. LTD,482747,3183.04
JINDWORLD,JINDAL WORLDWIDE LTD,2817150,1263.12,,,JINDWORLD,JINDAL WORLDWIDE LTD,2817150,1263.12
JIOFIN,JIO FIN SERVICES LTD,46535215,142993.12,,,JIOFIN,JIO FIN SERVICES LTD,46535315,142993.47
JISLJALEQS,JAIN IRRIGATION SYSTEMS,16467340,9522.92,,,JISLJALEQS,JAIN IRRIGATION SYSTEMS,16470140,9524.29
JITFINFRA,JITF INFRALOGISTICS LTD,631,2.75,,,JITFINFRA,JITF INFRALOGISTICS LTD,631,2.75
JKCEMENT,JK CEMENT LIMITED,69007,4301.05,,,JKCEMENT,JK CEMENT LIMITED,69007,4301.05
JKIL,JKUMAR INFR.LTD.,544273,3731.02,,,JKIL,JKUMAR INFR.LTD.,544273,3731.02
JKLAKSHMI,JK LAKSHMI CEMENT LTD,342284,3036.01,,,JKLAKSHMI,JK LAKSHMI CEMENT LTD,342284,3036.01
JKPAPER,JK PAPER LIMITED,981215,3984.47,,,JKPAPER,JK PAPER LIMITED,981215,3984.47
JKTYRE,JK TYRE & INDUSTRIES LTD,802593,3243.01,,,JKTYRE,JK TYRE & INDUSTRIES LTD,802593,3243.01
JLHL,JUPITER LIFE LINE HOSP L,17393,260.54,,,JLHL,JUPITER LIFE LINE HOSP L,17393,260.54
JMA,JULLUNDUR MOT AGENCY LTD,711,0.65,,,JMA,JULLUNDUR MOT AGENCY LTD,711,0.65
JMFINANCIL,JM FINANCIAL LIMITED,13182356,21510.19,,,JMFINANCIL,JM FINANCIAL LIMITED,13182356,21510.19
JNKINDIA,JNK INDIA LIMITED,156674,528.15,,,JNKINDIA,JNK INDIA LIMITED,156674,528.15
JOCIL,JOCIL LIMITED,0,0.00,,,JOCIL,JOCIL LIMITED,0,0.00
JPOLYINVST,JIND POL INV & FIN CO LTD,4540,43.55,,,JPOLYINVST,JIND POL INV & FIN CO LTD,4540,43.55
JPPOWER,JAIPRAKASH POWER VEN. LTD,87404185,17495.19,,,JPPOWER,JAIPRAKASH POWER VEN. LTD,87404185,17495.19
JSFB,JANA SMALL FIN BANK LTD,532859,2604.35,,,JSFB,JANA SMALL FIN BANK LTD,532859,2604.35
JSL,JINDAL STAINLESS LIMITED,638262,4868.40,,,JSL,JINDAL STAINLESS LIMITED,638262,4868.40
JSLL,JEENA SIKHO LIFECARE LTD,341662,2582.80,,,JSLL,JEENA SIKHO LIFECARE LTD,341662,2582.80
JSWCEMENT,JSW CEMENT LIMITED,3872283,5420.93,,,JSWCEMENT,JSW CEMENT LIMITED,3872283,5420.93
JSWENERGY,JSW ENERGY LIMITED,4910418,26482.47,,,JSWENERGY,JSW ENERGY LIMITED,4910418,26482.47
JSWHL,JSW HOLDINGS LIMITED,988,172.98,,,JSWHL,JSW HOLDINGS LIMITED,988,172.98
JSWINFRA,JSW INFRASTRUCTURE LTD,4351067,13217.47,,,JSWINFRA,JSW INFRASTRUCTURE LTD,4351067,13217.47
JSWSTEEL,JSW STEEL LIMITED,489707,5509.32,,,JSWSTEEL,JSW STEEL LIMITED,489707,5509.32
JTEKTINDIA,JTEKT INDIA LIMITED,497933,869.58,,,JTEKTINDIA,JTEKT INDIA LIMITED,497933,869.58
JTLIND,JTL INDUSTRIES LIMITED,15847234,11864.67,,,JTLIND,JTL INDUSTRIES LIMITED,15847234,11864.67
JUBLCPL,JUBILANT AGRI N CON PRO L,11,0.26,,,JUBLCPL,JUBILANT AGRI N CON PRO L,11,0.26
JUBLFOOD,JUBILANT FOODWORKS LTD,2307629,14785.56,,,JUBLFOOD,JUBILANT FOODWORKS LTD,2307629,14785.56
JUBLINGREA,JUBILANT INGREVIA LIMITED,945392,6938.74,,,JUBLINGREA,JUBILANT INGREVIA LIMITED,945392,6938.74
JUBLPHARMA,JUBILANT PHARMOVA LTD,530754,5959.96,,,JUBLPHARMA,JUBILANT PHARMOVA LTD,530754,5959.96
JUNIORBEES,NIP IND ETF JUNIOR BEES,562661,4163.91,,,JUNIORBEES,NIP IND ETF JUNIOR BEES,562661,4163.91
JUNIPER,JUNIPER HOTELS LIMITED,167044,498.07,,,JUNIPER,JUNIPER HOTELS LIMITED,167044,498.07
JUSTDIAL,JUSTDIAL LTD.,977786,8777.95,,,JUSTDIAL,JUSTDIAL LTD.,977786,8777.95
JWL,JUPITER WAGONS LIMITED,4735999,17535.20,,,JWL,JUPITER WAGONS LIMITED,4735999,17535.20
JYOTHYLAB,JYOTHY LABS LIMITED,1355345,4787.50,,,JYOTHYLAB,JYOTHY LABS LIMITED,1355345,4787.50
JYOTICNC,JYOTI CNC AUTOMATION LTD,822601,8620.60,,,JYOTICNC,JYOTI CNC AUTOMATION LTD,822601,8620.60
JYOTISTRUC,JYOTI STRUCTURES LTD,26113845,4254.65,,,JYOTISTRUC,JYOTI STRUCTURES LTD,26113845,4254.65
KABRAEXTRU,KABRA EXTRUSION TECHNIK L,10307,27.19,,,KABRAEXTRU,KABRA EXTRUSION TECHNIK L,10307,27.19
KAJARIACER,KAJARIA CERAMICS LTD,625681,7315.61,,,KAJARIACER,KAJARIA CERAMICS LTD,625681,7315.61
KAKATCEM,KAKATIYA CEM SUGAR &IND L,136,0.32,,,KAKATCEM,KAKATIYA CEM SUGAR &IND L,136,0.32
KALAMANDIR,SAI SILKS (KALAMANDIR) L,3892465,7257.13,,,KALAMANDIR,SAI SILKS (KALAMANDIR) L,3892465,7257.13
KALPATARU,KALPATARU LIMITED,27161,106.09,,,KALPATARU,KALPATARU LIMITED,27161,106.09
KALYANKJIL,KALYAN JEWELLERS IND LTD,4560843,24159.21,,,KALYANKJIL,KALYAN JEWELLERS IND LTD,4560843,24159.21
KAMATHOTEL,KAMAT HOTELS (I) LTD,100840,284.64,,,KAMATHOTEL,KAMAT HOTELS (I) LTD,100840,284.64
KAMDHENU,KAMDHENU LIMITED,7068135,2185.99,,,KAMDHENU,KAMDHENU LIMITED,7068135,2185.99
KANORICHEM,KANORIA CHEMICALS & INDUS,8510,9.66,,,KANORICHEM,KANORIA CHEMICALS & INDUS,8510,9.66
KANPRPLA,KANPUR PLASTIPACK LIMITED,120,0.24,,,KANPRPLA,KANPUR PLASTIPACK LIMITED,120,0.24
KANSAINER,KANSAI NEROLAC PAINTS LTD,1135098,2899.99,,,KANSAINER,KANSAI NEROLAC PAINTS LTD,1135098,2899.99
KAPSTON,KAPSTON SERVICES LIMITED,8545,28.27,,,KAPSTON,KAPSTON SERVICES LIMITED,8545,28.27
KARURVYSYA,KARUR VYSYA BANK LTD,1484782,3348.19,,,KARURVYSYA,KARUR VYSYA BANK LTD,1484782,3348.19
KAYNES,KAYNES TECHNOLOGY IND LTD,1015265,66516.36,,,KAYNES,KAYNES TECHNOLOGY IND LTD,1015265,66516.36
KCP,KCP LTD,1233263,2670.19,,,KCP,KCP LTD,1233263,2670.19
KCPSUGIND,KCP SUGAR IND CORP LTD.,7669,2.71,,,KCPSUGIND,KCP SUGAR IND CORP LTD.,7669,2.71
KDDL,KDDL LIMITED,29663,804.67,,,KDDL,KDDL LIMITED,29663,804.67
KEC,KEC INTL. LIMITED,2462652,20253.76,,,KEC,KEC INTL. LIMITED,2462652,20253.76
KECL,KIRLOSKAR ELECTRIC CO LTD,286387,379.04,,,KECL,KIRLOSKAR ELECTRIC CO LTD,286387,379.04
KEI,KEI INDUSTRIES LTD.,179852,7254.73,,,KEI,KEI INDUSTRIES LTD.,179852,7254.73
KELLTONTEC,KELLTON TECH SOL LTD,5991702,1472.19,,,KELLTONTEC,KELLTON TECH SOL LTD,5991702,1472.19
KERNEX,KERNEX MICROSYS(I) LTD,151682,1943.57,,,KERNEX,KERNEX MICROSYS(I) LTD,151682,1943.57
KESORAMIND,KESORAM INDUSTRIES LTD,166270,9.66,,,KESORAMIND,KESORAM INDUSTRIES LTD,166270,9.66
KFINTECH,KFIN TECHNOLOGIES LIMITED,1942907,22865.17,,,KFINTECH,KFIN TECHNOLOGIES LIMITED,1942907,22865.17
KHADIM,KHADIM INDIA LIMITED,10069,28.89,,,KHADIM,KHADIM INDIA LIMITED,10069,28.89
KHAICHEM,KHAITAN CHEM & FERT LTD,1166123,1350.41,,,KHAICHEM,KHAITAN CHEM & FERT LTD,1166123,1350.41
KICL,KALYANI INVEST CO LTD,366,19.91,,,KICL,KALYANI INVEST CO LTD,366,19.91
KILITCH,KILITCH DRUGS INDIA LTD,2791,10.71,,,KILITCH,KILITCH DRUGS INDIA LTD,2791,10.71
KIMS,KRISHNA INST OF MED SCI L,597572,4214.67,,,KIMS,KRISHNA INST OF MED SCI L,597572,4214.67
KINGFA,KINGFA SCI & TEC IND LTD.,161,7.01,,,KINGFA,KINGFA SCI & TEC IND LTD.,161,7.01
KIOCL,KIOCL LIMITED,56570,281.90,,,KIOCL,KIOCL LIMITED,56570,281.90
KIRIINDUS,KIRI INDUSTRIES LIMITED,2848259,17052.18,,,KIRIINDUS,KIRI INDUSTRIES LIMITED,2849654,17061.61
KIRLOSBROS,KIRLOSKAR BROTHERS LTD,190875,3905.75,,,KIRLOSBROS,KIRLOSKAR BROTHERS LTD,190875,3905.75
KIRLOSENG,KIRLOSKAR OIL ENG LTD,295951,2874.40,,,KIRLOSENG,KIRLOSKAR OIL ENG LTD,295951,2874.40
KIRLOSIND,KIRLOSKAR INDUSTRIES LTD,30525,1197.31,,,KIRLOSIND,KIRLOSKAR INDUSTRIES LTD,30525,1197.31
KIRLPNU,KIRLOSKAR PNEUMATIC COM L,142515,1796.89,,,KIRLPNU,KIRLOSKAR PNEUMATIC COM L,142515,1796.89
KITEX,KITEX GARMENTS LTD,636057,1329.55,,,KITEX,KITEX GARMENTS LTD,636057,1329.55
KKCL,KEWAL KIRAN CLOTHING LTD,191837,978.87,,,KKCL,KEWAL KIRAN CLOTHING LTD,191837,978.87
KMEW,KNOWLEDGE MARINE & EN W L,69897,1704.34,,,KMEW,KNOWLEDGE MARINE & EN W L,69897,1704.34
KMSUGAR,K M SUGAR MILLS LTD,5101,1.50,,,KMSUGAR,K M SUGAR MILLS LTD,5101,1.50
KNRCON,KNR CONSTRU LTD.,6713131,14424.84,,,KNRCON,KNR CONSTRU LTD.,6713631,14425.78
KOHINOOR,KOHINOOR FOODS LIMITED,2408,0.85,,,KOHINOOR,KOHINOOR FOODS LIMITED,2408,0.85
KOKUYOCMLN,KOKUYO CAMLIN LIMITED,154007,189.58,,,KOKUYOCMLN,KOKUYO CAMLIN LIMITED,154007,189.58
KOLTEPATIL,KOLTE PATIL DEV. LTD.,330529,1458.39,,,KOLTEPATIL,KOLTE PATIL DEV. LTD.,330529,1458.39
KOPRAN,KOPRAN LTD,445174,771.97,,,KOPRAN,KOPRAN LTD,445174,771.97
KOTAKBANK,KOTAK MAHINDRA BANK LTD,650952,13762.72,,,KOTAKBANK,KOTAK MAHINDRA BANK LTD,650952,13762.72
KOTARISUG,KOTHARI SUG & CHEM LTD.,22327,7.66,,,KOTARISUG,KOTHARI SUG & CHEM LTD.,22327,7.66
KOTHARIPET,KOTHARI PETROCHEM LTD,93080,150.41,,,KOTHARIPET,KOTHARI PETROCHEM LTD,93080,150.41
KOTHARIPRO,KOTHARI PRODUCTS LTD,329,0.30,,,KOTHARIPRO,KOTHARI PRODUCTS LTD,329,0.30
KOVAI,KOVAI MEDICAL CENTER & HO,50,3.15,,,KOVAI,KOVAI MEDICAL CENTER & HO,50,3.15
KPEL,K.P. ENERGY LIMITED,573311,2530.31,,,KPEL,K.P. ENERGY LIMITED,573311,2530.31
KPIGREEN,KPI GREEN ENERGY LIMITED,2062327,10116.45,,,KPIGREEN,KPI GREEN ENERGY LIMITED,2062327,10116.45
KPIL,KALPATARU PROJECT INT LTD,327154,4109.41,,,KPIL,KALPATARU PROJECT INT LTD,327154,4109.41
KPITTECH,KPIT TECHNOLOGIES LIMITED,1635833,21432.97,,,KPITTECH,KPIT TECHNOLOGIES LIMITED,1635833,21432.97
KPRMILL,KPR MILL LTD.,619298,6879.95,,,KPRMILL,KPR MILL LTD.,619298,6879.95
KRBL,KRBL LIMITED,1349268,5277.79,,,KRBL,KRBL LIMITED,1349268,5277.79
KRISHANA,KRISHANA PHOSCHEM LIMITED,127611,675.63,,,KRISHANA,KRISHANA PHOSCHEM LIMITED,127611,675.63
KRITINUT,KRITI NUTRIENTS LIMITED,213,0.19,,,KRITINUT,KRITI NUTRIENTS LIMITED,213,0.19
KRN,KRN HEAT EXCHANGE N REF L,761812,6537.88,,,KRN,KRN HEAT EXCHANGE N REF L,761812,6537.88
KRONOX,KRONOX LAB SCIENCES LTD,196453,345.72,,,KRONOX,KRONOX LAB SCIENCES LTD,196453,345.72
KROSS,KROSS LIMITED,926506,1886.39,,,KROSS,KROSS LIMITED,926506,1886.39
KRSNAA,KRSNAA DIAGNOSTICS LTD,173235,1401.17,,,KRSNAA,KRSNAA DIAGNOSTICS LTD,173235,1401.17
KRYSTAL,KRYSTAL INTEGRATED SER L,35667,225.13,,,KRYSTAL,KRYSTAL INTEGRATED SER L,35667,225.13
KSB,KSB LIMITED,165403,1349.29,,,KSB,KSB LIMITED,165403,1349.29
KSCL,KAVERI SEED CO. LTD.,343852,3983.31,,,KSCL,KAVERI SEED CO. LTD.,343852,3983.31
KSL,KALYANI STEELS LIMITED,249420,2162.58,,,KSL,KALYANI STEELS LIMITED,249420,2162.58
KSOLVES,KSOLVES INDIA LIMITED,39719,132.92,,,KSOLVES,KSOLVES INDIA LIMITED,39719,132.92
KTKBANK,KARNATAKA BANK LIMITED,16581023,30771.11,,,KTKBANK,KARNATAKA BANK LIMITED,16581023,30771.11
KUANTUM,KUANTUM PAPERS LIMITED,292741,354.07,,,KUANTUM,KUANTUM PAPERS LIMITED,292741,354.07
LALPATHLAB,DR. LAL PATH LABS LTD.,53159,1693.04,,,LALPATHLAB,DR. LAL PATH LABS LTD.,53159,1693.04
LAMBODHARA,LAMBODHARA TEXTILES LTD.,14104,20.10,,,LAMBODHARA,LAMBODHARA TEXTILES LTD.,14104,20.10
LANCORHOL,LANCOR HOLDINGS LIMITED,9000,2.28,,,LANCORHOL,LANCOR HOLDINGS LIMITED,9000,2.28
LANDMARK,LANDMARK CARS LIMITED,103060,625.73,,,LANDMARK,LANDMARK CARS LIMITED,103060,625.73
LAOPALA,LA OPALA RG LIMITED,296547,810.12,,,LAOPALA,LA OPALA RG LIMITED,296547,810.12
LATENTVIEW,LATENT VIEW ANALYTICS LTD,642965,2921.29,,,LATENTVIEW,LATENT VIEW ANALYTICS LTD,642965,2921.29
LAURUSLABS,LAURUS LABS LIMITED,4594301,36383.65,,,LAURUSLABS,LAURUS LABS LIMITED,4594301,36383.65
LAXMIDENTL,LAXMI DENTAL LIMITED,260853,916.29,,,LAXMIDENTL,LAXMI DENTAL LIMITED,260853,916.29
LAXMIINDIA,LAXMI INDIA FINANCE LTD,542998,822.28,,,LAXMIINDIA,LAXMI INDIA FINANCE LTD,542998,822.28
LEMONTREE,LEMON TREE HOTELS LTD,7999161,13036.62,,,LEMONTREE,LEMON TREE HOTELS LTD,7999161,13036.62
LGBBROSLTD,LG BALAKRISHNAN & BROS,61494,953.65,,,LGBBROSLTD,LG BALAKRISHNAN & BROS,61494,953.65
LGEINDIA,LG ELECTRONICS INDIA LTD,552659,9112.99,,,LGEINDIA,LG ELECTRONICS INDIA LTD,552659,9112.99
LGHL,LAXMI GOLDORNA HOUSE LTD,442,1.32,,,LGHL,LAXMI GOLDORNA HOUSE LTD,442,1.32
LIBERTSHOE,LIBERTY SHOES LTD,26789,88.71,,,LIBERTSHOE,LIBERTY SHOES LTD,26789,88.71
LICHSGFIN,LIC HOUSING FINANCE LTD,3359926,20100.45,,,LICHSGFIN,LIC HOUSING FINANCE LTD,3359926,20100.45
LICI,LIFE INSURA CORP OF INDIA,3382222,30858.68,,,LICI,LIFE INSURA CORP OF INDIA,3382222,30858.68
LICMFGOLD,LIC MF - LIC GOLD ETF,14186,1510.08,,,LICMFGOLD,LIC MF - LIC GOLD ETF,14186,1510.08
LICNETFGSC,LICNAMC - LICNMFET,30035,8.58,,,LICNETFGSC,LICNAMC - LICNMFET,30035,8.58
LICNETFN50,LICNAMC - LICNFENGP,1410,4.03,,,LICNETFN50,LICNAMC - LICNFENGP,1410,4.03
LICNFNHGP,LICNAMC - LICNFNHGP,1,0.00,,,LICNFNHGP,LICNAMC - LICNFNHGP,1,0.00
LICNMID100,LICNAMC - LICNMID100,125,0.07,,,LICNMID100,LICNAMC - LICNMID100,125,0.07
LIKHITHA,LIKHITHA INFRASTRUC LTD,215600,634.41,,,LIKHITHA,LIKHITHA INFRASTRUC LTD,215600,634.41
LINC,LINC LIMITED,14582,26.79,,,LINC,LINC LIMITED,14582,26.79
LINCOLN,LINCOLN PHARMA LTD,120401,727.25,,,LINCOLN,LINCOLN PHARMA LTD,120401,727.25
LINDEINDIA,LINDE INDIA LIMITED,159579,10417.06,,,LINDEINDIA,LINDE INDIA LIMITED,159579,10417.06
LIQGRWBEES,NIPPONAMC - LIQGRWBEES,1,0.01,,,LIQGRWBEES,NIPPONAMC - LIQGRWBEES,1,0.01
LIQUID,MIRAEAMC - LIQUID,148,1.48,,,LIQUID,MIRAEAMC - LIQUID,148,1.48
LIQUID1,KOTAKMAMC - KOTAKLIQ,141,1.52,,,LIQUID1,KOTAKMAMC - KOTAKLIQ,141,1.52
LIQUIDADD,DSPAMC - LIQUIDADD,24,0.26,,,LIQUIDADD,DSPAMC - LIQUIDADD,24,0.26
LIQUIDBEES,NIP IND ETF LIQUID BEES,35803,358.08,,,LIQUIDBEES,NIP IND ETF LIQUID BEES,35803,358.08
LIQUIDBETF,BFAM - LIQUIDBETF,31,0.32,,,LIQUIDBETF,BFAM - LIQUIDBETF,31,0.32
LIQUIDCASE,ZERODHAAMC - LIQUIDCASE,19718,21.86,,,LIQUIDCASE,ZERODHAAMC - LIQUIDCASE,19718,21.86
LIQUIDETF,DSP LIQUID ETF,1135,11.35,,,LIQUIDETF,DSP LIQUID ETF,1135,11.35
LIQUIDIETF,ICICIPRAMC - ICICILIQ,70,0.70,,,LIQUIDIETF,ICICIPRAMC - ICICILIQ,70,0.70
LIQUIDPLUS,MIRAEAMC - LIQUIDPLUS,26,0.27,,,LIQUIDPLUS,MIRAEAMC - LIQUIDPLUS,26,0.27
LIQUIDSBI,SBIAMC - LIQUIDSBI,511,5.11,,,LIQUIDSBI,SBIAMC - LIQUIDSBI,511,5.11
LIQUIDSHRI,SHRIRAM - LIQUIDSHRI,10,0.11,,,LIQUIDSHRI,SHRIRAM - LIQUIDSHRI,10,0.11
LLOYDSENGG,LLOYDS ENGG WORK LIMITED,18962861,12347.74,,,LLOYDSENGG,LLOYDS ENGG WORK LIMITED,18962861,12347.74
LLOYDSENT,LLOYDS ENTERPRISES LTD,38714291,25568.25,,,LLOYDSENT,LLOYDS ENTERPRISES LTD,38714291,25568.25
LLOYDSME,LLOYDS METALS N ENERGY L,1780246,23261.36,,,LLOYDSME,LLOYDS METALS N ENERGY L,1780246,23261.36
LMW,LMW LIMITED,20321,3081.44,,,LMW,LMW LIMITED,20321,3081.44
LODHA,LODHA DEVELOPERS LIMITED,1612191,20786.73,,,LODHA,LODHA DEVELOPERS LIMITED,1612191,20786.73
LOKESHMACH,LOKESH MACHINES LTD,11245,23.46,,,LOKESHMACH,LOKESH MACHINES LTD,11245,23.46
LOTUSDEV,SRI LOTUS DEVLPRS N RTY L,2224352,4163.56,,,LOTUSDEV,SRI LOTUS DEVLPRS N RTY L,2224352,4163.56
LOVABLE,LOVABLE LINGERIE LTD,6029,7.68,,,LOVABLE,LOVABLE LINGERIE LTD,6029,7.68
LOWVOL1,KOTAKMAMC - KOTAKLOVOL,3525,0.74,,,LOWVOL1,KOTAKMAMC - KOTAKLOVOL,3525,0.74
LOWVOLIETF,ICICI PR NIF LW VL 30 ETF,905900,202.86,,,LOWVOLIETF,ICICI PR NIF LW VL 30 ETF,905900,202.86
LT,LARSEN & TOUBRO LTD.,695540,26000.53,,,LT,LARSEN & TOUBRO LTD.,695540,26000.53
LTF,L&T FINANCE LIMITED,3616593,8635.43,,,LTF,L&T FINANCE LIMITED,3616593,8635.43
LTFOODS,LT FOODS LIMITED,1314426,5739.27,,,LTFOODS,LT FOODS LIMITED,1314426,5739.27
LTGILTBEES,NIP IND ETF LONGTERM GILT,166189,48.29,,,LTGILTBEES,NIP IND ETF LONGTERM GILT,166189,48.29
LTGILTCASE,ZERODHAAMC - LTGILTCASE,4,0.00,,,LTGILTCASE,ZERODHAAMC - LTGILTCASE,4,0.00
LTIM,LTIMINDTREE LIMITED,94330,5302.47,,,LTIM,LTIMINDTREE LIMITED,94330,5302.47
LTTS,L&T TECHNOLOGY SER. LTD.,200559,8938.88,,,LTTS,L&T TECHNOLOGY SER. LTD.,200559,8938.88
LUMAXIND,LUMAX INDUSTRIES LTD,10894,518.19,,,LUMAXIND,LUMAX INDUSTRIES LTD,10894,518.19
LUMAXTECH,LUMAX AUTO TECH LTD,126360,1524.00,,,LUMAXTECH,LUMAX AUTO TECH LTD,126360,1524.00
LUPIN,LUPIN LIMITED,462551,9318.71,,,LUPIN,LUPIN LIMITED,462551,9318.71
LUXIND,LUX INDUSTRIES LIMITED,172052,2573.93,,,LUXIND,LUX INDUSTRIES LIMITED,172052,2573.93
LXCHEM,LAXMI ORGANIC INDUS LTD,2665180,5891.30,,,LXCHEM,LAXMI ORGANIC INDUS LTD,2665180,5891.30
LYKALABS,LYKA LABS LTD,17628,22.84,,,LYKALABS,LYKA LABS LTD,17628,22.84
M&M,MAHINDRA & MAHINDRA LTD,664157,23398.76,,,M&M,MAHINDRA & MAHINDRA LTD,664157,23398.76
M&MFIN,M&M FIN. SERVICES LTD,2117791,6376.47,,,M&MFIN,M&M FIN. SERVICES LTD,2117791,6376.47
MAANALU,MAAN ALUMINIUM LIMITED,51347,71.44,,,MAANALU,MAAN ALUMINIUM LIMITED,51347,71.44
MADRASFERT,MADRAS FERTILISERS LTD,477853,444.64,,,MADRASFERT,MADRAS FERTILISERS LTD,477853,444.64
MAFANG,MIRAEAMC - MAFANG,653679,1055.38,,,MAFANG,MIRAEAMC - MAFANG,653679,1055.38
MAGADSUGAR,MAGADH SUGAR & ENERGY LTD,15100,103.96,,,MAGADSUGAR,MAGADH SUGAR & ENERGY LTD,15100,103.96
MAGNUM,MAGNUM VENTURES LTD.,11148,3.50,,,MAGNUM,MAGNUM VENTURES LTD.,11148,3.50
MAHABANK,BANK OF MAHARASHTRA,40650482,23420.13,,,MAHABANK,BANK OF MAHARASHTRA,40650482,23420.13
MAHEPC,MAHINDRA EPC IRRIG LTD,54923,89.20,,,MAHEPC,MAHINDRA EPC IRRIG LTD,54923,89.20
MAHESHWARI,MAHESHWARI LOGISTICS LTD.,5650,3.51,,,MAHESHWARI,MAHESHWARI LOGISTICS LTD.,5650,3.51
MAHKTECH,MIRAEAMC - MAHKTECH,3852456,1075.87,,,MAHKTECH,MIRAEAMC - MAHKTECH,3852456,1075.87
MAHLIFE,MAHINDRA LIFESPACE DEVLTD,920062,4091.09,,,MAHLIFE,MAHINDRA LIFESPACE DEVLTD,920062,4091.09
MAHLOG,MAHINDRA LOGISTIC LIMITED,522104,1841.91,,,MAHLOG,MAHINDRA LOGISTIC LIMITED,522104,1841.91
MAHSCOOTER,MAHARASHTRA SCOOTERS LTD,5795,763.16,,,MAHSCOOTER,MAHARASHTRA SCOOTERS LTD,5795,763.16
MAHSEAMLES,MAHARASHTRA SEAMLESS LTD,1080649,7267.50,,,MAHSEAMLES,MAHARASHTRA SEAMLESS LTD,1080649,7267.50
MAITHANALL,MAITHAN ALLOYS LTD,240960,2717.17,,,MAITHANALL,MAITHAN ALLOYS LTD,240960,2717.17
MAKEINDIA,MIRAEAMC - MAMFGETF,27511,41.20,,,MAKEINDIA,MIRAEAMC - MAMFGETF,27511,41.20
MALLCOM,MALLCOM (INDIA) LIMITED,4441,59.85,,,MALLCOM,MALLCOM (INDIA) LIMITED,4441,59.85
MAMATA,MAMATA MACHINERY LIMITED,612801,2866.51,,,MAMATA,MAMATA MACHINERY LIMITED,612801,2866.51
MANAKCOAT,MAN COAT METAL & IND LTD,192543,301.86,,,MANAKCOAT,MAN COAT METAL & IND LTD,192543,301.86
MANAKSIA,MANAKSIA LTD.,16835,14.54,,,MANAKSIA,MANAKSIA LTD.,16835,14.54
MANALIPETC,MANALI PETROCHEMICALS LT,608703,462.55,,,MANALIPETC,MANALI PETROCHEMICALS LT,608703,462.55
MANAPPURAM,MANAPPURAM FINANCE LTD,4043322,10770.17,,,MANAPPURAM,MANAPPURAM FINANCE LTD,4043322,10770.17
MANBA,MANBA FINANCE LIMITED,195563,283.41,,,MANBA,MANBA FINANCE LIMITED,195563,283.41
MANCREDIT,MANGAL CREDIT N FINCORP L,47929,86.05,,,MANCREDIT,MANGAL CREDIT N FINCORP L,47929,86.05
MANGALAM,MANGALAM DRUG & CHEM LTD,5400,4.81,,,MANGALAM,MANGALAM DRUG & CHEM LTD,5400,4.81
MANGCHEFER,MANG.CHEM.FERT.LTD,33716,116.79,,,MANGCHEFER,MANG.CHEM.FERT.LTD,33716,116.79
MANGLMCEM,MANGALAM CEMENT LTD,1029724,7880.90,,,MANGLMCEM,MANGALAM CEMENT LTD,1029724,7880.90
MANINDS,MAN INDUSTRIES (I) LTD.,619957,2497.59,,,MANINDS,MAN INDUSTRIES (I) LTD.,619957,2497.59
MANINFRA,MAN INFRA LTD,2084299,3465.93,,,MANINFRA,MAN INFRA LTD,2084299,3465.93
MANKIND,MANKIND PHARMA LIMITED,375127,9096.46,,,MANKIND,MANKIND PHARMA LIMITED,375127,9096.46
MANORAMA,MANORAMA INDUSTRIES LTD,324450,4678.29,,,MANORAMA,MANORAMA INDUSTRIES LTD,324450,4678.29
MANYAVAR,VEDANT FASHIONS LIMITED,785502,5807.37,,,MANYAVAR,VEDANT FASHIONS LIMITED,785502,5807.37
MAPMYINDIA,C.E. INFO SYSTEMS LIMITED,207183,3883.55,,,MAPMYINDIA,C.E. INFO SYSTEMS LIMITED,207183,3883.55
MARALOVER,MARAL OVERSEAS LTD,1027,0.54,,,MARALOVER,MARAL OVERSEAS LTD,1027,0.54
MARATHON,MARATHON NXTGEN REALT LTD,1637973,10336.30,,,MARATHON,MARATHON NXTGEN REALT LTD,1637973,10336.30
MARICO,MARICO LIMITED,277829,2023.72,,,MARICO,MARICO LIMITED,277829,2023.72
MARINE,MARINE ELECTRICAL (I) LTD,208709,496.98,,,MARINE,MARINE ELECTRICAL (I) LTD,208709,496.98
MARKOLINES,MARKOLINES PAVEMENT TEC L,450,0.74,,,MARKOLINES,MARKOLINES PAVEMENT TEC L,450,0.74
MARKSANS,MARKSANS PHARMA LIMITED,4476388,9056.38,,,MARKSANS,MARKSANS PHARMA LIMITED,4476388,9056.38
MARUTI,MARUTI SUZUKI INDIA LTD.,112574,17434.96,,,MARUTI,MARUTI SUZUKI INDIA LTD.,112574,17434.96
MASFIN,MAS FINANCIAL SERV LTD,338020,1033.80,,,MASFIN,MAS FINANCIAL SERV LTD,338020,1033.80
MASPTOP50,MIRAEAMC - MASPTOP50,410339,267.38,,,MASPTOP50,MIRAEAMC - MASPTOP50,410339,267.38
MASTEK,MASTEK LTD,425381,10254.40,,,MASTEK,MASTEK LTD,425381,10254.40
MASTERTR,MASTER TRUST LIMITED,823914,1161.73,,,MASTERTR,MASTER TRUST LIMITED,823914,1161.73
MATRIMONY,MATRIMONY.COM LIMITED,20921,113.11,,,MATRIMONY,MATRIMONY.COM LIMITED,20921,113.11
MAWANASUG,MAWANA SUGARS LIMITED,11086,11.56,,,MAWANASUG,MAWANA SUGARS LIMITED,11086,11.56
MAXESTATES,MAX ESTATES LIMITED,289670,1433.70,,,MAXESTATES,MAX ESTATES LIMITED,289670,1433.70
MAXHEALTH,MAX HEALTHCARE INS LTD,791599,9249.33,,,MAXHEALTH,MAX HEALTHCARE INS LTD,791599,9249.33
MAXIND,MAX INDIA LIMITED,24687,53.50,,,MAXIND,MAX INDIA LIMITED,24687,53.50
MAYURUNIQ,MAYUR UNIQUOTERS LTD,172105,942.59,,,MAYURUNIQ,MAYUR UNIQUOTERS LTD,172105,942.59
MAZDA,MAZDA LIMITED,30787,90.20,,,MAZDA,MAZDA LIMITED,30787,90.20
MAZDOCK,MAZAGON DOCK SHIPBUIL LTD,4007556,120703.22,,,MAZDOCK,MAZAGON DOCK SHIPBUIL LTD,4007556,120703.22
MBAPL,MADHYA BHARAT AGRO P. LTD,176088,743.39,,,MBAPL,MADHYA BHARAT AGRO P. LTD,176088,743.39
MBEL,M AND B ENGINEERING LTD,328045,1498.41,,,MBEL,M AND B ENGINEERING LTD,328045,1498.41
MBLINFRA,MBL INFRASTRUCTURE LTD,128916,55.86,,,MBLINFRA,MBL INFRASTRUCTURE LTD,128916,55.86
MCLEODRUSS,MCLEOD RUSSEL INDIA LTD.,50822,17.23,,,MCLEODRUSS,MCLEOD RUSSEL INDIA LTD.,50822,17.23
MCLOUD,MAGELLANIC CLOUD LIMITED,9000956,5908.50,,,MCLOUD,MAGELLANIC CLOUD LIMITED,9000956,5908.50
MCX,MULTI COMMODITY EXCHANGE,315735,28248.28,,,MCX,MULTI COMMODITY EXCHANGE,315735,28248.28
MEDANTA,GLOBAL HEALTH LIMITED,343719,4428.28,,,MEDANTA,GLOBAL HEALTH LIMITED,343719,4428.28
MEDIASSIST,MEDI ASSIST HEALTH SER L,265389,1389.13,,,MEDIASSIST,MEDI ASSIST HEALTH SER L,265389,1389.13
MEDICAMEQ,MEDICAMEN BIOTECH LIMITED,14539,70.45,,,MEDICAMEQ,MEDICAMEN BIOTECH LIMITED,14539,70.45
MEDICO,MEDICO REMEDIES LIMITED,2595,1.08,,,MEDICO,MEDICO REMEDIES LIMITED,2595,1.08
MEDPLUS,MEDPLUS HEALTH SERV LTD,440073,3569.89,,,MEDPLUS,MEDPLUS HEALTH SERV LTD,440073,3569.89
MEGASOFT,MEGASOFT LTD,13700,28.91,,,MEGASOFT,MEGASOFT LTD,13700,28.91
MEGASTAR,MEGASTAR FOODS LIMITED,40,0.12,,,MEGASTAR,MEGASTAR FOODS LIMITED,40,0.12
MEIL,MANGAL ELECTRICAL IND L,41793,192.52,,,MEIL,MANGAL ELECTRICAL IND L,41793,192.52
MENONBE,MENON BEARINGS LIMITED,10387,14.60,,,MENONBE,MENON BEARINGS LIMITED,10387,14.60
METAL,MIRAEAMC - METAL,1146344,119.80,,,METAL,MIRAEAMC - METAL,1146344,119.80
METALIETF,ICICIPRAMC - METALIETF,11998847,1266.72,,,METALIETF,ICICIPRAMC - METALIETF,11998847,1266.72
METROBRAND,METRO BRANDS LIMITED,67853,815.62,,,METROBRAND,METRO BRANDS LIMITED,67853,815.62
METROPOLIS,METROPOLIS HEALTHCARE LTD,103311,2108.02,,,METROPOLIS,METROPOLIS HEALTHCARE LTD,103311,2108.02
MFSL,MAX FINANCIAL SERV LTD,103616,1704.40,,,MFSL,MAX FINANCIAL SERV LTD,103616,1704.40
MGEL,MANGALAM GLOBAL ENT LTD,1236600,206.67,,,MGEL,MANGALAM GLOBAL ENT LTD,1236600,206.67
MGL,MAHANAGAR GAS LTD.,787504,10753.08,,,MGL,MAHANAGAR GAS LTD.,787504,10753.08
MHLXMIRU,MAHALAXMI RUBTECH LIMITED,3,0.01,,,MHLXMIRU,MAHALAXMI RUBTECH LIMITED,3,0.01
MHRIL,MAHINDRA HOLIDAYS LTD,300918,1073.02,,,MHRIL,MAHINDRA HOLIDAYS LTD,300918,1073.02
MICEL,MIC ELECTRONICS LTD,1375799,889.54,,,MICEL,MIC ELECTRONICS LTD,1375799,889.54
MID150,KOTAKMAMC - MID150,4613,1.02,,,MID150,KOTAKMAMC - MID150,4613,1.02
MID150BEES,NIP IND ETF MIDCAP 150,1179819,2643.64,,,MID150BEES,NIP IND ETF MIDCAP 150,1179819,2643.64
MID150CASE,ZERODHAAMC - MID150CASE,1879466,206.51,,,MID150CASE,ZERODHAAMC - MID150CASE,1879466,206.51
MIDCAP,KOTAKMAMC - KOTAKMID50,64980,110.56,,,MIDCAP,KOTAKMAMC - KOTAKMID50,64980,110.56
MIDCAPETF,MIRAEAMC - MAM150ETF,6963915,1537.19,,,MIDCAPETF,MIRAEAMC - MAM150ETF,6963915,1537.19
MIDCAPIETF,ICICIPRAMC - ICICIM150,4348772,969.93,,,MIDCAPIETF,ICICIPRAMC - ICICIM150,4348772,969.93
MIDHANI,MISHRA DHATU NIGAM LTD,2815408,11422.88,,,MIDHANI,MISHRA DHATU NIGAM LTD,2815408,11422.88
MIDQ50ADD,DSPAMC - DSPQ50ETF,30678,77.87,,,MIDQ50ADD,DSPAMC - DSPQ50ETF,30678,77.87
MIDSELIETF,ICICI PRUD MIDCAP SEL ETF,612417,110.55,,,MIDSELIETF,ICICI PRUD MIDCAP SEL ETF,612417,110.55
MIDSMALL,MIRAEAMC - MIDSMALL,806570,395.14,,,MIDSMALL,MIRAEAMC - MIDSMALL,806570,395.14
MINDACORP,MINDA CORPORATION LTD,479820,2731.66,,,MINDACORP,MINDA CORPORATION LTD,479820,2731.66
MINDTECK,MINDTECK (INDIA) LIMITED,31594,88.38,,,MINDTECK,MINDTECK (INDIA) LIMITED,31594,88.38
MIRCELECTR,MIRC ELECTRONICS LTD,326,0.06,,,MIRCELECTR,MIRC ELECTRONICS LTD,326,0.06
MIRZAINT,MIRZA INTERNATIONAL LIMIT,278345,113.35,,,MIRZAINT,MIRZA INTERNATIONAL LIMIT,278345,113.35
MITTAL,MITTAL LIFE STYLE LIMITED,42266,0.59,,,MITTAL,MITTAL LIFE STYLE LIMITED,42266,0.59
MMFL,MM FORGINGS LTD,259287,932.30,,,MMFL,MM FORGINGS LTD,259287,932.30
MMP,MMP INDUSTRIES LIMITED,39776,111.38,,,MMP,MMP INDUSTRIES LIMITED,39776,111.38
MMTC,MMTC LIMITED,3671067,2594.20,,,MMTC,MMTC LIMITED,3671067,2594.20
MNC,KOTAKMAMC - KOTAKMNC,189897,58.90,,,MNC,KOTAKMAMC - KOTAKMNC,189897,58.90
MOALPHA50,MOTILALAMC - MOALPHA50,40,0.02,,,MOALPHA50,MOTILALAMC - MOALPHA50,40,0.02
MOBIKWIK,ONE MOBIKWIK SYSTEMS LTD,2807891,7915.10,,,MOBIKWIK,ONE MOBIKWIK SYSTEMS LTD,2807891,7915.10
MOCAPITAL,MOTILALAMC - MOCAPITAL,944483,436.56,,,MOCAPITAL,MOTILALAMC - MOCAPITAL,944483,436.56
MODEFENCE,MOTILALAMC - MODEFENCE,6184294,5531.82,,,MODEFENCE,MOTILALAMC - MODEFENCE,6184294,5531.82
MODISONLTD,MODISON LIMITED,45305,76.54,,,MODISONLTD,MODISON LIMITED,45305,76.54
MOGOLD,MOTILALAMC - MOGOLD,27705,34.21,,,MOGOLD,MOTILALAMC - MOGOLD,27705,34.21
MOGSEC,MOTILALAMC - G5,1320,0.82,,,MOGSEC,MOTILALAMC - G5,1320,0.82
MOHEALTH,MOTILALAMC - MOHEALTH,55566,25.11,,,MOHEALTH,MOTILALAMC - MOHEALTH,55566,25.11
MOIL,MOIL LIMITED,3156686,12054.13,,,MOIL,MOIL LIMITED,3156686,12054.13
MOINFRA,MOTILALAMC - MOINFRA,207,0.12,,,MOINFRA,MOTILALAMC - MOINFRA,207,0.12
MOKSH,MOKSH ORNAMENTS LIMITED,702269,99.46,,,MOKSH,MOKSH ORNAMENTS LIMITED,702269,99.46
MOL,MEGHMANI ORGANICS LIMITED,4802389,4137.49,,,MOL,MEGHMANI ORGANICS LIMITED,4802389,4137.49
MOLDTECH,MOLD-TEK TECHNOLOGIES LTD,36139,77.17,,,MOLDTECH,MOLD-TEK TECHNOLOGIES LTD,36139,77.17
MOLDTKPAC,MOLD-TEK PACKAGING LTD,161379,1161.97,,,MOLDTKPAC,MOLD-TEK PACKAGING LTD,161379,1161.97
MOLOWVOL,MOTILALAMC - MOLOWVOL,4148,1.58,,,MOLOWVOL,MOTILALAMC - MOLOWVOL,4148,1.58
MOM100,MOTILAL OS MIDCAP100 ETF,1110829,700.83,,,MOM100,MOTILAL OS MIDCAP100 ETF,1110829,700.83
MOM30IETF,ICICIPRAMC - ICICIMOM30,2100677,684.55,,,MOM30IETF,ICICIPRAMC - ICICIMOM30,2100677,684.55
MOM50,MOTILAL OSWAL M50 ETF,8606,22.42,,,MOM50,MOTILAL OSWAL M50 ETF,8606,22.42
MOMENTUM,BIRLASLAMC - MOMENTUM,49161,15.59,,,MOMENTUM,BIRLASLAMC - MOMENTUM,49161,15.59
MOMENTUM50,MOTILALAMC - MOMENTUM50,1492637,779.35,,,MOMENTUM50,MOTILALAMC - MOMENTUM50,1492637,779.35
MOMIDMTM,MOTILALAMC - MOMIDMTM,1367,0.86,,,MOMIDMTM,MOTILALAMC - MOMIDMTM,1367,0.86
MOMOMENTUM,MOTILALAMC - MOMOMENTUM,237484,162.69,,,MOMOMENTUM,MOTILALAMC - MOMOMENTUM,237484,162.69
MON100,MOTILAL OS NASDAQ100 ETF,2063612,4755.95,,,MON100,MOTILAL OS NASDAQ100 ETF,2063612,4755.95
MON50EQUAL,MOTILALAMC - MON50EQUAL,43,0.01,,,MON50EQUAL,MOTILALAMC - MON50EQUAL,43,0.01
MONARCH,MONARCH NETWORTH CAP LTD,341689,1222.36,,,MONARCH,MONARCH NETWORTH CAP LTD,341689,1222.36
MONEXT50,MOTILALAMC - MONEXT50,8,0.01,,,MONEXT50,MOTILALAMC - MONEXT50,8,0.01
MONIFTY500,MOTILALAMC - MONIFTY500,607181,144.40,,,MONIFTY500,MOTILALAMC - MONIFTY500,607181,144.40
MONQ50,MOTILALAMC - MONQ50,567739,554.22,,,MONQ50,MOTILALAMC - MONQ50,567739,554.22
MONTECARLO,MONTE CARLO FASHIONS LTD.,58973,446.78,,,MONTECARLO,MONTE CARLO FASHIONS LTD.,58973,446.78
MOQUALITY,MOTILALAMC - MOQUALITY,320,0.62,,,MOQUALITY,MOTILALAMC - MOQUALITY,320,0.62
MOREALTY,MOTILALAMC - MOREALTY,2245063,2108.57,,,MOREALTY,MOTILALAMC - MOREALTY,2245063,2108.57
MOREPENLAB,MOREPEN LAB. LTD,14427677,8408.71,,,MOREPENLAB,MOREPEN LAB. LTD,14427677,8408.71
MOSCHIP,MOSCHIP TECHNOLOGIES LTD,1980975,4689.93,,,MOSCHIP,MOSCHIP TECHNOLOGIES LTD,1980975,4689.93
MOSILVER,MOTILALAMC - MOSILVER,27713,47.75,,,MOSILVER,MOTILALAMC - MOSILVER,27713,47.75
MOSMALL250,MOTILALAMC - MOSMALL250,2559965,441.95,,,MOSMALL250,MOTILALAMC - MOSMALL250,2559965,441.95
MOTHERSON,SAMVRDHNA MTHRSN INTL LTD,13400253,14379.46,,,MOTHERSON,SAMVRDHNA MTHRSN INTL LTD,13400253,14379.46
MOTILALOFS,MOTILAL OSWAL FIN LTD,1456326,13550.54,,,MOTILALOFS,MOTILAL OSWAL FIN LTD,1456326,13550.54
MOTISONS,MOTISONS JEWELLERS LTD,5746782,1071.96,,,MOTISONS,MOTISONS JEWELLERS LTD,5746782,1071.96
MOVALUE,MOTILALAMC - MOVALUE,176807,188.61,,,MOVALUE,MOTILALAMC - MOVALUE,176807,188.61
MPHASIS,MPHASIS LIMITED,255158,7136.13,,,MPHASIS,MPHASIS LIMITED,255158,7136.13
MPSLTD,MPS LIMITED,95603,2176.70,,,MPSLTD,MPS LIMITED,95603,2176.70
MRF,MRF LTD,4867,7074.67,,,MRF,MRF LTD,4867,7074.67
MRPL,MRPL,7754665,13191.59,,,MRPL,MRPL,7754665,13191.59
MSCIINDIA,KOTAKMAMC - MSCIINDIA,13040,3.74,,,MSCIINDIA,KOTAKMAMC - MSCIINDIA,13040,3.74
MSPL,MSP STEEL & POWER LTD.,1147122,405.60,,,MSPL,MSP STEEL & POWER LTD.,1147122,405.60
MSTCLTD,MSTC LIMITED,1346312,7562.71,,,MSTCLTD,MSTC LIMITED,1346312,7562.71
MSUMI,MOTHERSON SUMI WRNG IND L,8875048,4062.83,,,MSUMI,MOTHERSON SUMI WRNG IND L,8875048,4062.83
MTARTECH,MTAR TECHNOLOGIES LIMITED,302050,6826.61,,,MTARTECH,MTAR TECHNOLOGIES LIMITED,302050,6826.61
MTNL,MAHANAGAR TELEPHONE NIGAM,6294372,2990.83,,,MTNL,MAHANAGAR TELEPHONE NIGAM,6294372,2990.83
MUFIN,MUFIN GREEN FINANCE LTD,1788393,1993.71,,,MUFIN,MUFIN GREEN FINANCE LTD,1788393,1993.71
MUFTI,CREDO BRANDS MARKETING L,486761,619.89,,,MUFTI,CREDO BRANDS MARKETING L,486761,619.89
MUKANDLTD,MUKAND LTD.,506658,729.34,,,MUKANDLTD,MUKAND LTD.,506658,729.34
MUKKA,MUKKA PROTEINS LIMITED,528990,158.18,,,MUKKA,MUKKA PROTEINS LIMITED,528990,158.18
MULTICAP,MIRAEAMC - MULTICAP,84750,13.40,,,MULTICAP,MIRAEAMC - MULTICAP,84750,13.40
MUNJALAU,MUNJAL AUTO IND. LTD.,512646,505.90,,,MUNJALAU,MUNJAL AUTO IND. LTD.,512646,505.90
MUNJALSHOW,MUNJAL SHOWA LTD,108498,157.35,,,MUNJALSHOW,MUNJAL SHOWA LTD,108498,157.35
MURUDCERA,MURUDESHWAR CERAMICS LTD,6575,3.20,,,MURUDCERA,MURUDESHWAR CERAMICS LTD,6575,3.20
MUTHOOTCAP,MUTHOOT CAP SERV LTD,21500,66.00,,,MUTHOOTCAP,MUTHOOT CAP SERV LTD,21500,66.00
MUTHOOTFIN,MUTHOOT FINANCE LIMITED,92026,3029.15,,,MUTHOOTFIN,MUTHOOT FINANCE LIMITED,92026,3029.15
MUTHOOTMF,MUTHOOT MICROFIN LIMITED,576335,913.74,,,MUTHOOTMF,MUTHOOT MICROFIN LIMITED,576335,913.74
MVGJL,MANOJ VAIBHAV GEM N JEW L,255815,560.58,,,MVGJL,MANOJ VAIBHAV GEM N JEW L,255815,560.58
MWL,MANGALAM WORLDWIDE LTD,6635,15.07,,,MWL,MANGALAM WORLDWIDE LTD,6635,15.07
NACLIND,NACL INDUSTRIES LIMITED,2882,2.92,,,NACLIND,NACL INDUSTRIES LIMITED,2882,2.92
NAGAFERT,NAGARJUN FERT AND CHE LTD,57637,3.48,,,NAGAFERT,NAGARJUN FERT AND CHE LTD,57637,3.48
NAHARINDUS,NAHAR INDS ENT LTD,12660,16.68,,,NAHARINDUS,NAHAR INDS ENT LTD,12660,16.68
NAHARPOLY,NAHAR POLY FILMS LIMITED,5183,15.56,,,NAHARPOLY,NAHAR POLY FILMS LIMITED,5183,15.56
NAHARSPING,NAHAR SPINNING MILLS LTD.,86471,201.64,,,NAHARSPING,NAHAR SPINNING MILLS LTD.,86471,201.64
NAM-INDIA,NIPPON L I A M LTD,793198,6733.34,,,NAM-INDIA,NIPPON L I A M LTD,793198,6733.34
NATCAPSUQ,NATURAL CAPSULES LIMITED,200,0.45,,,NATCAPSUQ,NATURAL CAPSULES LIMITED,200,0.45
NATCOPHARM,NATCO PHARMA LTD.,2444144,23572.65,,,NATCOPHARM,NATCO PHARMA LTD.,2444144,23572.65
NATHBIOGEN,NATH BIO-GENES (I) LTD,2375,5.18,,,NATHBIOGEN,NATH BIO-GENES (I) LTD,2375,5.18
NATIONALUM,NATIONAL ALUMINIUM CO LTD,7066154,15386.16,,,NATIONALUM,NATIONAL ALUMINIUM CO LTD,7067154,15388.40
NAUKRI,INFO EDGE (I) LTD,577106,8196.76,,,NAUKRI,INFO EDGE (I) LTD,577106,8196.76
NAVA,NAVA LIMITED,2109559,12527.47,,,NAVA,NAVA LIMITED,2109559,12527.47
NAVINFLUOR,NAVIN FLUORINE INT. LTD,54805,2802.67,,,NAVINFLUOR,NAVIN FLUORINE INT. LTD,54805,2802.67
NAVKARCORP,NAVKAR CORPORATION LTD.,1905958,2322.85,,,NAVKARCORP,NAVKAR CORPORATION LTD.,1905958,2322.85
NAVNETEDUL,NAVNEET EDUCATION LTD,718693,1127.13,,,NAVNETEDUL,NAVNEET EDUCATION LTD,718693,1127.13
NAZARA,NAZARA TECHNOLOGIES LTD,31718206,90410.53,,,NAZARA,NAZARA TECHNOLOGIES LTD,31718206,90410.53
NBCC,NBCC (INDIA) LIMITED,19600468,22122.62,,,NBCC,NBCC (INDIA) LIMITED,19600618,22122.80
NCC,NCC LIMITED,14928991,32884.31,,,NCC,NCC LIMITED,14928991,32884.31
NCLIND,NCL INDUSTRIES LIMITED,400615,853.38,,,NCLIND,NCL INDUSTRIES LIMITED,400615,853.38
NDL,NANDAN DENIM LIMITED,380327,14.24,,,NDL,NANDAN DENIM LIMITED,380327,14.24
NDRAUTO,NDR AUTO COMPONENTS LTD,33977,351.21,,,NDRAUTO,NDR AUTO COMPONENTS LTD,33977,351.21
NDTV,NDTV LTD,94893,93.06,,,NDTV,NDTV LTD,94893,93.06
NECCLTD,NORTH EAST CARRY CORP LTD,11832,2.56,,,NECCLTD,NORTH EAST CARRY CORP LTD,11832,2.56
NECLIFE,NECTAR LIFESCIENCES LTD.,7461,1.63,,,NECLIFE,NECTAR LIFESCIENCES LTD.,7461,1.63
NELCAST,NELCAST LIMITED,78322,117.23,,,NELCAST,NELCAST LIMITED,78322,117.23
NELCO,NELCO LTD,496271,4639.59,,,NELCO,NELCO LTD,496271,4639.59
NEOGEN,NEOGEN CHEMICALS LIMITED,194661,2906.07,,,NEOGEN,NEOGEN CHEMICALS LIMITED,194661,2906.07
NESCO,NESCO LTD.,246127,3056.37,,,NESCO,NESCO LTD.,246127,3056.37
NESTLEIND,NESTLE INDIA LIMITED,492635,6092.30,,,NESTLEIND,NESTLE INDIA LIMITED,492635,6092.30
NETF,TATAAML - NETF,7410,20.07,,,NETF,TATAAML - NETF,7410,20.07
NETWEB,NETWEB TECH INDIA LTD,507123,17989.69,,,NETWEB,NETWEB TECH INDIA LTD,507123,17989.69
NETWORK18,NETWORK18 MEDIA & INV LTD,21678625,11885.31,,,NETWORK18,NETWORK18 MEDIA & INV LTD,21678625,11885.31
NEULANDLAB,NEULAND LAB LTD.,57125,8770.62,,,NEULANDLAB,NEULAND LAB LTD.,57125,8770.62
NEWGEN,NEWGEN SOFTWARE TECH LTD,1143637,11757.77,,,NEWGEN,NEWGEN SOFTWARE TECH LTD,1143637,11757.77
NEXT30ADD,DSPAMC - NEXT30ADD,2931,1.16,,,NEXT30ADD,DSPAMC - NEXT30ADD,2931,1.16
NEXT50,MIRAEAMC - MANXT50,17365,122.41,,,NEXT50,MIRAEAMC - MANXT50,17365,122.41
NEXT50IETF,ICICIPRAMC - ICICINXT50,842681,615.66,,,NEXT50IETF,ICICIPRAMC - ICICINXT50,842681,615.66
NFL,NATIONAL FERT. LTD,9213373,9559.65,,,NFL,NATIONAL FERT. LTD,9213373,9559.65
NH,NARAYANA HRUDAYALAYA LTD.,560737,10695.32,,,NH,NARAYANA HRUDAYALAYA LTD.,560737,10695.32
NHPC,NHPC LTD,37016079,33140.84,,,NHPC,NHPC LTD,37016079,33140.84
NIACL,THE NEW INDIA ASSU CO LTD,3506143,7317.11,,,NIACL,THE NEW INDIA ASSU CO LTD,3506143,7317.11
NIBE,NIBE LIMITED,31833,407.44,,,NIBE,NIBE LIMITED,31833,407.44
NIF100BEES,NIP IND ETF NIFTY 100,28524,77.90,,,NIF100BEES,NIP IND ETF NIFTY 100,28524,77.90
NIF100IETF,ICICI PRUD NIFTY 100 ETF,238813,68.71,,,NIF100IETF,ICICI PRUD NIFTY 100 ETF,238813,68.71
NIF10GETF,UTIAMC - NIF10GETF,2314,0.61,,,NIF10GETF,UTIAMC - NIF10GETF,2314,0.61
NIF5GETF,UTIAMC - NIF5GETF,4168,2.66,,,NIF5GETF,UTIAMC - NIF5GETF,4168,2.66
NIFMID150,UTIAMC - NIFMID150,21296,46.72,,,NIFMID150,UTIAMC - NIFMID150,21296,46.72
NIFTY1,KOTAK NIFTY ETF,54375,152.74,,,NIFTY1,KOTAK NIFTY ETF,54375,152.74
NIFTY100EW,KOTAKMAMC - NIFTY100EW,15159,5.17,,,NIFTY100EW,KOTAKMAMC - NIFTY100EW,15159,5.17
NIFTY50ADD,DSPAMC - DSPN50ETF,5319,13.69,,,NIFTY50ADD,DSPAMC - DSPN50ETF,5319,13.69
NIFTYBEES,NIP IND ETF NIFTY BEES,4739544,13443.90,,,NIFTYBEES,NIP IND ETF NIFTY BEES,4739544,13443.90
NIFTYBETF,BFAM - NIFTYBETF,1925,4.98,,,NIFTYBETF,BFAM - NIFTYBETF,1925,4.98
NIFTYCASE,ZERODHAAMC - NIFTYCASE,13051,1.34,,,NIFTYCASE,ZERODHAAMC - NIFTYCASE,13051,1.34
NIFTYETF,MIRAEAMC - MAN50ETF,92023,246.84,,,NIFTYETF,MIRAEAMC - MAN50ETF,92023,246.84
NIFTYIETF,ICICI PRUD NIFTY ETF,461840,1282.95,,,NIFTYIETF,ICICI PRUD NIFTY ETF,461840,1282.95
NIFTYQLITY,BIRLASLAMC - NIFTYQLITY,17146,3.61,,,NIFTYQLITY,BIRLASLAMC - NIFTYQLITY,17146,3.61
NIITLTD,NIIT LIMITED,2844487,3994.50,,,NIITLTD,NIIT LIMITED,2844487,3994.50
NIITMTS,NIIT LEARNING SYSTEMS LTD,146143,512.94,,,NIITMTS,NIIT LEARNING SYSTEMS LTD,146143,512.94
NILAINFRA,NILA INFRASTRUCTURES LTD,52712,6.55,,,NILAINFRA,NILA INFRASTRUCTURES LTD,52712,6.55
NILASPACES,NILA SPACES LIMITED,1919,0.32,,,NILASPACES,NILA SPACES LIMITED,1919,0.32
NILKAMAL,NILKAMAL LIMITED,9634,159.59,,,NILKAMAL,NILKAMAL LIMITED,9634,159.59
NINSYS,NINTEC SYSTEMS LIMITED,3599,17.34,,,NINSYS,NINTEC SYSTEMS LIMITED,3599,17.34
NIPPOBATRY,INDO-NATIONAL LIMITED,200,0.86,,,NIPPOBATRY,INDO-NATIONAL LIMITED,200,0.86
NITCO,NITCO LIMITED,1691851,1903.86,,,NITCO,NITCO LIMITED,1691851,1903.86
NITINSPIN,NITIN SPINNERS LIMITED,299366,1094.34,,,NITINSPIN,NITIN SPINNERS LIMITED,299366,1094.34
NIVABUPA,NIVA BUPA HEALTH INS CO L,6334188,5273.19,,,NIVABUPA,NIVA BUPA HEALTH INS CO L,6334188,5273.19
NLCINDIA,NLC INDIA LIMITED,5363404,13296.82,,,NLCINDIA,NLC INDIA LIMITED,5363404,13296.82
NMDC,NMDC LTD.,26963534,20054.66,,,NMDC,NMDC LTD.,26963934,20054.95
NOCIL,NOCIL LIMITED,2464625,5081.73,,,NOCIL,NOCIL LIMITED,2464625,5081.73
NORTHARC,NORTHERN ARC CAPITAL LTD,3235017,8263.16,,,NORTHARC,NORTHERN ARC CAPITAL LTD,3235017,8263.16
NOVAAGRI,NOVA AGRITECH LIMITED,22953,12.66,,,NOVAAGRI,NOVA AGRITECH LIMITED,22953,12.66
NPBET,TATAAML - NPBET,1166,3.34,,,NPBET,TATAAML - NPBET,1166,3.34
NPST,NETWORK PEOPLE SRV TECH L,46668,917.39,,,NPST,NETWORK PEOPLE SRV TECH L,46668,917.39
NRBBEARING,NRB BEARING LIMITED,473344,1401.77,,,NRBBEARING,NRB BEARING LIMITED,473344,1401.77
NRL,NUPUR RECYCLERS LIMITED,31193,24.48,,,NRL,NUPUR RECYCLERS LIMITED,31193,24.48
NSIL,NALWA SONS INVESTMENT LTD,2697,210.20,,,NSIL,NALWA SONS INVESTMENT LTD,2697,210.20
NSLNISP,NMDC STEEL LIMITED,22535511,10172.53,,,NSLNISP,NMDC STEEL LIMITED,22540511,10175.67
NTPC,NTPC LTD,8915647,30761.82,,,NTPC,NTPC LTD,8915647,30761.82
NTPCGREEN,NTPC GREEN ENERGY LIMITED,16099101,16984.72,,,NTPCGREEN,NTPC GREEN ENERGY LIMITED,16099101,16984.72
NUCLEUS,NUCLEUS SOFTWARE EXPORTS,67293,755.81,,,NUCLEUS,NUCLEUS SOFTWARE EXPORTS,67293,755.81
NUVAMA,NUVAMA WEALTH MANAGE LTD,98728,6951.11,,,NUVAMA,NUVAMA WEALTH MANAGE LTD,98728,6951.11
NUVOCO,NUVOCO VISTAS CORP LTD,789572,3287.48,,,NUVOCO,NUVOCO VISTAS CORP LTD,789572,3287.48
NV20,KOTAKMAMC - KTKNV20ETF,4391,6.71,,,NV20,KOTAKMAMC - KTKNV20ETF,4391,6.71
NV20BEES,NIP IND ETF ETF NV20,15591,23.23,,,NV20BEES,NIP IND ETF ETF NV20,15591,23.23
NV20IETF,ICICI PRUDENTIAL NV20 ETF,656752,95.88,,,NV20IETF,ICICI PRUDENTIAL NV20 ETF,656752,95.88
NYKAA,FSN E COMMERCE VENTURES,2006012,4904.12,,,NYKAA,FSN E COMMERCE VENTURES,2006012,4904.12
OAL,ORIENTAL AROMATICS LTD,21124,96.01,,,OAL,ORIENTAL AROMATICS LTD,21124,96.01
OBCL,ORISSA BENGAL CARRIER LTD,1382,0.84,,,OBCL,ORISSA BENGAL CARRIER LTD,1382,0.84
OBEROIRLTY,OBEROI REALTY LIMITED,351915,6510.85,,,OBEROIRLTY,OBEROI REALTY LIMITED,351915,6510.85
OCCL,ORIENTAL CARBN & CHEM LTD,649,2.03,,,OCCL,ORIENTAL CARBN & CHEM LTD,649,2.03
OCCLLTD,OCCL LIMITED,19853,24.11,,,OCCLLTD,OCCL LIMITED,19853,24.11
OFSS,ORACLE FIN SERV SOFT LTD.,298828,26315.28,,,OFSS,ORACLE FIN SERV SOFT LTD.,298828,26315.28
OIL,OIL INDIA LTD,2795420,12704.82,,,OIL,OIL INDIA LTD,2795420,12704.82
OILCOUNTUB,OIL COUNTRY TUBULAR LTD,1811,1.13,,,OILCOUNTUB,OIL COUNTRY TUBULAR LTD,1811,1.13
OILIETF,ICICIPRAMC - OILIETF,2131367,250.26,,,OILIETF,ICICIPRAMC - OILIETF,2131367,250.26
OLAELEC,OLA ELECTRIC MOBILITY LTD,2809754,1703.59,,,OLAELEC,OLA ELECTRIC MOBILITY LTD,2809754,1703.59
OLECTRA,OLECTRA GREENTECH LIMITED,2225395,33472.09,,,OLECTRA,OLECTRA GREENTECH LIMITED,2225395,33472.09
OMAXAUTO,OMAX AUTOS LTD,4002,3.96,,,OMAXAUTO,OMAX AUTOS LTD,4002,3.96
OMAXE,OMAXE LIMITED,437337,393.80,,,OMAXE,OMAXE LIMITED,437337,393.80
OMFREIGHT,OM FREIGHT FORWARDERS LTD,33127,32.61,,,OMFREIGHT,OM FREIGHT FORWARDERS LTD,33127,32.61
OMINFRAL,OM INFRA LIMITED,498049,582.83,,,OMINFRAL,OM INFRA LIMITED,498049,582.83
ONEPOINT,ONE POINT ONE SOL LTD,1696412,827.72,,,ONEPOINT,ONE POINT ONE SOL LTD,1696412,827.72
ONESOURCE,ONESOURCE SPECL PHARMA L,230760,4557.85,,,ONESOURCE,ONESOURCE SPECL PHARMA L,230760,4557.85
ONGC,OIL AND NATURAL GAS CORP.,11105835,28501.10,,,ONGC,OIL AND NATURAL GAS CORP.,11105835,28501.10
ONMOBILE,ONMOBILE GLOBAL LTD.,1446860,952.96,,,ONMOBILE,ONMOBILE GLOBAL LTD.,1446860,952.96
ONWARDTEC,ONWARD TECHNOLOGIES LTD,26460,81.07,,,ONWARDTEC,ONWARD TECHNOLOGIES LTD,26460,81.07
OPTIEMUS,OPTIEMUS INFRACOM LTD,650519,3845.53,,,OPTIEMUS,OPTIEMUS INFRACOM LTD,650519,3845.53
ORCHPHARMA,ORCHID PHARMA LIMITED,178210,1438.66,,,ORCHPHARMA,ORCHID PHARMA LIMITED,178210,1438.66
ORICONENT,ORICON ENTERPRISES LTD,363188,189.98,,,ORICONENT,ORICON ENTERPRISES LTD,363188,189.98
ORIENTBELL,ORIENT BELL LIMITED,759,3.18,,,ORIENTBELL,ORIENT BELL LIMITED,759,3.18
ORIENTCEM,ORIENT CEMENT LTD.,2704760,6306.98,,,ORIENTCEM,ORIENT CEMENT LTD.,2704760,6306.98
ORIENTCER,ORIENT CERATECH LIMITED,54500,21.01,,,ORIENTCER,ORIENT CERATECH LIMITED,54500,21.01
ORIENTELEC,ORIENT ELECTRIC LIMITED,308498,676.00,,,ORIENTELEC,ORIENT ELECTRIC LIMITED,308498,676.00
ORIENTHOT,ORIENT HOTELS LTD,2537075,3450.53,,,ORIENTHOT,ORIENT HOTELS LTD,2537075,3450.53
ORIENTPPR,ORIENT PAPER AND INDS LTD,3037774,982.22,,,ORIENTPPR,ORIENT PAPER AND INDS LTD,3037774,982.22
ORIENTTECH,ORIENT TECHNOLOGIES LTD,612003,2676.66,,,ORIENTTECH,ORIENT TECHNOLOGIES LTD,612003,2676.66
ORISSAMINE,ORISSA MIN DEV CO LTD,41565,2411.81,,,ORISSAMINE,ORISSA MIN DEV CO LTD,41565,2411.81
OSWALAGRO,OSWAL AGRO MILLS LTD,129098,107.96,,,OSWALAGRO,OSWAL AGRO MILLS LTD,129098,107.96
OSWALGREEN,OSWAL GREENTECH LIMITED,343371,140.86,,,OSWALGREEN,OSWAL GREENTECH LIMITED,343371,140.86
OSWALPUMPS,OSWAL PUMPS LIMITED,741604,5465.63,,,OSWALPUMPS,OSWAL PUMPS LIMITED,741604,5465.63
PACEDIGITK,PACE DIGITEK LIMITED,246077,530.53,,,PACEDIGITK,PACE DIGITEK LIMITED,246077,530.53
PAGEIND,PAGE INDUSTRIES LTD,14683,6230.83,,,PAGEIND,PAGE INDUSTRIES LTD,14683,6230.83
PAISALO,PAISALO DIGITAL LIMITED,16641636,6202.21,,,PAISALO,PAISALO DIGITAL LIMITED,16641636,6202.21
PAKKA,PAKKA LIMITED,268812,445.02,,,PAKKA,PAKKA LIMITED,268812,445.02
PANACEABIO,PANACEA BIOTEC LTD,440873,1849.73,,,PANACEABIO,PANACEA BIOTEC LTD,440873,1849.73
PANAMAPET,PANAMA PETROCHEM LTD,112997,369.65,,,PANAMAPET,PANAMA PETROCHEM LTD,112997,369.65
PANCARBON,PANA CARBON IND CO LTD,100,0.50,,,PANCARBON,PANA CARBON IND CO LTD,100,0.50
PARACABLES,PARAMOUNT COMM LTD,2315014,1230.39,,,PARACABLES,PARAMOUNT COMM LTD,2315014,1230.39
PARADEEP,PARADEEP PHOSPHATES LTD,10592205,19068.11,,,PARADEEP,PARADEEP PHOSPHATES LTD,10592205,19068.11
PARAGMILK,PARAG MILK FOODS LTD.,3884042,8988.11,,,PARAGMILK,PARAG MILK FOODS LTD.,3884042,8988.11
PARAS,PARAS DEF AND SPCE TECH L,686410,5231.80,,,PARAS,PARAS DEF AND SPCE TECH L,686410,5231.80
PARKHOTELS,PARKHOTELS,4504884,6889.48,,,PARKHOTELS,PARKHOTELS,4504884,6889.48
PARSVNATH,PARSVNATH DEVELOPER LTD,309318,47.46,,,PARSVNATH,PARSVNATH DEVELOPER LTD,309318,47.46
PASUPTAC,PASUPATI ACRYLON LIMITED,5130,2.67,,,PASUPTAC,PASUPATI ACRYLON LIMITED,5130,2.67
PATANJALI,PATANJALI FOODS LIMITED,3363397,20398.06,,,PATANJALI,PATANJALI FOODS LIMITED,3363397,20398.06
PATELENG,PATEL ENGINEERING LTD.,5870758,2481.54,,,PATELENG,PATEL ENGINEERING LTD.,5870758,2481.54
PATELRMART,PATEL RETAIL LIMITED,306197,692.44,,,PATELRMART,PATEL RETAIL LIMITED,306197,692.44
PATINTLOG,PATEL INT. LOG. LTD,103110,17.66,,,PATINTLOG,PATEL INT. LOG. LTD,103110,17.66
PAVNAIND,PAVNA INDUSTRIES LIMITED,25483,11.03,,,PAVNAIND,PAVNA INDUSTRIES LIMITED,25483,11.03
PAYTM,ONE 97 COMMUNICATIONS LTD,1559218,16118.84,,,PAYTM,ONE 97 COMMUNICATIONS LTD,1559568,16120.66
PCBL,PCBL CHEMICAL LIMITED,4698198,18700.28,,,PCBL,PCBL CHEMICAL LIMITED,4698898,18702.83
PCJEWELLER,PC JEWELLER LTD,93531864,12372.52,,,PCJEWELLER,PC JEWELLER LTD,93541864,12373.84
PDMJEPAPER,PUDUMJEE PAPER PRO. LTD,132063,159.88,,,PDMJEPAPER,PUDUMJEE PAPER PRO. LTD,132063,159.88
PDSL,PDS LIMITED,442124,1742.72,,,PDSL,PDS LIMITED,442124,1742.72
PEARLPOLY,PEARL POLYMERS LTD,1282,0.37,,,PEARLPOLY,PEARL POLYMERS LTD,1282,0.37
PEL,PIRAMAL ENTERPRISES LTD,7,0.08,,,PEL,PIRAMAL ENTERPRISES LTD,7,0.08
PENIND,PENNAR INDUSTRIES LTD,1891776,4343.55,,,PENIND,PENNAR INDUSTRIES LTD,1891776,4343.55
PENINLAND,PENINSULA LAND LIMITED,208068,73.88,,,PENINLAND,PENINSULA LAND LIMITED,208068,73.88
PERSISTENT,PERSISTENT SYSTEMS LTD,139702,7912.24,,,PERSISTENT,PERSISTENT SYSTEMS LTD,139702,7912.24
PETRONET,PETRONET LNG LIMITED,3122180,9133.27,,,PETRONET,PETRONET LNG LIMITED,3122180,9133.27
PFC,POWER FIN CORP LTD.,19441550,79715.18,,,PFC,POWER FIN CORP LTD.,19441650,79715.75
PFIZER,PFIZER LTD,63448,3383.65,,,PFIZER,PFIZER LTD,63448,3383.65
PFOCUS,PRIME FOCUS LIMITED,1113085,1977.55,,,PFOCUS,PRIME FOCUS LIMITED,1113085,1977.55
PFS,PTC INDIA FIN SERV LTD,2539752,1009.39,,,PFS,PTC INDIA FIN SERV LTD,2539752,1009.39
PGEL,PG ELECTROPLAST LTD,2878112,15923.90,,,PGEL,PG ELECTROPLAST LTD,2878112,15923.90
PGHH,P&G HYGIENE & HEALTH CARE,8651,1189.05,,,PGHH,P&G HYGIENE & HEALTH CARE,8651,1189.05
PGHL,PROCTER & GAMBLE HEALTH L,17049,1043.19,,,PGHL,PROCTER & GAMBLE HEALTH L,17049,1043.19
PGIL,PEARL GLOBAL IND LIMITED,115809,1815.45,,,PGIL,PEARL GLOBAL IND LIMITED,115809,1815.45
PHARMABEES,NIPPONAMC - NETFPHARMA,5718029,1295.35,,,PHARMABEES,NIPPONAMC - NETFPHARMA,5718029,1295.35
PHOENIXLTD,THE PHOENIX MILLS LTD,129255,2171.16,,,PHOENIXLTD,THE PHOENIX MILLS LTD,129255,2171.16
PICCADIL,PICCADILY AGRO INDUSTRI L,296751,2017.83,,,PICCADIL,PICCADILY AGRO INDUSTRI L,296751,2017.83
PIDILITIND,PIDILITE INDUSTRIES LTD,496697,7499.95,,,PIDILITIND,PIDILITE INDUSTRIES LTD,496697,7499.95
PIIND,PI INDUSTRIES LTD,179611,6708.48,,,PIIND,PI INDUSTRIES LTD,179611,6708.48
PILANIINVS,PILANI INV & IND COR LTD,4278,227.91,,,PILANIINVS,PILANI INV & IND COR LTD,4278,227.91
PILITA,PIL ITALICA LIFESTYLE LTD,70649,10.11,,,PILITA,PIL ITALICA LIFESTYLE LTD,70649,10.11
PITTIENG,PITTI ENGINEERING LIMITED,152090,1515.73,,,PITTIENG,PITTI ENGINEERING LIMITED,152090,1515.73
PIXTRANS,PIX TRANSMISSIONS LIMITED,33546,518.45,,,PIXTRANS,PIX TRANSMISSIONS LIMITED,33546,518.45
PLASTIBLEN,PLASTIBLENDS INDIA LTD,1650,3.23,,,PLASTIBLEN,PLASTIBLENDS INDIA LTD,1650,3.23
PLATIND,PLATINUM INDUSTRIES LTD,541827,1597.38,,,PLATIND,PLATINUM INDUSTRIES LTD,541827,1597.38
PLAZACABLE,PLAZA WIRES LIMITED,14908,7.66,,,PLAZACABLE,PLAZA WIRES LIMITED,14908,7.66
PNB,PUNJAB NATIONAL BANK,26499523,29437.91,,,PNB,PUNJAB NATIONAL BANK,26499523,29437.91
PNBGILTS,PNB GILTS LIMITED,4023334,4128.20,,,PNBGILTS,PNB GILTS LIMITED,4023334,4128.20
PNBHOUSING,PNB HOUSING FIN LTD.,1871161,17147.59,,,PNBHOUSING,PNB HOUSING FIN LTD.,1871161,17147.59
PNCINFRA,PNC INFRATECH LTD.,1794667,5632.31,,,PNCINFRA,PNC INFRATECH LTD.,1794667,5632.31
PNGJL,P N GADGIL JEWELLERS LTD,747236,4725.43,,,PNGJL,P N GADGIL JEWELLERS LTD,747236,4725.43
POCL,PONDY OXIDES & CHEM LTD,357084,4721.74,,,POCL,PONDY OXIDES & CHEM LTD,357084,4721.74
POKARNA,POKARNA LIMITED,221741,1994.46,,,POKARNA,POKARNA LIMITED,221741,1994.46
POLICYBZR,PB FINTECH LIMITED,274695,5013.36,,,POLICYBZR,PB FINTECH LIMITED,274695,5013.36
POLYCAB,POLYCAB INDIA LIMITED,148560,9970.45,,,POLYCAB,POLYCAB INDIA LIMITED,148560,9970.45
POLYMED,POLY MEDICURE LIMITED,288618,6187.55,,,POLYMED,POLY MEDICURE LIMITED,288618,6187.55
POLYPLEX,POLYPLEX CORPORATION LTD,347449,3975.25,,,POLYPLEX,POLYPLEX CORPORATION LTD,347449,3975.25
PONNIERODE,PONNIE SUGARS (ERODE) LTD,20359,64.44,,,PONNIERODE,PONNIE SUGARS (ERODE) LTD,20359,64.44
POONAWALLA,POONAWALLA FINCORP LTD,5059441,23757.12,,,POONAWALLA,POONAWALLA FINCORP LTD,5059441,23757.12
POWERGRID,POWER GRID CORP. LTD.,7827363,22622.87,,,POWERGRID,POWER GRID CORP. LTD.,7827363,22622.87
POWERINDIA,HITACHI ENERGY INDIA LTD,31913,6176.55,,,POWERINDIA,HITACHI ENERGY INDIA LTD,31913,6176.55
POWERMECH,POWER MECH PROJECTS LTD.,355136,9930.05,,,POWERMECH,POWER MECH PROJECTS LTD.,355136,9930.05
PPL,PRAKASH PIPES LIMITED,239445,822.70,,,PPL,PRAKASH PIPES LIMITED,239445,822.70
PPLPHARMA,PIRAMAL PHARMA LIMITED,8956399,18413.95,,,PPLPHARMA,PIRAMAL PHARMA LIMITED,8956399,18413.95
PRABHA,PRABHA ENERGY LIMITED,28072,60.97,,,PRABHA,PRABHA ENERGY LIMITED,28072,60.97
PRAJIND,PRAJ INDUSTRIES LTD,4889344,21203.17,,,PRAJIND,PRAJ INDUSTRIES LTD,4889344,21203.17
PRAKASH,PRAKASH INDUSTRIES LTD,4127937,6722.43,,,PRAKASH,PRAKASH INDUSTRIES LTD,4127937,6722.43
PRAKASHSTL,PRAKASH STEELAGE LTD,1080,0.09,,,PRAKASHSTL,PRAKASH STEELAGE LTD,1080,0.09
PRECAM,PRECISION CAMSHAFTS LTD.,731330,1551.50,,,PRECAM,PRECISION CAMSHAFTS LTD.,731330,1551.50
PRECWIRE,PRECISION WIRES INDIA LTD,528405,1111.54,,,PRECWIRE,PRECISION WIRES INDIA LTD,528405,1111.54
PREMEXPLN,PREMIER EXPLOSIVES LTD,1031926,6180.54,,,PREMEXPLN,PREMIER EXPLOSIVES LTD,1031926,6180.54
PREMIERENE,PREMIER ENERGIES LIMITED,4923700,51937.42,,,PREMIERENE,PREMIER ENERGIES LIMITED,4923700,51937.42
PREMIERPOL,PREMIER POLYFILM LTD,5987,2.75,,,PREMIERPOL,PREMIER POLYFILM LTD,5987,2.75
PRESTIGE,PRESTIGE ESTATE LTD,290735,4879.29,,,PRESTIGE,PRESTIGE ESTATE LTD,290735,4879.29
PRICOLLTD,PRICOL LIMITED,449780,2395.43,,,PRICOLLTD,PRICOL LIMITED,449780,2395.43
PRIMESECU,PRIME SECURITIES LIMITED,866137,2359.39,,,PRIMESECU,PRIME SECURITIES LIMITED,866137,2359.39
PRIMO,PRIMO CHEMICALS LIMITED,11304,2.95,,,PRIMO,PRIMO CHEMICALS LIMITED,11304,2.95
PRINCEPIPE,PRINCE PIPES FITTINGS LTD,898045,3194.26,,,PRINCEPIPE,PRINCE PIPES FITTINGS LTD,898045,3194.26
PRITI,PRITI INTERNATIONAL LTD,1661,1.27,,,PRITI,PRITI INTERNATIONAL LTD,1661,1.27
PRITIKAUTO,PRITIKA AUTO INDUS LTD,57268,12.91,,,PRITIKAUTO,PRITIKA AUTO INDUS LTD,57268,12.91
PRIVISCL,PRIVI SPECIALITY CHE LTD,320203,7959.36,,,PRIVISCL,PRIVI SPECIALITY CHE LTD,320203,7959.36
PROSTARM,PROSTARM INFO SYSTEMS LTD,528206,1048.14,,,PROSTARM,PROSTARM INFO SYSTEMS LTD,528206,1048.14
PROTEAN,PROTEAN EGOV TECHNO LTD,1237878,11871.69,,,PROTEAN,PROTEAN EGOV TECHNO LTD,1237878,11871.69
PROZONER,PROZONE REALTY LIMITED,34496,16.99,,,PROZONER,PROZONE REALTY LIMITED,34496,16.99
PRSMJOHNSN,PRISM JOHNSON LIMITED,1347127,2186.45,,,PRSMJOHNSN,PRISM JOHNSON LIMITED,1347127,2186.45
PRUDENT,PRUDENT CORP ADV SER LTD,42096,1100.58,,,PRUDENT,PRUDENT CORP ADV SER LTD,42096,1100.58
PSB,PUNJAB & SIND BANK,8972743,3032.22,,,PSB,PUNJAB & SIND BANK,8972743,3032.22
PSPPROJECT,PSP PROJECTS LIMITED,500645,4153.04,,,PSPPROJECT,PSP PROJECTS LIMITED,500645,4153.04
PSUBANK,KOTAK PSU BANK,33672,266.96,,,PSUBANK,KOTAK PSU BANK,33672,266.96
PSUBANKADD,DSPAMC - DSPPSBKETF,50856,40.64,,,PSUBANKADD,DSPAMC - DSPPSBKETF,50856,40.64
PSUBNKBEES,NIP IND ETF PSU BANK BEES,9659886,8390.01,,,PSUBNKBEES,NIP IND ETF PSU BANK BEES,9659886,8390.01
PSUBNKIETF,ICICIPRAMC - PSUBANKICI,464020,368.80,,,PSUBNKIETF,ICICIPRAMC - PSUBANKICI,464020,368.80
PTC,PTC INDIA LIMITED,3659422,6496.61,,,PTC,PTC INDIA LIMITED,3659422,6496.61
PTCIL,PTC INDUSTRIES LIMITED,24185,3701.29,,,PTCIL,PTC INDUSTRIES LIMITED,24185,3701.29
PTL,PTL ENTERPRISES LTD,7759,3.16,,,PTL,PTL ENTERPRISES LTD,7759,3.16
PUNJABCHEM,PUNJAB CHEM & CROP PROT L,19225,252.23,,,PUNJABCHEM,PUNJAB CHEM & CROP PROT L,19225,252.23
PURVA,PURAVANKARA LIMITED,777183,2213.07,,,PURVA,PURAVANKARA LIMITED,777183,2213.07
PVP,PVP VENTURES LIMITED,284,0.07,,,PVP,PVP VENTURES LIMITED,284,0.07
PVRINOX,PVR INOX LIMITED,1001428,11727.70,,,PVRINOX,PVR INOX LIMITED,1001428,11727.70
PVSL,POPULAR VEHICLES N SER L,86742,124.21,,,PVSL,POPULAR VEHICLES N SER L,86742,124.21
PVTBANIETF,ICICIPRAMC - ICICIBANKP,1202575,334.95,,,PVTBANIETF,ICICIPRAMC - ICICIBANKP,1202575,334.95
PVTBANKADD,DSPAMC - DSPPVBKETF,39062,10.79,,,PVTBANKADD,DSPAMC - DSPPVBKETF,39062,10.79
PYRAMID,PYRAMID TECHNOPLAST LTD,36988,64.52,,,PYRAMID,PYRAMID TECHNOPLAST LTD,36988,64.52
QGOLDHALF,QUANTUM GOLD FUND,304683,297.95,,,QGOLDHALF,QUANTUM GOLD FUND,304683,297.95
QNIFTY,QUANTUM NIFTY 50 ETF,300,8.17,,,QNIFTY,QUANTUM NIFTY 50 ETF,300,8.17
QPOWER,QUALITY POWER ELEC EQUP L,920603,7474.57,,,QPOWER,QUALITY POWER ELEC EQUP L,920603,7474.57
QUADFUTURE,QUADRANT FUTURE TEK LTD,769890,2995.05,,,QUADFUTURE,QUADRANT FUTURE TEK LTD,769890,2995.05
QUAL30IETF,ICICIPRAMC - ICICIQTY30,392608,85.36,,,QUAL30IETF,ICICIPRAMC - ICICIQTY30,392608,85.36
QUESS,QUESS CORP LIMITED,796970,2210.30,,,QUESS,QUESS CORP LIMITED,796970,2210.30
QUICKHEAL,QUICK HEAL TECH LTD,624727,2198.70,,,QUICKHEAL,QUICK HEAL TECH LTD,624727,2198.70
RACE,RACE ECO CHAIN LIMITED,56611,141.00,,,RACE,RACE ECO CHAIN LIMITED,56611,141.00
RACLGEAR,RACL GEARTECH LIMITED,91031,1006.24,,,RACLGEAR,RACL GEARTECH LIMITED,91031,1006.24
RADHIKAJWE,RADHIKA JEWELTECH LIMITED,524264,487.37,,,RADHIKAJWE,RADHIKA JEWELTECH LIMITED,524264,487.37
RADIANTCMS,RADIANT CASH MGMT SER LTD,308656,190.56,,,RADIANTCMS,RADIANT CASH MGMT SER LTD,308656,190.56
RADICO,RADICO KHAITAN LTD,118305,3656.36,,,RADICO,RADICO KHAITAN LTD,118305,3656.36
RADIOCITY,MUSIC BROADCAST LIMITED,17917,1.69,,,RADIOCITY,MUSIC BROADCAST LIMITED,17917,1.69
RAILTEL,RAILTEL CORP OF IND LTD,6834597,27784.43,,,RAILTEL,RAILTEL CORP OF IND LTD,6834597,27784.43
RAIN,RAIN INDUSTRIES LIMITED,6980053,9800.33,,,RAIN,RAIN INDUSTRIES LIMITED,6980653,9801.02
RAINBOW,RAINBOW CHILDRENS MED LTD,204596,2897.50,,,RAINBOW,RAINBOW CHILDRENS MED LTD,204596,2897.50
RAJESHEXPO,RAJESH EXPORTS LTD,1850612,3988.18,,,RAJESHEXPO,RAJESH EXPORTS LTD,1850762,3988.48
RAJOOENG,RAJOO ENGINEERS LIMITED,1465100,1446.21,,,RAJOOENG,RAJOO ENGINEERS LIMITED,1465100,1446.21
RAJRATAN,RAJRATAN GLOBAL WIRE LTD,475011,1822.28,,,RAJRATAN,RAJRATAN GLOBAL WIRE LTD,475011,1822.28
RAJSREESUG,RAJSHREE SUGAR & CHEMICAL,5931,2.51,,,RAJSREESUG,RAJSHREE SUGAR & CHEMICAL,5931,2.51
RALLIS,RALLIS INDIA LTD,1684777,5080.83,,,RALLIS,RALLIS INDIA LTD,1684777,5080.83
RAMASTEEL,RAMA STEEL TUBES LIMITED,58944034,6204.71,,,RAMASTEEL,RAMA STEEL TUBES LIMITED,58944034,6204.71
RAMCOCEM,THE RAMCO CEMENTS LIMITED,481640,4951.41,,,RAMCOCEM,THE RAMCO CEMENTS LIMITED,481640,4951.41
RAMCOIND,RAMCO INDUSTRIES LIMITED,758997,2457.07,,,RAMCOIND,RAMCO INDUSTRIES LIMITED,758997,2457.07
RAMCOSYS,RAMCO SYSTEMS LTD.,99262,599.54,,,RAMCOSYS,RAMCO SYSTEMS LTD.,99262,599.54
RAMKY,RAMKY INFRA LTD,1577337,9404.20,,,RAMKY,RAMKY INFRA LTD,1577337,9404.20
RAMRAT,RAM RATNA WIRES LIMITED,89528,589.51,,,RAMRAT,RAM RATNA WIRES LIMITED,89528,589.51
RANASUG,RANA SUGARS LTD.,226020,44.36,,,RANASUG,RANA SUGARS LTD.,226020,44.36
RANEHOLDIN,RANE HOLDINGS LIMITED,20182,323.12,,,RANEHOLDIN,RANE HOLDINGS LIMITED,20182,323.12
RATEGAIN,RATEGAIN TRAVEL TECHN LTD,2902511,17202.05,,,RATEGAIN,RATEGAIN TRAVEL TECHN LTD,2902511,17202.05
RATNAMANI,RATNAMANI MET & TUB LTD.,56620,1477.12,,,RATNAMANI,RATNAMANI MET & TUB LTD.,56620,1477.12
RATNAVEER,RATNAVEER PRECISION ENG L,375708,583.31,,,RATNAVEER,RATNAVEER PRECISION ENG L,375708,583.31
RAYMOND,RAYMOND LTD,812384,5638.92,,,RAYMOND,RAYMOND LTD,812384,5638.92
RAYMONDLSL,RAYMOND LIFESTYLE LIMITED,476590,5741.87,,,RAYMONDLSL,RAYMOND LIFESTYLE LIMITED,476590,5741.87
RAYMONDREL,RAYMOND REALTY LIMITED,861052,5325.62,,,RAYMONDREL,RAYMOND REALTY LIMITED,861052,5325.62
RBA,RESTAURANT BRAND ASIA LTD,7607037,5917.53,,,RBA,RESTAURANT BRAND ASIA LTD,7607037,5917.53
RBLBANK,RBL BANK LIMITED,9299473,25730.12,,,RBLBANK,RBL BANK LIMITED,9299823,25730.91
RBZJEWEL,RBZ JEWELLERS LIMITED,120746,188.62,,,RBZJEWEL,RBZ JEWELLERS LIMITED,120746,188.62
RCF,RASHTRIYA CHEMICALS & FER,9573841,15583.78,,,RCF,RASHTRIYA CHEMICALS & FER,9573841,15583.78
RECLTD,REC LIMITED,20301025,81187.77,,,RECLTD,REC LIMITED,20301025,81187.77
REDINGTON,REDINGTON LIMITED,3238242,9378.95,,,REDINGTON,REDINGTON LIMITED,3238242,9378.95
REDTAPE,REDTAPE LIMITED,1403778,2046.13,,,REDTAPE,REDTAPE LIMITED,1403778,2046.13
REFEX,REFEX INDUSTRIES LIMITED,517234,1970.42,,,REFEX,REFEX INDUSTRIES LIMITED,517234,1970.42
REGAAL,REGAAL RESOURCES LIMITED,305674,279.11,,,REGAAL,REGAAL RESOURCES LIMITED,305674,279.11
RELAXO,RELAXO FOOT LTD.,741789,3534.45,,,RELAXO,RELAXO FOOT LTD.,741789,3534.45
RELCHEMQ,RELIANCE CHEMOTEX IND LTD,226,0.40,,,RELCHEMQ,RELIANCE CHEMOTEX IND LTD,226,0.40
RELIANCE,RELIANCE INDUSTRIES LTD,4260397,60286.30,,,RELIANCE,RELIANCE INDUSTRIES LTD,4260397,60286.30
RELIGARE,RELIGARE ENTER. LTD.,5963594,15368.96,,,RELIGARE,RELIGARE ENTER. LTD.,5963594,15368.96
RELINFRA,RELIANCE INFRASTRUCTU LTD,131968,308.68,,,RELINFRA,RELIANCE INFRASTRUCTU LTD,131968,308.68
RELTD,RAVINDRA ENERGY LIMITED,87775,146.11,,,RELTD,RAVINDRA ENERGY LIMITED,87775,146.11
REMSONSIND,REMSONS INDUSTRIES LTD,204575,292.86,,,REMSONSIND,REMSONS INDUSTRIES LTD,204575,292.86
RENUKA,SHREE RENUKA SUGARS LTD,21500635,7583.77,,,RENUKA,SHREE RENUKA SUGARS LTD,21506635,7586.69
REPCOHOME,REPCO HOME FINANCE LTD,739339,3126.21,,,REPCOHOME,REPCO HOME FINANCE LTD,739339,3126.21
REPRO,REPRO INDIA LIMITED,11165,60.25,,,REPRO,REPRO INDIA LIMITED,11165,60.25
RESPONIND,RESPONSIVE INDUSTRIES LTD,921241,2022.75,,,RESPONIND,RESPONSIVE INDUSTRIES LTD,921241,2022.75
RGL,RENAISSANCE GLOBAL LTD,1188785,1597.83,,,RGL,RENAISSANCE GLOBAL LTD,1188785,1597.83
RHETAN,RHETAN TMT LIMITED,45255,10.81,,,RHETAN,RHETAN TMT LIMITED,45255,10.81
RHIM,RHI MAGNESITA INDIA LTD,855308,4304.95,,,RHIM,RHI MAGNESITA INDIA LTD,855308,4304.95
RICOAUTO,RICO AUTO INDUSTRIES LTD,1262782,1304.46,,,RICOAUTO,RICO AUTO INDUSTRIES LTD,1262782,1304.46
RIIL,RELIANCE INDUSTRIAL INFRA,458014,4633.91,,,RIIL,RELIANCE INDUSTRIAL INFRA,458014,4633.91
RISHABH,RISHABH INSTRUMENTS LTD,3269,12.57,,,RISHABH,RISHABH INSTRUMENTS LTD,3269,12.57
RITCO,RITCO LOGISTICS LIMITED,115396,348.18,,,RITCO,RITCO LOGISTICS LIMITED,115396,348.18
RITES,RITES LIMITED,4936534,13956.57,,,RITES,RITES LIMITED,4936534,13956.57
RKEC,RKEC PROJECTS LIMITED,628,0.41,,,RKEC,RKEC PROJECTS LIMITED,628,0.41
RKFORGE,RAMKRISHNA FORGINGS LTD,2377264,14783.17,,,RKFORGE,RAMKRISHNA FORGINGS LTD,2377264,14783.17
RKSWAMY,R K SWAMY LIMITED,75580,123.52,,,RKSWAMY,R K SWAMY LIMITED,75580,123.52
RMDRIP,R M DRIP & SPRINK SYS LTD,453323,355.71,,,RMDRIP,R M DRIP & SPRINK SYS LTD,453323,355.71
RML,RANE (MADRAS) LIMITED,28319,246.93,,,RML,RANE (MADRAS) LIMITED,28319,246.93
RNBDENIMS,R&B DENIMS LIMITED,13523,18.90,,,RNBDENIMS,R&B DENIMS LIMITED,13523,18.90
ROHLTD,ROYAL ORCHID HOTELS LTD,293040,1336.06,,,ROHLTD,ROYAL ORCHID HOTELS LTD,293040,1336.06
ROLEXRINGS,ROLEX RINGS LIMITED,1338585,1789.54,,,ROLEXRINGS,ROLEX RINGS LIMITED,1338585,1789.54
ROSSARI,ROSSARI BIOTECH LIMITED,191537,1345.22,,,ROSSARI,ROSSARI BIOTECH LIMITED,191537,1345.22
ROSSELLIND,ROSSELL INDIA LIMITED,118,0.07,,,ROSSELLIND,ROSSELL INDIA LIMITED,118,0.07
ROSSTECH,ROSSELL TECHSYS LIMITED,89157,636.24,,,ROSSTECH,ROSSELL TECHSYS LIMITED,89157,636.24
ROTO,ROTO PUMPS LIMITED,868558,760.89,,,ROTO,ROTO PUMPS LIMITED,868558,760.89
ROUTE,ROUTE MOBILE LIMITED,1042418,9778.80,,,ROUTE,ROUTE MOBILE LIMITED,1042418,9778.80
RPEL,RAGHAV PRODUCTIVITY ENH L,110730,842.59,,,RPEL,RAGHAV PRODUCTIVITY ENH L,110730,842.59
RPGLIFE,RPG LIFE SCIENCES LTD,20224,490.17,,,RPGLIFE,RPG LIFE SCIENCES LTD,20224,490.17
RPOWER,RELIANCE POWER LTD.,17717014,7772.22,,,RPOWER,RELIANCE POWER LTD.,17717014,7772.22
RPPINFRA,R.P.P INFRA PROJECTS LTD,48214,65.37,,,RPPINFRA,R.P.P INFRA PROJECTS LTD,48214,65.37
RPPL,RAJSHREE POLYPACK LTD,22820,5.28,,,RPPL,RAJSHREE POLYPACK LTD,22820,5.28
RPSGVENT,RPSG VENTURES LIMITED,540019,5099.39,,,RPSGVENT,RPSG VENTURES LIMITED,540019,5099.39
RPTECH,RASHI PERIPHERALS LIMITED,263441,874.92,,,RPTECH,RASHI PERIPHERALS LIMITED,263441,874.92
RRKABEL,R R KABEL LIMITED,344912,4809.23,,,RRKABEL,R R KABEL LIMITED,344912,4809.23
RSSOFTWARE,R. S. SOFTWARE (INDIA) LI,0,0.00,,,RSSOFTWARE,R. S. SOFTWARE (INDIA) LI,0,0.00
RSWM,RSWM LIMITED,310699,533.39,,,RSWM,RSWM LIMITED,310699,533.39
RSYSTEMS,R SYS INTERNATIONAL LTD,376439,1704.99,,,RSYSTEMS,R SYS INTERNATIONAL LTD,376439,1704.99
RTNINDIA,RATTANINDIA ENT LIMITED,15216408,8565.67,,,RTNINDIA,RATTANINDIA ENT LIMITED,15216408,8565.67
RTNPOWER,RATTANINDIA POWER LIMITED,24369469,3121.12,,,RTNPOWER,RATTANINDIA POWER LIMITED,24369469,3121.12
RUBFILA,RUBFILA INTERNATIONAL LTD,132032,109.66,,,RUBFILA,RUBFILA INTERNATIONAL LTD,132032,109.66
RUBYMILLS,THE RUBY MILLS LTD,4226,10.70,,,RUBYMILLS,THE RUBY MILLS LTD,4226,10.70
RUCHIRA,RUCHIRA PAPERS LIMITED,73728,111.71,,,RUCHIRA,RUCHIRA PAPERS LIMITED,73728,111.71
RUPA,RUPA & COMPANY LTD,511976,1120.45,,,RUPA,RUPA & COMPANY LTD,511976,1120.45
RUSHIL,RUSHIL DECOR LIMITED,929166,307.31,,,RUSHIL,RUSHIL DECOR LIMITED,929166,307.31
RUSTOMJEE,KEYSTONE REALTORS LIMITED,90757,541.33,,,RUSTOMJEE,KEYSTONE REALTORS LIMITED,90757,541.33
RVNL,RAIL VIKAS NIGAM LIMITED,19642544,72875.97,,,RVNL,RAIL VIKAS NIGAM LIMITED,19642544,72875.97
SAATVIKGL,SAATVIK GREEN ENERGY LTD,87167,418.74,,,SAATVIKGL,SAATVIK GREEN ENERGY LTD,87167,418.74
SABTNL,SRI ADHIKARI BRO TELE N L,4281,48.61,,,SABTNL,SRI ADHIKARI BRO TELE N L,4281,48.61
SADBHAV,SADBHAV ENGINEERING LTD,574893,75.50,,,SADBHAV,SADBHAV ENGINEERING LTD,574893,75.50
SAFARI,SAFARI IND (INDIA) LTD,37231,795.28,,,SAFARI,SAFARI IND (INDIA) LTD,37231,795.28
SAGCEM,SAGAR CEMENTS LIMITED,341009,869.40,,,SAGCEM,SAGAR CEMENTS LIMITED,341009,869.40
SAGILITY,SAGILITY LIMITED,60709701,31376.47,,,SAGILITY,SAGILITY LIMITED,60710701,31377.01
SAHYADRI,SAHYADRI INDUSTRIES LTD,1681,5.03,,,SAHYADRI,SAHYADRI INDUSTRIES LTD,1681,5.03
SAIL,STEEL AUTHORITY OF INDIA,22321902,30331.89,,,SAIL,STEEL AUTHORITY OF INDIA,22321902,30331.89
SAILIFE,SAI LIFE SCIENCES LIMITED,502589,4410.65,,,SAILIFE,SAI LIFE SCIENCES LIMITED,502589,4410.65
SAKAR,SAKAR HEALTHCARE LIMITED,3002,10.23,,,SAKAR,SAKAR HEALTHCARE LIMITED,3002,10.23
SAKHTISUG,SAKTHI SUGARS LTD,1076942,453.97,,,SAKHTISUG,SAKTHI SUGARS LTD,1076942,453.97
SAKSOFT,SAKSOFT LIMITED,590380,1276.12,,,SAKSOFT,SAKSOFT LIMITED,590380,1276.12
SAKUMA,SAKUMA EXPORTS LIMITED,25740,0.95,,,SAKUMA,SAKUMA EXPORTS LIMITED,25740,0.95
SALASAR,SALASAR TECHNO ENGG. LTD.,25788283,2686.47,,,SALASAR,SALASAR TECHNO ENGG. LTD.,25788283,2686.47
SALSTEEL,S.A.L. STEEL LTD.,5000,1.14,,,SALSTEEL,S.A.L. STEEL LTD.,5000,1.14
SALZERELEC,SALZER ELECTRONICS LTD,271551,2342.91,,,SALZERELEC,SALZER ELECTRONICS LTD,271551,2342.91
SAMBHV,SAMBHV STEEL TUBES LTD,2779789,3211.05,,,SAMBHV,SAMBHV STEEL TUBES LTD,2779789,3211.05
SAMHI,SAMHI HOTELS LIMITED,3452022,6809.39,,,SAMHI,SAMHI HOTELS LIMITED,3452022,6809.39
SAMMAANCAP,SAMMAAN CAPITAL LIMITED,32196223,50365.30,,,SAMMAANCAP,SAMMAAN CAPITAL LIMITED,32196223,50365.30
SANATHAN,SANATHAN TEXTILES LIMITED,66483,341.95,,,SANATHAN,SANATHAN TEXTILES LIMITED,66483,341.95
SANDESH,SANDESH LTD,97,1.17,,,SANDESH,SANDESH LTD,97,1.17
SANDHAR,SANDHAR TECHNOLOGIES LTD,463614,2464.15,,,SANDHAR,SANDHAR TECHNOLOGIES LTD,463614,2464.15
SANDUMA,SANDUR MANG & IRON ORES L,3160365,6598.72,,,SANDUMA,SANDUR MANG & IRON ORES L,3160665,6599.21
SANGAMIND,SANGAM (INDIA) LTD,41631,188.36,,,SANGAMIND,SANGAM (INDIA) LTD,41631,188.36
SANGHIIND,SANGHI INDUSTRIES LTD,930691,682.14,,,SANGHIIND,SANGHI INDUSTRIES LTD,930691,682.14
SANGHVIMOV,SANGHVI MOVERS LTD,1224115,4181.28,,,SANGHVIMOV,SANGHVI MOVERS LTD,1224115,4181.28
SANOFI,SANOFI INDIA LIMITED,57141,2914.02,,,SANOFI,SANOFI INDIA LIMITED,57141,2914.02
SANOFICONR,SANOFI CONS HEALTHC IND L,3329,166.35,,,SANOFICONR,SANOFI CONS HEALTHC IND L,3329,166.35
SANSERA,SANSERA ENGINEERING LTD,224494,3097.88,,,SANSERA,SANSERA ENGINEERING LTD,224494,3097.88
SANSTAR,SANSTAR LIMITED,1279353,1301.21,,,SANSTAR,SANSTAR LIMITED,1279353,1301.21
SAPPHIRE,SAPPHIRE FOODS INDIA LTD,2411441,7302.89,,,SAPPHIRE,SAPPHIRE FOODS INDIA LTD,2411441,7302.89
SARDAEN,SARDA ENERGY & MIN LTD,2382429,12946.01,,,SARDAEN,SARDA ENERGY & MIN LTD,2382429,12946.01
SAREGAMA,SAREGAMA INDIA LIMITED,701496,3510.80,,,SAREGAMA,SAREGAMA INDIA LIMITED,701496,3510.80
SARLAPOLY,SARLA PERF. FIBERS LTD,42659,40.41,,,SARLAPOLY,SARLA PERF. FIBERS LTD,42659,40.41
SARVESHWAR,SARVESHWAR FOODS LIMITED,3643492,223.87,,,SARVESHWAR,SARVESHWAR FOODS LIMITED,3643492,223.87
SASKEN,SASKEN TECHNOLOGIES LTD,57899,869.33,,,SASKEN,SASKEN TECHNOLOGIES LTD,57899,869.33
SASTASUNDR,SASTASUNDAR VENTURES LTD,29471,88.78,,,SASTASUNDR,SASTASUNDAR VENTURES LTD,29471,88.78
SATIA,SATIA INDUSTRIES LIMITED,922939,833.35,,,SATIA,SATIA INDUSTRIES LIMITED,922939,833.35
SATIN,SATIN CREDIT NET LTD,447854,718.31,,,SATIN,SATIN CREDIT NET LTD,447854,718.31
SAURASHCEM,SAURASHTRA CEMENT LIMITED,413655,460.00,,,SAURASHCEM,SAURASHTRA CEMENT LIMITED,413655,460.00
SBC,SBC EXPORTS LIMITED,50554705,10811.10,,,SBC,SBC EXPORTS LIMITED,50554705,10811.10
SBCL,SHIVALIK BIMETAL CON. LTD,168603,902.02,,,SBCL,SHIVALIK BIMETAL CON. LTD,168603,902.02
SBFC,SBFC FINANCE LIMITED,4388719,4937.23,,,SBFC,SBFC FINANCE LIMITED,4388719,4937.23
SBIBPB,SBIAMC - SBIBPB,20974,10.12,,,SBIBPB,SBIAMC - SBIBPB,20974,10.12
SBICARD,SBI CARDS & PAY SER LTD,807739,7220.43,,,SBICARD,SBI CARDS & PAY SER LTD,807739,7220.43
SBIETFCON,SBIAMC - SBIETFCON,5161,6.61,,,SBIETFCON,SBIAMC - SBIETFCON,5161,6.61
SBIETFIT,SBIAMC - SBIETFIT,9567,39.25,,,SBIETFIT,SBIAMC - SBIETFIT,9567,39.25
SBIETFPB,SBIAMC - SBIETFPB,524,1.44,,,SBIETFPB,SBIAMC - SBIETFPB,524,1.44
SBIETFQLTY,SBIAMC - SBIETFQLTY,801,1.81,,,SBIETFQLTY,SBIAMC - SBIETFQLTY,801,1.81
SBILIFE,SBI LIFE INSURANCE CO LTD,114059,2110.31,,,SBILIFE,SBI LIFE INSURANCE CO LTD,114059,2110.31
SBIN,STATE BANK OF INDIA,3689883,30454.33,,,SBIN,STATE BANK OF INDIA,3690883,30462.89
SBINEQWETF,SBIAMC - SBINEQWETF,2669,0.89,,,SBINEQWETF,SBIAMC - SBINEQWETF,2669,0.89
SBISILVER,SBIAMC - SBISILVER,1565278,2478.31,,,SBISILVER,SBIAMC - SBISILVER,1565278,2478.31
SCHAEFFLER,SCHAEFFLER INDIA LIMITED,64627,2679.89,,,SCHAEFFLER,SCHAEFFLER INDIA LIMITED,64627,2679.89
SCHAND,S CHAND AND COMPANY LTD,126822,254.50,,,SCHAND,S CHAND AND COMPANY LTD,126822,254.50
SCHNEIDER,SCHNEIDER ELECTRIC INFRA,163373,1346.55,,,SCHNEIDER,SCHNEIDER ELECTRIC INFRA,163373,1346.55
SCI,SHIPPING CORP OF INDIA LT,6492331,16361.79,,,SCI,SHIPPING CORP OF INDIA LT,6492331,16361.79
SCILAL,SHIPPING CORP OF ILA LTD,2099324,1117.32,,,SCILAL,SHIPPING CORP OF ILA LTD,2099324,1117.32
SCODATUBES,SCODA TUBES LIMITED,432966,802.49,,,SCODATUBES,SCODA TUBES LIMITED,432966,802.49
SCPL,SHEETAL COOL PRODUCTS LTD,4335,14.00,,,SCPL,SHEETAL COOL PRODUCTS LTD,4335,14.00
SDBL,SOM DIST & BREW LTD,6790092,9071.47,,,SDBL,SOM DIST & BREW LTD,6790092,9071.47
SDL26BEES,RELCAPAMC-NETFSDL26,105,0.14,,,SDL26BEES,RELCAPAMC-NETFSDL26,105,0.14
SEAMECLTD,SEAMEC LIMITED,99678,941.72,,,SEAMECLTD,SEAMEC LIMITED,99678,941.72
SELECTIPO,MIRAEAMC - SELECTIPO,10722,5.29,,,SELECTIPO,MIRAEAMC - SELECTIPO,10722,5.29
SENCO,SENCO GOLD LIMITED,1120011,4085.35,,,SENCO,SENCO GOLD LIMITED,1120011,4085.35
SENORES,SENORES PHARMACEUTICALS L,600413,4371.18,,,SENORES,SENORES PHARMACEUTICALS L,600413,4371.18
SENSEXADD,DSPAMC - DSPSENXETF,2550,2.21,,,SENSEXADD,DSPAMC - DSPSENXETF,2550,2.21
SENSEXETF,MIRAEAMC - SENSEXETF,3893,3.34,,,SENSEXETF,MIRAEAMC - SENSEXETF,3893,3.34
SENSEXIETF,ICICI PRUD SENSEX ETF,6400,60.38,,,SENSEXIETF,ICICI PRUD SENSEX ETF,6400,60.38
SEPC,SEPC LIMITED,17368142,2359.43,,,SEPC,SEPC LIMITED,17368142,2359.43
SEQUENT,SEQUENT SCIENTIFIC LTD.,3305508,7337.51,,,SEQUENT,SEQUENT SCIENTIFIC LTD.,3305508,7337.51
SERVOTECH,SERVOTECH REN POW SYS LTD,718875,916.48,,,SERVOTECH,SERVOTECH REN POW SYS LTD,718875,916.48
SESHAPAPER,SESHASAYEE PAPER & BOARDS,39227,116.47,,,SESHAPAPER,SESHASAYEE PAPER & BOARDS,39227,116.47
SETF10GILT,SBIAMC - SETF10GILT,932,2.41,,,SETF10GILT,SBIAMC - SETF10GILT,932,2.41
SETFGOLD,SBI-ETF GOLD,1148263,1189.99,,,SETFGOLD,SBI-ETF GOLD,1148263,1189.99
SETFNIF50,SBI-ETF NIFTY 50,216538,567.96,,,SETFNIF50,SBI-ETF NIFTY 50,216538,567.96
SETFNIFBK,SBI-ETF NIFTY BANK,13916,80.42,,,SETFNIFBK,SBI-ETF NIFTY BANK,13916,80.42
SETFNN50,SBI-ETF NIFTY NEXT 50,37259,279.93,,,SETFNN50,SBI-ETF NIFTY NEXT 50,37259,279.93
SFL,SHEELA FOAM LIMITED,450587,3204.81,,,SFL,SHEELA FOAM LIMITED,450587,3204.81
SGFIN,SG FINSERVE LIMITED,99081,389.53,,,SGFIN,SG FINSERVE LIMITED,99081,389.53
SGIL,SYNERGY GREEN IND. LTD,21723,120.68,,,SGIL,SYNERGY GREEN IND. LTD,21723,120.68
SGLTL,STANDARD GLASS LIN TECH L,195838,346.62,,,SGLTL,STANDARD GLASS LIN TECH L,195838,346.62
SGMART,SG MART LIMITED,228452,805.64,,,SGMART,SG MART LIMITED,228452,805.64
SHAH,SHAH METACORP LIMITED,836060,38.14,,,SHAH,SHAH METACORP LIMITED,836060,38.14
SHAILY,SHAILY ENG PLASTICS LTD,269717,6492.68,,,SHAILY,SHAILY ENG PLASTICS LTD,269717,6492.68
SHAKTIPUMP,SHAKTI PUMPS (I) LTD,1140490,9549.12,,,SHAKTIPUMP,SHAKTI PUMPS (I) LTD,1140490,9549.12
SHALBY,SHALBY LIMITED,817890,1941.77,,,SHALBY,SHALBY LIMITED,817890,1941.77
SHALPAINTS,SHALIM PAINTS LTD,864715,934.25,,,SHALPAINTS,SHALIM PAINTS LTD,864715,934.25
SHANKARA,SHANKARA BLDG PRODUCT LTD,3545,7.50,,,SHANKARA,SHANKARA BLDG PRODUCT LTD,3545,7.50
SHANTIGEAR,SHANTHI GEARS LTD,161468,871.39,,,SHANTIGEAR,SHANTHI GEARS LTD,161468,871.39
SHANTIGOLD,SHANTI GOLD INTERNATION L,1759857,3999.72,,,SHANTIGOLD,SHANTI GOLD INTERNATION L,1759857,3999.72
SHARDACROP,SHARDA CROPCHEM LTD.,516359,4380.35,,,SHARDACROP,SHARDA CROPCHEM LTD.,516359,4380.35
SHARDAMOTR,SHARDA MOTOR INDS LTD,139020,1492.51,,,SHARDAMOTR,SHARDA MOTOR INDS LTD,139020,1492.51
SHAREINDIA,SHARE IND. SECURITIES LTD,1581369,3036.74,,,SHAREINDIA,SHARE IND. SECURITIES LTD,1581369,3036.74
SHARIABEES,NIP IND ETF SHARIAH BEES,7546,38.01,,,SHARIABEES,NIP IND ETF SHARIAH BEES,7546,38.01
SHILPAMED,SHILPA MEDICARE LTD,410397,1572.06,,,SHILPAMED,SHILPA MEDICARE LTD,410397,1572.06
SHIVALIK,SHIVALIK RASAYAN LIMITED,34462,177.63,,,SHIVALIK,SHIVALIK RASAYAN LIMITED,34462,177.63
SHIVAMAUTO,SHIVAM AUTO.LTD,50256,16.47,,,SHIVAMAUTO,SHIVAM AUTO.LTD,50256,16.47
SHIVATEX,SHIVA TEXYARN LIMITED,470,0.91,,,SHIVATEX,SHIVA TEXYARN LIMITED,470,0.91
SHK,S H KELKAR AND CO. LTD.,1228702,2651.41,,,SHK,S H KELKAR AND CO. LTD.,1228702,2651.41
SHOPERSTOP,SHOPPERS STOP LIMITED,75132,415.56,,,SHOPERSTOP,SHOPPERS STOP LIMITED,75132,415.56
SHREDIGCEM,SHREE DIGVIJAY CEM CO LTD,552427,518.93,,,SHREDIGCEM,SHREE DIGVIJAY CEM CO LTD,552427,518.93
SHREECEM,SHREE CEMENT LIMITED,19401,5547.39,,,SHREECEM,SHREE CEMENT LIMITED,19401,5547.39
SHREEJISPG,SHREEJI SHIPPING GLOBAL L,443715,1273.67,,,SHREEJISPG,SHREEJI SHIPPING GLOBAL L,443715,1273.67
SHREEPUSHK,SHRE PUSH CHEM & FERT LTD,128266,515.58,,,SHREEPUSHK,SHRE PUSH CHEM & FERT LTD,128266,515.58
SHREERAMA,SHREE RAMA MULTI TECH LTD,134,0.07,,,SHREERAMA,SHREE RAMA MULTI TECH LTD,134,0.07
SHREYANIND,SHREYANS INDUSTRIES LTD,850,2.09,,,SHREYANIND,SHREYANS INDUSTRIES LTD,850,2.09
SHRINGARMS,SHRINGAR HOU OF MANGALS L,1403161,3103.19,,,SHRINGARMS,SHRINGAR HOU OF MANGALS L,1403161,3103.19
SHRIPISTON,SHRIRAM PIST. & RING LTD,45633,1168.06,,,SHRIPISTON,SHRIRAM PIST. & RING LTD,45633,1168.06
SHRIRAMFIN,SHRIRAM FINANCE LIMITED,1642177,12320.77,,,SHRIRAMFIN,SHRIRAM FINANCE LIMITED,1642177,12320.77
SHRIRAMPPS,SHRIRAM PROPERTIES LTD,5106809,4979.02,,,SHRIRAMPPS,SHRIRAM PROPERTIES LTD,5106809,4979.02
SHYAMMETL,SHYAM METALICS AND ENGY L,1488213,12796.37,,,SHYAMMETL,SHYAM METALICS AND ENGY L,1488213,12796.37
SIEMENS,SIEMENS LTD,385498,13284.02,,,SIEMENS,SIEMENS LTD,385498,13284.02
SIGACHI,SIGACHI INDUSTRIES LTD,8893457,3774.07,,,SIGACHI,SIGACHI INDUSTRIES LTD,8893457,3774.07
SIGNATURE,SIGNATUREGLOBAL INDIA LTD,654340,7578.64,,,SIGNATURE,SIGNATUREGLOBAL INDIA LTD,654340,7578.64
SIGNPOST,SIGNPOST INDIA LIMITED,165883,408.12,,,SIGNPOST,SIGNPOST INDIA LIMITED,165883,408.12
SIKKO,SIKKO INDUSTRIES LIMITED,100,0.08,,,SIKKO,SIKKO INDUSTRIES LIMITED,100,0.08
SILINV,SIL INVESTMENTS LIMITED,222,1.92,,,SILINV,SIL INVESTMENTS LIMITED,222,1.92
SILVER,BIRLASLAMC - SILVER,1851311,2556.42,,,SILVER,BIRLASLAMC - SILVER,1851311,2556.42
SILVER1,KOTAKMAMC - KOTAKSILVE,984062,1470.86,,,SILVER1,KOTAKMAMC - KOTAKSILVE,984062,1470.86
SILVER360,360ONEAMC - SILVER360,41363,66.72,,,SILVER360,360ONEAMC - SILVER360,41363,66.72
SILVERADD,DSPAMC - DSPSILVETF,270191,408.70,,,SILVERADD,DSPAMC - DSPSILVETF,270191,408.70
SILVERAG,MIRAEAMC - MASILVER,368576,541.46,,,SILVERAG,MIRAEAMC - MASILVER,368576,541.46
SILVERBEES,NIPPONAMC - NETFSILVER,43397586,65201.58,,,SILVERBEES,NIPPONAMC - NETFSILVER,43397586,65201.58
SILVERCASE,ZERODHAAMC - SILVERCASE,7166950,1203.43,,,SILVERCASE,ZERODHAAMC - SILVERCASE,7166950,1203.43
SILVERETF,UTIAMC - SILVERETF,1903987,3007.88,,,SILVERETF,UTIAMC - SILVERETF,1903987,3007.88
SILVERIETF,ICICIPRAMC - ICICISILVE,7044862,11114.50,,,SILVERIETF,ICICIPRAMC - ICICISILVE,7044862,11114.50
SILVERTUC,SILVER TOUCH TECHNO LTD,26158,212.69,,,SILVERTUC,SILVER TOUCH TECHNO LTD,26158,212.69
SIMPLEXINF,SIMPLEX INFRASTRUCTURES L,220019,655.39,,,SIMPLEXINF,SIMPLEX INFRASTRUCTURES L,220019,655.39
SINCLAIR,SINCLAIRS HOTELS LIMITED,55912,59.12,,,SINCLAIR,SINCLAIRS HOTELS LIMITED,55912,59.12
SINDHUTRAD,SINDHU TRADE LINKS LTD,1898995,494.58,,,SINDHUTRAD,SINDHU TRADE LINKS LTD,1898995,494.58
SIRCA,SIRCA PAINT INDIA LIMITED,1383113,6157.16,,,SIRCA,SIRCA PAINT INDIA LIMITED,1383113,6157.16
SIS,SIS LIMITED,121611,439.93,,,SIS,SIS LIMITED,121611,439.93
SIYSIL,SIYARAM SILK MILLS LTD,214252,1708.22,,,SIYSIL,SIYARAM SILK MILLS LTD,214252,1708.22
SJS,SJS ENTERPRISES LIMITED,173230,2550.20,,,SJS,SJS ENTERPRISES LIMITED,173230,2550.20
SJVN,SJVN LTD,25191912,25857.94,,,SJVN,SJVN LTD,25191912,25857.94
SKFINDIA,SKF INDIA LTD,37912,895.89,,,SKFINDIA,SKF INDIA LTD,37912,895.89
SKIPPER,SKIPPER LIMITED,986327,5139.37,,,SKIPPER,SKIPPER LIMITED,986327,5139.37
SKMEGGPROD,SKM EGG PROD EXPORT(I) LT,8796,37.96,,,SKMEGGPROD,SKM EGG PROD EXPORT(I) LT,8796,37.96
SKYGOLD,SKY GOLD AND DIAMONDS LTD,1985257,6565.31,,,SKYGOLD,SKY GOLD AND DIAMONDS LTD,1985257,6565.31
SMALLCAP,MIRAEAMC - SMALLCAP,3542811,1621.58,,,SMALLCAP,MIRAEAMC - SMALLCAP,3542811,1621.58
SMARTLINK,SMARTLINK HOLDINGS LTD,65,0.09,,,SMARTLINK,SMARTLINK HOLDINGS LTD,65,0.09
SMARTWORKS,SMARTWORKS COWORKING SP L,125951,725.70,,,SMARTWORKS,SMARTWORKS COWORKING SP L,125951,725.70
SMCGLOBAL,SMC GLOBAL SECURITIES LTD,2130708,1560.61,,,SMCGLOBAL,SMC GLOBAL SECURITIES LTD,2130708,1560.61
SML100CASE,ZERODHAAMC - SML100CASE,13785,1.42,,,SML100CASE,ZERODHAAMC - SML100CASE,13785,1.42
SMLMAH,SML MAHINDRA LIMITED,81903,2463.91,,,SMLMAH,SML MAHINDRA LIMITED,81903,2463.91
SMLT,SARTHAK METALS LIMITED,3021,3.34,,,SMLT,SARTHAK METALS LIMITED,3021,3.34
SMSLIFE,SMS LIFESCIENCES (I) LTD,85,0.98,,,SMSLIFE,SMS LIFESCIENCES (I) LTD,85,0.98
SMSPHARMA,SMS PHARMACEUTICALS LTD.,545441,1543.91,,,SMSPHARMA,SMS PHARMACEUTICALS LTD.,545441,1543.91
SNOWMAN,SNOWMAN LOGISTICS LTD.,1214622,760.37,,,SNOWMAN,SNOWMAN LOGISTICS LTD.,1214622,760.37
SNXT30BEES,NIPPONAMC - SNXT30BEES,2615,1.05,,,SNXT30BEES,NIPPONAMC - SNXT30BEES,2615,1.05
SOBHA,SOBHA LIMITED,252287,4041.22,,,SOBHA,SOBHA LIMITED,252287,4041.22
SOFTTECH,SOFTTECH ENGINEERS LTD,200,0.64,,,SOFTTECH,SOFTTECH ENGINEERS LTD,200,0.64
SOLARA,SOLARA ACTIVE PHA SCI LTD,143069,891.11,,,SOLARA,SOLARA ACTIVE PHA SCI LTD,143069,891.11
SOLARINDS,SOLAR INDUSTRIES (I) LTD,292913,42012.38,,,SOLARINDS,SOLAR INDUSTRIES (I) LTD,292913,42012.38
SOLARWORLD,SOLARWORLD ENERGY SOL LTD,91990,273.29,,,SOLARWORLD,SOLARWORLD ENERGY SOL LTD,91990,273.29
SOMANYCERA,SOMANY CERAMICS LIMITED,97213,504.72,,,SOMANYCERA,SOMANY CERAMICS LIMITED,97213,504.72
SOMICONVEY,SOMI CONVEYOR BELT. LTD.,1125,1.59,,,SOMICONVEY,SOMI CONVEYOR BELT. LTD.,1125,1.59
SONACOMS,SONA BLW PRECISION FRGS L,1974245,9975.39,,,SONACOMS,SONA BLW PRECISION FRGS L,1974395,9976.25
SONATSOFTW,SONATA SOFTWARE LTD,2053809,8227.45,,,SONATSOFTW,SONATA SOFTWARE LTD,2053809,8227.45
SOTL,SAVITA OIL TECHNOLO. LTD,90309,404.29,,,SOTL,SAVITA OIL TECHNOLO. LTD,90309,404.29
SOUTHBANK,THE SOUTH INDIAN BANK LTD,43320304,15575.25,,,SOUTHBANK,THE SOUTH INDIAN BANK LTD,43320304,15575.25
SOUTHWEST,SOUTH WEST PINNACLE LTD,16704,31.65,,,SOUTHWEST,SOUTH WEST PINNACLE LTD,16704,31.65
SPAL,S. P. APPARELS LIMITED,64088,500.59,,,SPAL,S. P. APPARELS LIMITED,64088,500.59
SPANDANA,SPANDANA SPHOORTY FIN LTD,719545,2412.20,,,SPANDANA,SPANDANA SPHOORTY FIN LTD,719545,2412.20
SPARC,SUN PHARMA ADV.RES.CO.LTD,1682621,2711.01,,,SPARC,SUN PHARMA ADV.RES.CO.LTD,1682621,2711.01
SPECIALITY,SPECIALITY REST LTD,58566,85.42,,,SPECIALITY,SPECIALITY REST LTD,58566,85.42
SPECTRUM,SPECTRUM ELECTRIC IND LTD,66,0.99,,,SPECTRUM,SPECTRUM ELECTRIC IND LTD,66,0.99
SPENCERS,SPENCER S RETAIL LIMITED,428294,312.95,,,SPENCERS,SPENCER S RETAIL LIMITED,428294,312.95
SPIC,SPIC LTD,3321770,3341.94,,,SPIC,SPIC LTD,3321770,3341.94
SPLPETRO,SUPREME PETROCHEM LIMITED,129686,1011.84,,,SPLPETRO,SUPREME PETROCHEM LIMITED,129686,1011.84
SPMLINFRA,SPML INFRA LIMITED,1482462,3866.33,,,SPMLINFRA,SPML INFRA LIMITED,1482462,3866.33
SPORTKING,SPORTKING INDIA LIMITED,366436,413.24,,,SPORTKING,SPORTKING INDIA LIMITED,366436,413.24
SRD,SHANKAR LAL RAMPAL LTD,19872,16.56,,,SRD,SHANKAR LAL RAMPAL LTD,19872,16.56
SREEL,SREELEATHERS LIMITED,10651,27.14,,,SREEL,SREELEATHERS LIMITED,10651,27.14
SRF,SRF LTD,261125,7753.96,,,SRF,SRF LTD,261125,7753.96
SRGHFL,SRG HOUSING FINANCE L,2,0.01,,,SRGHFL,SRG HOUSING FINANCE L,2,0.01
SRHHYPOLTD,SREE RAYALSEEMA HHP LTD.,52385,329.09,,,SRHHYPOLTD,SREE RAYALSEEMA HHP LTD.,52385,329.09
SRM,SRM CONTRACTORS LIMITED,96454,560.71,,,SRM,SRM CONTRACTORS LIMITED,96454,560.71
SSDL,SARASWATI SAREE DEPOT LTD,10469,10.01,,,SSDL,SARASWATI SAREE DEPOT LTD,10469,10.01
SSWL,STEEL STRIPS WHEELS LTD.,936295,2183.48,,,SSWL,STEEL STRIPS WHEELS LTD.,936295,2183.48
STALLION,STALLION IND FLUOROCHEM L,32948,96.36,,,STALLION,STALLION IND FLUOROCHEM L,32948,96.36
STANLEY,STANLEY LIFESTYLES LTD,115377,343.80,,,STANLEY,STANLEY LIFESTYLES LTD,115377,343.80
STAR,STRIDES PHARMA SCI LTD,719645,5892.54,,,STAR,STRIDES PHARMA SCI LTD,719645,5892.54
STARCEMENT,STAR CEMENT LIMITED,1237700,3192.29,,,STARCEMENT,STAR CEMENT LIMITED,1237700,3192.29
STARHEALTH,STAR HEALTH & AL INS CO L,951133,4636.47,,,STARHEALTH,STAR HEALTH & AL INS CO L,951133,4636.47
STARPAPER,STAR PAPER MILLS LTD,858,1.61,,,STARPAPER,STAR PAPER MILLS LTD,858,1.61
STCINDIA,THE STATE TRADING CORPN,40505,54.00,,,STCINDIA,THE STATE TRADING CORPN,40505,54.00
STEELCAS,STEELCAST LIMITED,51635,116.97,,,STEELCAS,STEELCAST LIMITED,51635,116.97
STEELCITY,STEEL CITY SECURITIES LTD,538,0.55,,,STEELCITY,STEEL CITY SECURITIES LTD,538,0.55
STEELXIND,STEEL EXCHANGE INDIA LTD,4599690,484.27,,,STEELXIND,STEEL EXCHANGE INDIA LTD,4599690,484.27
STEL,STEL HOLDINGS LIMITED,1273,5.76,,,STEL,STEL HOLDINGS LIMITED,1273,5.76
STERTOOLS,STERLING TOOLS LIMITED,291239,1074.86,,,STERTOOLS,STERLING TOOLS LIMITED,291239,1074.86
STLNETWORK,STL NETWORKS LIMITED,979455,259.35,,,STLNETWORK,STL NETWORKS LIMITED,979455,259.35
STLTECH,STERLITE TECHNOLOGIES LTD,1230618,1460.01,,,STLTECH,STERLITE TECHNOLOGIES LTD,1230618,1460.01
STOVEKRAFT,STOVE KRAFT LIMITED,345636,2478.31,,,STOVEKRAFT,STOVE KRAFT LIMITED,345636,2478.31
STYL,SESHAASAI TECHNOLOGIES L,19503,65.28,,,STYL,SESHAASAI TECHNOLOGIES L,19503,65.28
STYLAMIND,STYLAM INDUSTRIES LIMITED,198997,3962.10,,,STYLAMIND,STYLAM INDUSTRIES LIMITED,198997,3962.10
STYLEBAAZA,BAAZAR STYLE RETAIL LTD,751039,2454.40,,,STYLEBAAZA,BAAZAR STYLE RETAIL LTD,751039,2454.40
STYRENIX,STYRENIX PERFORMANCE LTD,134694,3492.11,,,STYRENIX,STYRENIX PERFORMANCE LTD,134694,3492.11
SUBEXLTD,SUBEX LTD,986466,156.20,,,SUBEXLTD,SUBEX LTD,986466,156.20
SUBROS,SUBROS LIMITED,253685,2532.00,,,SUBROS,SUBROS LIMITED,253685,2532.00
SUDARSCHEM,SUDARSHAN CHEMICAL INDS L,345189,3959.45,,,SUDARSCHEM,SUDARSHAN CHEMICAL INDS L,345189,3959.45
SUKHJITS,SUKHJIT STARCH & CHEM LTD,1804,3.66,,,SUKHJITS,SUKHJIT STARCH & CHEM LTD,1804,3.66
SULA,SULA VINEYARDS LIMITED,2470691,7427.82,,,SULA,SULA VINEYARDS LIMITED,2470791,7428.07
SUMICHEM,SUMITOMO CHEM INDIA LTD,828143,4429.75,,,SUMICHEM,SUMITOMO CHEM INDIA LTD,828143,4429.75
SUMIT,SUMIT WOODS LIMITED,3100,2.67,,,SUMIT,SUMIT WOODS LIMITED,3100,2.67
SUMMITSEC,SUMMIT SECURITIES LTD,20682,453.89,,,SUMMITSEC,SUMMIT SECURITIES LTD,20682,453.89
SUNCLAY,SUNDARAM CLAYTON LIMITED,37526,620.77,,,SUNCLAY,SUNDARAM CLAYTON LIMITED,37526,620.77
SUNDARAM,SUNDARAM MULTI PAP LTD,33788,0.72,,,SUNDARAM,SUNDARAM MULTI PAP LTD,33788,0.72
SUNDARMFIN,SUNDARAM FINANCE LTD,24807,1195.62,,,SUNDARMFIN,SUNDARAM FINANCE LTD,24807,1195.62
SUNDRMBRAK,SUNDARAM BRAK LININGS LTD,4204,32.80,,,SUNDRMBRAK,SUNDARAM BRAK LININGS LTD,4204,32.80
SUNDRMFAST,SUNDRAM FASTENERS LTD,165800,1689.07,,,SUNDRMFAST,SUNDRAM FASTENERS LTD,165800,1689.07
SUNDROP,SUNDROP BRANDS LIMITED,96804,756.10,,,SUNDROP,SUNDROP BRANDS LIMITED,96804,756.10
SUNFLAG,SUNFLAG IRON AND STEEL CO,665703,1879.84,,,SUNFLAG,SUNFLAG IRON AND STEEL CO,665703,1879.84
SUNPHARMA,SUN PHARMACEUTICAL IND L,381179,6470.90,,,SUNPHARMA,SUN PHARMACEUTICAL IND L,381179,6470.90
SUNTECK,SUNTECK REALTY LIMITED,1016582,4614.42,,,SUNTECK,SUNTECK REALTY LIMITED,1016582,4614.42
SUNTV,SUN TV NETWORK LIMITED,587425,3525.42,,,SUNTV,SUN TV NETWORK LIMITED,587425,3525.42
SUPERHOUSE,SUPERHOUSE LIMITED,4668,8.00,,,SUPERHOUSE,SUPERHOUSE LIMITED,4668,8.00
SUPRAJIT,SUPRAJIT ENGINEERING LTD,259532,1226.36,,,SUPRAJIT,SUPRAJIT ENGINEERING LTD,259532,1226.36
SUPREME,SUPREME HOLDIN N HOSP I L,7320,5.99,,,SUPREME,SUPREME HOLDIN N HOSP I L,7320,5.99
SUPREMEIND,SUPREME INDUSTRIES LTD,275124,11388.90,,,SUPREMEIND,SUPREME INDUSTRIES LTD,275124,11388.90
SUPRIYA,SUPRIYA LIFESCIENCE LTD,505161,3719.69,,,SUPRIYA,SUPRIYA LIFESCIENCE LTD,505161,3719.69
SURAJEST,SURAJ ESTATE DEVELOPERS L,1242260,4095.83,,,SURAJEST,SURAJ ESTATE DEVELOPERS L,1242260,4095.83
SURAKSHA,SURAKSHA DIAGNOSTIC LTD,373552,1160.45,,,SURAKSHA,SURAKSHA DIAGNOSTIC LTD,373552,1160.45
SURANASOL,SURANA SOLAR LIMITED,3202,1.11,,,SURANASOL,SURANA SOLAR LIMITED,3202,1.11
SURANAT&P,SURANA TELECOM AND POW LT,28779,6.87,,,SURANAT&P,SURANA TELECOM AND POW LT,28779,6.87
SURYAROSNI,SURYA ROSHNI LTD,1367837,4049.32,,,SURYAROSNI,SURYA ROSHNI LTD,1367837,4049.32
SURYODAY,SURYODAY SMALL FIN BK LTD,554766,788.66,,,SURYODAY,SURYODAY SMALL FIN BK LTD,554766,788.66
SUVEN,SUVEN LIFE SCIENCES LTD,186954,371.09,,,SUVEN,SUVEN LIFE SCIENCES LTD,186954,371.09
SUYOG,SUYOG TELEMATICS LIMITED,89242,690.31,,,SUYOG,SUYOG TELEMATICS LIMITED,89242,690.31
SUZLON,SUZLON ENERGY LIMITED,152691424,92498.79,,,SUZLON,SUZLON ENERGY LIMITED,152691424,92498.79
SVPGLOB,SVP GLOBAL TEXTILES LTD,3000,0.11,,,SVPGLOB,SVP GLOBAL TEXTILES LTD,3000,0.11
SWANCORP,SWAN CORP LIMITED,5901359,29480.56,,,SWANCORP,SWAN CORP LIMITED,5901359,29480.56
SWARAJENG,SWARAJ ENGINES LTD,51592,2125.03,,,SWARAJENG,SWARAJ ENGINES LTD,51592,2125.03
SWELECTES,SWELECT ENERGY SYS LTD,35132,301.83,,,SWELECTES,SWELECT ENERGY SYS LTD,35132,301.83
SWIGGY,SWIGGY LIMITED,8857575,37518.06,,,SWIGGY,SWIGGY LIMITED,8857575,37518.06
SWSOLAR,STRLNG & WIL REN ENE LTD,9080781,26041.03,,,SWSOLAR,STRLNG & WIL REN ENE LTD,9080781,26041.03
SYMPHONY,SYMPHONY LIMITED,240518,2585.80,,,SYMPHONY,SYMPHONY LIMITED,240518,2585.80
SYNCOMF,SYNCOM FORMU (I) LTD,567005,98.76,,,SYNCOMF,SYNCOM FORMU (I) LTD,567005,98.76
SYNGENE,SYNGENE INTERNATIONAL LTD,671307,4606.24,,,SYNGENE,SYNGENE INTERNATIONAL LTD,671307,4606.24
SYRMA,SYRMA SGS TECHNOLOGY LTD,1498445,12084.02,,,SYRMA,SYRMA SGS TECHNOLOGY LTD,1498445,12084.02
SYSTMTXC,SYSTEMATIX CORP SERVICE L,53215,83.81,,,SYSTMTXC,SYSTEMATIX CORP SERVICE L,53215,83.81
TAINWALCHM,TAINWALA CHEMICAL AND PLA,148,0.33,,,TAINWALCHM,TAINWALA CHEMICAL AND PLA,148,0.33
TAJGVK,TAJ GVK HOTELS & RESORTS,946159,4092.71,,,TAJGVK,TAJ GVK HOTELS & RESORTS,946159,4092.71
TALBROAUTO,TALBROS AUTO. COMP. LTD,250299,761.25,,,TALBROAUTO,TALBROS AUTO. COMP. LTD,250299,761.25
TANLA,TANLA PLATFORMS LIMITED,2703140,18407.61,,,TANLA,TANLA PLATFORMS LIMITED,2703140,18407.61
TARC,TARC LIMITED,2357444,3987.41,,,TARC,TARC LIMITED,2357444,3987.41
TARIL,TRANS & RECTI. LTD,3092988,12024.22,,,TARIL,TRANS & RECTI. LTD,3092988,12024.22
TARMAT,TARMAT LIMITED,7551,4.29,,,TARMAT,TARMAT LIMITED,7551,4.29
TARSONS,TARSONS PRODUCTS LIMITED,1536737,5616.41,,,TARSONS,TARSONS PRODUCTS LIMITED,1536737,5616.41
TASTYBITE,TASTY BITE EATABLES LTD,8139,863.51,,,TASTYBITE,TASTY BITE EATABLES LTD,8139,863.51
TATACAP,TATA CAPITAL LIMITED,321983,1042.61,,,TATACAP,TATA CAPITAL LIMITED,321983,1042.61
TATACHEM,TATA CHEMICALS LTD,1644415,15156.60,,,TATACHEM,TATA CHEMICALS LTD,1644415,15156.60
TATACOMM,TATA COMMUNICATIONS LTD,257389,4641.19,,,TATACOMM,TATA COMMUNICATIONS LTD,257389,4641.19
TATACONSUM,TATA CONSUMER PRODUCT LTD,407121,4555.46,,,TATACONSUM,TATA CONSUMER PRODUCT LTD,407121,4555.46
TATAELXSI,TATA ELXSI LIMITED,436393,26166.46,,,TATAELXSI,TATA ELXSI LIMITED,436393,26166.46
TATAGOLD,TATAAML-TATAGOLD,26807458,3181.70,,,TATAGOLD,TATAAML-TATAGOLD,26807458,3181.70
TATAINVEST,TATA INVESTMENT CORP LTD,1803636,16196.63,,,TATAINVEST,TATA INVESTMENT CORP LTD,1803636,16196.63
TATAPOWER,TATA POWER CO LTD,10575483,41975.09,,,TATAPOWER,TATA POWER CO LTD,10575483,41975.09
TATASTEEL,TATA STEEL LIMITED,26561239,45311.16,,,TATASTEEL,TATA STEEL LIMITED,26561539,45311.64
TATATECH,TATA TECHNOLOGIES LIMITED,3445214,26328.60,,,TATATECH,TATA TECHNOLOGIES LIMITED,3445214,26328.60
TATSILV,TATAAML-TATSILV,26752155,4245.58,,,TATSILV,TATAAML-TATSILV,26752155,4245.58
TATVA,TATVA CHIN PHARM CHEM LTD,240668,3167.17,,,TATVA,TATVA CHIN PHARM CHEM LTD,240668,3167.17
TBOTEK,TBO TEK LIMITED,80821,1276.42,,,TBOTEK,TBO TEK LIMITED,80821,1276.42
TBZ,TRIB BHIMJI ZAVERI LTD,405501,800.12,,,TBZ,TRIB BHIMJI ZAVERI LTD,405501,800.12
TCI,TRANSPORT CORPN OF INDIA,20954,243.33,,,TCI,TRANSPORT CORPN OF INDIA,20954,243.33
TCIEXP,TCI EXPRESS LIMITED,123066,947.67,,,TCIEXP,TCI EXPRESS LIMITED,123066,947.67
TCPLPACK,TCPL PACKAGING LIMITED,25666,1023.34,,,TCPLPACK,TCPL PACKAGING LIMITED,25666,1023.34
TCS,TATA CONSULTANCY SERV LT,3718862,120356.34,,,TCS,TATA CONSULTANCY SERV LT,3718862,120356.34
TDPOWERSYS,TD POWER SYSTEMS LTD.,876786,5924.90,,,TDPOWERSYS,TD POWER SYSTEMS LTD.,876786,5924.90
TEAMLEASE,TEAMLEASE SERVICES LTD.,99408,1941.59,,,TEAMLEASE,TEAMLEASE SERVICES LTD.,99408,1941.59
TECH,BIRLASLAMC - TECH,19573,7.66,,,TECH,BIRLASLAMC - TECH,19573,7.66
TECHM,TECH MAHINDRA LIMITED,1578163,24241.13,,,TECHM,TECH MAHINDRA LIMITED,1578163,24241.13
TECHNOE,TECHNO ELEC & ENG CO. LTD,616497,8492.23,,,TECHNOE,TECHNO ELEC & ENG CO. LTD,616497,8492.23
TEGA,TEGA INDUSTRIES LIMITED,1492626,29784.44,,,TEGA,TEGA INDUSTRIES LIMITED,1492626,29784.44
TEJASNET,TEJAS NETWORKS LIMITED,4450859,30605.95,,,TEJASNET,TEJAS NETWORKS LIMITED,4450859,30605.95
TEXINFRA,TEXMACO INFRA & HOLDG LTD,801606,911.91,,,TEXINFRA,TEXMACO INFRA & HOLDG LTD,801606,911.91
TEXMOPIPES,TEXMO PIPE & PRODUCTS LTD,12065,7.56,,,TEXMOPIPES,TEXMO PIPE & PRODUCTS LTD,12065,7.56
TEXRAIL,TEXMACO RAIL & ENG. LTD.,9306413,15016.27,,,TEXRAIL,TEXMACO RAIL & ENG. LTD.,9306413,15016.27
TFCILTD,TOURISM FINANCE CORP. OF,70983090,40134.83,,,TFCILTD,TOURISM FINANCE CORP. OF,70983090,40134.83
THANGAMAYL,THANGAMAYIL JEWELLERY LTD,16829,461.80,,,THANGAMAYL,THANGAMAYIL JEWELLERY LTD,16829,461.80
THEINVEST,THE INVEST TRUST OF IND L,1715,2.50,,,THEINVEST,THE INVEST TRUST OF IND L,1715,2.50
THEJO,THEJO ENGINEERING LIMITED,4888,94.40,,,THEJO,THEJO ENGINEERING LIMITED,4888,94.40
THELEELA,LEELA PALACES HOTEL LTD,219781,974.66,,,THELEELA,LEELA PALACES HOTEL LTD,219781,974.66
THEMISMED,THEMIS MEDICARE LTD.,198725,309.52,,,THEMISMED,THEMIS MEDICARE LTD.,198725,309.52
THERMAX,THERMAX LTD,335285,11286.75,,,THERMAX,THERMAX LTD,335285,11286.75
THOMASCOOK,THOMAS COOK (INDIA) LTD,2634553,4426.93,,,THOMASCOOK,THOMAS COOK (INDIA) LTD,2634553,4426.93
THOMASCOTT,THOMAS SCOTT (INDIA) LTD,12728,53.43,,,THOMASCOTT,THOMAS SCOTT (INDIA) LTD,12728,53.43
THYROCARE,THYROCARE TECH LTD,131066,1865.76,,,THYROCARE,THYROCARE TECH LTD,131066,1865.76
TI,TILAKNAGAR INDUSTRIES LTD,3429153,15547.77,,,TI,TILAKNAGAR INDUSTRIES LTD,3429153,15547.77
TIGERLOGS,TIGER LOGISTICS (INDIA) L,21367,9.19,,,TIGERLOGS,TIGER LOGISTICS (INDIA) L,21367,9.19
TIIL,TECHNOCRAFT IND LTD,30566,821.99,,,TIIL,TECHNOCRAFT IND LTD,30566,821.99
TIINDIA,TUBE INVEST OF INDIA LTD,211191,6753.43,,,TIINDIA,TUBE INVEST OF INDIA LTD,211191,6753.43
TIL,TIL LTD,200,0.57,,,TIL,TIL LTD,200,0.57
TIMETECHNO,TIME TECHNOPLAST LTD.,2797916,6171.27,,,TIMETECHNO,TIME TECHNOPLAST LTD.,2797916,6171.27
TIMKEN,TIMKEN INDIA LTD.,64139,2180.60,,,TIMKEN,TIMKEN INDIA LTD.,64139,2180.60
TINNARUBR,TINNA RUBBER AND INFR LTD,20300,193.23,,,TINNARUBR,TINNA RUBBER AND INFR LTD,20300,193.23
TIPSFILMS,TIPS FILMS LIMITED,115,0.56,,,TIPSFILMS,TIPS FILMS LIMITED,115,0.56
TIPSMUSIC,TIPS MUSIC LIMITED,667525,3863.94,,,TIPSMUSIC,TIPS MUSIC LIMITED,667525,3863.94
TIRUMALCHM,THIRUMALAI CHEMICALS LTD,1586684,4609.75,,,TIRUMALCHM,THIRUMALAI CHEMICALS LTD,1586684,4609.75
TITAGARH,TITAGARH RAIL SYSTEMS LTD,2866351,26672.99,,,TITAGARH,TITAGARH RAIL SYSTEMS LTD,2866351,26672.99
TITAN,TITAN COMPANY LIMITED,178707,6425.27,,,TITAN,TITAN COMPANY LIMITED,178707,6425.27
TMB,TAMILNAD MERCA BANK LTD,278573,1281.69,,,TMB,TAMILNAD MERCA BANK LTD,278573,1281.69
TMCV,TATA MOTORS LIMITED,48516,150.03,,,TMCV,TATA MOTORS LIMITED,48516,150.03
TMPV,TATA MOTORS PASS VEH LTD,18218094,98812.07,,,TMPV,TATA MOTORS PASS VEH LTD,18218094,98812.07
TNIDETF,TATAAML - TNIDETF,54300,50.71,,,TNIDETF,TATAAML - TNIDETF,54300,50.71
TNPETRO,TAMILNADU PETROPRODUCTS L,163016,178.37,,,TNPETRO,TAMILNADU PETROPRODUCTS L,163016,178.37
TNPL,TAMILNADU NEWSPRT & PAPER,618017,1048.73,,,TNPL,TAMILNADU NEWSPRT & PAPER,618017,1048.73
TOKYOPLAST,TOKYO PLAST INTL LTD,2644,3.48,,,TOKYOPLAST,TOKYO PLAST INTL LTD,2644,3.48
TOLINS,TOLINS TYRES LIMITED,298538,545.72,,,TOLINS,TOLINS TYRES LIMITED,298538,545.72
TOP100CASE,ZERODHAAMC - TOP100CASE,70361,7.59,,,TOP100CASE,ZERODHAAMC - TOP100CASE,70361,7.59
TOP10ADD,DSPAMC - TOP10ADD,73621,71.51,,,TOP10ADD,DSPAMC - TOP10ADD,73621,71.51
TOP15IETF,ICICIPRAMC - TOP15IETF,9630,1.04,,,TOP15IETF,ICICIPRAMC - TOP15IETF,9630,1.04
TORNTPHARM,TORRENT PHARMACEUTICALS L,42969,1584.59,,,TORNTPHARM,TORRENT PHARMACEUTICALS L,42969,1584.59
TORNTPOWER,TORRENT POWER LTD,683467,9336.15,,,TORNTPOWER,TORRENT POWER LTD,683467,9336.15
TPHQ,TEAMO PRODUCTIONS HQ LTD,10000,0.07,,,TPHQ,TEAMO PRODUCTIONS HQ LTD,10000,0.07
TPLPLASTEH,TPL PLASTECH LIMITED,34569,29.28,,,TPLPLASTEH,TPL PLASTECH LIMITED,34569,29.28
TRACXN,TRACXN TECHNOLOGIES LTD,290284,186.47,,,TRACXN,TRACXN TECHNOLOGIES LTD,290784,186.93
TRANSRAILL,TRANSRAIL LIGHTING LTD,2759967,19607.80,,,TRANSRAILL,TRANSRAIL LIGHTING LTD,2759967,19607.80
TRANSWORLD,TRANSWORLD SHIP LINES LTD,56727,185.89,,,TRANSWORLD,TRANSWORLD SHIP LINES LTD,56727,185.89
TRAVELFOOD,TRAVEL FOOD SERVICES LTD,49921,666.59,,,TRAVELFOOD,TRAVEL FOOD SERVICES LTD,49921,666.59
TREJHARA,TREJHARA SOLUTIONS LTD,1,0.00,,,TREJHARA,TREJHARA SOLUTIONS LTD,1,0.00
TREL,TRANSINDIA REAL ESTATE L,40429,15.21,,,TREL,TRANSINDIA REAL ESTATE L,40429,15.21
TRENT,TRENT LTD,2266558,115159.30,,,TRENT,TRENT LTD,2266558,115159.30
TRF,TRF LIMITED,26787,98.95,,,TRF,TRF LIMITED,26787,98.95
TRIDENT,TRIDENT LIMITED,29604892,9414.90,,,TRIDENT,TRIDENT LIMITED,29605892,9415.29
TRITURBINE,TRIVENI TURBINE LIMITED,954133,5690.03,,,TRITURBINE,TRIVENI TURBINE LIMITED,954133,5690.03
TRIVENI,TRIVENI ENGG. & INDS. LTD,1300545,5007.70,,,TRIVENI,TRIVENI ENGG. & INDS. LTD,1300545,5007.70
TRU,TRUCAP FINANCE LIMITED,17247,2.06,,,TRU,TRUCAP FINANCE LIMITED,17247,2.06
TRUALT,TRUALT BIOENERGY LIMITED,206934,979.31,,,TRUALT,TRUALT BIOENERGY LIMITED,206934,979.31
TSFINV,TSF INVESTMENTS LIMITED,324288,1688.87,,,TSFINV,TSF INVESTMENTS LIMITED,324288,1688.87
TTKHLTCARE,TTK HEALTHCARE LIMITED,2348,30.63,,,TTKHLTCARE,TTK HEALTHCARE LIMITED,2348,30.63
TTKPRESTIG,TTK PRESTIGE LTD,104085,739.81,,,TTKPRESTIG,TTK PRESTIGE LTD,104085,739.81
TTL,T T LIMITED,30052,2.70,,,TTL,T T LIMITED,30052,2.70
TTML,TATA TELESERV(MAHARASTRA),801723,476.59,,,TTML,TATA TELESERV(MAHARASTRA),801723,476.59
TVSELECT,TVS ELECTRONICS LTD,72730,466.29,,,TVSELECT,TVS ELECTRONICS LTD,72730,466.29
TVSHLTD,TVS HOLDINGS LIMITED,1741,245.32,,,TVSHLTD,TVS HOLDINGS LIMITED,1741,245.32
TVSMOTOR,TVS MOTOR COMPANY  LTD,381900,13251.84,,,TVSMOTOR,TVS MOTOR COMPANY  LTD,381900,13251.84
TVSSCS,TVS SUPPLY CHAIN SOL L,3261780,4574.63,,,TVSSCS,TVS SUPPLY CHAIN SOL L,3261780,4574.63
TVSSRICHAK,TVS SRICHAKRA LIMITED,5635,234.61,,,TVSSRICHAK,TVS SRICHAKRA LIMITED,5635,234.61
TVTODAY,TV TODAY NETWORK LTD,249995,451.63,,,TVTODAY,TV TODAY NETWORK LTD,249995,451.63
UBL,UNITED BREWERIES LTD,186099,3543.59,,,UBL,UNITED BREWERIES LTD,186099,3543.59
UCAL,UCAL LIMITED,31137,43.95,,,UCAL,UCAL LIMITED,31137,43.95
UCOBANK,UCO BANK,38818930,13186.73,,,UCOBANK,UCO BANK,38819930,13187.25
UDS,UPDATER SERVICES LIMITED,1000307,2670.88,,,UDS,UPDATER SERVICES LIMITED,1000307,2670.88
UFBL,UNITED FOODBRANDS LIMITED,392618,1041.38,,,UFBL,UNITED FOODBRANDS LIMITED,392618,1041.38
UFLEX,UFLEX LIMITED,170396,950.69,,,UFLEX,UFLEX LIMITED,170396,950.69
UFO,UFO MOVIEZ INDIA LTD.,137854,119.45,,,UFO,UFO MOVIEZ INDIA LTD.,137854,119.45
UGARSUGAR,THE UGAR SUGAR WORKS LTD,238695,123.38,,,UGARSUGAR,THE UGAR SUGAR WORKS LTD,238695,123.38
UGROCAP,UGRO CAPITAL LIMITED,687657,1248.45,,,UGROCAP,UGRO CAPITAL LIMITED,687657,1248.45
UJJIVANSFB,UJJIVAN SMALL FINANC BANK,21363866,10307.68,,,UJJIVANSFB,UJJIVAN SMALL FINANC BANK,21363866,10307.68
ULTRACEMCO,ULTRATECH CEMENT LIMITED,158904,19249.97,,,ULTRACEMCO,ULTRATECH CEMENT LIMITED,158904,19249.97
UMAEXPORTS,UMA EXPORTS LIMITED,500,0.24,,,UMAEXPORTS,UMA EXPORTS LIMITED,500,0.24
UMIYA-MRO,UMIYA BUILDCON LIMITED,3025,3.19,,,UMIYA-MRO,UMIYA BUILDCON LIMITED,3025,3.19
UNICHEMLAB,UNICHEM LABORATORIES LTD,83463,482.64,,,UNICHEMLAB,UNICHEM LABORATORIES LTD,83463,482.64
UNIDT,UNITED DRILLING TOOLS LTD,7394,15.96,,,UNIDT,UNITED DRILLING TOOLS LTD,7394,15.96
UNIECOM,UNICOMMERCE ESOLUTIONS L,1147826,1638.33,,,UNIECOM,UNICOMMERCE ESOLUTIONS L,1147826,1638.33
UNIENTER,UNIPHOS ENTERPRISES LTD,1000,1.70,,,UNIENTER,UNIPHOS ENTERPRISES LTD,1000,1.70
UNIMECH,UNIMECH AEROSPACE N MFG L,34383,359.23,,,UNIMECH,UNIMECH AEROSPACE N MFG L,34383,359.23
UNIONBANK,UNION BANK OF INDIA,16390554,23050.39,,,UNIONBANK,UNION BANK OF INDIA,16390554,23050.39
UNIONGOLD,UNIONAMC - UNIONGOLD,2435,2.98,,,UNIONGOLD,UNIONAMC - UNIONGOLD,2435,2.98
UNIPARTS,UNIPARTS INDIA LIMITED,335998,1618.08,,,UNIPARTS,UNIPARTS INDIA LIMITED,335998,1618.08
UNITDSPR,UNITED SPIRITS LIMITED,911134,12832.16,,,UNITDSPR,UNITED SPIRITS LIMITED,911134,12832.16
UNITECH,UNITECH LTD,150674,10.24,,,UNITECH,UNITECH LTD,150674,10.24
UNITEDTEA,UNITED NILGIRI TEA LTD,52,0.26,,,UNITEDTEA,UNITED NILGIRI TEA LTD,52,0.26
UNIVCABLES,UNIVERSAL CABLES LTD,230755,1572.42,,,UNIVCABLES,UNIVERSAL CABLES LTD,230755,1572.42
UNOMINDA,UNO MINDA LIMITED,355460,4470.33,,,UNOMINDA,UNO MINDA LIMITED,355460,4470.33
UPL,UPL LIMITED,857678,6043.73,,,UPL,UPL LIMITED,857678,6043.73
URBANCO,URBAN COMPANY LIMITED,755367,1094.20,,,URBANCO,URBAN COMPANY LIMITED,755367,1094.20
URJA,URJA GLOBAL LIMITED,348386,47.90,,,URJA,URJA GLOBAL LIMITED,348386,47.90
USHAMART,USHA MARTIN LTD.,1924964,8028.69,,,USHAMART,USHA MARTIN LTD.,1924964,8028.69
USK,UDAYSHIVAKUMAR INFRA LTD,17275,5.09,,,USK,UDAYSHIVAKUMAR INFRA LTD,17275,5.09
UTIAMC,UTI ASSET MNGMT CO LTD,325524,4228.06,,,UTIAMC,UTI ASSET MNGMT CO LTD,325524,4228.06
UTIBANKETF,UTIAMC - UTIBANKETF,20794,12.16,,,UTIBANKETF,UTIAMC - UTIBANKETF,20794,12.16
UTINEXT50,UTIAMC - UTINEXT50,320275,244.33,,,UTINEXT50,UTIAMC - UTINEXT50,320275,244.33
UTINIFTETF,UTIAMC - UTINIFTETF,7355,20.50,,,UTINIFTETF,UTIAMC - UTINIFTETF,7355,20.50
UTISENSETF,UTIAMC - UTISENSETF,648,5.89,,,UTISENSETF,UTIAMC - UTISENSETF,648,5.89
UTISXN50,UTIAMC - UTISXN50,3879,3.53,,,UTISXN50,UTIAMC - UTISXN50,3879,3.53
UTKARSHBNK,UTKARSH SMALL FIN BANK L,49317878,9644.27,,,UTKARSHBNK,UTKARSH SMALL FIN BANK L,49317878,9644.27
UTTAMSUGAR,UTTAM SUGAR MILLS LTD.,264700,840.20,,,UTTAMSUGAR,UTTAM SUGAR MILLS LTD.,264700,840.20
UYFINCORP,U. Y. FINCORP LIMITED,21339,3.79,,,UYFINCORP,U. Y. FINCORP LIMITED,21339,3.79
V2RETAIL,V2 RETAIL LIMITED,977042,22555.67,,,V2RETAIL,V2 RETAIL LIMITED,977042,22555.67
VADILALIND,VADILAL INDUSTRIES LTD,19691,1067.16,,,VADILALIND,VADILAL INDUSTRIES LTD,19691,1067.16
VAIBHAVGBL,VAIBHAV GLOBAL LIMITED,1345969,3569.02,,,VAIBHAVGBL,VAIBHAV GLOBAL LIMITED,1345969,3569.02
VAISHALI,VAISHALI PHARMA LIMITED,1521814,158.06,,,VAISHALI,VAISHALI PHARMA LIMITED,1521814,158.06
VAKRANGEE,VAKRANGEE LIMITED,743967,67.12,,,VAKRANGEE,VAKRANGEE LIMITED,743967,67.12
VAL30IETF,ICICIPRAMC - VAL30IETF,6065,0.85,,,VAL30IETF,ICICIPRAMC - VAL30IETF,6065,0.85
VALIANTLAB,VALIANT LABORATORIES LTD,25090,25.12,,,VALIANTLAB,VALIANT LABORATORIES LTD,25090,25.12
VALIANTORG,VALIANT ORGANICS LIMITED,537,1.82,,,VALIANTORG,VALIANT ORGANICS LIMITED,537,1.82
VARDHACRLC,VARDHAMAN ACRYLICS LTD,1673,0.76,,,VARDHACRLC,VARDHAMAN ACRYLICS LTD,1673,0.76
VARDMNPOLY,VARDHMAN POLYTEX LTD.,2000,0.15,,,VARDMNPOLY,VARDHMAN POLYTEX LTD.,2000,0.15
VARROC,VARROC ENGINEERING LTD.,418473,2647.57,,,VARROC,VARROC ENGINEERING LTD.,418473,2647.57
VASCONEQ,VASCON ENGINEERS LTD,4707053,2961.18,,,VASCONEQ,VASCON ENGINEERS LTD,4707053,2961.18
VASWANI,VASWANI IND LTD,1240,0.72,,,VASWANI,VASWANI IND LTD,1240,0.72
VBL,VARUN BEVERAGES LIMITED,9126280,45529.45,,,VBL,VARUN BEVERAGES LIMITED,9126280,45529.45
VEDL,VEDANTA LIMITED,13873967,65528.00,,,VEDL,VEDANTA LIMITED,13874517,65530.54
VEEDOL,VEEDOL CORPORATION LTD,62875,1162.49,,,VEEDOL,VEEDOL CORPORATION LTD,62875,1162.49
VENKEYS,VENKY S (INDIA) LIMITED,180384,2805.25,,,VENKEYS,VENKY S (INDIA) LIMITED,180384,2805.25
VENTIVE,VENTIVE HOSPITALITY LTD,1160940,8736.89,,,VENTIVE,VENTIVE HOSPITALITY LTD,1160940,8736.89
VENUSPIPES,VENUS PIPES & TUBES LTD,269207,3819.79,,,VENUSPIPES,VENUS PIPES & TUBES LTD,269207,3819.79
VENUSREM,VENUS REMEDIES LIMITED,9506,51.13,,,VENUSREM,VENUS REMEDIES LIMITED,9506,51.13
VERANDA,VERANDA LEARNING SOL LTD,724480,1721.39,,,VERANDA,VERANDA LEARNING SOL LTD,724480,1721.39
VESUVIUS,VESUVIUS INDIA LTD,251216,1336.48,,,VESUVIUS,VESUVIUS INDIA LTD,251216,1336.48
VETO,VETO SWITCHGEAR CABLE LTD,11139,13.40,,,VETO,VETO SWITCHGEAR CABLE LTD,11139,13.40
VGUARD,V-GUARD IND LTD.,411465,1588.05,,,VGUARD,V-GUARD IND LTD.,411465,1588.05
VHL,VARDHMAN HOLDINGS LIMITED,2,0.08,,,VHL,VARDHMAN HOLDINGS LIMITED,2,0.08
VIDHIING,VIDHI SPCLTY F INGRDNTS L,825245,3561.72,,,VIDHIING,VIDHI SPCLTY F INGRDNTS L,825245,3561.72
VIJAYA,VIJAYA DIAGNOSTIC CEN LTD,115330,1223.32,,,VIJAYA,VIJAYA DIAGNOSTIC CEN LTD,115330,1223.32
VIKASECO,VIKAS ECOTECH LIMITED,85055,1.75,,,VIKASECO,VIKAS ECOTECH LIMITED,85055,1.75
VIKASLIFE,VIKAS LIFECARE LIMITED,898716,24.72,,,VIKASLIFE,VIKAS LIFECARE LIMITED,898716,24.72
VIKRAMSOLR,VIKRAM SOLAR LIMITED,1305165,4323.48,,,VIKRAMSOLR,VIKRAM SOLAR LIMITED,1305165,4323.48
VIKRAN,VIKRAN ENGINEERING LTD,3019660,3215.58,,,VIKRAN,VIKRAN ENGINEERING LTD,3019660,3215.58
VIMTALABS,VIMTA LABS LIMITED,431603,3078.59,,,VIMTALABS,VIMTA LABS LIMITED,431603,3078.59
VINATIORGA,VINATI ORGANICS LTD,60908,1081.18,,,VINATIORGA,VINATI ORGANICS LTD,60908,1081.18
VINCOFE,VINTAGE COFFEE N BVRGS L,1850951,2966.89,,,VINCOFE,VINTAGE COFFEE N BVRGS L,1850951,2966.89
VINDHYATEL,VINDHYA TELELINKS LTD,129915,2055.34,,,VINDHYATEL,VINDHYA TELELINKS LTD,129915,2055.34
VINYLINDIA,VINYL CHEMICALS (I) LTD.,16702,50.10,,,VINYLINDIA,VINYL CHEMICALS (I) LTD.,16702,50.10
VIPCLOTHNG,VIP CLOTHING LIMITED,47485,17.16,,,VIPCLOTHNG,VIP CLOTHING LIMITED,47485,17.16
VIPIND,VIP INDUSTRIES LTD,1018489,4570.29,,,VIPIND,VIP INDUSTRIES LTD,1018489,4570.29
VIPULLTD,VIPUL LIMITED,9484,2.14,,,VIPULLTD,VIPUL LIMITED,9484,2.14
VIRINCHI,VIRINCHI LIMITED,9997,3.15,,,VIRINCHI,VIRINCHI LIMITED,9997,3.15
VISAKAIND,VISAKA INDUSTRIES LIMITED,56845,46.76,,,VISAKAIND,VISAKA INDUSTRIES LIMITED,56845,46.76
VISHNU,VISHNU CHEMICALS LIMITED,501500,2502.24,,,VISHNU,VISHNU CHEMICALS LIMITED,501500,2502.24
VISHWARAJ,VISHWARAJ SUGAR IND LTD,103409,13.32,,,VISHWARAJ,VISHWARAJ SUGAR IND LTD,118409,14.69
VLEGOV,VL E GOV AND IT SOL LTD,18950,4.54,,,VLEGOV,VL E GOV AND IT SOL LTD,18950,4.54
VLSFINANCE,VLS FINANCE LTD,64758,153.19,,,VLSFINANCE,VLS FINANCE LTD,64758,153.19
VMART,VMART RETAIL LTD,94680,863.77,,,VMART,VMART RETAIL LTD,94680,863.77
VMM,VISHAL MEGA MART LIMITED,9639126,13754.82,,,VMM,VISHAL MEGA MART LIMITED,9639126,13754.82
VMSTMT,VMS TMT LIMITED,27613,18.17,,,VMSTMT,VMS TMT LIMITED,27613,18.17
VOLTAMP,VOLTAMP TRANSFORMERS LTD,81560,6791.88,,,VOLTAMP,VOLTAMP TRANSFORMERS LTD,81560,6791.88
VOLTAS,VOLTAS LTD,352484,4993.26,,,VOLTAS,VOLTAS LTD,352484,4993.26
VPRPL,VISHNU PRAKASH R PUNGLI L,3493387,4549.94,,,VPRPL,VISHNU PRAKASH R PUNGLI L,3493387,4549.94
VRAJ,VRAJ IRON AND STEEL LTD,21249,39.45,,,VRAJ,VRAJ IRON AND STEEL LTD,21249,39.45
VRLLOG,VRL LOGISTICS LIMITED,763535,2168.05,,,VRLLOG,VRL LOGISTICS LIMITED,763535,2168.05
VSSL,VARDHMAN SPC STEEL LTD,103851,306.85,,,VSSL,VARDHMAN SPC STEEL LTD,103851,306.85
VSTIND,VST INDUSTRIES LTD,1414768,4122.12,,,VSTIND,VST INDUSTRIES LTD,1415768,4125.80
VSTL,VIBHOR STEEL TUBES LTD,14809,24.34,,,VSTL,VIBHOR STEEL TUBES LTD,14809,24.34
VSTTILLERS,VST TILLERS TRACTORS LTD,50309,2752.11,,,VSTTILLERS,VST TILLERS TRACTORS LTD,50309,2752.11
VTL,VARDHMAN TEXTILES LIMITED,555115,2663.13,,,VTL,VARDHMAN TEXTILES LIMITED,555115,2663.13
WAAREEENER,WAAREE ENERGIES LIMITED,1995424,68072.47,,,WAAREEENER,WAAREE ENERGIES LIMITED,1995424,68072.47
WAAREERTL,WAAREE RENEWABLE TECH LTD,661939,8009.42,,,WAAREERTL,WAAREE RENEWABLE TECH LTD,661939,8009.42
WABAG,VA TECH WABAG LTD,923952,13320.26,,,WABAG,VA TECH WABAG LTD,923952,13320.26
WALCHANNAG,WALCHANDNAGAR INDUSTRIES,243822,449.91,,,WALCHANNAG,WALCHANDNAGAR INDUSTRIES,243822,449.91
WANBURY,WANBURY LIMITED,51702,136.69,,,WANBURY,WANBURY LIMITED,51702,136.69
WCIL,WESTERN CARRIERS (IND) L,1280688,1660.27,,,WCIL,WESTERN CARRIERS (IND) L,1280688,1660.27
WEALTH,WEALTH FRST PORT. MG. LTD,1890,21.30,,,WEALTH,WEALTH FRST PORT. MG. LTD,1890,21.30
WEBELSOLAR,WEBSOL ENERGY SYSTEM LTD,3237347,4320.68,,,WEBELSOLAR,WEBSOL ENERGY SYSTEM LTD,3237347,4320.68
WEL,WONDER ELECTRICALS LTD,1434200,2200.64,,,WEL,WONDER ELECTRICALS LTD,1434200,2200.64
WELCORP,WELSPUN CORP LIMITED,1469227,12559.49,,,WELCORP,WELSPUN CORP LIMITED,1469227,12559.49
WELENT,WELSPUN ENTERPRISES LTD.,946739,4966.30,,,WELENT,WELSPUN ENTERPRISES LTD.,946739,4966.30
WELSPUNLIV,WELSPUN LIVING LIMITED,8782007,12752.62,,,WELSPUNLIV,WELSPUN LIVING LIMITED,8782007,12752.62
WENDT,WENDT (INDIA) LIMITED,40595,3849.49,,,WENDT,WENDT (INDIA) LIMITED,40595,3849.49
WESTLIFE,WESTLIFE FOODWORLD LTD,206261,1335.86,,,WESTLIFE,WESTLIFE FOODWORLD LTD,206261,1335.86
WEWORK,WEWORK INDIA MANAGEMENT L,50831,326.47,,,WEWORK,WEWORK INDIA MANAGEMENT L,50831,326.47
WHEELS,WHEELS INDIA LTD,117498,1032.45,,,WHEELS,WHEELS INDIA LTD,117498,1032.45
WHIRLPOOL,WHIRLPOOL OF INDIA LTD,168128,2209.48,,,WHIRLPOOL,WHIRLPOOL OF INDIA LTD,168128,2209.48
WINDLAS,WINDLAS BIOTECH LIMITED,241139,2173.15,,,WINDLAS,WINDLAS BIOTECH LIMITED,241139,2173.15
WINDMACHIN,WINDSOR MACHINES LIMITED,129804,416.50,,,WINDMACHIN,WINDSOR MACHINES LIMITED,129804,416.50
WIPRO,WIPRO LTD,9258227,23304.54,,,WIPRO,WIPRO LTD,9258227,23304.54
WOCKPHARMA,WOCKHARDT LIMITED,1998591,29954.11,,,WOCKPHARMA,WOCKHARDT LIMITED,2000591,29981.30
WONDERLA,WONDERLA HOLIDAYS LTD.,216783,1770.11,,,WONDERLA,WONDERLA HOLIDAYS LTD.,216783,1770.11
WORTHPERI,WORTH PERIPHERALS LIMITED,18063,28.34,,,WORTHPERI,WORTH PERIPHERALS LIMITED,18063,28.34
WSI,W.S.INDUSTRIES (I) LTD.,5517,4.49,,,WSI,W.S.INDUSTRIES (I) LTD.,5517,4.49
WSTCSTPAPR,WEST COAST PAPER MILLS LT,338210,1804.46,,,WSTCSTPAPR,WEST COAST PAPER MILLS LT,338210,1804.46
XCHANGING,XCHANGING SOLUTIONS LTD,467199,465.68,,,XCHANGING,XCHANGING SOLUTIONS LTD,467199,465.68
XPROINDIA,XPRO INDIA LIMITED,104867,1275.06,,,XPROINDIA,XPRO INDIA LIMITED,104867,1275.06
YASHO,YASHO INDUSTRIES LIMITED,12636,220.57,,,YASHO,YASHO INDUSTRIES LIMITED,12636,220.57
YATHARTH,YATHARTH HOSP & TRA C S L,877223,6381.64,,,YATHARTH,YATHARTH HOSP & TRA C S L,877223,6381.64
YATRA,YATRA ONLINE LIMITED,1919841,3113.99,,,YATRA,YATRA ONLINE LIMITED,1919841,3113.99
YESBANK,YES BANK LIMITED,401995771,88605.53,,,YESBANK,YES BANK LIMITED,401995771,88605.53
YUKEN,YUKEN INDIA LIMITED,5809,60.99,,,YUKEN,YUKEN INDIA LIMITED,5809,60.99
ZAGGLE,ZAGGLE PREPA OCEAN SER L,2685556,10104.77,,,ZAGGLE,ZAGGLE PREPA OCEAN SER L,2685556,10104.77
ZEEL,ZEE ENTERTAINMENT ENT LTD,38902129,49168.27,,,ZEEL,ZEE ENTERTAINMENT ENT LTD,38902229,49168.40
ZEELEARN,ZEE LEARN LIMITED,23500,2.31,,,ZEELEARN,ZEE LEARN LIMITED,23500,2.31
ZEEMEDIA,ZEE MEDIA CORPORATION LTD,3568771,442.71,,,ZEEMEDIA,ZEE MEDIA CORPORATION LTD,3568771,442.71
ZENSARTECH,ZENSAR TECHNOLOGIES  LTD,1313637,10405.59,,,ZENSARTECH,ZENSAR TECHNOLOGIES  LTD,1313637,10405.59
ZENTEC,ZEN TECHNOLOGIES LIMITED,1160250,17695.62,,,ZENTEC,ZEN TECHNOLOGIES LIMITED,1160250,17695.62
ZFCVINDIA,ZF COM VE CTR SYS IND LTD,10457,1382.80,,,ZFCVINDIA,ZF COM VE CTR SYS IND LTD,10457,1382.80
ZIMLAB,ZIM LABORATORIES LIMITED,22365,22.71,,,ZIMLAB,ZIM LABORATORIES LIMITED,22365,22.71
ZODIAC,ZODIAC ENERGY LIMITED,709,2.69,,,ZODIAC,ZODIAC ENERGY LIMITED,709,2.69
ZOTA,ZOTA HEALTH CARE LIMITED,98725,1243.07,,,ZOTA,ZOTA HEALTH CARE LIMITED,98725,1243.07
ZUARI,ZUARI AGRO CHEMICALS LTD,403900,1119.02,,,ZUARI,ZUARI AGRO CHEMICALS LTD,403900,1119.02
ZUARIIND,ZUARI INDUSTRIES LIMITED,283843,992.92,,,ZUARIIND,ZUARI INDUSTRIES LIMITED,283843,992.92
ZYDUSLIFE,ZYDUS LIFESCIENCES LTD,922723,9152.69,,,ZYDUSLIFE,ZYDUS LIFESCIENCES LTD,922723,9152.69
ZYDUSWELL,ZYDUS WELLNESS LIMITED,289179,1326.11,,,ZYDUSWELL,ZYDUS WELLNESS LIMITED,289179,1326.11
,,,,,,,,,
 * Figures are rounded to the nearest decimal. ,,,,,, * Figures are rounded to the nearest decimal. ,,,
