SEBI REPORT AS ON Reporting date 03-OCT-2025,,,,,
,,,,,
,,,,,
Sr.No.,Particulars,Rs. In Lakhs ,,,
1,Scripwise Total Outstanding on the beginning of the day,10640891.26,,,
2,Fresh Exposure taken during the day,355401.29,,,
3,Exposure liquidated during the day,354136.45,,,
4,Net scripwise outstanding at the end of the day,10642156.10,,,
,,,,,
,,,,,
Symbol,Name,Qty Fin by all the members(No.of Shares),Amt Fin by all the members(Rs. In Lakhs),,
AEGISVOPAK,AEGIS VOPAK TERMINALS LTD,332956.00,852.41,,
JPPOWER,JAIPRAKASH POWER VEN. LTD,75683948.00,15538.93,,
TITAGARH,TITAGARH RAIL SYSTEMS LTD,2472677.00,23421.42,,
APOLLO,APOLLO MICRO SYSTEMS LTD,2961189.00,7470.36,,
INDHOTEL,THE INDIAN HOTELS CO. LTD,4125392.00,31507.36,,
RENUKA,SHREE RENUKA SUGARS LTD,21490584.00,7779.38,,
TATACHEM,TATA CHEMICALS LTD,1275595.00,12318.49,,
VEDL,VEDANTA LIMITED,13505737.00,60607.12,,
ASHOKLEY,ASHOK LEYLAND LTD.,5747424.00,7628.00,,
OMINFRAL,OM INFRA LIMITED,451159.00,529.51,,
NMDC,NMDC LTD.,22551139.00,16589.84,,
JIOFIN,JIO FIN SERVICES LTD,48110106.00,147408.97,,
BAJAJELEC,BAJAJ ELECTRICALS LIMITED,385812.00,2362.84,,
PTC,PTC INDIA LIMITED,2964133.00,5398.33,,
STANLEY,STANLEY LIFESTYLES LTD,79540.00,261.50,,
DAMCAPITAL,DAM CAPITAL ADVISORS LTD,1377288.00,3403.78,,
TRANSRAILL,TRANSRAIL LIGHTING LTD,2675135.00,19783.76,,
COALINDIA,COAL INDIA LTD,9825279.00,39074.50,,
HCLTECH,HCL TECHNOLOGIES LTD,2334258.00,35917.00,,
TARC,TARC LIMITED,1965085.00,3468.87,,
LLOYDSME,LLOYDS METALS N ENERGY L,1334712.00,17466.12,,
TIRUMALCHM,THIRUMALAI CHEMICALS LTD.,1526514.00,4508.88,,
JBMA,JBM AUTO LIMITED,2459731.00,17180.40,,
PAISALO,PAISALO DIGITAL LIMITED,12584383.00,4823.29,,
BAYERCROP,BAYER CROPSCIENCE LTD,66423.00,3561.82,,
VIDHIING,VIDHI SPCLTY F INGRDNTS L,825207.00,3566.83,,
OLECTRA,OLECTRA GREENTECH LIMITED,1997379.00,30444.79,,
UCOBANK,UCO BANK,35763283.00,12118.38,,
SANGHVIMOV,SANGHVI MOVERS LTD,1224297.00,4066.91,,
PRIVISCL,PRIVI SPECIALITY CHE LTD,420013.00,9864.58,,
ASIANPAINT,ASIAN PAINTS LIMITED,824300.00,20509.70,,
PGEL,PG ELECTROPLAST LTD,4062338.00,22584.17,,
NAZARA,NAZARA TECHNOLOGIES LTD,31164916.00,89268.86,,
BDL,BHARAT DYNAMICS LIMITED,3680044.00,63214.39,,
BELRISE,BELRISE INDUSTRIES LTD,14183362.00,20592.07,,
SPIC,SPIC LTD,3017287.00,3122.65,,
LEMONTREE,LEMON TREE HOTELS LTD,6170155.00,10181.08,,
RTNINDIA,RATTANINDIA ENT LIMITED,16518275.00,9659.58,,
KIRLPNU,KIRLOSKAR PNEUMATIC COM L,121649.00,1606.67,,
INFIBEAM,INFIBEAM AVENUES LIMITED,24426212.00,4547.73,,
BLUEJET,BLUE JET HEALTHCARE LTD,2569845.00,19211.39,,
LXCHEM,LAXMI ORGANIC INDUS LTD,2761394.00,6287.40,,
NTPC,NTPC LTD,8137811.00,28961.47,,
ACC,ACC LIMITED,783923.00,15121.70,,
DAVANGERE,DAVANGERE SUGAR COMPANY L,7249018.00,288.51,,
DALMIASUG,DALMIA BHARAT SUG IN LTD,277799.00,1094.69,,
RESPONIND,RESPONSIVE INDUSTRIES LTD,1994767.00,4572.22,,
GHCLTEXTIL,GHCL TEXTILES LIMITED,105156.00,95.01,,
HSCL,HIMADRI SPECIALITY CHEM L,3913081.00,19211.71,,
RML,RANE (MADRAS) LIMITED,26732.00,234.29,,
SERVOTECH,SERVOTECH REN POW SYS LTD,494189.00,688.20,,
SHAKTIPUMP,SHAKTI PUMPS (I) LTD,883364.00,7847.80,,
POWERGRID,POWER GRID CORP. LTD.,5433442.00,16136.42,,
HYUNDAI,HYUNDAI MOTOR INDIA LTD,360542.00,9387.70,,
PRAKASH,PRAKASH INDUSTRIES LTD.,3232746.00,5352.08,,
POWERINDIA,HITACHI ENERGY INDIA LTD,67674.00,12893.29,,
TRITURBINE,TRIVENI TURBINE LIMITED,1089630.00,6517.22,,
COROMANDEL,COROMANDEL INTERNTL. LTD,195448.00,4643.13,,
RHIM,RHI MAGNESITA INDIA LTD,948399.00,4778.92,,
JSWINFRA,JSW INFRASTRUCTURE LTD,3951231.00,11967.53,,
EICHERMOT,EICHER MOTOR LTD.,74337.00,4786.91,,
VIKASLIFE,VIKAS LIFECARE LIMITED,753329.00,22.43,,
DLINKINDIA,D-LINK INDIA LTD,401068.00,2003.67,,
SBICARD,SBI CARDS & PAY SER LTD,638139.00,5752.37,,
KROSS,KROSS LIMITED,873591.00,1884.25,,
SBC,SBC EXPORTS LIMITED,27994455.00,4763.34,,
SIS,SIS LIMITED,113522.00,419.82,,
RPTECH,RASHI PERIPHERALS LIMITED,272295.00,877.22,,
FEDERALBNK,FEDERAL BANK LTD.,5704166.00,11391.53,,
SBFC,SBFC FINANCE LIMITED,3032014.00,3294.03,,
EPACK,EPACK DURABLE LIMITED,1235995.00,4783.49,,
CRIZAC,CRIZAC LIMITED,607637.00,2025.27,,
ZENTEC,ZEN TECHNOLOGIES LIMITED,807281.00,13259.70,,
FSL,FIRSTSOURCE SOLU. LTD.,1996979.00,7137.00,,
FIRSTCRY,BRAINBEES SOLUTIONS LTD,2440489.00,9496.30,,
SIGACHI,SIGACHI INDUSTRIES LTD,9470453.00,4138.73,,
HIRECT,HIND RECTIFIERS LIMITED,39011.00,628.51,,
CONFIPET,CONFIDENCE PETRO IND LTD.,3474603.00,2185.42,,
ACE,ACTION CONST EQUIP LTD,821647.00,9720.51,,
PILITA,PIL ITALICA LIFESTYLE LTD,70649.00,10.11,,
POLICYBZR,PB FINTECH LIMITED,429713.00,7748.80,,
ZYDUSLIFE,ZYDUS LIFESCIENCES LTD,608470.00,6214.76,,
HINDALCO,HINDALCO  INDUSTRIES  LTD,1299507.00,9032.47,,
ALPL30IETF,ICICIPRAMC - ICICIALPLV,933736.00,265.52,,
MOM30IETF,ICICIPRAMC - ICICIMOM30,3007151.00,972.88,,
CYIENT,CYIENT LIMITED,789392.00,10357.02,,
GLENMARK,GLENMARK PHARMACEUTICALS,294888.00,5962.26,,
AVANTIFEED,AVANTI FEEDS LIMITED,1193678.00,8907.62,,
BOMDYEING,BOM DYEING - DEPO SETT.,6513683.00,11042.41,,
EMAMILTD,EMAMI LIMITED,621714.00,3747.92,,
VENUSPIPES,VENUS PIPES & TUBES LTD,312860.00,4432.26,,
AFCONS,AFCONS INFRASTRUCTURE LTD,1368975.00,6167.94,,
MMTC,MMTC LIMITED,2308044.00,1670.15,,
WHEELS,WHEELS INDIA LTD,83411.00,679.16,,
IKS,INVENTURUS KNOWLEDGE SO L,464616.00,7448.12,,
SHRIRAMPPS,SHRIRAM PROPERTIES LTD,5515318.00,5435.08,,
ELGIEQUIP,ELGI EQUIPMENTS LTD,886754.00,4737.14,,
BRITANNIA,BRITANNIA IND LTD.,72900.00,4328.48,,
PREMEXPLN,PREMIER EXPLOSIVES LTD,830171.00,4765.96,,
WAAREERTL,WAAREE RENEWABLE TECH LTD,471347.00,5221.07,,
ASTRAZEN,ASTRAZENECA PHARMA IND LT,29339.00,2392.00,,
DOLLAR,DOLLAR INDUSTRIES LIMITED,174042.00,699.60,,
GEOJITFSL,GEOJIT FINANCIAL SER L,1597688.00,1351.37,,
ICEMAKE,ICE MAKE REFRIGERAT LTD,27012.00,226.60,,
SURYODAY,SURYODAY SMALL FIN BK LTD,581954.00,823.74,,
MFSL,MAX FINANCIAL SERV LTD,61904.00,955.90,,
VOLTAMP,VOLTAMP TRANSFORMERS LTD,122292.00,10148.07,,
BIRLANU,BIRLANU LIMITED,42610.00,936.45,,
TEXINFRA,TEXMACO INFRA & HOLDG LTD,706008.00,826.88,,
HUHTAMAKI,HUHTAMAKI INDIA LIMITED,1138969.00,3963.38,,
SANSTAR,SANSTAR LIMITED,1116284.00,1137.60,,
MANALIPETC,MANALI PETROCHEMICALS LT,720799.00,553.32,,
KUANTUM,KUANTUM PAPERS LIMITED,300289.00,365.74,,
ROUTE,ROUTE MOBILE LIMITED,827639.00,8599.08,,
ZUARI,ZUARI AGRO CHEMICALS LTD,462124.00,1295.93,,
JTEKTINDIA,JTEKT INDIA LIMITED,488821.00,863.74,,
DOLATALGO,DOLAT ALGOTECH LIMITED,649115.00,615.11,,
ATHERENERG,ATHER ENERGY LIMITED,973992.00,5278.66,,
ALEMBICLTD,ALEMBIC LIMITED,2525636.00,3057.07,,
JBCHEPHARM,J B CHEMICALS AND PHARMA,64321.00,1119.38,,
OSWALAGRO,OSWAL AGRO MILLS LTD,149725.00,128.82,,
KSCL,KAVERI SEED CO. LTD.,354268.00,4240.73,,
HARIOMPIPE,HARIOM PIPE INDUSTRIES L,476868.00,2565.40,,
KOTHARIPET,KOTHARI PETROCHEM LTD,86977.00,146.73,,
VIKRAN,VIKRAN ENGINEERING LTD,132544.00,128.17,,
ESCORTS,ESCORTS KUBOTA LIMITED,231221.00,8411.49,,
PHOENIXLTD,THE PHOENIX MILLS LTD,361759.00,5810.37,,
SCODATUBES,SCODA TUBES LIMITED,355690.00,686.94,,
EIHAHOTELS,EIH ASSOCIATED HOTELS,37847.00,147.98,,
KIMS,KRISHNA INST OF MED SCI L,506637.00,3631.25,,
GUJGASLTD,GUJARAT GAS LIMITED,517434.00,2551.32,,
SCILAL,SHIPPING CORP OF ILA LTD,2008200.00,1095.52,,
PROZONER,PROZONE REALTY LIMITED,250245.00,137.94,,
THYROCARE,THYROCARE TECH LTD,57203.00,723.81,,
MANKIND,MANKIND PHARMA LIMITED,184684.00,4694.67,,
SHOPERSTOP,SHOPPERS STOP LIMITED,69338.00,406.60,,
MHRIL,MAHINDRA HOLIDAYS LTD,283547.00,1040.02,,
OAL,ORIENTAL AROMATICS LTD,21521.00,98.19,,
JGCHEM,J.G.CHEMICALS LIMITED,230688.00,1107.02,,
ORIENTELEC,ORIENT ELECTRIC LIMITED,365150.00,807.68,,
AWFIS,AWFIS SPACE SOLUTIONS LTD,817447.00,5006.01,,
RAMKY,RAMKY INFRA LTD,1266711.00,7245.35,,
DATAMATICS,DATAMATICS GLOBAL SER LTD,366787.00,3170.10,,
LALPATHLAB,DR. LAL PATH LABS LTD.,70294.00,2280.66,,
EPIGRAL,EPIGRAL LIMITED,264632.00,4727.34,,
SUPREMEIND,SUPREME INDUSTRIES LTD,170820.00,7604.49,,
SUPRAJIT,SUPRAJIT ENGINEERING LIMI,262053.00,1254.30,,
BLACKBUCK,BLACKBUCK LIMITED,1375254.00,8067.88,,
METROPOLIS,METROPOLIS HEALTHCARE LTD,47165.00,975.80,,
SHALBY,SHALBY LIMITED,806061.00,1924.07,,
IFBIND,IFB INDUSTRIES LTD,261980.00,4184.15,,
JINDALSTEL,JINDAL STEEL LIMITED,288836.00,2873.77,,
LUMAXTECH,LUMAX AUTO TECHNOLOGIES L,169344.00,1740.31,,
CPSEETF,CPSE ETF,2764772.00,2566.68,,
TVSHLTD,TVS HOLDINGS LIMITED,15145.00,1819.08,,
VIMTALABS,VIMTA LABS LIMITED,403748.00,3012.24,,
FOSECOIND,FOSECO INDIA LTD,4235.00,251.62,,
MAGADSUGAR,MAGADH SUGAR & ENERGY LTD,17454.00,122.38,,
PAGEIND,PAGE INDUSTRIES LTD,9142.00,4079.55,,
SUNDARMFIN,SUNDARAM FINANCE LTD,41910.00,1987.65,,
MOREALTY,MOTILALAMC - MOREALTY,903357.00,827.40,,
TATSILV,TATAAML-TATSILV,8401694.00,1147.20,,
AMRUTANJAN,AMRUTAJAN HEALTH LTD,41599.00,315.25,,
KRISHANA,KRISHANA PHOSCHEM LIMITED,89076.00,461.56,,
FMCGIETF,ICICIPRAMC - ICICIFMCG,3023649.00,1808.13,,
UTINIFTETF,UTIAMC-UTINIFTETF,11462.00,31.09,,
NV20IETF,ICICI PRUDENTIAL NV20 ETF,859615.00,125.39,,
MID150CASE,ZERODHAAMC - MID150CASE,1323884.00,142.54,,
SENSEXETF,MIRAEAMC - SENSEXETF,5174.00,4.33,,
HDFCNIFIT,HDFCAMC - HDFCNIFIT,379495.00,141.52,,
BFSI,MIRAEAMC - MAFSETF,1270997.00,343.94,,
INDIANHUME,INDIAN HUME PIPE CO. LTD.,91365.00,380.56,,
GREENLAM,GREENLAM INDUSTRIES LTD.,136824.00,351.77,,
MEGASOFT,MEGASOFT LIMITED,950.00,1.50,,
MOLDTKPAC,MOLD-TEK PACKAGING LTD,166869.00,1222.09,,
THANGAMAYL,THANGAMAYIL JEWELLERY LTD,21737.00,453.36,,
RUSHIL,RUSHIL DECOR LIMITED,1023024.00,342.96,,
RPEL,RAGHAV PRODUCTIVITY ENH L,85784.00,557.78,,
TNPL,TAMIL NADU NEWSPRINT,694079.00,1198.03,,
INDIQUBE,INDIQUBE SPACES LIMITED,185749.00,438.24,,
GUJTHEM,GUJARAT THEMIS BIOSYN LTD,844648.00,3101.85,,
HESTERBIO,HESTER BIOSCIENCES LTD,7434.00,157.87,,
UNIMECH,UNIMECH AEROSPACE N MFG L,24193.00,263.90,,
TOP100CASE,ZERODHAAMC - TOP100CASE,210398.00,22.40,,
VALIANTORG,VALIANT ORGANICS LIMITED,3175.00,15.32,,
BALAJITELE,BALAJI TELEFILMS LIMITED.,52723.00,69.07,,
BORANA,BORANA WEAVES LIMITED,45960.00,103.13,,
AXISCADES,AXISCADES TECH LTD,6439.00,108.74,,
ATALREAL,ATAL REALTECH LIMITED,1228611.00,264.79,,
MIDSELIETF,ICICI PRUD MIDCAP SEL ETF,757834.00,135.72,,
TOP10ADD,DSPAMC - TOP10ADD,122287.00,117.47,,
SINCLAIR,SINCLAIRS HOTELS LIMITED,42228.00,47.19,,
IVP,IVP LTD,1270.00,2.09,,
MURUDCERA,MURUDESHWAR CERAMICS LTD,7591.00,3.65,,
BANSWRAS,BANSWARA SYNTEX LIMITED,3608.00,5.89,,
AGARIND,AGARWAL INDS CORP LTD.,42183.00,426.05,,
SHIVAMAUTO,SHIVAM AUTO.LTD,49303.00,16.29,,
JPOLYINVST,JIND POL INV & FIN CO LTD,2149.00,18.71,,
ASHOKAMET,ASHOKA METCAST LIMITED,936.00,0.17,,
AUTOIND,AUTOLINE INDUSTRIES LTD,59516.00,48.40,,
AYMSYNTEX,AYM SYNTEX LIMITED,14109.00,28.57,,
FINIETF,ICICIPRAMC-ICICIFIN,555322.00,166.78,,
TVSSRICHAK,TVS SRICHAKRA LIMITED,5881.00,205.10,,
DIVGIITTS,DIVGI TORQTRANSFER SYST L,12805.00,85.97,,
MOQUALITY,MOTILALAMC - MOQUALITY,1270.00,2.48,,
BANKBETF,BFAM - BANKBETF,12725.00,7.08,,
EVIETF,ICICIPRAMC - EVIETF,188220.00,60.08,,
SNXT30BEES,NIPPONAMC - SNXT30BEES,2550.00,1.00,,
INFRABEES,NIP IND ETF INFRA BEES,37443.00,351.11,,
VAL30IETF,ICICIPRAMC - VAL30IETF,5452.00,0.72,,
AARTISURF,AARTI SURFACTANTS LIMITED,1205.00,6.02,,
KOTARISUG,KOTHARI SUG & CHEM LTD.,9369.00,3.63,,
JAYAGROGN,JAYAGROGN -,13639.00,37.37,,
MEDICO,MEDICO REMEDIES LIMITED,14812.00,6.46,,
UFO,UFO MOVIEZ INDIA LTD.,87962.00,81.94,,
VHL,VARDHMAN HOLDINGS LIMITED,373.00,17.44,,
SHANKARA,SHANKARA BLDG PRODUCT LTD,1844.00,5.06,,
INVENTURE,INVENTURE GRO & SEC LTD,159162.00,3.21,,
AMJLAND,AMJ LAND HOLDINGS LIMITED,200.00,0.12,,
BALPHARMA,BAL PHARMA LTD.,150.00,0.13,,
JUBLCPL,JUBILANT AGRI N CON PRO L,72.00,1.97,,
MENONBE,MENON BEARINGS LIMITED,18514.00,25.51,,
HINDCOMPOS,HINDUSTAN COMPOSITES LTD,4159.00,19.54,,
LYKALABS,LYKA LABS LTD,20875.00,26.64,,
PRIMO,PRIMO CHEMICALS LIMITED,10620.00,3.02,,
VALIANTLAB,VALIANT LABORATORIES LTD,23889.00,24.13,,
RISHABH,RISHABH INSTRUMENTS LTD,39353.00,164.78,,
PODDARMENT,PODDAR PIGMENTS LIMITED,261.00,0.79,,
CENTEXT,CENTURY EXTRUSIONS LIMITE,6655.00,1.62,,
SKMEGGPROD,SKM EGG PROD EXPORT(I) LT,618.00,1.66,,
TRU,TRUCAP FINANCE LIMITED,7814.00,1.20,,
RHFL,RELIANCE HOME FINANCE LTD,10000.00,0.56,,
MOMIDMTM,MOTILALAMC - MOMIDMTM,2286.00,1.41,,
SBIETFPB,SBIAMC - SBIETFPB,1016.00,2.74,,
EGOLD,EDELAMC - EGOLD,63001.00,65.69,,
AXISNIFTY,AXISAMC - AXISNIFTY,20935.00,57.15,,
BANKPSU,MIRAEAMC - BANKPSU,12389.00,8.97,,
JINDALPHOT,JINDAL PHOTO LIMITED,520.00,6.05,,
GUJAPOLLO,GUJ. APOLLO IND. LTD.,1125.00,5.65,,
SGFIN,SG FINSERVE LIMITED,34001.00,126.54,,
SUNDARAM,SUNDARAM MULTI PAP LTD,47934.00,0.99,,
LIQUIDBETF,BFAM - LIQUIDBETF,30.00,0.31,,
ABSLLIQUID,BIRLASLAMC - ABSLLIQUID,11.00,0.11,,
LIQUID1,KOTAKMAMC - KOTAKLIQ,57.00,0.61,,
AHLEAST,ASIAN HOTELS (EAST) LTD,1002.00,1.54,,
BANKETFADD,DSPAMC - DSPBANKETF,4983.00,2.84,,
BANARISUG,BANNARI AMMAN SUGAR LTD.,268.00,10.20,,
GOKUL,GOKUL REFOILS & SOLV LTD,9792.00,4.17,,
ELDEHSG,ELDECO HSG & IND LTD.,338.00,2.69,,
ABINFRA,A B INFRABUILD LIMITED,220.00,0.44,,
INTENTECH,INTENSE TECHNOLOGIES LTD,500.00,0.67,,
INDBANK,INDBANK MERCH BANK,300.00,0.11,,
STEL,STEL HOLDINGS LIMITED,400.00,1.99,,
CASTROLIND,CASTROL INDIA LIMITED,7712474.00,16844.14,,
RELIANCE,RELIANCE IND DEPO-SETT,9557810.00,133448.57,,
MGL,MAHANAGAR GAS LTD.,680776.00,9638.48,,
SBIN,BOND 9.30% PA NON RET. S3,5336967.00,43035.32,,
NBCC,NBCC (INDIA) LIMITED,21289624.00,23791.83,,
PFC,POWER FIN CORP LTD.,13473920.00,56893.84,,
DCW,DCW LTD,4373175.00,3423.56,,
AWL,AWL AGRI BUSINESS LIMITED,4727952.00,13137.13,,
SUZLON,SUZLON ENERGY LIMITED,136098378.00,83922.30,,
SAMMAANCAP,SAMMAAN CAPITAL LIMITED,45470240.00,65615.35,,
KPITTECH,KPIT TECHNOLOGIES LIMITED,1742692.00,23039.88,,
PLATIND,PLATINUM INDUSTRIES LTD,500181.00,1556.82,,
RELINFRA,RELIANCE INFRASTRUCTU LTD,147831.00,357.43,,
SALASAR,SALASAR TECHNO ENGG. LTD.,13865539.00,1444.32,,
HFCL,HFCL LIMITED,39959752.00,36391.23,,
RUCHIRA,RUCHIRA PAPERS LIMITED,121998.00,189.41,,
ADANIPOWER,ADANI POWER LTD,25903187.00,36947.41,,
REDINGTON,REDINGTON LIMITED,3531627.00,10182.06,,
ACMESOLAR,ACME SOLAR HOLDINGS LTD,1873783.00,5557.60,,
TORNTPOWER,TORRENT POWER LTD,814346.00,11093.57,,
MAHSCOOTER,MAHARASHTRA SCOOTERS LTD,12329.00,1778.33,,
NUVAMA,NUVAMA WEALTH MANAGE LTD,207366.00,14182.02,,
TATATECH,TATA TECHNOLOGIES LIMITED,3710256.00,28609.32,,
PNB,PUNJAB NATIONAL BANK,31488201.00,33785.12,,
PAYTM,ONE 97 COMMUNICATIONS LTD,1688622.00,16913.48,,
ARKADE,ARKADE DEVELOPERS LIMITED,2838597.00,5153.00,,
DHANI,DHANI SERVICES LIMITED,6142605.00,4054.16,,
MOL,MEGHMANI ORGANICS LIMITED,5556131.00,4960.66,,
GIPCL,GUJ IND POW CO. LTD,2240044.00,4612.59,,
SILVERBEES,NIPPONAMC - NETFSILVER,18030829.00,21919.10,,
NLCINDIA,NLC INDIA LIMITED,4672044.00,11423.97,,
VPRPL,VISHNU PRAKASH R PUNGLI L,3220201.00,4618.49,,
CANBK,CANARA BANK,24539693.00,26516.75,,
CLSEL,CHAMAN LAL SETIA EXP LTD,219717.00,687.17,,
IONEXCHANG,ION EXCHANGE (INDIA) LTD,786117.00,4064.27,,
UBL,UNITED BREWERIES LTD,194277.00,3745.21,,
BEDMUTHA,BEDMUTHA INDUST LTD,7083.00,10.25,,
PDMJEPAPER,PUDUMJEE PAPER PRO. LTD,95188.00,123.76,,
GANESHBE,GANESH BENZOPLAST LIMITED,342040.00,403.74,,
UGARSUGAR,THE UGAR SUGAR WORKS LTD,312059.00,160.07,,
SIKKO,SIKKO INDUSTRIES LIMITED,2403.00,1.97,,
RAJESHEXPO,RAJESH EXPORTS LTD,1829963.00,4033.26,,
ESTER,ESTER INDUSTRIES LTD,300460.00,405.04,,
IREDA,INDIAN RENEWABLE ENERGY,24256292.00,40751.68,,
ADSL,ALLIED DIGITAL SERVICES L,373271.00,735.26,,
PREMIERENE,PREMIER ENERGIES LIMITED,2998539.00,31530.51,,
BLS,BLS INTL SERVS LTD,7140856.00,27229.14,,
SKIPPER,SKIPPER LIMITED,1071788.00,5655.65,,
SUDARSCHEM,SUDARSHAN CHEM IND LTD,221930.00,2670.85,,
LTTS,L&T TECHNOLOGY SER. LTD.,251930.00,11180.69,,
CHOLAFIN,CHOLAMANDALAM IN & FIN CO,308070.00,4736.64,,
POLYCAB,POLYCAB INDIA LIMITED,166925.00,10779.40,,
SHYAMMETL,SHYAM METALICS AND ENGY L,1027450.00,8759.15,,
BHANDARI,BHANDARI HOSIERY EXP LTD,891779.00,46.17,,
HEIDELBERG,HEIDELBERGCEMENT (I) LTD,846115.00,1815.30,,
DEVIT,DEV INFO TECHNOLOGY LTD,27642.00,13.83,,
BAJAJHFL,BAJAJ HOUSING FINANCE LTD,21996228.00,26688.48,,
TTKHLTCARE,TTK HEALTHCARE LIMITED,1965.00,26.37,,
PATINTLOG,PATEL INT. LOG. LTD,101510.00,17.43,,
ITI,ITI LTD,616068.00,2007.73,,
ABB,ABB INDIA LIMITED,464019.00,26881.25,,
KHADIM,KHADIM INDIA LIMITED,12170.00,35.63,,
CELLO,CELLO WORLD LIMITED,576497.00,3577.23,,
KEC,KEC INTL. LIMITED,1231800.00,10930.65,,
ALICON,ALICON CASTALLOY LIMITED,8271.00,86.88,,
RAYMONDREL,RAYMOND REALTY LIMITED,560341.00,3507.66,,
DBOL,DHAMPUR BIO ORGANICS LTD,61486.00,56.51,,
RPOWER,RELIANCE POWER LTD.,5691552.00,2583.48,,
MODISONLTD,MODISON LIMITED,59565.00,101.32,,
AVANTEL,AVANTEL LIMITED,5208880.00,8966.30,,
VENUSREM,VENUS REMEDIES LIMITED,250.00,0.85,,
BIKAJI,BIKAJI FOODS INTERN LTD,499340.00,3904.57,,
DCXINDIA,DCX SYSTEMS LIMITED,2569624.00,7386.72,,
NAVINFLUOR,NAVIN FLUORINE INT. LTD,93894.00,4361.82,,
BEML,BEML LIMITED,829452.00,35994.05,,
DLF,DLF LIMITED,4730641.00,37271.43,,
BALKRISIND,BALKRISHNA IND. LTD,143259.00,3661.29,,
GICRE,GENERAL INS CORP OF INDIA,3045490.00,12065.40,,
JKTYRE,JK TYRE & INDUSTRIES LTD,1500271.00,5641.02,,
RUPA,RUPA & COMPANY LTD,506535.00,1138.04,,
EMIL,ELECTRONICS MART IND LTD,2958387.00,4473.21,,
SHARDACROP,SHARDA CROPCHEM LTD.,282817.00,2522.64,,
JASH,JASH ENGINEERING LIMITED,273334.00,1514.47,,
KAJARIACER,KAJARIA CERAMICS LTD,515903.00,5994.22,,
ASAL,AUTOMOTIVE STAMPINGS & AS,40192.00,235.97,,
PRIMESECU,PRIME SECURITIES LIMITED,914012.00,2553.40,,
MANGLMCEM,MANGLMCEM,889932.00,6830.22,,
UNIPARTS,UNIPARTS INDIA LIMITED,156231.00,640.18,,
JYOTICNC,JYOTI CNC AUTOMATION LTD,838689.00,8805.50,,
SAPPHIRE,SAPPHIRE FOODS INDIA LTD,1795906.00,5785.94,,
SPENCERS,SPENCER S RETAIL LIMITED,383246.00,301.38,,
CEIGALL,CEIGALL INDIA LIMITED,607184.00,1676.11,,
QUICKHEAL,QUICK HEAL TECH LTD,631790.00,2265.43,,
VLEGOV,VL E GOV AND IT SOL LTD,16856.00,5.55,,
DIAMONDYD,PRATAAP SNACKS LIMITED,828788.00,8505.51,,
CARERATING,CARE RATINGS LIMITED,145094.00,2610.12,,
NELCAST,NELCAST LIMITED,89872.00,139.56,,
CANTABIL,CANTABIL RETAIL LTD,1151268.00,3076.45,,
SUNPHARMA,SUN PHARMACEUTICAL IND L,623209.00,10429.10,,
UNIECOM,UNICOMMERCE ESOLUTIONS L,1054231.00,1558.54,,
BLKASHYAP,B. L. KASHYAP AND SONS LI,695401.00,493.68,,
AADHARHFC,AADHAR HOUSING FINANCE L,1007014.00,5146.53,,
HOMEFIRST,HOME FIRST FIN CO IND LTD,278938.00,3524.40,,
TALBROAUTO,TALBROS AUTO. COMP. LTD,213503.00,666.96,,
VESUVIUS,VESUVIUS INDIA LTD,227795.00,1237.67,,
INDIANB,INDIAN BANK,426705.00,2694.20,,
PTCIL,PTC INDUSTRIES LIMITED,32069.00,4699.46,,
ORICONENT,ORICON ENTERPRISES LTD,310037.00,153.67,,
DEN,DEN NETWORKS LTD,3140666.00,1266.69,,
HONASA,HONASA CONSUMER LIMITED,479786.00,1391.14,,
ADFFOODS,ADF FOODS LIMITED,731510.00,1928.31,,
THOMASCOOK,THOMAS COOK (INDIA) LTD,2925369.00,5019.96,,
GNA,GNA AXLES LIMITED,161005.00,560.41,,
RACLGEAR,RACL GEARTECH LIMITED,37812.00,427.94,,
MADRASFERT,MADRAS FERTILISERS LTD,522416.00,496.25,,
MASTERTR,MASTER TRUST LIMITED,1362741.00,1992.92,,
PGHH,P&G HYGIENE & HEALTH CARE,5718.00,796.44,,
KRBL,KRBL LIMITED,1539393.00,5974.19,,
GARUDA,GARUDA CONSTRUCT N ENG L,624561.00,1210.54,,
SOLARA,SOLARA ACTIVE PHA SCI LTD,116247.00,741.08,,
GANESHHOU,GANESH HOUSING LIMITED,453856.00,4354.23,,
AIIL,AUTHUM INVEST & INFRA LTD,81500.00,2327.35,,
MUKKA,MUKKA PROTEINS LIMITED,642859.00,203.76,,
GTPL,GTPL HATHWAY LIMITED,36531.00,47.61,,
SAMBHV,SAMBHV STEEL TUBES LTD,1545635.00,1837.35,,
MUTHOOTMF,MUTHOOT MICROFIN LIMITED,645023.00,1025.86,,
DEEPINDS,DEEP INDUSTRIES LIMITED,556311.00,2791.16,,
MASFIN,MAS FINANCIAL SERV LTD,280484.00,848.67,,
UNIVCABLES,UNIVERSAL CABLES LTD,243010.00,1596.70,,
IFGLEXPOR,IFGL REFRACTORIES LIMITED,28688.00,81.28,,
CENTUM,CENTUM ELECTRONICS LTD,47943.00,1217.13,,
INFOBEAN,INFOBEANS TECHNO. LTD.,18323.00,105.60,,
HNDFDS,HINDUSTAN FOODS LIMITED,66468.00,366.12,,
HMAAGRO,HMA AGRO INDUSTRIES LTD,449627.00,155.30,,
EXPLEOSOL,EXPLEO SOLUTIONS LIMITED,41333.00,473.36,,
SANATHAN,SANATHAN TEXTILES LIMITED,78774.00,395.90,,
JNKINDIA,JNK INDIA LIMITED,128802.00,448.61,,
EIMCOELECO,EIMCO ELECON (INDIA) LTD,32956.00,655.80,,
BIOCON,BIOCON LIMITED.,3237436.00,11990.83,,
LIKHITHA,LIKHITHA INFRASTRUC LTD,227448.00,693.20,,
SHREECEM,SHREE CEMENT LIMITED,10667.00,3171.69,,
CHOICEIN,CHOICE INTERNATIONAL LTD,1586994.00,12071.82,,
GSLSU,GLOBAL SURFACES LIMITED,196276.00,279.32,,
GLOBUSSPR,GLOBUS SPIRITS LIMITED,166439.00,1863.64,,
RATEGAIN,RATEGAIN TRAVEL TECHN LTD,2341319.00,13224.22,,
PITTIENG,PITTI ENGINEERING LIMITED,131778.00,1352.03,,
CROMPTON,CROMPT GREA CON ELEC LTD,5279682.00,17473.98,,
CSBBANK,CSB BANK LIMITED,800656.00,3006.50,,
PGHL,PROCTER & GAMBLE HEALTH L,19943.00,1245.01,,
AJAXENGG,AJAX ENGINEERING LIMITED,135770.00,908.23,,
SOBHA,SOBHA LIMITED,255513.00,4056.02,,
PRUDENT,PRUDENT CORP ADV SER LTD,27663.00,741.27,,
HDFCGOLD,HDFC GOLD ETF,1681927.00,1534.86,,
AXITA,AXITA COTTON LIMITED,54399.00,7.09,,
AUTOBEES,NIPPONAMC - NETFAUTO,253609.00,680.65,,
THELEELA,SCHLOSS BANGALORE LIMITED,129214.00,555.09,,
SETFNIF50,SBI-ETF NIFTY 50,438834.00,1158.98,,
HDFCPVTBAN,HDFCAMC - HDFCPVTBAN,81116.00,22.26,,
ERIS,ERIS LIFESCIENCES LIMITED,90614.00,1519.28,,
QUADFUTURE,QUADRANT FUTURE TEK LTD,538806.00,2441.19,,
NEXT50IETF,ICICIPRAMC - ICICINXT50,892096.00,646.60,,
NIFTYBETF,BFAM - NIFTYBETF,1494.00,3.80,,
RATNAMANI,RATNAMANI MET & TUB LTD.,38303.00,1042.48,,
JUNIPER,JUNIPER HOTELS LIMITED,107820.00,352.74,,
SETFNIFBK,SBI-ETF NIFTY BANK,16238.00,92.38,,
MOMENTUM50,MOTILALAMC - MOMENTUM50,1988177.00,1036.15,,
HMVL,HINDUSTAN MEDIA VENT LTD,25671.00,22.92,,
DIVOPPBEES,NIP IND ETF DIV OPP,158021.00,128.53,,
SHK,S H KELKAR AND CO. LTD.,617296.00,1537.23,,
ALPHAETF,MIRAEAMC - ALPHAETF,2186528.00,556.09,,
MIDCAP,KOTAKMAMC - KOTAKMID50,96519.00,161.21,,
ASHIANA,ASHIANA HOUSING LTD,99220.00,311.59,,
RSWM,RSWM LIMITED,296846.00,513.77,,
GALAPREC,GALA PRECISION ENG LTD,49693.00,471.02,,
ADOR,ADOR WELDING LTD,24656.00,266.76,,
JAYSREETEA,JAYSREETEA - DEPO SETT,34389.00,37.98,,
DPWIRES,D P WIRES LIMITED,30587.00,85.99,,
NILASPACES,NILA SPACES LIMITED,29921.00,4.89,,
SGLTL,STANDARD GLASS LIN TECH L,97049.00,171.11,,
CAMLINFINE,CAMLIN FINE SCIENCES LTD,1565739.00,3249.92,,
TOLINS,TOLINS TYRES LIMITED,316420.00,597.36,,
ARIES,ARIES AGRO LTD.,93752.00,375.29,,
RAMCOSYS,RAMCO SYSTEMS LTD.,36397.00,177.93,,
WEALTH,WEALTH FRST PORT. MG. LTD,464.00,5.55,,
HARRMALAYA,HARRISON MALAYALAM LTD,7200.00,15.72,,
HPAL,HP ADHESIVES LIMITED,108079.00,88.50,,
LAMBODHARA,LAMBODHARA TEXTILES LTD.,10304.00,14.82,,
STCINDIA,THE STATE TRADING CORPN,10550.00,15.45,,
DYNPRO,DYNEMIC PRODUCTS LIMITED,3956.00,14.50,,
JSLL,JEENA SIKHO LIFECARE LTD,41633.00,333.55,,
NIFTYQLITY,BIRLASLAMC - NIFTYQLITY,40412.00,8.72,,
INTERNET,MIRAEAMC - INTERNET,5746.00,0.81,,
PSUBNKIETF,ICICIPRAMC - PSUBANKICI,424775.00,310.30,,
AONETOTAL,AONEAMC - AONETOTAL,999816.00,117.40,,
UTISXN50,UTIAMC - UTISXN50,5613.00,5.06,,
QUAL30IETF,ICICIPRAMC - ICICIQTY30,537976.00,116.29,,
LIQUIDPLUS,MIRAEAMC - LIQUIDPLUS,68.00,0.72,,
KAKATCEM,KAKATIYA CEMENTS LTD,607.00,1.11,,
TRF,TRF LIMITED,22036.00,84.75,,
APOLSINHOT,APOLLO SINDOORI HOTEL LTD,501.00,8.37,,
AKSHARCHEM,AKSHARCHEM INDIA LIMITED,250.00,0.77,,
EMMBI,EMMBI INDUSTRIES LIMITED,1301.00,1.66,,
LOVABLE,LOVABLE LINGERIE LTD,10084.00,11.64,,
PLAZACABLE,PLAZA WIRES LIMITED,2455.00,1.55,,
PAVNAIND,PAVNA INDUSTRIES LIMITED,30792.00,13.26,,
SAHYADRI,SAHYADRI INDUSTRIES LTD,1681.00,5.03,,
AVG,AVG LOGISTICS LIMITED,2132.00,5.96,,
CONSOFINVT,CONSO. FIN. & HOLD. LTD.,1688.00,3.73,,
SANDESH,SANDESH LTD,911.00,14.93,,
BBNPPGOLD,BARODABNP - BBNPPGOLD,5680.00,6.31,,
ALBERTDAVD,ALBERT DAVID LIMITED,3866.00,31.85,,
BALAJEE,SHREE TIRUPATI BALAJEE L,102137.00,57.47,,
VETO,VETO SWITCHGEAR CABLE LTD,15086.00,18.31,,
BCONCEPTS,BRAND CONCEPTS LIMITED,1820.00,7.86,,
SRD,SHANKAR LAL RAMPAL LTD,102027.00,86.78,,
HITECHCORP,HITECH CORPORATION LTD,1414.00,2.94,,
BSLSENETFG,BIRLASLAMC - BSLSENETFG,933.00,0.76,,
LICNETFGSC,LICNAMC - LICNMFET,6094.00,1.72,,
SBIBPB,SBIAMC - SBIBPB,3060.00,1.31,,
ABAN,ABAN OFFSHORE LTD.,750.00,0.58,,
PASHUPATI,PASHUPATI COTSPIN LIMITED,710.00,5.07,,
ATAM,ATAM VALVES LIMITED,1889.00,1.85,,
ASMS,BARTRONICS INDIA LIMITED,35631.00,5.59,,
NATHBIOGEN,NATH BIO-GENES (I) LTD,2200.00,4.88,,
INNOVANA,INNOVANA THINKLABS LTD.,203.00,0.65,,
CHEMBOND,CHEMBOND MATERIALTECH LTD,573.00,3.16,,
NACLIND,NACL INDUSTRIES LIMITED,2884.00,2.92,,
DIGISPICE,DIGISPICE TECHNOLOGIES LT,791.00,0.26,,
CENTRUM,CENTRUM CAPITAL LIMITED,11822.00,4.39,,
INDSWFTLAB,IND SWIFT LABORATORIES LT,27.00,0.03,,
JITFINFRA,JITF INFRALOGISTICS LTD,13798.00,53.75,,
SAKAR,SAKAR HEALTHCARE LTD.,1252.00,3.18,,
BLUESTONE,BLUESTONE JEWEL LFSTL LTD,6022.00,36.76,,
MEIL,MANGAL ELECTRICAL IND L,8009.00,38.31,,
NRL,NUPUR RECYCLERS LIMITED,55934.00,43.02,,
HILINFRA,HIGHWAY INFRASTRUCTURE L,12727.00,10.22,,
PRITI,PRITI INTERNATIONAL LTD,1416.00,1.25,,
MITTAL,MITTAL LIFE STYLE LIMITED,8111.00,0.13,,
IWEL,INOX WIND ENERGY LIMITED,5.00,0.48,,
ANDREWYU,ANDREW YULE & CO LTD,3900.00,1.04,,
PLASTIBLEN,PLASTIBLENDS INDIA LTD,3680.00,7.34,,
LLOYDSENT,LLOYDS ENTERPRISES LTD,39054857.00,26018.83,,
UJJIVANSFB,UJJIVAN SMALL FINANC BANK,23035584.00,10618.17,,
INFY,INFOSYS LIMITED,4475428.00,68934.32,,
TNPETRO,TAMILNADU PETROPRODUCTS L,27586.00,24.06,,
AXISBANK,AXIS BANK LIMITED,2068988.00,23781.13,,
ZEEL,ZEE ENTERTAINMENT ENT LTD,34483875.00,45948.40,,
BAJFINANCE,BAJAJ FINANCE LIMITED,3016144.00,28314.32,,
DTIL,DHUNSERI TEA & IND. LTD.,4248.00,8.74,,
BEL,BHARAT ELECTRONICS LTD,21972162.00,83996.63,,
AVTNPL,AVT NATURAL PRODUCTS LTD,46018.00,42.52,,
AARTIDRUGS,AARTI DRUGS LTD.,227388.00,1172.89,,
JSL,JINDAL STAINLESS LIMITED,367833.00,2734.10,,
TRIDENT,TRIDENT LIMITED,28081586.00,9064.61,,
IRCON,IRCON INTERNATIONAL LTD,16675099.00,33930.92,,
SCI,SHIPPING CORP OF INDIA LT,7517015.00,17239.89,,
MAZDOCK,MAZAGON DOCK SHIPBUIL LTD,3513722.00,108488.63,,
IDEA,VODAFONE IDEA LIMITED,482075830.00,37248.32,,
VINYLINDIA,VINYL CHEMICALS (I) LTD.,15466.00,48.87,,
VEEDOL,VEEDOL CORPORATION LTD,57250.00,1072.70,,
TRENT,TRENT LTD,1954086.00,104010.55,,
NETWORK18,NETWORK18 MEDIA & INV LTD,18840111.00,10811.88,,
SPMLINFRA,SPML INFRA LIMITED,1152773.00,3174.60,,
PARKHOTELS,PARKHOTELS,4312115.00,6669.49,,
XPROINDIA,XPRO INDIA LIMITED,101998.00,1259.17,,
PROTEAN,PROTEAN EGOV TECHNO LTD,1162621.00,11412.60,,
REFEX,REFEX INDUSTRIES LIMITED,411277.00,1641.00,,
IGCL,INDOGULF CROPSCIENCES LTD,392475.00,439.53,,
GRSE,GARDEN REACH SHIP&ENG LTD,1385999.00,36310.44,,
ALLCARGO,ALLCARGO LOGISTICS LTD,14662527.00,5514.78,,
DWARKESH,DWARIKESH SUGAR IND LTD,2554262.00,1369.84,,
BCLIND,BCL INDUSTRIES LIMITED,1575728.00,706.77,,
IDFCFIRSTB,BOND 8% 2021 TR-2 SR-I,54887001.00,38431.20,,
MANYAVAR,VEDANT FASHIONS LIMITED,729505.00,5616.68,,
GVPIL,GE POWER INDIA LIMITED,530008.00,1877.34,,
PURVA,PURAVANKARA LIMITED,678150.00,1965.70,,
NAUKRI,INFO EDGE (I) LTD,484347.00,6976.61,,
COCHINSHIP,COCHIN SHIPYARD LIMITED,2661963.00,54005.71,,
SEPC,SEPC LIMITED,13011940.00,1978.73,,
SOLARINDS,SOLAR INDUSTRIES (I) LTD,185846.00,27469.17,,
PILANIINVS,PILANI INV & IND COR LTD,10504.00,568.25,,
ANANTRAJ,ANANT RAJ LIMITED,5142345.00,32811.77,,
JSWENERGY,JSW ENERGY LIMITED,5102473.00,27294.84,,
SHANTIGOLD,SHANTI GOLD INTERNATION L,798196.00,1747.73,,
ELECTCAST,ELECTROSTEEL CAST LTD.,7563437.00,8877.52,,
VENTIVE,VENTIVE HOSPITALITY LTD,1214027.00,9132.65,,
RAIN,RAIN INDUSTRIES LIMITED,4868318.00,7371.25,,
BALRAMCHIN,BALRAMPUR CHINI MILLS,940876.00,4971.43,,
ORCHPHARMA,ORCHID PHARMA LIMITED,110279.00,860.60,,
PSB,PUNJAB & SIND BANK,10223611.00,3395.15,,
KNRCON,KNR CONSTRU LTD.,5989125.00,13728.74,,
HATHWAY,HATHWAY CABLE & DATACOM,28772724.00,4532.66,,
J&KBANK,J&K BANK DEPO-SETT,18353461.00,19714.02,,
DCMSHRIRAM,DCM SHRIRAM LIMITED,175696.00,2284.19,,
JCHAC,JOHNSON CONTROLS HITACHI,98342.00,1796.81,,
ANTELOPUS,ANTELOPUS SELAN ENRGY LTD,114985.00,743.29,,
SURAJEST,SURAJ ESTATE DEVELOPERS L,1160182.00,3911.32,,
PARAGMILK,PARAG MILK FOODS LTD.,4049923.00,9039.54,,
TRIGYN,TRIGYN TECHNOLOGIES LTD,15476.00,15.00,,
BAJAJ-AUTO,BAJAJ AUTO LIMITED,511008.00,45478.80,,
CONCOR,CONCOR - DEP RS,3589883.00,21467.54,,
BOROSCI,BOROSIL SCIENTIFIC LTD,63732.00,96.58,,
KALYANKJIL,KALYAN JEWELLERS IND LTD,5180758.00,27316.10,,
NELCO,NELCO LTD,421262.00,4055.67,,
HDFCAMC,HDFC AMC LIMITED,93531.00,5023.57,,
JAYNECOIND,JAYASWAL NECO INDUSTR LTD,6480190.00,3579.19,,
VMM,VISHAL MEGA MART LIMITED,7150543.00,10410.89,,
MUNJALAU,MUNJAL AUTO IND. LTD.,549688.00,566.22,,
SMLISUZU,SML ISUZU LIMITED,71236.00,2238.49,,
JUBLFOOD,JUBILANT FOODWORKS LTD,1663648.00,11097.13,,
GLAXO,GLAXOSMITHKLINE PHARMA LT,115019.00,3422.23,,
POCL,PONDY OXIDES & CHEM LTD,285473.00,3375.13,,
NEWGEN,NEWGEN SOFTWARE TECH LTD,1185477.00,12083.18,,
IXIGO,LE TRAVENUES TECHNOLOGY L,2586478.00,6666.96,,
PVRINOX,PVR INOX LIMITED,610128.00,7138.56,,
ATL,ALLCARGO TERMINALS LTD,897626.00,396.73,,
ZUARIIND,ZUARI INDUSTRIES LIMITED,228774.00,818.07,,
AIRAN,AIRAN LIMITED,66543.00,19.42,,
TARMAT,TARMAT LIMITED,7485.00,4.26,,
CHALET,CHALET HOTELS LIMITED,157667.00,1552.12,,
WIPRO,WIPRO LTD,8371960.00,21340.76,,
ACI,ARCHEAN CHEMICAL IND LTD,288919.00,1919.88,,
THEJO,THEJO ENGINEERING LIMITED,4819.00,100.71,,
FINPIPE,FINOLEX IND LTD DEPO SETT,2678444.00,6068.48,,
OBEROIRLTY,OBEROI REALTY LIMITED,591302.00,10547.23,,
PNBHOUSING,PNB HOUSING FIN LTD.,1824576.00,16382.62,,
SRF,SRF LTD,216140.00,6452.11,,
CENTRALBK,CENTRAL BANK OF INDIA,38987846.00,16124.50,,
ADANIENSOL,ADANI ENERGY SOLUTION LTD,1668885.00,14689.11,,
ANANDRATHI,ANAND RATHI WEALTH LTD,79122.00,2103.33,,
EDELWEISS,EDELWEISS FIN SERV LTD,16774930.00,18311.59,,
AETHER,AETHER INDUSTRIES LIMITED,498183.00,3820.43,,
TIMETECHNO,TIME TECHNOPLAST LTD.,2321841.00,5264.76,,
BALAMINES,BALAJI AMINES LIMITED,263619.00,4420.38,,
SANDUMA,SANDUR MANG & IRON ORES L,1428414.00,2453.96,,
TVSELECT,TVS ELECTRONICS LIMITED,42468.00,263.48,,
PAKKA,PAKKA LIMITED,216577.00,390.56,,
DOMS,DOMS INDUSTRIES LIMITED,114457.00,3028.56,,
SSWL,STEEL STRIPS WHEELS LTD.,771114.00,1834.31,,
NAVA,NAVA LIMITED,1695757.00,10265.10,,
CUPID,CUPID LIMITED,20917262.00,30357.41,,
HITECH,HI-TECH PIPES LIMITED,7269720.00,8344.60,,
APOLLOPIPE,APOLLO PIPES LIMITED,387579.00,1674.40,,
ULTRACEMCO,ULTRATECH CEMENT LIMITED,102407.00,12549.23,,
PRECAM,PRECISION CAMSHAFTS LTD.,676574.00,1497.26,,
THEMISMED,THEMIS MEDICARE LTD.,169034.00,289.90,,
SINDHUTRAD,SINDHU TRADE LINKS LTD,2564579.00,623.79,,
GANECOS,GANESHA ECOSPHERE LIMITED,135648.00,2073.84,,
SULA,SULA VINEYARDS LIMITED,2307796.00,7288.48,,
GPIL,GODAWARI POW & ISP LTD,7925975.00,17669.99,,
JYOTHYLAB,JYOTHY LABS LIMITED,1416103.00,5072.17,,
CGCL,CAPRI GLOBAL CAPITAL LTD,4860384.00,8765.48,,
TITAN,TITAN COMPANY LIMITED,619376.00,21571.84,,
CCCL,CONS. CONST. CONSORT LTD,455663.00,112.85,,
DCMSRIND,DCM SHRIRAM IND LTD,566003.00,1046.41,,
MANINDS,MAN INDUSTRIES (I) LTD,599424.00,2305.09,,
LGBBROSLTD,LG BALAKRISHNAN & BROS,119379.00,1661.61,,
BANSALWIRE,BANSAL WIRE INDUSTRIES L,188749.00,768.40,,
MUTHOOTFIN,MUTHOOT FINANCE LIMITED,68062.00,1882.86,,
RKSWAMY,R K SWAMY LIMITED,84991.00,147.41,,
TATACOMM,TATA COMMUNICATIONS LTD,349050.00,5949.32,,
GRASIM,GRASIM IND LTD.,287917.00,7726.88,,
BIRLACORPN,BIRLA CORPORATION LTD,244938.00,3285.09,,
DRREDDY,DR REDDY S LAB DEPO SETT.,460032.00,5935.40,,
MGEL,MANGALAM GLOBAL ENT LTD,980505.00,168.29,,
NORTHARC,NORTHERN ARC CAPITAL LTD,3527887.00,8876.61,,
OMAXE,OMAXE LIMITED,373305.00,358.83,,
VAIBHAVGBL,VAIBHAV GLOBAL LIMITED,1072934.00,2776.41,,
AVALON,AVALON TECHNOLOGIES LTD,259320.00,2369.39,,
MPSLTD,MPS LIMITED,101188.00,2312.62,,
GREENPLY,GREENPLY INDUSTRIES LTD,360400.00,1134.09,,
DABUR,DABUR INDIA LTD,1643116.00,8723.84,,
SMSPHARMA,SMS PHARMACEUTICALS LTD.,428978.00,1178.12,,
SHANTIGEAR,SHANTHI GEARS LTD,97297.00,554.78,,
CENTENKA,CENTURY ENKA LTD,60547.00,356.99,,
RAINBOW,RAINBOW CHILDRENS MED LTD,157355.00,2316.72,,
BIRLAMONEY,ADITYA BIRLA MONEY LTD,52934.00,95.80,,
NIITMTS,NIIT LEARNING SYSTEMS LTD,176494.00,619.14,,
CREDITACC,CREDITACCESS GRAMEEN LTD,334102.00,4166.78,,
BHAGERIA,BHAGERIA INDUSTRIES LTD,66900.00,127.37,,
VGUARD,V-GUARD IND LTD.,427248.00,1684.49,,
TIPSMUSIC,TIPS MUSIC LIMITED,575878.00,3606.86,,
GREENPANEL,GREENPANEL INDUSTRIES LTD,426860.00,1304.42,,
MCLOUD,MAGELLANIC CLOUD LIMITED,4814312.00,3792.46,,
INNOVACAP,INNOVA CAPTAB LIMITED,64141.00,570.98,,
ASHAPURMIN,ASHAPURA MINECHEM LTD,1464951.00,6972.04,,
ASAHIINDIA,ASAHI INDIA GLASS LIMITED,180655.00,1572.82,,
UGROCAP,UGRO CAPITAL LIMITED,606974.00,1098.61,,
CREST,CREST VENTURES LIMITED,23451.00,101.66,,
VLSFINANCE,VLS FINANCE LTD,56875.00,143.92,,
TCIEXP,TCI EXPRESS LIMITED,108850.00,899.39,,
ANURAS,ANUPAM RASAYAN INDIA LTD,3105622.00,29675.06,,
EIHOTEL,EIH LTD,785750.00,3130.22,,
RICOAUTO,RICO AUTO INDUSTRIES LTD,1108681.00,1126.40,,
SCHAEFFLER,SCHAEFFLER INDIA LIMITED,47088.00,1877.62,,
IPCALAB,IPCA LABORATORIES LTD,168654.00,2396.39,,
KRSNAA,KRSNAA DIAGNOSTICS LTD,201636.00,1684.75,,
GODIGIT,GO DIGIT GENERAL INS LTD,272006.00,976.71,,
ELLEN,ELLENBARRIE INDUS GASES L,399944.00,2143.43,,
NRBBEARING,NRB BEARING LIMITED,478085.00,1420.98,,
BAJAJHLDNG,BAJAJ HOLDINGS & INVS LTD,63441.00,8273.01,,
HINDWAREAP,HINDWARE HME INOVATON LTD,1343625.00,3910.74,,
JKIL,JKUMAR INFR.LTD.,629178.00,4368.39,,
GSPL,GUJARAT STATE PETRO LTD,815595.00,2770.92,,
GATEWAY,GATEWAY DISTRIPARKS LTD,5321803.00,3659.24,,
BSLNIFTY,ADITYBIRLA SL NIF ETF-GR,438493.00,126.64,,
BANKBEES,NIP IND ETF BANK BEES,648443.00,3685.50,,
ITBEES,NIP IND ETF IT,21680979.00,8517.02,,
GOLDIETF,ICICI PRUDENTIAL GOLD ETF,3392803.00,3230.63,,
TMB,TAMILNAD MERCA BANK LTD,319398.00,1422.59,,
TINNARUBR,TINNA RUBBER AND INFR LTD,18737.00,178.51,,
SILVER,BIRLASLAMC - SILVER,1270172.00,1467.27,,
ARTEMISMED,ARTEMIS MED SERVICE LTD,173758.00,449.49,,
GALAXYSURF,GALAXY SURFACTANTS LTD,44929.00,1107.47,,
LTGILTBEES,NIP IND ETF LONGTERM GILT,46741.00,13.43,,
RAMRAT,RAM RATNA WIRES LIMITED,54056.00,368.37,,
KALPATARU,KALPATARU LIMITED,23897.00,94.88,,
SMALLCAP,MIRAEAMC - SMALLCAP,5478860.00,2549.82,,
PIXTRANS,PIX TRANSMISSIONS LIMITED,39799.00,621.81,,
BUTTERFLY,BTRFLY GANDHI APPL LTD,8917.00,67.68,,
SASKEN,SASKEN TECHNOLOGIES LTD,57028.00,865.08,,
GPTINFRA,GPT INFRAPROJECTS LTD,75253.00,94.30,,
SIRCA,SIRCA PAINT INDIA LIMITED,1493561.00,6360.76,,
SUNDROP,SUNDROP BRANDS LIMITED,67585.00,540.62,,
BHAGCHEM,BHAGIRADHA CHEM & INDS L,590872.00,1732.77,,
NIF100BEES,NIP IND ETF NIFTY 100,43924.00,118.73,,
SESHAPAPER,SESHASAYEE PAPER & BOARDS,45640.00,136.81,,
SETFNN50,SBI-ETF NIFTY NEXT 50,33173.00,248.23,,
SILVERAG,MIRAEAMC - MASILVER,282487.00,350.39,,
AEROENTER,AEROFLEX ENTERPRISES LTD,953394.00,990.06,,
VSSL,VARDHMAN SPC STEEL LTD,61525.00,175.30,,
MEDICAMEQ,MEDICAMEN BIOTECH LIMITED,21321.00,96.21,,
NECLIFE,NECTAR LIFESCIENCES LTD.,3907.00,1.33,,
SIGNPOST,SIGNPOST INDIA LIMITED,152878.00,383.10,,
DCI,DC INFOTECH AND COMUN LTD,4200.00,12.32,,
SARLAPOLY,SARLA PERF. FIBERS LTD,13573.00,13.87,,
MOCAPITAL,MOTILALAMC - MOCAPITAL,849290.00,377.97,,
FOODSIN,FOODS & INNS LIMITED,14136.00,14.91,,
REPRO,REPRO INDIA LIMITED,8858.00,43.62,,
AFFORDABLE,AFFORD ROBO & AUTO LTD,7447.00,20.21,,
GROWWNET,GROWWAMC - GROWWNET,161686.00,17.24,,
COFFEEDAY,COFFEE DAY ENTERPRISE LTD,66054.00,32.25,,
RPPL,RAJSHREE POLYPACK LTD,26740.00,6.69,,
GENUSPAPER,GENUS P&B LIMITED,146090.00,30.90,,
DIGIDRIVE,DIGIDRIVE DISTRIBUTORS L,5301.00,1.73,,
PRITIKAUTO,PRITIKA AUTO INDUS LTD,56332.00,13.00,,
SAURASHCEM,SAURASHTRA CEMENT LIMITED,288774.00,337.42,,
INDTERRAIN,IND TERRAIN FASHIONS LTD,17971.00,7.78,,
AONENIFTY,AONEAMC - AONENIFTY,42890.00,4.37,,
PEL,PIRAMAL ENTERPRISES LTD,298493.00,3501.14,,
GROWWDEFNC,GROWWAMC - GROWWDEFNC,1028758.00,845.32,,
MOMOMENTUM,MOTILALAMC - MOMOMENTUM,346362.00,231.84,,
ITETF,MIRAEAMC - ITETF,852031.00,315.80,,
ESG,MIRAEAMC - MAESGETF,27184.00,11.72,,
SBIETFQLTY,SBIAMC - SBIETFQLTY,3879.00,8.71,,
HEALTHIETF,ICICIPRAMC - ICICIPHARM,101130.00,150.00,,
GSEC5IETF,ICICIPRAMC - ICICI5GSEC,70.00,0.04,,
ABSLPSE,BIRLASLAMC-ABSLPSE,109257.00,10.94,,
TOKYOPLAST,TOKYO PLAST INTL LTD,5019.00,6.50,,
PTL,PTL ENTERPRISES LIMITED,6906.00,2.82,,
BASML,BANNARI AM SPIN MILL LTD.,50651.00,15.80,,
CAPITALSFB,CAPITAL SMALL FIN BANK L,107261.00,312.55,,
VARDHACRLC,VARDHAMAN ACRYLICS LTD,1672.00,0.77,,
LANCORHOL,LANCOR HOLDINGS LIMITED,26786.00,6.80,,
PATELRMART,PATEL RETAIL LIMITED,1925.00,4.47,,
PRAKASHSTL,PRAKASH STEELAGE LTD,1080.00,0.09,,
MCL,MADHAV COPPER LIMITED,0.00,0.00,,
PASUPTAC,PASUPATI ACRYLON LIMITED,1682.00,0.78,,
GROWWLOVOL,GROWWAMC - GROWWLOVOL,5944.00,0.62,,
MOLOWVOL,MOTILALAMC - MOLOWVOL,10166.00,3.81,,
SHREERAMA,SHREERAMANPP240200DEPO,51185.00,23.25,,
GEMAROMA,GEM AROMATICS LIMITED,12956.00,32.71,,
ACL,ANDHRA CEMENTS LIMITED,84.00,0.06,,
IZMO,IZMO LIMITED,5213.00,31.49,,
GLOBECIVIL,GLOBE CIVIL PROJECTS LTD,136390.00,105.79,,
KAPSTON,KAPSTON SERVICES LIMITED,8.00,0.02,,
GEECEE,GEECEE VENTURES LIMITED,200.00,0.77,,
AMBASARABH,AMBALAL SARABHAI ENTERP.,20000.00,6.68,,
OCCL,ORIENTAL CARBN & CHEM LTD,720.00,2.26,,
SRGHFL,SRG HOUSING FINANCE L,2.00,0.01,,
PANCARBON,PANA CARBON IND CO LTD,100.00,0.50,,
BSE,BSE LIMITED,4308456.00,101861.12,,
IEX,INDIAN ENERGY EXC LTD,8701505.00,14404.68,,
HDFCBANK,HDFC BANK LTD,4299529.00,40479.63,,
ICICIBANK,ICICI BANK LTD.,2086986.00,29048.01,,
TATAMOTORS,TATA MOTORS LIMITED,16686087.00,122415.40,,
IGL,INDRAPRASTHA GAS LTD,1861113.00,4030.69,,
SADBHAV,SADBHAV ENGINEERING LTD,573241.00,75.81,,
SUBEXLTD,SUBEX LTD,750177.00,128.40,,
NHPC,8.18% SEC RED BOND S1A,33353742.00,30449.50,,
ASKAUTOLTD,ASK AUTOMOTIVE LIMITED,284783.00,1498.33,,
ITC,ITC LTD,11800892.00,49654.29,,
TTKPRESTIG,TTK PRESTIGE LTD,104763.00,726.40,,
GABRIEL,GABRIEL INDIA LTD,169402.00,1644.89,,
APARINDS,APAR INDUSTRIES LTD.,73153.00,6033.66,,
TEXRAIL,TEXMACO RAIL & ENG. LTD.,8950871.00,14961.60,,
SIEMENS,SIEMENS LTD,389020.00,13556.13,,
BSOFT,BIRLASOFT LIMITED,5226700.00,22968.79,,
ARE&M,AMARA RAJA ENERGY MOB LTD,1591054.00,16988.85,,
SWANCORP,SWAN CORP LIMITED,6270107.00,31556.44,,
JMFINANCIL,JM FINANCIAL LIMITED,11830745.00,19165.75,,
CEMPRO,CEMINDIA PROJECTS LIMITED,902528.00,6544.47,,
TFCILTD,TOURISM FINANCE CORP OF,54713222.00,27862.87,,
BAJAJFINSV,BAJAJ FINSERV LTD.,940808.00,18753.02,,
MANINFRA,MAN INFRA LTD,2207232.00,3831.80,,
SHRIPISTON,SHRIRAM PIST. & RING LTD,57571.00,1466.09,,
EXICOM,EXICOM TELE SYSTEMS LTD,737462.00,1243.49,,
STAR,STRIDES PHARMA SCI LTD,810019.00,6402.50,,
MSPL,MSP STEEL & POWER LTD.,982049.00,361.00,,
AJMERA,AJMERA REALTY & INF I LTD,176046.00,1666.64,,
MOTILALOFS,MOTILAL OSWAL FIN LTD,1472795.00,12862.70,,
ASTRAL,ASTRAL LIMITED,987325.00,14919.02,,
INDUSTOWER,INDUS TOWERS LIMITED,5419874.00,18990.70,,
ASTRAMICRO,ASTRA MICROWAVE LTD,1959910.00,17619.86,,
WAAREEENER,WAAREE ENERGIES LIMITED,1549498.00,52691.39,,
DYNAMATECH,DYNAMATIC TECHNOLOGIES,77623.00,5431.51,,
KIRLOSBROS,KIRLOSKAR BROTHERS LTD,183917.00,3886.71,,
TEAMLEASE,TEAMLEASE SERVICES LTD.,94202.00,1917.56,,
DEVYANI,DEVYANI INTERNATIONAL LTD,9675755.00,16889.52,,
RSYSTEMS,R SYSTEMS INTERNATIONAL L,444949.00,2027.07,,
HAL,HINDUSTAN AERONAUTICS LTD,2772767.00,131521.32,,
CUB,CITY UNION BANK LTD,1439569.00,2910.66,,
EASEMYTRIP,EASY TRIP PLANNERS LTD,69058435.00,8517.03,,
CIEINDIA,CIE AUTOMOTIVE INDIA LTD,556429.00,2518.25,,
JINDRILL,JINDAL DRILLING IND. LTD,513976.00,3454.82,,
PCJEWELLER,PC JEWELLER LTD,46803136.00,6731.56,,
KCP,KCP LTD,1396425.00,3034.61,,
ITDC,INDIA TOUR. DEV. CO. LTD.,199063.00,1296.55,,
DONEAR,DONEAR IND. LIMITED,32573.00,34.47,,
AJANTPHARM,AJANTA PHARMA LIMITED,80019.00,2146.71,,
DSSL,DYNACONS SYS & SOLN LTD,103831.00,1129.72,,
RADHIKAJWE,RADHIKA JEWELTECH LIMITED,443730.00,429.37,,
ITCHOTELS,ITC HOTELS LIMITED,6000175.00,13815.68,,
KOTAKBANK,KOTAK MAHINDRA BANK LIMIT,361676.00,7511.01,,
LTIM,LTIMINDTREE LIMITED,172387.00,9412.54,,
GILLETTE,GILLETTE INDIA L-DEP SETT,30768.00,3047.52,,
BOSCHLTD,BOSCH LIMITED,14213.00,5592.02,,
COFORGE,COFORGE LIMITED,1272511.00,21801.31,,
JKCEMENT,JK CEMENT LIMITED,37234.00,2499.62,,
INDIGO,INTERGLOBE AVIATION LTD,523605.00,29471.43,,
LODHA,LODHA DEVELOPERS LIMITED,1760265.00,22538.35,,
TPHQ,TEAMO PRODUCTIONS HQ LTD,10025.00,0.07,,
LLOYDSENGG,LLOYDS ENGG WORK LIMITED,17634152.00,11668.17,,
ALOKINDS,ALOK INDUSTRIES LIMITED,13639845.00,2717.89,,
SYNCOMF,SYNCOM FORMU (I) LTD,172304.00,33.99,,
TEJASNET,TEJAS NETWORKS LIMITED,4191972.00,30658.04,,
SJS,SJS ENTERPRISES LIMITED,153365.00,1990.55,,
DREAMFOLKS,DREAMFOLKS SERVICES LTD,15893.00,35.03,,
HIMATSEIDE,HIMATSINGKA SEIDE LTD,2827895.00,4233.03,,
WABAG,VA TECH WABAG LTD,912116.00,13336.66,,
INDUSINDBK,INDUSIND BANK LIMITED,4769903.00,38823.69,,
MRPL,MRPL,7917728.00,12214.69,,
KTKBANK,KARNATAKA BANK LIMITED,15299637.00,28875.42,,
REPCOHOME,REPCO HOME FINANCE LTD,923685.00,3803.12,,
KSL,KALYANI STEELS LIMITED,271894.00,2362.60,,
VSTIND,VST INDUSTRIES LTD.,1325807.00,4035.49,,
ARVINDFASN,ARVIND FASHIONS LIMITED,464845.00,2462.55,,
CHAMBLFERT,CHAMBAL FERTILIZERS LTD,4706637.00,26136.78,,
STLNETWORK,STL NETWORKS LIMITED,25599.00,7.37,,
NAHARINDUS,NAHAR INDS ENT LTD,13160.00,17.29,,
SUPRIYA,SUPRIYA LIFESCIENCE LTD,439539.00,3086.70,,
EKC,EVEREST KANTO CYLINDERLTD,1322526.00,1984.46,,
SHARDAMOTR,SHARDA MOTOR INDS LTD,119711.00,1275.97,,
DALBHARAT,DALMIA BHARAT LIMITED,47290.00,1067.64,,
PARADEEP,PARADEEP PHOSPHATES LTD,6731946.00,12940.67,,
INOXWIND,INOX WIND LIMITED,21304325.00,35801.94,,
SHRIRAMFIN,SEC RED NCD 9.50% SR. IV,4572604.00,29780.66,,
VBL,VARUN BEVERAGES LIMITED,9273525.00,46449.23,,
TDPOWERSYS,TD POWER SYSTEMS LTD.,716474.00,3742.28,,
GODREJPROP,GODREJ PROPERTIES LTD,1150938.00,25760.79,,
MAMATA,MAMATA MACHINERY LIMITED,527696.00,2551.72,,
NIVABUPA,NIVA BUPA HEALTH INS CO L,6447387.00,5493.02,,
FACT,FACT LTD,724251.00,7181.31,,
TI,TILAKNAGAR INDUSTRIES LTD,3561621.00,15812.05,,
NIITLTD,NIIT LIMITED,2891568.00,4161.61,,
CYIENTDLM,CYIENT DLM LIMITED,652162.00,3344.71,,
DBEIL,DEEPAK BUILDERS & ENG I L,141940.00,254.76,,
SONATSOFTW,SONATA SOFTWARE LTD,2131709.00,8603.11,,
JUBLPHARMA,JUBILANT PHARMOVA LTD,471268.00,5269.90,,
KPIL,KALPATARU PROJECT INT LTD,192495.00,2366.27,,
APOLLOHOSP,APOLLO HOSPITALS ENTER. L,129539.00,9796.67,,
ORIENTHOT,ORIENT HOTELS LTD,2597860.00,3658.86,,
URJA,URJA GLOBAL LIMITED,268894.00,39.49,,
JAGRAN,JAGRAN PRAKASHAN LIMITED,740052.00,548.87,,
SANOFICONR,SANOFI CONS HEALTHC IND L,2383.00,123.12,,
BHARATRAS,BHARAT RASAYAN LTD,10142.00,1084.53,,
PANACEABIO,PANACEA BIOTEC LTD.,395128.00,1645.56,,
PETRONET,PETRONET LNG LIMITED,2690469.00,7981.15,,
SGIL,SYNERGY GREEN IND. LTD,30655.00,169.52,,
SPANDANA,SPANDANA SPHOORTY FIN LTD,701077.00,2448.70,,
FIVESTAR,FIVE-STAR BUS FIN LTD,2048897.00,12213.07,,
UNOMINDA,UNO MINDA LIMITED,253228.00,3048.88,,
PFS,PTC INDIA FIN SERV LTD,2019659.00,821.60,,
BLISSGVS,BLISS GVS PHARMA LTD,699865.00,1135.50,,
INTELLECT,INTELLECT DESIGN ARENA,466684.00,4724.74,,
AMBER,AMBER ENTERPRISES (I) LTD,148195.00,11617.46,,
OIL,OIL INDIA LTD,3355698.00,15209.01,,
KARURVYSYA,KARURVYSYABANK,2747077.00,5783.66,,
CHEMPLASTS,CHEMPLAST SANMAR LIMITED,205078.00,930.01,,
POLYMED,POLY MEDICURE LIMITED,302640.00,6617.37,,
VTL,VARDHMAN TEXTILES LIMITED,659385.00,3133.97,,
PFIZER,PFIZER LTD,60421.00,3250.99,,
VOLTAS,VOLTAS LTD.,513624.00,7242.40,,
ARIHANTSUP,ARIHANT SUPERSTRUCT LTD,61150.00,249.66,,
WELCORP,WELSPUN CORP LIMITED,1568974.00,13307.74,,
PFOCUS,PRIME FOCUS LIMITED,1157996.00,2087.27,,
SCHAND,S CHAND AND COMPANY LTD,128435.00,276.75,,
ORIENTPPR,ORIENT PAPER AND INDS LTD,3534296.00,1182.55,,
ARVIND,ARVIND LIMITED,1309376.00,4435.85,,
KDDL,KDDL LIMITED,34797.00,947.71,,
ATULAUTO,ATUL AUTO LIMITED,249911.00,1276.71,,
KECL,KIRLOSKAR ELECTRIC CO LTD,221667.00,306.46,,
SAREGAMA,SAREGAMA INDIA LIMITED,704501.00,3737.08,,
BRIGADE,BRIGADE ENTERPRISES LIMIT,739295.00,7672.73,,
AVL,ADITYA VISION LIMITED,125559.00,653.67,,
PNBGILTS,PNB GILTS LIMITED,3590333.00,3797.26,,
WINDLAS,WINDLAS BIOTECH LIMITED,224376.00,2046.42,,
JKLAKSHMI,JK LAKSHMI CEMENT LTD,258598.00,2368.71,,
DMART,AVENUE SUPERMARTS LIMITED,218792.00,9936.52,,
SHALPAINTS,SHALIM PAINTS LTD,903223.00,872.66,,
HEUBACHIND,HEUBACH COLORANTS IND LTD,31551.00,177.89,,
BIGBLOC,BIGBLOC CONSTRUCTION LTD,71174.00,69.37,,
VERANDA,VERANDA LEARNING SOL LTD,6139456.00,14151.64,,
PNGJL,P N GADGIL JEWELLERS LTD,617709.00,3777.59,,
STYLEBAAZA,BAAZAR STYLE RETAIL LTD,716927.00,2503.79,,
MMP,MMP INDUSTRIES LIMITED,27303.00,76.16,,
MAYURUNIQ,MAYUR UNIQUOTERS LTD,146555.00,817.88,,
CARRARO,CARRARO INDIA LIMITED,71937.00,329.50,,
JKPAPER,JK PAPER LIMITED,709949.00,2912.54,,
ROSSTECH,ROSSELL TECHSYS LIMITED,68336.00,506.90,,
ZYDUSWELL,ZYDUS WELLNESS LIMITED,274683.00,1267.35,,
JLHL,JUPITER LIFE LINE HOSP L,16415.00,243.61,,
WHIRLPOOL,WHIRLPOOL OF INDIA LTD,204800.00,2673.55,,
MONARCH,MONARCH NETWORTH CAP LTD,348613.00,1261.27,,
MPHASIS,MPHASIS LIMITED,192371.00,5441.32,,
HDFCLIFE,HDFC LIFE INS CO LTD,794161.00,6039.77,,
NSIL,NALWA SONS INVESTMENTS LI,21510.00,1623.78,,
TAJGVK,TAJ GVK HOTELS & RESORTS,1071563.00,4713.23,,
WESTLIFE,WESTLIFE FOODWORLD LTD,82910.00,633.21,,
SATIN,SATIN CREDIT NET LTD,417132.00,677.41,,
KOLTEPATIL,KOLTE - PATIL DEVELOPERS,317142.00,1408.89,,
AURUM,AURUM PROPTECH LIMITED,154492.00,293.54,,
MMFL,MM FORGINGS LTD,267209.00,980.77,,
TASTYBITE,TASTY BITE EATABLES LTD,8420.00,912.24,,
HDFCNEXT50,HDFCAMC - HDFCNEXT50,118478.00,81.76,,
MASPTOP50,MIRAEAMC - MASPTOP50,461990.00,284.43,,
SUMMITSEC,SUMMIT SECURITIES LTD,16600.00,356.63,,
NIFTYIETF,ICICI PRUD NIFTY ETF,604891.00,1664.32,,
ARMANFIN,ARMAN FIN SERV LTD,63448.00,1003.18,,
SBISILVER,SBIAMC - SBISILVER,557321.00,743.51,,
FMGOETZE,FEDERAL-MOGUL GOETZE (IND,109217.00,571.50,,
GROWWGOLD,GROWWAMC - GROWWGOLD,127464.00,141.73,,
SAGCEM,SAGAR CEMENTS LTD,274182.00,733.96,,
GOLDCASE,ZERODHAAMC - GOLDCASE,1777945.00,311.54,,
NILKAMAL,NILKAMAL LIMITED,7016.00,122.37,,
CRAFTSMAN,CRAFTSMAN AUTOMATION LTD,22187.00,1343.71,,
MOSMALL250,MOTILALAMC - MOSMALL250,2743466.00,474.19,,
HDFCNIFBAN,HDFCAMC - HDFCNIFBAN,86839.00,48.42,,
MIDCAPIETF,ICICIPRAMC - ICICIM150,4211532.00,921.93,,
AXISBPSETF,AXISAMC - AXISBPSETF,10462.00,1.35,,
ALLDIGI,ALLDIGI TECH LIMITED,31637.00,245.98,,
HATSUN,HATSUN AGRO PRODUCT LTD.,54390.00,516.28,,
PSUBANK,KOTAK PSU BANK,25440.00,182.98,,
TARSONS,TARSONS PRODUCTS LIMITED,1445827.00,5391.08,,
INFRAIETF,ICICIPRAMC - ICICIINFRA,140013.00,131.13,,
PVTBANKADD,DSPAMC - DSPPVBKETF,36168.00,9.80,,
ECOSMOBLTY,ECOS (INDIA) MOB & HOSP L,219474.00,655.13,,
GROWWRAIL,GROWWAMC - GROWWRAIL,1146713.00,423.62,,
IGPL,I G PETROCHEMICALS LTD,99189.00,520.90,,
NIFTY1,KOTAK NIFTY ETF,61965.00,169.08,,
HDFCMOMENT,HDFCAMC - HDFCMOMENT,564760.00,182.46,,
CPPLUS,ADITYA INFOTECH LIMITED,42061.00,567.35,,
ALLTIME,ALL TIME PLASTICS LIMITED,147231.00,421.63,,
LIQUIDADD,DSPAMC - LIQUIDADD,2385.00,26.01,,
MIDSMALL,MIRAEAMC - MIDSMALL,1320396.00,641.80,,
MINDTECK,MINDTECK (INDIA) LIMITED,2346.00,5.89,,
ZODIAC,ZODIAC ENERGY LIMITED,193.00,0.83,,
NDRAUTO,NDR AUTO COMPONENTS LTD,26809.00,292.02,,
MVGJL,MANOJ VAIBHAV GEM N JEW L,275542.00,624.65,,
MAKEINDIA,MIRAEAMC - MAMFGETF,25965.00,38.36,,
CORDSCABLE,CORDS CABLE INDUS LTD.,6035.00,11.46,,
SAKHTISUG,SAKHTISUG SUGARS LTD,1077157.00,454.18,,
AARTECH,AARTECH SOLONICS LIMITED,800.00,0.42,,
VSTL,VIBHOR STEEL TUBES LTD,18324.00,31.47,,
MATRIMONY,MATRIMONY.COM LIMITED,17426.00,113.79,,
COASTCORP,COASTAL CORPORATION LTD,15592.00,6.17,,
GSS,GSS INFOTECH LIMITED,548496.00,150.80,,
VISHWARAJ,VISHWARAJ SUGAR IND LTD,196952.00,23.35,,
EVINDIA,MIRAEAMC - EVINDIA,256102.00,78.52,,
MOMENTUM,BIRLASLAMC - MOMENTUM,40092.00,12.85,,
HDFCGROWTH,HDFCAMC - HDFCGROWTH,9735.00,11.90,,
SANGAMIND,SANGAM (INDIA) LTD,19411.00,88.07,,
ITETFADD,DSPAMC - DSPITETF,22010.00,8.12,,
AXISTECETF,AXISAMC - AXISTECETF,14318.00,56.54,,
GROWWSLVR,GROWWAMC - GROWWSLVR,194841.00,272.97,,
BSHSL,BOMBAY SUPER HYBRID SEEDS,10584.00,15.53,,
BHARATGEAR,BHARAT GEARS LTD.,10468.00,13.31,,
AGRITECH,AGRI-TECH (INDIA) LIMITED,3478.00,6.54,,
PYRAMID,PYRAMID TECHNOPLAST LTD,40824.00,71.67,,
MANGALAM,MANGALAM DRUG & CHEM LTD,5919.00,5.19,,
NILAINFRA,NILA INFRASTRUCTURES LTD,59496.00,7.50,,
MBLINFRA,MBL INFRASTRUCTURE LTD,165493.00,72.27,,
AARON,AARON INDUSTRIES LIMITED,897.00,2.17,,
STEELCITY,STEEL CITY SECURITIES LTD,113.00,0.12,,
UNIDT,UNITED DRILLING TOOLS LTD,3599.00,8.42,,
MIDQ50ADD,DSPAMC - DSPQ50ETF,29150.00,74.07,,
SMLT,SARTHAK METALS LIMITED,4221.00,4.76,,
THEINVEST,THE INVEST TRUST OF IND L,1715.00,2.48,,
NATCAPSUQ,NATURAL CAPSULES LIMITED,11200.00,31.07,,
AVONMORE,AVONMORE CAP&MGT SERV LTD,23176.00,4.38,,
GOLDTECH,AION-TECH SOLUTIONS LTD,1700.00,1.15,,
BIRLACABLE,BIRLA CABLE LIMITED,15380.00,28.57,,
SILINV,SIL INVESTMENTS LIMITED,517.00,3.69,,
GROWWMOM50,GROWWAMC - GROWWMOM50,244393.00,26.18,,
GROWWN200,GROWWAMC - GROWWN200,26550.00,3.00,,
TECH,BIRLASLAMC - TECH,21965.00,8.55,,
LICNETFN50,LICNAMC - LICNFENGP,222.00,0.60,,
BRNL,BHARAT ROAD NETWORK LTD,2287.00,0.50,,
EVERESTIND,EVEREST INDUSTRIES LIMITE,6641.00,45.87,,
CHEMFAB,CHEMFAB ALKALIS LIMITED,9644.00,65.42,,
EMKAY,EMKAY GLOBAL FIN SERV LTD,4355.00,16.97,,
KANPRPLA,KANPUR PLASTIPACK LIMITED,150.00,0.35,,
NAHARPOLY,NAHAR POLY FILMS LIMITED,1071.00,3.17,,
SURAJLTD,SURAJ LIMITED,1332.00,4.19,,
HDFCLIQUID,HDFC NIFTY 1D RATE LIQUID ETF,1.00,0.01,,
LOKESHMACH,LOKESH MACHINES LTD,2133.00,5.78,,
IMPAL,IND MOTOR PART & ACC LTD,685.00,8.03,,
GEEKAYWIRE,GEEKAY WIRES LIMITED,2181.00,1.66,,
LANCER,LANCER CONTAINER LINE LTD,2000.00,0.25,,
SHREEJISPG,SHREEJI SHIPPING GLOBAL L,2294.00,5.58,,
AGSTRA,AGS TRANSACT TECH LTD,3262.00,3.15,,
500245,KIRLOSKAR FERROUS INDUSTRIES L,2.00,0.01,,
AMANTA,AMANTA HEALTHCARE LIMITED,350.00,0.48,,
HCL-INSYS,HCL INFOSYSTEMS-DEPO SETT,325.00,0.06,,
SAIL,STEEL AUTHORITY OF INDIA,16715005.00,22132.69,,
GAIL,GAIL (INDIA) LTD,17393859.00,32563.62,,
ONGC,OIL AND NATURAL GAS CORP.,11384118.00,29180.13,,
GTLINFRA,GTL INFRA.LTD,6982633.00,119.04,,
HINDZINC,HINDUSTAN ZINC LIMITED,7051241.00,33727.02,,
IRCTC,INDIAN RAIL TOUR CORP LTD,3305693.00,26377.07,,
RTNPOWER,RATTANINDIA POWER LIMITED,24308150.00,3296.18,,
TATAPOWER,TATA POWER CO LTD,9813813.00,39042.29,,
TCS,TATA CONSULTANCY SERV LT,4638539.00,148581.68,,
DEEPAKFERT,DEEPAK FERTILIZERS DEPO,637356.00,8457.51,,
YESBANK,YES BANK LIMITED,342118513.00,72376.74,,
MTARTECH,MTAR TECHNOLOGIES LIMITED,317044.00,5701.17,,
AUBANK,AU SMALL FINANCE BANK LTD,1049365.00,7684.79,,
RVNL,RAIL VIKAS NIGAM LIMITED,17022882.00,66041.93,,
SWSOLAR,STRLNG & WIL REN ENE LTD,8922787.00,26910.23,,
SUNFLAG,SUNFLAG IRON AND STEEL CO,580464.00,1673.66,,
GMDCLTD,GUJARAT MINERAL DEV CORP,4670444.00,22653.93,,
UNIONBANK,UNION BANK OF INDIA,23622460.00,32446.38,,
IRB,IRB INFRA DEV LTD.,64126806.00,31874.52,,
DISHTV,DISH TV INDIA LTD.,2844358.00,186.39,,
RBLBANK,RBL BANK LIMITED,13887061.00,35878.99,,
IRFC,INDIAN RAILWAY FIN CORP L,45281996.00,63992.98,,
SKYGOLD,SKY GOLD AND DIAMONDS LTD,1387398.00,4114.94,,
COHANCE,COHANCE LIFESCIENCES LTD,755574.00,6905.19,,
ENGINERSIN,ENGINERSINNPP281299DEPO,11765117.00,25465.27,,
HAPPSTMNDS,HAPPIEST MINDS TECHNO LTD,3315213.00,22183.39,,
WENDT,WENDT (INDIA) LTD.,33569.00,3304.58,,
BHARTIARTL,BHARTI AIRTEL LIMITED,1336134.00,25484.10,,
COSMOFIRST,COSMO FIRST LIMITED,429420.00,4323.78,,
MOREPENLAB,MOREPAN LABORATORIES LTD.,13700885.00,8301.94,,
GPPL,GUJARAT PIPAVAV PORT LTD,8245849.00,16542.18,,
RMDRIP,R M DRIP & SPRINK SYS LTD,119244.00,90.83,,
NESTLEIND,NESTLE INDIA LIMITED,644822.00,7639.68,,
THERMAX,THERMAX LTD,259926.00,9099.79,,
DHARMAJ,DHARMAJ CROP GUARD LTD,4417.00,13.16,,
INGERRAND,INGERSOLL-RAND INDIA LTD,62839.00,2199.63,,
TARIL,TRANS & RECTI. LTD,1429965.00,7491.04,,
TANLA,TANLA PLATFORMS LIMITED,2336705.00,16277.53,,
BALUFORGE,BALU FORGE INDUSTRIES LTD,150189.00,1008.66,,
MUFTI,CREDO BRANDS MARKETING L,490475.00,650.45,,
PRAJIND,PRAJ INDUSTRIES LTD,4472783.00,20451.96,,
JYOTISTRUC,JYOTI STRUCTURES LTD,21832339.00,4077.02,,
CLEAN,CLEAN SCIENCE & TECH LTD,926171.00,12451.72,,
HGINFRA,H.G.INFRA ENGINEERING LTD,462454.00,5108.09,,
NOVAAGRI,NOVA AGRITECH LIMITED,28112.00,16.18,,
INSECTICID,INSECTICIDES (I) LTD,109689.00,931.04,,
JUBLINGREA,JUBILANT INGREVIA LIMITED,1055170.00,7750.34,,
KELLTONTEC,KELLTON TECH SOL LTD,4545189.00,1223.87,,
ESSENTIA,INTEGRA ESSENTIA LIMITED,75093.00,1.85,,
PRSMJOHNSN,PRISM JOHNSON LIMITED,1074986.00,1827.58,,
JSWCEMENT,JSW CEMENT LIMITED,2839989.00,4254.21,,
UTIAMC,UTI ASSET MNGMT CO LTD,251605.00,3397.69,,
ELECON,ELECON ENG. CO. LTD,1246756.00,7775.48,,
CARTRADE,CARTRADE TECH LIMITED,221837.00,4747.68,,
RALLIS,RALLIS INDIA LTD,1271137.00,4293.63,,
ISGEC,ISGEC HEAVY ENG LTD,181722.00,1999.76,,
LICHSGFIN,LIC HOUSING FINANCE LTD,2977514.00,18049.43,,
PERSISTENT,PERSISTENT SYSTEMS LTD,518081.00,28322.33,,
SURYAROSNI,SURYA ROSHNI LTD,738318.00,2266.44,,
TIINDIA,TUBE INVEST OF INDIA LTD,155641.00,5072.88,,
PRINCEPIPE,PRINCE PIPES FITTINGS LTD,839083.00,3037.27,,
NCC,NCC LIMITED,13222494.00,30579.05,,
EIEL,ENVIRO INFRA ENGINEERS L,3712049.00,9707.13,,
ENRIN,SIEMENS ENERGY INDIA LTD,136485.00,4674.64,,
KAYNES,KAYNES TECHNOLOGY IND LTD,304182.00,19864.21,,
INDOAMIN,INDO AMINES LIMITED,244119.00,397.25,,
TBZ,TRIB BHIMJI ZAVERI LTD,404119.00,812.93,,
BAJEL,BAJEL PROJECTS LIMITED,157352.00,328.91,,
MOTISONS,MOTISONS JEWELLERS LTD,4158202.00,840.68,,
MOSCHIP,MOSCHIP TECHNOLOGIES LTD,2533917.00,6080.75,,
ATGL,ADANI TOTAL GAS LIMITED,1642914.00,11500.68,,
IOLCP,IOL CHEM AND PHARMA LTD,6129463.00,6438.32,,
GODREJCP,GODREJ CONSUMER PRODUCTS,502151.00,6257.85,,
HDBFS,HDB FINANCIAL SERVICES L,446555.00,3448.09,,
GOLDBEES,NIP IND ETF GOLD BEES,20012597.00,18627.22,,
CERA,CERA SANITARYWARE LTD,49023.00,3280.23,,
ORIENTCEM,ORIENT CEMENT LTD.,2911574.00,7241.18,,
VMART,VMART RETAIL LTD,134886.00,1197.36,,
SUBROS,SUBROS LIMITED,123540.00,1268.98,,
ZENSARTECH,ZENSAR TECHNOLOGIES LTD,717303.00,5865.16,,
PHARMABEES,NIPPONAMC - NETFPHARMA,8492286.00,1913.27,,
PVTBANIETF,ICICIPRAMC - ICICIBANKP,1496075.00,408.00,,
ABREL,ADITYA BIRLA REAL EST LTD,366509.00,7488.81,,
AEGISLOG,AEGIS LOGISTICS LIMITED,684987.00,5508.75,,
PENIND,PENNAR INDUSTRIES LTD,1857228.00,4368.96,,
KRONOX,KRONOX LAB SCIENCES LTD,190649.00,349.51,,
GODFRYPHLP,GODFREY PHILLIPS INDIA LT,840254.00,28454.41,,
DYCL,DYNAMIC CABLES LIMITED,199396.00,873.64,,
JAICORPLTD,JAI CORP LIMITED,1633229.00,2804.23,,
KOPRAN,KOPRAN LTD,366317.00,670.99,,
HINDOILEXP,HIND. OIL EXPLORATION,3924502.00,7785.11,,
PIDILITIND,PIDILITE INDUSTRIES LTD,357980.00,5483.38,,
LINDEINDIA,LINDE INDIA LIMITED,144142.00,9788.13,,
KIRIINDUS,KIRI INDUSTRIES LIMITED,2641538.00,16172.41,,
BAJAJHCARE,BAJAJ HEALTHCARE LIMITED,932703.00,4672.41,,
XCHANGING,XCHANGING SOLUTIONS LTD,345732.00,357.45,,
SARVESHWAR,SARVESHWAR FOODS LIMITED,2975870.00,209.10,,
NETWEB,NETWEB TECH INDIA LTD,419442.00,13486.46,,
LUPIN,LUPIN LIMITED,381502.00,7634.30,,
DENTA,DENTA WATER N INFRA SOL L,388315.00,1648.96,,
INDOSTAR,INDOSTAR CAPITAL FIN LTD,1037710.00,3170.26,,
FUSION,FUSION FINANCE LIMITED,1694935.00,4052.67,,
ACLGATI,ALLCARGO GATI LIMITED,1064963.00,799.79,,
WINDMACHIN,WINDSOR MACHINES LIMITED,110272.00,371.84,,
PANAMAPET,PANAMA PETROCHEM LTD,106344.00,361.47,,
NH,NARAYANA HRUDAYALAYA LTD.,541773.00,10137.63,,
GENUSPOWER,GENUS POWER INFRASTRU LTD,3749056.00,13688.23,,
TIMKEN,TIMKEN INDIA LTD.,69841.00,2371.69,,
SDBL,SOM DIST & BREW LTD,6422289.00,8516.45,,
HAPPYFORGE,HAPPY FORGINGS LIMITED,64795.00,624.08,,
MAHLOG,MAHINDRA LOGISTIC LIMITED,403121.00,1455.09,,
SUNTV,SUN TV NETWORK LIMITED,564301.00,3438.72,,
IGARASHI,IGARASHI MOTORS INDIA LTD,180135.00,1004.65,,
5PAISA,5PAISA CAPITAL LIMITED,28113.00,129.82,,
BFINVEST,BF INVESTMENT LIMITED,101480.00,544.97,,
EPL,EPL LIMITED,1767290.00,4115.12,,
PGIL,PEARL GLOBAL IND LIMITED,113667.00,1598.10,,
MANBA,MANBA FINANCE LIMITED,148477.00,223.91,,
DBL,DILIP BUILDCON LIMITED,702725.00,3493.42,,
CYBERTECH,CYBERTECH SYSTEMS & SOFTW,43427.00,107.65,,
KAMDHENU,KAMDHENU LIMITED,6957371.00,2208.02,,
HIKAL,HIKAL LIMITED,1249278.00,4099.50,,
SAILIFE,SAI LIFE SCIENCES LIMITED,845030.00,7330.44,,
STALLION,STALLION IND FLUOROCHEM L,135066.00,295.02,,
MINDACORP,MINDA CORPORATION LTD,803261.00,4518.49,,
ANUP,THE ANUP ENGINEERING LTD,88378.00,2323.32,,
RANEHOLDIN,RANE HOLDINGS LIMITED,14317.00,237.73,,
NAM-INDIA,NIPPON L I A M LTD,701389.00,5067.23,,
DPABHUSHAN,D. P. ABHUSHAN LIMITED,9491.00,145.17,,
GOPAL,GOPAL SNACKS LIMITED,585577.00,2131.95,,
ASTERDM,ASTER DM HEALTHCARE LTD.,458888.00,2747.15,,
ALIVUS,ALIVUS LIFE SCIENCES LTD,219678.00,2283.93,,
GULFOILLUB,GULF OIL LUB. IND. LTD.,182718.00,2265.89,,
VIPIND,VIP INDUSTRIES LTD,1094199.00,4826.63,,
AUROPHARMA,AUROBINDO PHARMA LTD,833557.00,9672.99,,
LTFOODS,LT FOODS LIMITED,1261543.00,5604.94,,
NEULANDLAB,NEULAND LAB LTD.,50583.00,6845.52,,
MAHSEAMLES,MAHARASHTRA SEAMLESS LTD,1067316.00,7391.60,,
SPLPETRO,SUPREME PETROCHEM LIMITED,104314.00,871.75,,
GICHSGFIN,GIC HOUSING FINANCE LTD,1211532.00,2425.44,,
HGS,HINDUJA GLOBAL SOLS. LTD.,111908.00,718.55,,
GOCLCORP,GOCL CORPORATION LIMITED,338225.00,1313.68,,
ZEEMEDIA,ZEE MEDIA CORPORATION LTD,2608275.00,356.22,,
EBGNG,GNG ELECTRONICS LIMITED,208213.00,780.87,,
PRECWIRE,PRECISIONWIRES I LTD,538270.00,984.37,,
PRICOLLTD,PRICOL LIMITED,429503.00,2064.29,,
YATRA,YATRA ONLINE LIMITED,1678237.00,2384.06,,
RAMCOIND,RAMCO INDUSTRIES LIMITED,726138.00,2376.39,,
GOCOLORS,GO FASHION INDIA LTD,123306.00,971.94,,
3MINDIA,3M INDIA LIMITED,8548.00,2594.76,,
AHLUCONT,AHLUWALIA CONT IND LTD,251821.00,2571.99,,
SBILIFE,SBI LIFE INSURANCE CO LTD,268620.00,4883.62,,
TATACONSUM,TATA CONSUMER PRODUCT LTD,510498.00,5571.00,,
BHARTIHEXA,BHARTI HEXACOM LIMITED,158644.00,2798.04,,
RAMCOCEM,THE RAMCO CEMENTS LIMITED,281008.00,2925.38,,
360ONE,360 ONE WAM LIMITED,549314.00,5953.67,,
NUCLEUS,NUCLEUS SOFTWARE EXPORTS,73092.00,830.85,,
MANGCHEFER,MANGALORE CHEMICALS & FER,175536.00,554.44,,
TIIL,TECHNOCRAFT IND LTD,33603.00,916.65,,
MON100,MOTILAL OS NASDAQ100 ETF,1110005.00,2275.90,,
WONDERLA,WONDERLA HOLIDAYS LTD.,173550.00,1566.70,,
BSLGOLDETF,ADITYBIRLA SL GOLD ETF-GR,180183.00,175.24,,
CEWATER,CONCORD ENVIRO SYSTEMS L,79225.00,450.86,,
METALIETF,ICICIPRAMC - METALIETF,4988472.00,506.39,,
HDFCSML250,HDFCAMC - HDFCSML250,3256527.00,5631.31,,
LIQUIDIETF,ICICIPRAMC - ICICILIQ,1314.00,13.14,,
KIRLOSIND,KIRLOSKAR INDUSTRIES LTD,25790.00,1017.54,,
AGARWALEYE,DR AGARWALS HEALTH CARE L,117253.00,541.81,,
MIDCAPETF,MIRAEAMC - MAM150ETF,7351420.00,1577.00,,
NCLIND,NCL INDUSTRIES LIMITED,210674.00,460.88,,
ROLEXRINGS,ROLEX RINGS LIMITED,113505.00,1662.37,,
CONSUMBEES,NIP IND ETF CONSUMPTION,340147.00,456.57,,
RGL,RENAISSANCE GLOBAL LTD,1062614.00,1381.34,,
ESABINDIA,ESAB INDIA LTD,10462.00,559.54,,
YASHO,YASHO INDUSTRIES LIMITED,9133.00,166.53,,
HDFCMID150,HDFCAMC - HDFCMID150,809879.00,170.81,,
CONTROLPR,CONTROL PRINT LIMITED,52282.00,420.29,,
HLVLTD,HLV LIMITED,885578.00,130.47,,
UFLEX,UFLEX LIMITED,199013.00,1130.43,,
SUNCLAY,SUNDARAM CLAYTON LIMITED,23831.00,456.69,,
SOTL,SAVITA OIL TECHNOLO. LTD,100132.00,455.44,,
MUFIN,MUFIN GREEN FINANCE LTD,651163.00,586.12,,
ZFCVINDIA,ZF COM VE CTR SYS IND LTD,9713.00,1308.48,,
TCI,TRANSPORT CORPN OF INDIA,19998.00,231.32,,
KKCL,KEWAL KIRAN CLOTHING LTD,185221.00,939.31,,
V2RETAIL,V2 RETAIL LIMITED,343263.00,6774.88,,
HDFCNIF100,HDFCAMC - HDFCNIF100,40188.00,10.63,,
LIQUID,MIRAEAMC - LIQUID,7362.00,73.84,,
VIKASECO,VIKAS ECOTECH LIMITED,84720.00,1.86,,
COMPUSOFT,COMPUCOM SOFTWARE LTD,35751.00,7.70,,
MONTECARLO,MONTE CARLO FASHIONS LTD.,48526.00,342.71,,
INDOTECH,INDO TECH TRANSFORM LTD.,7897.00,139.45,,
SIGMA,SIGMA SOLVE LIMITED,3191.00,18.00,,
RELTD,RAVINDRA ENERGY LIMITED,37735.00,65.62,,
ELIN,ELIN ELECTRONICS LIMITED,63154.00,138.88,,
UTIBANKETF,UTIAMC - UTIBANKETF,46114.00,26.30,,
METAL,MIRAEAMC - METAL,1398406.00,144.55,,
BPL,BPL LTD,46300.00,39.32,,
GLOSTERLTD,GLOSTER LIMITED,4489.00,29.91,,
BALAXI,BALAXI PHARMA LTD,88719.00,53.47,,
RACE,RACE ECO CHAIN LIMITED,45105.00,116.35,,
DHUNINV,DHUNSERI INVESTMENTS LTD,1259.00,22.95,,
AAATECH,AAA TECHNOLOGIES LIMITED,4610.00,4.52,,
AXISVALUE,AXISAMC - AXISVALUE,5827.00,1.71,,
HDFCBSE500,HDFCAMC - HDFCBSE500,21771.00,8.14,,
SURAKSHA,SURAKSHA DIAGNOSTIC LTD,341963.00,1062.93,,
NIFMID150,UTIAMC - NIFMID150,30080.00,65.89,,
GROWWPOWER,GROWWAMC - GROWWPOWER,20000.00,2.03,,
GRPLTD,GRP LIMITED,3211.00,78.03,,
OILCOUNTUB,OIL COUNTRY TUBULAR LTD,163.00,0.11,,
WORTH,WORTH PERIPHERALS LIMITED,18591.00,29.12,,
IVC,IL&FS INVESTMENT MANAGERS,237593.00,26.90,,
AMNPLST,AMINES & PLASTICIZERS LTD,1858.00,5.73,,
BLAL,BEML LAND ASSETS LIMITED,83139.00,196.34,,
DENORA,DE NORA INDIA LIMITED,10868.00,98.95,,
MAHESHWARI,MAHESHWARI LOGISTICS LTD.,5800.00,3.60,,
ALPHAGEO,ALPHAGEO (INDIA) LIMITED,4333.00,11.56,,
REGAAL,REGAAL RESOURCES LIMITED,32037.00,29.63,,
GFLLIMITED,GFL LIMITED,32037.00,21.75,,
SBINEQWETF,SBIAMC - SBINEQWETF,4449.00,1.44,,
SREEL,SREELEATHERS LIMITED,11262.00,28.78,,
KOHINOOR,KOHINOOR FOODS LIMITED,1042.00,0.45,,
VIRINCHI,VIRINCHI LIMITED,11387.00,3.57,,
LINC,LINC LIMITED,11392.00,23.15,,
EXXARO,EXXARO TILES LIMITED,46799.00,3.80,,
LOWVOL1,KOTAKMAMC - KOTAKLOVOL,10970.00,2.27,,
MALLCOM,MALLCOM (INDIA) LIMITED,4986.00,61.47,,
MOM50,MOTILAL OSWAL M50 ETF,22596.00,58.11,,
BANKETF,MIRAEAMC - BANKETF,6320.00,35.67,,
AXSENSEX,AXISAMC - AXSENSEX,1795.00,1.50,,
MOGSEC,MOTILALAMC - G5,2242.00,1.40,,
GOLD360,360ONEAMC - GOLD360,10852.00,12.51,,
HDFCSENSEX,HDFCAMC - HDFCSENSEX,32641.00,29.81,,
DMCC,DMCC SPECIALITY CHEMICALS,15111.00,49.68,,
DRCSYSTEMS,DRC SYSTEMS INDIA LIMITED,500.00,0.14,,
TIPSFILMS,TIPS FILMS LIMITED,115.00,0.56,,
SPECIALITY,SPECIALITY REST LTD,17471.00,27.55,,
BELLACASA,BELLA CASA FASH AND RET L,5954.00,23.18,,
SSDL,SARASWATI SAREE DEPOT LTD,12006.00,11.61,,
DCMNVL,DCM NOUVELLE LIMITED,3550.00,6.37,,
AXISCETF,AXISAMC - AXISCETF,14341.00,18.19,,
EQUAL200,MIRAEAMC - EQUAL200,2326.00,0.31,,
SENSEXADD,DSPAMC - DSPSENXETF,1072.00,0.89,,
SAKUMA,SAKUMA EXPORTS LIMITED,15100.00,0.64,,
AERONEU,AEROFLEX NEU LIMITED,2000.00,1.65,,
IDFNIFTYET,BANDHANAMC - IDFNIFTYET,7317.00,20.11,,
FLATPROD,FLAT PRODUCTS EQUIPMENT (,17.00,1.02,,
DIAMINESQ,DIAMINES & CHEMICALS LTD,250.00,1.00,,
ONWARDTEC,ONWARDTEC DEPO,2943.00,9.32,,
MON50EQUAL,MOTILALAMC - MON50EQUAL,2607.00,0.85,,
KAVDEFENCE,KAVVERI DFS & WIR TEC LTD,115.00,0.11,,
JMA,JULLUNDUR MOT AGENCY LTD,298.00,0.33,,
MAANALU,MAAN ALUMINIUM LIMITED,500.00,0.55,,
GATECH,GACM TECHNOLOGIES LIMITED,10000.00,0.09,,
JAIPURKURT,NANDANI CREATION LIMITED,850.00,0.35,,
KOVAI,KOVAI MEDICAL CENTER & HO,50.00,3.15,,
GSEC10YEAR,MIRAEAMC - MAGS813ETF,2.00,0.00,,
ABFRL,ADITYA BIRLA FAS & RT LTD,31556490.00,39515.03,,
CDSL,CENTRAL DEPO SER (I) LTD,5995412.00,95745.85,,
BANKBARODA,BANK OF BARODA,6449748.00,15830.69,,
JAMNAAUTO,JAMNA AUTO IND LTD,6119496.00,6593.98,,
GNFC,GUJ NAR VAL FER & CHEM L,1999284.00,11074.04,,
MTNL,MTNL - DEPO. SETT.,6237217.00,3029.71,,
BHEL,BHEL,12430192.00,30604.31,,
GRAPHITE,GRAPHITE INDIA LTD,1706370.00,9591.80,,
RAMASTEEL,RAMA STEEL TUBES LIMITED,54556414.00,5769.54,,
JTLIND,JTL INDUSTRIES LIMITED,13900135.00,10879.08,,
TATAELXSI,TATA ELXSI LIMITED,401041.00,24859.95,,
SOUTHBANK,SOUTH INDIAN BANK LTD.,30375920.00,8687.29,,
IFCI,IFCI LTD,17560381.00,10569.59,,
BAJAJHIND,BAJAJ HINDUSTHAN SUGAR LT,23124584.00,5870.09,,
MAHABANK,BANK OF MAHARASHTRA,37102839.00,20774.15,,
MANAPPURAM,MANAPPURAM FINANCE LTD,4032129.00,10583.93,,
MARUTI,MARUTI SUZUKI INDIA LTD.,75371.00,11290.36,,
PCBL,PCBL CHEMICAL LIMITED,4353521.00,17881.48,,
APLAPOLLO,APL APOLLO TUBES LTD,270507.00,4592.84,,
ICICIGI,ICICI LOMBARD GIC LIMITED,115260.00,2249.89,,
GMRAIRPORT,GMR AIRPORTS LIMITED,20247679.00,17683.56,,
GLOBALVECT,GLOBAL VEC HELICORP LTD,2132.00,4.94,,
POONAWALLA,POONAWALLA FINCORP LTD,3033187.00,13215.89,,
LAXMIINDIA,LAXMI INDIA FINANCE LTD,279524.00,467.06,,
GRANULES,GRANULES INDIA LIMITED,4015935.00,20305.34,,
GREAVESCOT,GREAVES COTTON LTD.,5169820.00,11530.93,,
CAPACITE,CAPACITE INFRAPROJECT LTD,1684616.00,5769.28,,
MOKSH,MOKSH ORNAMENTS LIMITED,618396.00,86.12,,
GOACARBON,GOA CARBON LIMITED,24026.00,137.68,,
ATUL,ATUL LTD,250860.00,14758.68,,
INDIACEM,THE INDIA CEMENTS LIMITED,726311.00,2630.35,,
DATAPATTNS,DATA PATTERNS INDIA LTD,492766.00,13723.06,,
PARACABLES,PARAMOUNT COMM LTD,2321166.00,1280.68,,
MAHLIFE,MAHINDRA LIFESPACE DEVLTD,1097917.00,4721.19,,
ABCAPITAL,ADITYA BIRLA CAPITAL LTD.,3949935.00,9960.17,,
IGIL,INTERNATIO GEMM INS (I) L,773147.00,3143.33,,
TREL,TRANSINDIA REAL ESTATE L,150136.00,51.24,,
VINCOFE,VINTAGE COFFEE N BVRGS L,1352446.00,1997.07,,
KHAICHEM,KHAITAN CHEM & FERT LTD,635374.00,788.82,,
PDSL,PDS LIMITED,430480.00,1712.91,,
IMAGICAA,IMAGICAAWORLD ENT LTD,2743321.00,1814.00,,
GMMPFAUDLR,GMM PFAUDLER LIMITED,208508.00,2576.17,,
MUNJALSHOW,MUNJAL SHOWA LTD,104081.00,155.81,,
RANASUG,RANA SUGARS LTD,229584.00,45.68,,
DBREALTY,VALOR ESTATE LIMITED,3944064.00,7356.63,,
SHAREINDIA,SHARE IND. SECURITIES LTD,2072023.00,3845.93,,
NATCOPHARM,NATCO PHARMA LTD.,2424773.00,23910.56,,
GREENPOWER,ORIENT GREEN POWER CO LTD,4145478.00,594.65,,
BANKINDIA,BANKINDIA NPP DEP,20205127.00,23848.94,,
IDEAFORGE,IDEAFORGE TECHNO LTD,1147119.00,6272.72,,
MOIL,MOIL LIMITED,2259070.00,8755.53,,
RAJOOENG,RAJOO ENGINEERS LIMITED,1260002.00,1340.28,,
NECCLTD,NORTH EAST CARRY CORP LTD,11609.00,2.66,,
JUSTDIAL,JUSTDIAL LTD.,983764.00,9074.09,,
MOTHERSON,SAMVARDHANA MOTHERSON INT,14072374.00,14957.63,,
UTTAMSUGAR,UTTAM SUGAR MILLS LTD.,282727.00,898.82,,
ANDHRSUGAR,ANDHRA SUGARS LTD.,481338.00,512.76,,
PARAS,PARAS DEF AND SPCE TECH L,499052.00,3807.65,,
NDTV,NDTV LTD,11138.00,14.72,,
MSTCLTD,MSTC LIMITED,1322113.00,7415.49,,
MAXHEALTH,MAX HEALTHCARE INS LTD,1482999.00,17078.20,,
DELHIVERY,DELHIVERY LIMITED,1791024.00,7825.95,,
SWARAJENG,SWARAJ ENGINES LTD,39458.00,1660.44,,
GRWRHITECH,GARWARE HI-TECH FILMS LTD,151539.00,5523.97,,
VINATIORGA,VINATI ORGANICS LTD,59204.00,1064.80,,
KINGFA,KINGFA SCI & TEC IND LTD.,329.00,14.15,,
INDIAGLYCO,INDIA GLYCOLS LTD,1242250.00,9463.39,,
FIEMIND,FIEM INDUSTRIES LIMITED,103350.00,2060.23,,
SYMPHONY,SYMPHONY LIMITED,251617.00,2818.16,,
GVKPIL,GVK POWER & INFRASTRUCTUR,20000.00,1.93,,
POLYPLEX,POLYPLEX CORPORATION LTD,329001.00,3920.64,,
HINDCOPPER,HINDUSTAN COPPER LTD,14832537.00,41478.34,,
BHARATWIRE,BHARAT WIRE ROPES LTD.,882755.00,1936.38,,
SUNTECK,SUNTECK REALTY LIMITED,1302922.00,6042.36,,
FDC,FDC LIMITED,474934.00,2370.39,,
PRESTIGE,PRESTIGE ESTATE LTD,645412.00,10162.01,,
KRN,KRN HEAT EXCHANGE N REF L,772135.00,6654.69,,
SUYOG,SUYOG TELEMATICS LIMITED,61876.00,497.04,,
BANDHANBNK,BANDHAN BANK LIMITED,13453467.00,23432.51,,
SHAILY,SHAILY ENG PLASTICS LTD,142077.00,3088.84,,
RIIL,RELIANCE INDUSTRIAL INFRA,439451.00,4507.19,,
HEROMOTOCO,HERO MOTOCORP LIMITED,269701.00,13867.18,,
VINDHYATEL,VINDHYA TELELINKS LTD,121685.00,1983.58,,
VIPCLOTHNG,VIP CLOTHING LIMITED,100006.00,41.14,,
VAISHALI,VAISHALI PHARMA LIMITED,50001.00,6.24,,
SJVN,SJVN LTD,23952183.00,25524.43,,
CESC,CESC LTD.,5940656.00,10045.46,,
ANTHEM,ANTHEM BIOSCIENCES LTD,158994.00,1303.46,,
MARINE,MARINE ELECTRICAL (I) LTD,49157.00,108.11,,
BAJAJINDEF,INDEF MANUFACTURING LTD,16183.00,58.50,,
MARKSANS,MARKSANS PHARMA LIMITED,3951394.00,8139.03,,
PATANJALI,PATANJALI FOODS LIMITED,3234185.00,19710.54,,
GODREJAGRO,GODREJ AGROVET LIMITED,810924.00,6175.26,,
HAVELLS,HAVELLS INDIA LIMITED,807857.00,12798.51,,
CRISIL,CRISIL LTD,79565.00,4162.23,,
UNITDSPR,UNITED SPIRITS LIMITED,1338860.00,18595.68,,
JISLJALEQS,JAIN IRRIGATION SYSTEMS,16727944.00,9820.13,,
NTPCGREEN,NTPC GREEN ENERGY LIMITED,18107716.00,19186.97,,
DEEDEV,DEE DEVELOPMENT ENG LTD,171470.00,504.21,,
KPEL,K.P. ENERGY LIMITED,486930.00,2179.00,,
PROSTARM,PROSTARM INFO SYSTEMS LTD,667092.00,1441.93,,
AAVAS,AAVAS FINANCIERS LIMITED,256259.00,4583.78,,
ESAFSFB,ESAF SMALL FINANCE BANK L,1628725.00,576.90,,
TBOTEK,TBO TEK LIMITED,76209.00,1184.51,,
SANSERA,SANSERA ENGINEERING LTD,244376.00,3241.60,,
RELIGARE,RELIGARE ENTER. LTD.,6123154.00,16063.95,,
VENKEYS,VENKY S (INDIA) LIMITED,147246.00,2382.20,,
SANOFI,SANOFI INDIA LIMITED,40548.00,2155.40,,
PIIND,PI INDUSTRIES LTD,147051.00,5639.42,,
INDIASHLTR,INDIA SHELTER FIN CORP L,420593.00,3493.17,,
OPTIEMUS,OPTIEMUS INFRACOM LTD,584901.00,3555.85,,
GMBREW,G M BREWERIES LTD,119828.00,916.95,,
SIYSIL,SIYARAM SILK MILLS LTD,197284.00,1502.74,,
TATAINVEST,TATA INVESTMENT CORP LTD,176078.00,16595.94,,
ELECTHERM,ELECTROTHERM (I) LTD.,9227.00,95.51,,
HARSHA,HARSHA ENGINEERS INT LTD,1069418.00,4813.56,,
MASTEK,MASTEK DEPO SETT,284479.00,7187.70,,
MBEL,M AND B ENGINEERING LTD,204258.00,842.77,,
CAMPUS,CAMPUS ACTIVEWEAR LIMITED,1136316.00,3265.66,,
LAXMIDENTL,LAXMI DENTAL LIMITED,269470.00,990.66,,
ONMOBILE,ONMOBILE GLOBAL LTD.,1379548.00,893.51,,
INDIAMART,INDIAMART INTERMESH LTD,123957.00,3113.07,,
PNCINFRA,PNC INFRATECH LTD.,1570667.00,5148.07,,
AARTIPHARM,AARTI PHARMALABS LIMITED,357121.00,3059.44,,
EMSLIMITED,EMS LIMITED,1168037.00,7376.73,,
INTLCONV,INTL CONVEYORS LIMITED,318257.00,317.97,,
RADICO,RADICO KHAITAN LTD,222215.00,6219.92,,
KPRMILL,KPR MILL LTD.,275712.00,3118.99,,
AFSL,ABANS FINANCIAL SRVCS LTD,28417.00,69.64,,
SAMHI,SAMHI HOTELS LIMITED,3383327.00,6803.86,,
RELAXO,RELAXO FOOT LTD.,681522.00,3340.60,,
AFFLE,AFFLE 3I LIMITED,192327.00,3747.58,,
INOXINDIA,INOX INDIA LIMITED,141393.00,1727.49,,
CHEMCON,CHEMCON SPECIAL CHEM LTD,220986.00,587.62,,
TRANSWORLD,TRANSWORLD SHIP LINES LTD,70685.00,226.18,,
NAVKARCORP,NAVKAR CORPORATION LTD.,1655362.00,2072.88,,
DECCANCE,DECCAN CEMENTS LIMITED,199174.00,1980.49,,
YUKEN,YUKEN INDIA LIMITED,6786.00,73.57,,
BFUTILITIE,BF UTILITIES LIMITED,391566.00,3119.30,,
FAZE3Q,FAZE THREE LIMITED,39392.00,212.64,,
POKARNA,POKARNA LIMITED,183017.00,1698.08,,
FILATFASH,FILATEX FASHIONS LIMITED,949146.00,5.69,,
STARCEMENT,STAR CEMENT LIMITED,599180.00,1636.82,,
ASIANENE,ASIAN ENERGY SERVICES LTD,560930.00,1920.08,,
VSTTILLERS,VST TILLERS TRACTORS LTD,45099.00,2301.64,,
FAIRCHEMOR,FAIRCHEM ORGANICS LIMITED,31939.00,313.32,,
KSOLVES,KSOLVES INDIA LIMITED,37880.00,130.78,,
LAURUSLABS,LAURUS LABS LIMITED,4948169.00,37570.36,,
AMBUJACEM,AMBUJA CEMENTS LTD,2143453.00,12535.83,,
IKIO,IKIO TECHNOLOGIES LIMITED,356661.00,850.98,,
DIFFNKG,DIFFUSION ENGINEERS LTD,158503.00,586.73,,
LUXIND,LUX INDUSTRIES LIMITED,167709.00,2626.04,,
LGHL,LAXMI GOLDORNA HOUSE LTD,40.00,0.37,,
SUNDARMHLD,SUNDARAM FINANCE HOLD LTD,314699.00,1590.94,,
ABSLAMC,ADIT BIRL SUN LIF AMC LTD,468736.00,3905.87,,
TORNTPHARM,TORRENT PHARMACEUTICALS L,49130.00,1755.03,,
UPL,UPL LIMITED,1304403.00,8975.26,,
ABLBL,ADITYA BIRLA LIFES BRAN L,5970924.00,9023.57,,
GANDHITUBE,GANDHI SPL. TUBES LTD,25934.00,236.04,,
EMUDHRA,EMUDHRA LIMITED,157456.00,1159.01,,
RBZJEWEL,RBZ JEWELLERS LIMITED,41155.00,58.85,,
CARYSIL,CARYSIL LIMITED,268765.00,2377.05,,
CHOLAHLDNG,CHOLAMANDALAM FIN HOL LTD,98268.00,1905.34,,
INDOCO,INDOCO REMEDIES LIMITED,121279.00,373.49,,
HONAUT,HONEYWELL AUTOMATION IND,10555.00,4160.18,,
SHILPAMED,SHILPA MEDICARE LTD,42850.00,268.95,,
TRAVELFOOD,TRAVEL FOOD SERVICES LTD,44617.00,580.30,,
GENESYS,GENESYS INTL CORPN LTD,527836.00,3509.31,,
RPGLIFE,RPG LIFE SCIENCES LIMITED,23394.00,571.47,,
SBCL,SHIVALIK BIMETAL CON. LTD,145725.00,795.70,,
GRINDWELL,GRINDWELL NORTON LIMITED,68772.00,1228.93,,
SUNDRMFAST,SUNDRAM FASTENERS LTD,106631.00,1125.14,,
20MICRONS,20 MICRONS LTD,195250.00,488.22,,
NEOGEN,NEOGEN CHEMICALS LIMITED,150003.00,2389.03,,
HEXT,HEXAWARE TECHNOLOGIES LTD,517779.00,3849.78,,
METROBRAND,METRO BRANDS LIMITED,52845.00,653.21,,
GUFICBIO,GUFIC BIOSCIENCES LIMITED,159049.00,579.26,,
SBIETFIT,SBIAMC - SBIETFIT,16792.00,66.84,,
SANGHIIND,SANGHI INDUSTRIES LTD,985831.00,721.79,,
GOLDSHARE,UTI GOLD ETF,1101159.00,871.06,,
MONQ50,MOTILALAMC - MONQ50,635172.00,571.52,,
GOLD1,KOTAK GOLD ETF,1091147.00,1020.92,,
JUNIORBEES,NIP IND ETF JUNIOR BEES,393426.00,2859.68,,
INDNIPPON,INDIA NIPPON ELECT LTD,79818.00,736.03,,
FLAIR,FLAIR WRITING INDUST LTD,230453.00,762.95,,
GOLDETF,MIRAEAMC - MAGOLDETF,583802.00,629.79,,
HCG,HEALTHCARE GLOB. ENT. LTD,354061.00,2185.11,,
EXCELINDUS,EXCEL INDUSTRIES LTD,27560.00,347.04,,
SHARIABEES,NIP IND ETF SHARIAH BEES,10395.00,51.94,,
MONIFTY500,MOTILALAMC - MONIFTY500,686316.00,162.11,,
APEX,APEX FROZEN FOODS LIMITED,153168.00,372.92,,
SAFARI,SAFARI IND (INDIA) LTD,40284.00,865.36,,
IT,KOTAKMAMC - KOTAKIT,496048.00,192.05,,
BODALCHEM,BODAL CHEMICALS LTD,796852.00,585.65,,
DHAMPURSUG,DHAMPUR SUGAR MILLS LTD.,867901.00,1342.72,,
MRF,MRF LTD,3277.00,4312.88,,
GILT5YBEES,RELCAPAMC - NETFGILT5Y,8970.00,5.63,,
HDFCLOWVOL,HDFCAMC - HDFCLOWVOL,36311.00,7.59,,
INOXGREEN,INOX GREEN ENERGY SER LTD,2096433.00,4046.13,,
SILVERADD,DSPAMC - DSPSILVETF,140772.00,179.92,,
BLUSPRING,BLUSPRING ENTERPRISES LTD,251438.00,212.87,,
NIFTY50ADD,DSPAMC - DSPN50ETF,17961.00,46.35,,
RAJSREESUG,RAJSHREESUGARS LTD,2131.00,1.04,,
HINDMOTORS,HINDUSTAN MOTORS LIMITED,40483.00,8.69,,
SWELECTES,SWELECT ENERGY SYS LTD,45287.00,391.57,,
TOP15IETF,ICICIPRAMC - TOP15IETF,4353.00,0.46,,
WALCHANNAG,WALCHANDNAGAR INDUSTRIES,50264.00,114.24,,
SUPREME,SUPREME HOLDIN N HOSP I L,31360.00,26.85,,
JSWHL,JSW HOLDINGS LIMITED,717.00,123.77,,
DVL,DHUNSERI VENTURES LIMITED,20463.00,81.04,,
BLSE,BLS E-SERVICES LIMITED,51167.00,99.53,,
DPSCLTD,DPSC LIMITED,59919.00,10.28,,
ALPA,ALPA LABORATORIES LTD,2698.00,2.97,,
SCPL,SHEETAL COOL PRODUCTS LTD,4185.00,13.65,,
SURANASOL,SURANA SOLAR LIMITED,3507.00,1.25,,
GULFPETRO,GP PETROLEUMS LIMITED,55022.00,24.98,,
INDORAMA,INDO RAMA SYNTHETICS LTD,83579.00,44.33,,
MID150,KOTAKMAMC - MID150,4725.00,1.04,,
NIF100IETF,ICICI PRUD NIFTY 100 ETF,390439.00,111.87,,
HDFCPSUBK,HDFCAMC HDFCPSUBK,24799.00,18.28,,
NEXT50,MIRAEAMC - MANXT50,10804.00,75.08,,
NV20,KOTAKMAMC - KTKNV20ETF,5841.00,8.91,,
SDL26BEES,RELCAPAMC-NETFSDL26,4000.00,5.30,,
ECAPINSURE,EDELAMC - ECAPINSURE,481132.00,113.12,,
GSEC10IETF,ICICIPRAMC - ICICI10GS,229.00,0.59,,
CONSUMER,MIRAEAMC - CONSUMER,195638.00,23.74,,
HDFCVALUE,HDFCAMC - HDFCVALUE,675.00,0.90,,
MUTHOOTCAP,MUTHOOT CAP SERV LTD,16838.00,52.58,,
UYFINCORP,U. Y. FINCORP LIMITED,87792.00,14.15,,
RPPINFRA,R.P.P INFRA PROJECTS LTD.,65250.00,96.40,,
STARPAPER,STAR PAPER MILLS LTD,943.00,1.77,,
EMAMIPAP,EMAMI PAPER MILLS LIMITED,180982.00,200.16,,
KCPSUGIND,KCP SUGAR IND CORP LTD.,6093.00,2.23,,
GOYALALUM,GOYAL ALUMINIUMS LIMITED,1560.00,0.13,,
ALKALI,ALKALI METALS LIMITED,1180.00,1.14,,
MAHEPC,MAHINDRA EPC IRRIG LTD,56799.00,95.08,,
ALANKIT,ALANKIT LIMITED,224686.00,32.61,,
PVSL,POPULAR VEHICLES N SER L,116925.00,166.68,,
SHAH,SHAH METACORP LIMITED,5961.00,0.20,,
MAZDA,MAZDA LIMITED,36884.00,108.52,,
DCM,DCM LTD,4988.00,6.60,,
UMIYA-MRO,UMIYA BUILDCON LIMITED,690.00,0.72,,
NIFTY100EW,KOTAKMAMC - NIFTY100EW,3559.00,1.20,,
UTISENSETF,UTIAMC - UTISENSETF,1160.00,10.43,,
GROWWLIQID,GROWWAMC - GROWWLIQID,3432.00,3.63,,
EBBETF0431,EDELAMC - EBBETF0431,469.00,6.43,,
UNIONGOLD,UNIONAMC - UNIONGOLD,653.00,0.74,,
TAINWALCHM,TAINWALA CHEMICAL AND PLA,1420.00,3.53,,
RUBFILA,RUBFILA INTERNATIONAL LTD,10670.00,8.95,,
PARSVNATH,PARSVNATH DEVELOPERS LIMI,3319.00,0.76,,
CREATIVE,CREATIVE PERI & DIST LTD.,372529.00,2556.15,,
SILVERTUC,SILVER TOUCH TECHNO LTD,4826.00,35.30,,
ASIANTILES,ASIAN GRANITO IND. LTD.,103030.00,60.64,,
THOMASCOTT,THOMAS SCOTT (INDIA) LTD,2000.00,6.60,,
NIRAJ,NIRAJ CEMENT STRUC LTD,1.00,0.00,,
OMAXAUTO,OMAX AUTOS LTD,2.00,0.00,,
QNIFTY,QUANTUM NIFTY 50 ETF,1171.00,31.75,,
GRAUWEIL,GRAUER & WEIL IND LTD,2600.00,2.38,,
ABGSEC,BIRLASLAMC - ABGSEC,2380.00,2.64,,
AJOONI,AJOONI BIOTECH LIMITED,7000.00,0.40,,
BGRENERGY,BGR ENERGY SYSTEMS LTD,1.00,0.00,,
ARFIN,ARFIN INDIA LIMITED,1000.00,0.42,,
SHREYANIND,SHREYANS INDUSTRIES LTD,400.00,1.19,,
UDS,UPDATER SERVICES LIMITED,837511.00,2479.61,,
LT,LARSEN & TOUBRO LTD.,1055042.00,37013.43,,
RECLTD,REC LIMITED,16471235.00,68128.13,,
BPCL,BPCL - DEPO. SETT,2448527.00,8040.27,,
HUDCO,BOND 7.03% PA TAX FREE S1,12554309.00,30375.66,,
MSUMI,MOTHERSON SUMI WRNG IND L,10168306.00,4646.09,,
SHREDIGCEM,SHREE DIGVIJAY CEM CO LTD,716248.00,675.32,,
IOC,INDIAN OIL CORP LTD,17666929.00,26141.01,,
TTML,TATA TELESERV(MAHARASTRA),367271.00,246.21,,
ETERNAL,ETERNAL LIMITED,10647485.00,30344.32,,
SBGLP,SURATWWALA BUS GROUP LTD,0.00,0.00,,
BBTC,BOMBAY BURMAH TRADING,239564.00,4640.19,,
AKUMS,AKUMS DRUGS AND PHARMA L,446314.00,2333.20,,
OLAELEC,OLA ELECTRIC MOBILITY LTD,14022707.00,8420.36,,
CARBORUNIV,CARBORUNDUM UNIVERSAL LTD,335625.00,3364.97,,
MAPMYINDIA,C.E. INFO SYSTEMS LIMITED,200315.00,3722.59,,
KITEX,KITEX GARMENTS LTD,182002.00,374.22,,
ANGELONE,ANGEL ONE LIMITED,1306579.00,33745.00,,
LICI,LIFE INSURA CORP OF INDIA,3453618.00,31502.05,,
HEG,HEG LIMITED,1635631.00,8568.65,,
AARTIIND,AARTI INDUSTRIES LTD,3949422.00,17461.97,,
TEGA,TEGA INDUSTRIES LIMITED,1831564.00,36534.01,,
EMBDL,EMBASSY DEVELOPMENTS LTD,38079413.00,44504.91,,
UNICHEMLAB,UNICHEM LABORATORIES LTD,89526.00,542.47,,
RKFORGE,RAMKRISHNA FORGINGS LTD,2510919.00,15915.20,,
BECTORFOOD,MRS BECTORS FOOD SPE LTD,219706.00,3145.25,,
EXIDEIND,CHLORIDIND - DEPONPP ML,5854440.00,25685.34,,
JINDALSAW,JINDAL SAW LIMITED,8718448.00,20009.04,,
SNOWMAN,SNOWMAN LOGISTICS LTD.,1234185.00,795.52,,
GAEL,GUJARAT AMBUJA EXPORTS LT,1887788.00,2373.16,,
RAILTEL,RAILTEL CORP OF IND LTD,6837220.00,28371.36,,
CHENNPETRO,CHENNAI PETRO CORP LTD DE,1666361.00,12187.90,,
SCHNEIDER,SCHNEIDER ELECTRIC INFRA,70896.00,599.69,,
FISCHER,FISCHER MEDICAL VENTURE L,116656.00,126.27,,
DIACABS,DIAMOND POWER INFRA LTD,3159421.00,4784.86,,
AURIONPRO,AURIONPRO SOLUTIONS LIMIT,396099.00,5133.97,,
KIRLOSENG,KIRLOSKAR OIL ENG LTD,386048.00,3613.10,,
RBA,RESTAURANT BRAND ASIA LTD,5615557.00,4731.72,,
APTECHT,APTECH LIMITED,78745.00,117.97,,
IOB,INDIAN OVERSEAS BANK,29185818.00,12520.99,,
GRAVITA,GRAVITA INDIA LIMITED,850184.00,15305.99,,
ASALCBR,ASSO ALCOHOLS & BREW LTD,104871.00,1032.92,,
SAGILITY,SAGILITY LIMITED,29986946.00,13333.86,,
SKFINDIA,SKF INDIA LTD,67006.00,3159.73,,
NIBE,NIBE LIMITED,11107.00,174.84,,
NATIONALUM,NATIONAL ALUMINIUM CO LTD,9256251.00,18430.24,,
DEEPAKNTR,DEEPAK NITRITE LTD,611553.00,12351.19,,
ASHOKA,ASHOKA BUILDCON LTD,4873522.00,10289.58,,
STARHEALTH,STAR HEALTH & AL INS CO L,1165177.00,5389.64,,
TVTODAY,TV TODAY NETWORK LTD,274107.00,516.74,,
PPLPHARMA,PIRAMAL PHARMA LIMITED,9390409.00,19454.00,,
DELTACORP,DELTA CORP LIMITED,9147168.00,8867.90,,
FIBERWEB,FIBERWEB INDIA LIMITED,5666.00,2.73,,
AVADHSUGAR,AVADH SUG & ENERGY LTD,240415.00,1248.97,,
ORIENTCER,ORIENT CERATECH LIMITED,71080.00,28.15,,
MIRZAINT,MIRZA INTERNATIONAL LIMIT,181796.00,75.94,,
SRHHYPOLTD,SREE RAYALSEEMA HHP LTD.,51331.00,336.84,,
MCLEODRUSS,MCLEOD RUSSEL INDIA LTD.,147395.00,55.43,,
GSFC,GUJARAT STATE FERT LTD.,7013600.00,14719.12,,
OFSS,ORACLE FIN SERV SOFT LTD.,186971.00,17111.24,,
RCF,RASHTRIYA CHEM FERT LTD.,9919147.00,16266.82,,
GMRP&UI,GMR POW AND URBAN INFRA L,12245578.00,14243.26,,
TRACXN,TRACXN TECHNOLOGIES LTD,281744.00,189.89,,
IRMENERGY,IRM ENERGY LIMITED,303803.00,1115.72,,
SUMICHEM,SUMITOMO CHEM INDIA LTD,584560.00,3327.98,,
DIVISLAB,DIVI S LABORATORIES LTD,257115.00,15986.82,,
ADANIGREEN,ADANI GREEN ENERGY LTD,2515825.00,26773.01,,
SENCO,SENCO GOLD LIMITED,907603.00,3550.52,,
ICICIPRULI,ICICI PRU LIFE INS CO LTD,1004439.00,6335.56,,
WSTCSTPAPR,WEST COAST PAPER MILLS,351323.00,1918.95,,
CANFINHOME,CANFIN HOMES LTD,644804.00,5016.46,,
TVSMOTOR,TVS MOTOR COMPANY  LTD,207989.00,6928.98,,
MCX,MULTI COMMODITY EXCHANGE,378868.00,30486.00,,
WOCKPHARMA,WOCKHARDT LIMITED,1865304.00,28496.62,,
KPIGREEN,KPI GREEN ENERGY LIMITED,1907829.00,9344.02,,
BERGEPAINT,BERGER PAINTS (I) LTD,342973.00,1905.14,,
DIGITIDE,DIGITIDE SOLUTIONS LTD,468607.00,1004.10,,
HEMIPROP,HEMISPHERE PROP IND LTD,3324635.00,5475.95,,
KFINTECH,KFIN TECHNOLOGIES LIMITED,1934184.00,23152.48,,
EFCIL,EFC (I) LIMITED,6541.00,19.94,,
FINCABLES,FINOLEX CABLES LTD,1013537.00,9734.56,,
SMCGLOBAL,SMC GLOBAL SECURITIES LTD,1184783.00,1725.11,,
GULPOLY,GULSHAN POLYOLS LIMITED,288159.00,511.61,,
IMFA,INDIAN METALS & FERRO,246473.00,2061.47,,
ARIHANTCAP,ARIHANT CAPITAL MKTS LTD,302916.00,323.06,,
TVSSCS,TVS SUPPLY CHAIN SOL L,3084450.00,4406.83,,
SILVERETF,UTIAMC - SILVERETF,761262.00,991.24,,
VIKRAMSOLR,VIKRAM SOLAR LIMITED,127439.00,421.50,,
GLAND,GLAND PHARMA LIMITED,173436.00,3418.77,,
M&MFIN,M&M FIN. SERVICES LTD,2069505.00,5799.61,,
BHARATFORG,BHARAT FORGE LTD,1198090.00,15358.62,,
CMSINFO,CMS INFO SYSTEMS LIMITED,611478.00,2638.69,,
SYNGENE,SYNGENE INTERNATIONAL LTD,699772.00,4817.19,,
NIACL,THE NEW INDIA ASSU CO LTD,3303556.00,7073.65,,
LIQUIDBEES,NIP IND ETF LIQUID BEES,70638.00,706.53,,
DIXON,DIXON TECHNO (INDIA) LTD,173374.00,28574.69,,
AZAD,AZAD ENGINEERING LIMITED,507179.00,8545.55,,
NSLNISP,NMDC STEEL LIMITED,20712587.00,9375.27,,
HERITGFOOD,HERITAGE FOODS LTD,1088945.00,5459.22,,
TECHNOE,TECHNO ELEC & ENG CO. LTD,604854.00,8637.84,,
GOKEX,GOKALDAS EXPORTS LTD.,913817.00,7422.43,,
SFL,SHEELA FOAM LIMITED,384045.00,2805.58,,
FLUOROCHEM,GUJARAT FLUOROCHEM LTD,558976.00,20713.44,,
SEQUENT,SEQUENT SCIENTIFIC LTD.,1237951.00,2357.07,,
VARROC,VARROC ENGINEERING LTD.,383181.00,2282.22,,
ETHOSLTD,ETHOS LIMITED,33158.00,881.56,,
WELENT,WELSPUN ENTERPRISES LTD.,935383.00,4763.40,,
BBOX,BLACK BOX LIMITED,47772.00,247.91,,
ABDL,ALLIED BLEND N DISTILS L,906476.00,4406.08,,
FORTIS,FORTIS HEALTHCARE LTD,462008.00,3739.96,,
WCIL,WESTERN CARRIERS (IND) L,1039174.00,1368.40,,
IIFLCAPS,IIFL CAPITAL SERVICES LTD,1358440.00,4224.02,,
GUJALKALI,GUJARAT ALKALIES & CHEM,364544.00,2358.50,,
STYRENIX,STYRENIX PERFORMANCE LTD,109370.00,2968.12,,
BOROLTD,BOROSIL LIMITED,334163.00,1251.46,,
ANDHRAPAP,ANDHRA PAPER LIMITED,597007.00,503.25,,
BBL,BHARAT BIJLEE LTD,110258.00,3267.07,,
DHANBANK,DHANLAXMI BANK LIMITED,504326.00,139.46,,
BANCOINDIA,BANCO PRODUCTS (I) LTD,363857.00,2623.19,,
NITCO,NITCO LIMITED,545992.00,735.56,,
BATAINDIA,BATA INDIA LTD,305954.00,3893.53,,
VADILALIND,VADILAL INDUSTRIES LTD,15636.00,861.33,,
ACUTAAS,ACUTAAS CHEMICALS LIMITED,259718.00,3362.60,,
KALAMANDIR,SAI SILKS (KALAMANDIR) L,2619606.00,4556.99,,
NPST,NETWORK PEOPLE SRV TECH L,40535.00,830.05,,
MAXESTATES,MAX ESTATES LIMITED,316259.00,1567.76,,
BAJAJCON,BAJAJ CONSUMER CARE LTD,1625170.00,3844.70,,
RADIANTCMS,RADIANT CASH MGMT SER LTD,367411.00,228.22,,
INDOTHAI,INDO THAI SEC LTD,102785.00,283.14,,
GOKULAGRO,GOKUL AGRO RESOURCES LTD,201456.00,732.52,,
YATHARTH,YATHARTH HOSP & TRA C S L,800972.00,5491.96,,
MICEL,MIC ELECTRONICS LTD,1773835.00,1207.26,,
NAVNETEDUL,NAVNEET EDUCATION LTD,648120.00,1006.64,,
PPL,PRAKASH PIPES LIMITED,260392.00,956.62,,
STYLAMIND,STYLAM INDUSTRIES LIMITED,64477.00,1136.37,,
VISHNU,VISHNU CHEMICALS LIMITED,559049.00,2764.88,,
BORORENEW,BOROSIL RENEWABLES LTD,1330983.00,7832.61,,
BHARATSE,BHARAT SEATS LIMITED,37818.00,64.24,,
PSPPROJECT,PSP PROJECTS LIMITED,468711.00,3496.98,,
ADVENZYMES,ADVANCED ENZYME TECH LTD,651908.00,2320.99,,
MEDIASSIST,MEDI ASSIST HEALTH SER L,196618.00,1051.81,,
KMEW,KNOWLEDGE MARINE & EN W L,34992.00,735.38,,
KEI,KEI INDUSTRIES LIMITED,124237.00,4838.08,,
FCL,FINEOTEX CHEMICAL LIMITED,1392611.00,3687.87,,
GANDHAR,GANDHAR OIL REFINE IND L,728664.00,1266.84,,
ACCELYA,ACCELYA KALE SOLUTION LTD,294154.00,4253.73,,
RUBYMILLS,THE RUBY MILLS LTD,6359.00,15.81,,
BLUEDART,BLUE DART EXPRESS LTD,73508.00,4553.48,,
SANDHAR,SANDHAR TECHNOLOGIES LTD,368339.00,1758.65,,
GRINFRA,G R INFRAPROJECTS LIMITED,70744.00,945.19,,
BARBEQUE,BARBEQUE NATION HOSP. LTD,389185.00,1104.90,,
DBCORP,D.B.CORP LTD,136108.00,369.03,,
LUMAXIND,LUMAX INDUSTRIES LTD,8377.00,370.08,,
HLEGLAS,HLE GLASCOAT LIMITED,297655.00,1536.26,,
NOCIL,NOCIL LIMITED,2339537.00,5014.01,,
VAKRANGEE,VAKRANGEE LIMITED,404274.00,45.36,,
KOKUYOCMLN,KOKUYO CAMLIN LIMITED,158500.00,204.05,,
HUBTOWN,HUBTOWN LIMITED,3164239.00,9329.85,,
JAGSNPHARM,JAGSONPAL PHARMACEUTICALS,139827.00,348.24,,
CCL,CCL PRODUCTS (I) LTD,150372.00,1267.99,,
SIMPLEXINF,SIMPLEX INFRASTRUCTURES L,148444.00,447.91,,
ARVSMART,ARVIND SMARTSPACES LTD,157786.00,1059.66,,
APOLLOTYRE,APOLLO TYRES LTD,1287474.00,6226.84,,
AKZOINDIA,AKZO NOBEL INDIA LIMITED,29247.00,1044.43,,
CAPLIPOINT,CAPLIN POINT LAB LTD.,122677.00,2620.85,,
CENTURYPLY,CENTURY PLYBOARDS (I) LTD,62850.00,519.66,,
USHAMART,USHA MARTIN LTD.,2261771.00,8984.44,,
ABBOTINDIA,ABBOTT INDIA LIMITED,11150.00,3524.52,,
MANORAMA,MANORAMA INDUSTRIES LTD,227808.00,3301.52,,
GODREJIND,GODREJ INDUSTRIES LTD,171254.00,2036.41,,
STOVEKRAFT,STOVE KRAFT LIMITED,203684.00,1375.01,,
FINEORG,FINE ORGANIC IND. LTD.,29482.00,1435.82,,
JINDALPOLY,JINDAL POLY FILMS LIMITED,198271.00,1261.17,,
SHREEPUSHK,SHRE PUSH CHEM & FERT LTD,101189.00,403.84,,
MID150BEES,NIP IND ETF MIDCAP 150,697645.00,1525.52,,
MODEFENCE,MOTILALAMC - MODEFENCE,5513226.00,4943.31,,
ICICIB22,ICICIPRAMC - BHARATIWIN,512071.00,567.04,,
ARISINFRA,ARISINFRA SOLUTIONS LTD,509995.00,801.62,,
MOM100,MOTILAL OS MIDCAP100 ETF,1270286.00,789.95,,
SPAL,S. P. APPARELS LIMITED,62358.00,477.38,,
EUREKAFORB,EUREKA FORBES LIMITED,100645.00,580.40,,
HDFCSILVER,HDFCAMC - HDFCSILVER,1804775.00,2284.61,,
QPOWER,QUALITY POWER ELEC EQUP L,761113.00,6061.53,,
BANKIETF,ICICIPRAMC - IPRU5008,307465.00,173.20,,
INDIGOPNTS,INDIGO PAINTS LIMITED,122900.00,1456.38,,
OILIETF,ICICIPRAMC - OILIETF,4009172.00,460.45,,
FEDFINA,FEDBANK FINANCIAL SER L,2954113.00,4090.86,,
SILVER1,KOTAKMAMC - KOTAKSILVE,377389.00,457.63,,
LICMFGOLD,LIC MF - LIC GOLD ETF,14279.00,1508.65,,
DDEVPLSTIK,DDEV PLASTIKS IND LTD,180971.00,575.50,,
ICRA,ICRA LIMITED,3621.00,240.65,,
AIAENG,AIA ENGINEERING LIMITED,76310.00,2535.98,,
LINCOLN,LINCOLN PHARMA LTD,143602.00,866.26,,
CONSUMIETF,ICICIPRAMC - ICICICONSU,65420.00,80.40,,
RATNAVEER,RATNAVEER PRECISION ENG L,412872.00,646.25,,
BSE500IETF,ICICIPRAMC - ICICI500,525034.00,205.71,,
ZOTA,ZOTA HEALTH CARE LIMITED,102970.00,1204.32,,
BANKNIFTY1,KOTAKMAMC-KOTAKBKETF,18730.00,104.71,,
DODLA,DODLA DAIRY LIMITED,53609.00,745.40,,
EBBETF0430,EDELAMC - EBBETF0430,893.00,13.67,,
MOLDTECH,MOLD-TEK TECHNOLOGIES LTD,29713.00,61.81,,
EMCURE,EMCURE PHARMACEUTICALS L,87192.00,1200.01,,
SMARTWORKS,SMARTWORKS COWORKING SP L,35821.00,191.76,,
APCOTEXIND,APCOTEX INDUSTRIES LIMITE,32025.00,135.73,,
AXISHCETF,AXISAMC - AXISHCETF,5029.00,7.12,,
HDFCQUAL,HDFCAMC - HDFCQUAL,27925.00,16.18,,
DCAL,DISHMAN CARBO AMCIS LTD,294271.00,848.98,,
WANBURY,WANBURY LIMITED,44281.00,115.10,,
SENSEXIETF,ICICI PRUD SENSEX ETF,11047.00,102.66,,
SRM,SRM CONTRACTORS LIMITED,88627.00,484.06,,
KICL,KALYANI INVEST CO LTD,4387.00,227.07,,
SILVERCASE,ZERODHAAMC - SILVERCASE,1015069.00,130.39,,
KABRAEXTRU,KABRA EXTRUSION TECHNIK L,6653.00,19.08,,
OBCL,ORISSA BENGAL CARRIER LTD,2382.00,1.43,,
MOHEALTH,MOTILALAMC - MOHEALTH,33810.00,15.11,,
ESILVER,EDELAMC - ESILVER,48151.00,61.57,,
CIFL,CAPITAL INDIA FINANCE LTD,30880.00,11.96,,
ABSLNN50ET,BIRLASLAMC - ABSLNN50ET,172813.00,131.30,,
EMULTIMQ,EDELAMC - EMULTIMQ,45305.00,19.37,,
NV20BEES,NIP IND ETF ETF NV20,22004.00,32.61,,
SETF10GILT,SBIAMC - SETF10GILT,6407.00,16.56,,
KRITINUT,KRITI NUTRIENTS LIMITED,50.00,0.05,,
INDOWIND,INDOWIND ENERGY LTD,14830.00,2.78,,
HINDCON,HINDCON CHEMICALS LIMITED,78.00,0.03,,
MANAKSIA,MANAKSIA LTD.,17951.00,15.49,,
KANORICHEM,KANORIA CHEM & IND LTD,12230.00,16.10,,
KESORAMIND,KESORAM INDUSTRIES LTD,155017.00,9.42,,
NAGAFERT,NAGARJUN FERT AND CHE LTD,41238.00,2.71,,
PVP,PVP VENTURES LIMITED,9158.00,2.52,,
ALMONDZ,ALMONDZ GLOBAL SECURITIES,11254.00,2.45,,
TEXMOPIPES,TEXMO PIPE & PRODUCTS LTD,18407.00,11.58,,
SUKHJITS,SUKHJIT STARCH & CHEM LTD,1741.00,3.57,,
ADVANIHOTR,ADVANI HOT.& RES.(I) LTD,37333.00,24.34,,
CHEVIOT,CHEVIOT COMPANY LIMITED,2758.00,35.44,,
SASTASUNDR,SASTASUNDAR VENTURES LTD,17949.00,52.89,,
ZIMLAB,ZIM LABORATORIES LIMITED,25007.00,27.19,,
HERCULES,HERCULES HOI. LTD.,1624.00,2.81,,
IFBAGRO,IFB AGRO INDUSTRIES LTD,129.00,1.07,,
USK,UDAYSHIVAKUMAR INFRA LTD,7712.00,2.72,,
AKSHOPTFBR,AKSH OPTIFIBRE LIMITED,15000.00,1.13,,
ABSLBANETF,BIRLASLAMC - ABSLBANETF,19395.00,10.82,,
KRYSTAL,KRYSTAL INTEGRATED SER L,32510.00,216.96,,
SBIETFCON,SBIAMC - SBIETFCON,7474.00,9.49,,
AONELIQUID,AONEAMC - AONELIQUID,6.00,0.06,,
MOTOUR,MOTILALAMC - MOTOUR,1.00,0.00,,
BBETF0432,EDELAMC - BBETF0432,193.00,2.48,,
MEGASTAR,MEGASTAR FOODS LIMITED,32.00,0.10,,
HISARMETAL,HISAR METAL IND. LIMITED,2099.00,4.56,,
SALSTEEL,S.A.L. STEEL LTD.,15771.00,2.97,,
TPLPLASTEH,TPL PLASTECH LIMITED,75294.00,64.96,,
IVZINGOLD,INVESCO INDIA GOLD ETF,49.00,4.62,,
EUROBOND,EURO PANEL PRODUCTS LTD,2187.00,4.93,,
ASPINWALL,ASPINWALL & CO LTD,240.00,0.68,,
SPECTRUM,SPECTRUM ELECTRIC IND LTD,233.00,3.77,,
CLEDUCATE,CL EDUCATE LIMITED,1.00,0.00,,
KILITCH,KILITCH DRUGS INDIA LTD,1.00,0.00,,
DOLPHIN,DOLPHIN OFF ENT (IND) L,307.00,1.28,,
SURANAT&P,SURANA TELECOM AND POW LT,30499.00,7.40,,
SUPERHOUSE,SUPERHOUSE LIMITED,2761.00,5.12,,
MANAKALUCO,MANAK ALUMINIUM CO. LTD.,200.00,0.06,,
IIFL,SEC RED NCD 9.60 % SR. I,2021521.00,8847.57,,
TATASTEEL,TATA STEEL LIMITED,12194747.00,19181.00,,
BALMLAWRIE,BALMER LAWRIE & CO LTD,1811636.00,4167.43,,
GARFIBRES,GARWARE TECH FIBRES LTD,71289.00,611.16,,
CUMMINSIND,CUMMINS INDIA LTD,171508.00,6618.58,,
3IINFOLTD,3I INFOTECH LIMITED,818196.00,288.79,,
NIFTYBEES,NIP IND ETF NIFTY BEES,5340562.00,14856.94,,
PENINLAND,PENINSULA LAND LIMITED,198900.00,72.71,,
CAMS,COMPUTER AGE MNGT SER LTD,932325.00,38104.58,,
INDGN,INDEGENE LIMITED,1004771.00,5949.86,,
ADANIENT,ADANIENTLTDNPP291299DEPO,878337.00,22950.16,,
SUVEN,SUVEN LIFE SCIENCES LTD,86293.00,178.90,,
LTF,L&T FINANCE LIMITED,3667551.00,7589.31,,
HCC,HINDUSTAN CONSTRUCTION CO,5039518.00,1527.89,,
UTKARSHBNK,UTKARSH SMALL FIN BANK L,13226000.00,3821.30,,
IDBI,IDBI BANK LIMITED,36021437.00,33166.94,,
RRKABEL,R R KABEL LIMITED,265835.00,3572.25,,
STLTECH,STERLITE TECHNOLOGIES LTD,1361331.00,1598.71,,
IPL,INDIA PESTICIDES LIMITED,875795.00,1934.39,,
SARDAEN,SARDA ENERGY & MIN LTD,1566546.00,8685.42,,
ONESOURCE,ONESOURCE SPECL PHARMA L,182403.00,3707.60,,
ORISSAMINE,ORISSA MIN DEV CO LTD,33516.00,1969.47,,
SWIGGY,SWIGGY LIMITED,6993523.00,30172.89,,
JWL,JUPITER WAGONS LIMITED,4641232.00,17792.55,,
RITES,RITES LIMITED,4815466.00,13899.30,,
MARATHON,MARATHON NXTGEN REALT LTD,1047403.00,6791.83,,
MOBIKWIK,ONE MOBIKWIK SYSTEMS LTD,2671598.00,7766.01,,
MIDHANI,MISHRA DHATU NIGAM LTD,2643246.00,10971.54,,
HILTON,HILTON METAL FORGING LTD,103649.00,48.17,,
WELSPUNLIV,WELSPUN LIVING LIMITED,9984364.00,14176.40,,
HBLENGINE,HBL ENGINEERING LTD,3133556.00,22763.96,,
MANCREDIT,MANGAL CREDIT N FINCORP L,3880.00,6.89,,
PATELENG,PATEL ENGINEERING LTD.,5861749.00,2528.01,,
BEPL,BHANSALI ENG. POLYMERS LT,2718675.00,3242.40,,
NFL,NATIONAL FERT. LTD,9553388.00,10058.56,,
TRIVENI,TRIVENI ENGG. & INDS. LTD,1238809.00,4823.56,,
SHIVALIK,SHIVALIK RASAYAN LIMITED,26930.00,152.83,,
ROSSARI,ROSSARI BIOTECH LIMITED,193505.00,1373.24,,
LATENTVIEW,LATENT VIEW ANALYTICS LTD,890994.00,3876.56,,
AUTOAXLES,AUTOMOTIVE AXLES LIMITED,25570.00,474.35,,
MANAKCOAT,MAN COAT METAL & IND LTD,108705.00,149.67,,
NDL,NANDAN DENIM LIMITED,367345.00,14.02,,
ZAGGLE,ZAGGLE PREPA OCEAN SER L,1657858.00,6153.10,,
CGPOWER,CG POWER AND IND SOL LTD,3665560.00,25817.18,,
LOTUSDEV,SRI LOTUS DEVLPRS N RTY L,1685432.00,3273.18,,
EIDPARRY,EID PARRY LTD.,225404.00,2392.51,,
COLPAL,COLGATE PALMOLIVE LTD.,616419.00,14941.77,,
NYKAA,FSN E COMMERCE VENTURES,1812850.00,4091.99,,
AGI,AGI GREENPAC LIMITED,470819.00,4102.34,,
CIGNITITEC,CIGNITI TECHNOLOGIES LTD,74998.00,1150.61,,
ENDURANCE,ENDURANCE TECHNO. LTD.,108740.00,3099.14,,
RAYMOND,RAYMOND LTD,736209.00,5496.47,,
BLUESTARCO,BLUE STAR LTD.,202329.00,3828.02,,
GOLDIAM,GOLDIAM INTERNATIONAL LIM,2062252.00,7840.00,,
GVT&D,GE VERNOVA T&D INDIA LTD,111086.00,3144.44,,
GODAVARIB,GODAVARI BIOREFINERIES L,10800.00,29.85,,
REDTAPE,REDTAPE LIMITED,1314126.00,1978.41,,
VASCONEQ,VASCON ENGINEERS LTD,4119870.00,2591.60,,
ROTO,ROTO PUMPS LIMITED,884060.00,820.33,,
INDOBORAX,INDO BORAX & CHEMICAL LTD,2088.00,3.82,,
HINDPETRO,HINDPETROLTDNPP161299DEPO,1699434.00,6945.29,,
JINDWORLD,JINDAL WORLDWIDE LTD,2842049.00,1347.99,,
ADANIPORTS,ADANI PORT & SEZ LTD,2006498.00,27913.75,,
FORCEMOT,FORCE MOTORS LIMITED,60160.00,9767.22,,
DREDGECORP,DREDGING CORP OF INDIA,157987.00,1104.34,,
KSB,KSB LIMITED,144165.00,1207.18,,
SAKSOFT,SAKSOFT LIMITED,694917.00,1518.56,,
NAHARSPING,NAHAR SPINNING MILLS LTD.,59898.00,147.38,,
RPSGVENT,RPSG VENTURES LIMITED,583405.00,5503.89,,
BAIDFIN,BAID FINSERV LIMITED,37553.00,4.64,,
OSWALGREEN,OSWAL GREENTECH LIMITED,261235.00,116.41,,
GESHIP,THE GE SHPG.LTD,955473.00,10208.99,,
KANSAINER,KANSAI NEROLAC PAINTS LTD,698470.00,1803.13,,
HPL,HPL ELECTRIC & POWER LTD,726299.00,3940.65,,
DCBBANK,DCB BANK LIMITED,5335391.00,6883.02,,
TECHM,TECH MAHINDRA LIMITED,1434209.00,22423.85,,
CIPLA,CIPLA NPP101299 DEPO,326680.00,5019.07,,
OSWALPUMPS,OSWAL PUMPS LIMITED,505631.00,4068.63,,
SONACOMS,SONA BLW PRECISION FRGS L,4245971.00,20035.86,,
ECLERX,ECLERX SERVICES LIMITED,62347.00,2506.36,,
TATAGOLD,TATAAML-TATAGOLD,14029215.00,1530.58,,
CEATLTD,CEAT LIMITED,147863.00,5155.39,,
ORIENTTECH,ORIENT TECHNOLOGIES LTD,348485.00,1330.28,,
CONCORDBIO,CONCORD BIOTECH LIMITED,202971.00,3530.56,,
AGIIL,AGI INFRA LIMITED,455726.00,4671.38,,
AEROFLEX,AEROFLEX INDUSTRIES LTD,2449216.00,4731.69,,
WEBELSOLAR,WEBSOL ENERGY SYSTEM LTD,374157.00,5005.39,,
KIOCL,KIOCL LIMITED,347053.00,1518.13,,
SEAMECLTD,SEAMEC LIMITED,115138.00,1114.16,,
M&M,MAHINDRA & MAHINDRA LTD,893453.00,30713.85,,
MUKANDLTD,MUKAND LIMITED,427838.00,626.54,,
SALZERELEC,SALZER ELECTRONICS LTD,269287.00,2468.54,,
MAXIND,MAX INDIA LIMITED,16861.00,37.39,,
JAIBALAJI,JAI BALAJI INDUSTRIES LTD,8963997.00,10595.40,,
HINDUNILVR,HINDUSTAN UNILEVER LTD.,526698.00,13499.80,,
RAYMONDLSL,RAYMOND LIFESTYLE LIMITED,377688.00,4617.75,,
LAOPALA,LA OPALA RG LIMITED,298189.00,834.40,,
ENTERO,ENTERO HEALTHCARE SOLU L,302599.00,3636.34,,
SPARC,SUN PHARMA ADV.RES.CO.LTD,1683117.00,2759.39,,
FINOPB,FINO PAYMENTS BANK LTD,823586.00,2379.05,,
SIGNATURE,SIGNATUREGLOBAL INDIA LTD,753202.00,9044.58,,
GHCL,GHCL LIMITED,582642.00,3519.76,,
STERTOOLS,STERLING TOOLS LTD.,327448.00,1249.20,,
RAJRATAN,RAJRATAN GLOBAL WIRE LTD,412350.00,1508.33,,
63MOONS,63 MOONS TECHNOLOGIES LTD,309688.00,2764.73,,
ASTEC,ASTEC LIFESCIENCES LTD,319860.00,3236.66,,
STEELCAS,STEELCAST LIMITED,33072.00,76.65,,
NITINSPIN,NITIN SPINNERS LIMITED,283292.00,1060.83,,
NESCO,NESCO LTD.,254107.00,3271.45,,
GRMOVER,GRM OVERSEAS LIMITED,2344185.00,8512.92,,
VRLLOG,VRL LOGISTICS LIMITED,724760.00,2084.49,,
QUESS,QUESS CORP LIMITED,533828.00,1727.11,,
GOODLUCK,GOODLUCK INDIA LIMITED,776362.00,7854.29,,
FCSSOFT,FCS SOFTWARE SOLN. LTD.,399225.00,11.32,,
ANUHPHR,ANUH PHARMA LIMITED,25383.00,24.53,,
INDOFARM,INDO FARM EQUIPMENT LTD,252710.00,627.51,,
SYRMA,SYRMA SGS TECHNOLOGY LTD,1150932.00,8813.65,,
EQUITASBNK,EQUITAS SMALL FIN BNK LTD,10760065.00,6896.77,,
ALKYLAMINE,ALKYL AMINES CHEM. LTD,149027.00,3153.26,,
AMBIKCO,AMBIKA COTTON MILL LTD.,16753.00,258.20,,
POWERMECH,POWER MECH PROJECTS LTD.,258922.00,7755.02,,
EVEREADY,EVEREADY INDS. IND.  LTD.,1391352.00,5765.63,,
MARICO,MARICO LIMITED,483424.00,3469.99,,
ICIL,INDO COUNT INDUSTRIES LTD,792528.00,2433.17,,
RITCO,RITCO LOGISTICS LIMITED,125474.00,399.90,,
PRABHA,PRABHA ENERGY LIMITED,12715.00,31.53,,
ROHLTD,ROYAL ORCHID HOTELS LTD,355975.00,1613.90,,
JSFB,JANA SMALL FIN BANK LTD,347285.00,1768.10,,
MEDPLUS,MEDPLUS HEALTH SERV LTD,635745.00,4821.14,,
GPTHEALTH,GPT HEALTHCARE LIMITED,547552.00,884.69,,
INDRAMEDCO,INDRAPRASTHA MED CORP,454576.00,2160.23,,
LMW,LMW LIMITED,20142.00,3039.09,,
MEDANTA,GLOBAL HEALTH LIMITED,170082.00,2266.41,,
TCPLPACK,TCPL PACKAGING LIMITED,25178.00,1012.65,,
APTUS,APTUS VALUE HSG FIN I LTD,1895546.00,6275.59,,
CSLFINANCE,CSL FINANCE LIMITED,8193.00,25.94,,
DHANUKA,DHANUKA AGRITECH LTD,81799.00,1345.33,,
STEELXIND,STEEL EXCHANGE INDIA LTD,4135616.00,442.11,,
PSUBNKBEES,NIP IND ETF PSU BANK BEES,4905520.00,3985.94,,
APLLTD,ALEMBIC PHARMA LTD,214746.00,2191.96,,
PICCADIL,PICCADILY AGRO INDUSTRI L,119604.00,844.94,,
FILATEX,FILATEX INDIA LTD,2875699.00,1590.53,,
MBAPL,MADHYA BHARAT AGRO PROD L,139934.00,586.64,,
BASF,BASF INDIA LTD,168645.00,8722.17,,
ALKEM,ALKEM LABORATORIES LTD.,25747.00,1411.21,,
JSWSTEEL,JSW STEEL LIMITED,286891.00,3009.17,,
SENORES,SENORES PHARMACEUTICALS L,522446.00,3541.79,,
HONDAPOWER,HONDA I POWER PRODUCT LTD,24393.00,727.13,,
VIJAYA,VIJAYA DIAGNOSTIC CEN LTD,122164.00,1305.62,,
MAITHANALL,MAITHAN ALLOYS LTD,201102.00,2290.91,,
MAFANG,MIRAEAMC - MAFANG,499812.00,747.51,,
HNGSNGBEES,NIP IND ETF HANGSENG BEES,409967.00,1981.96,,
ALPHA,KOTAKMAMC - KOTAKALPHA,5158055.00,2543.06,,
AUTOIETF,ICICIPRAMC - ICICIAUTO,1615168.00,439.22,,
MAHKTECH,MIRAEAMC - MAHKTECH,2617367.00,658.06,,
LANDMARK,LANDMARK CARS LIMITED,66641.00,393.84,,
SETFGOLD,SBI-ETF GOLD,997137.00,959.20,,
AXISGOLD,AXIS MF - AXIS GOLD ETF,2210995.00,2092.20,,
GALLANTT,GALLANTT ISPAT LIMITED,130392.00,893.18,,
LIQUIDCASE,ZERODHAAMC - LIQUIDCASE,180531.00,199.48,,
SATIA,SATIA INDUSTRIES LIMITED,914623.00,842.47,,
TATVA,TATVA CHIN PHARM CHEM LTD,172013.00,1785.87,,
SOMANYCERA,SOMANY CERAMICS LIMITED,111491.00,590.18,,
SILVERIETF,ICICIPRAMC - ICICISILVE,3492435.00,4588.39,,
ITIETF,ICICIPRAMC - ICICITECH,1822709.00,722.94,,
AXISILVER,AXISAMC - AXISILVER,309142.00,403.09,,
LOWVOLIETF,ICICI PR NIF LW VL 30 ETF,950150.00,211.29,,
WEL,WONDER ELECTRICALS LTD,1260486.00,1908.52,,
LIQUIDETF,DSP LIQUID ETF,3808.00,38.18,,
NUVOCO,NUVOCO VISTAS CORP LTD,621060.00,2656.95,,
EBBETF0433,EDELAMC - EBBETF0433,175.00,2.20,,
TNIDETF,TATAAML - TNIDETF,60553.00,55.69,,
QGOLDHALF,QUANTUM GOLD FUND,246447.00,231.47,,
NIFTYETF,MIRAEAMC - MAN50ETF,217514.00,575.42,,
HDFCNIFTY,HDFCAMC - HDFCNIFTY,53558.00,145.54,,
HEALTHY,BIRLASLAMC - HEALTHY,207711.00,30.87,,
AWHCL,ANTONY WASTE HDG CELL LTD,262156.00,1644.23,,
VRAJ,VRAJ IRON AND STEEL LTD,53514.00,119.09,,
GTL,GTL LTD  SYSNPP210499,110321.00,13.81,,
SPORTKING,SPORTKING INDIA LIMITED,346941.00,401.62,,
GROWWEV,GROWWAMC - GROWWEV,239302.00,73.13,,
BESTAGRO,BEST AGROLIFE LIMITED,64673.00,302.70,,
RUSTOMJEE,KEYSTONE REALTORS LIMITED,44525.00,281.18,,
BRIGHOTEL,BRIGADE HOTEL VENTURE LTD,195795.00,167.06,,
NETF,TATAAML - NETF,24103.00,64.64,,
MNC,KOTAKMAMC - KOTAKMNC,268077.00,83.03,,
NEXT30ADD,DSPAMC - NEXT30ADD,2374.00,0.92,,
UTINEXT50,UTIAMC - UTINEXT50,183092.00,140.94,,
EQUAL50ADD,DSPAMC - DSPNEWETF,18191.00,59.54,,
GOLDETFADD,DSPAMC - DSPGOLDETF,23430.00,25.80,,
ARROWGREEN,ARROW GREENTECH LIMITED,5348.00,32.49,,
INTERARCH,INTERARCH BLDNG SOLTN LTD,16334.00,323.86,,
PUNJABCHEM,PUNJAB CHEM & CROP PROT L,28402.00,377.71,,
KAMATHOTEL,KAMAT HOTELS (I) LTD,163993.00,491.70,,
MULTICAP,MIRAEAMC - MULTICAP,122958.00,19.45,,
ENIL,ENTERTAIN NET. IND. LTD.,34953.00,57.47,,
COMSYN,COMMERCIAL SYN BAGS LTD,2676.00,4.11,,
REMSONSIND,REMSONS INDUSTRIES LTD,119932.00,163.20,,
ONEPOINT,ONE POINT ONE SOL LTD,474482.00,222.16,,
MAWANASUG,MAWANA SUGARS LIMITED,27546.00,27.48,,
AFIL,AKME FINTRADE (INDIA) LTD,12633819.00,978.43,,
VIPULLTD,VIPUL LIMITED,209995.00,21.79,,
BEARDSELL,BEARDSELL LIMITED,4324.00,1.50,,
PREMIERPOL,PREMIER POLYFILMS LTD,2588.00,1.26,,
DUCON,DUCON INFRATECHNOLOGIES L,123223.00,7.68,,
NINSYS,NINTEC SYSTEMS LIMITED,2407.00,12.53,,
HERANBA,HERANBA INDUSTRIES LTD,113264.00,389.82,,
MAGNUM,MAGNUM VENTURES LTD.,8848.00,2.91,,
PSUBANKADD,DSPAMC - DSPPSBKETF,45513.00,33.83,,
MOVALUE,MOTILALAMC - MOVALUE,145717.00,149.04,,
KERNEX,KERNEX MICROSYS(I) LTD,32936.00,340.57,,
MARALOVER,MARAL OVERSEAS LTD,127.00,0.06,,
UNITEDTEA,UNITED NILGIRI TEA LTD,50.00,0.25,,
ISFT,INTRASOFT TECH. LTD,173820.00,195.84,,
JOCIL,JOCIL LIMITED,0.00,0.00,,
RADIOCITY,MUSIC BROADCAST LIMITED,14167.00,1.43,,
AHLADA,AHLADA ENGINEERS LIMITED,5566.00,5.26,,
ARCHIDPLY,ARCHIDPLY IND. LTD,1100.00,1.13,,
AARVI,AARVI ENCON LIMITED,333.00,0.40,,
PONNIERODE,PONNIE SUGARS (ERODE) LTD,20252.00,66.68,,
NPBET,TATAAML - NPBET,4575.00,12.97,,
SGMART,SG MART LIMITED,2665.00,9.68,,
SOMICONVEY,SOMI CONVEYOR BELT. LTD.,125.00,0.17,,
RELCHEMQ,RELIANCE CHEMOTEX IND LTD,125.00,0.24,,
MIRCELECTR,MIRC ELECTRONICS LTD.,337.00,0.07,,
KMSUGAR,K.M.SUGAR MILLS LIMITED,4876.00,1.61,,
UCAL,UCAL LIMITED,15073.00,22.82,,
LIBERTSHOE,LIBERTYSHOESLTD,12832.00,47.10,,
BBNPNBETF,BARODABNP - BBNPNBETF,217.00,0.12,,
COMMOIETF,ICICIPRAMC - ICICICOMMO,71644.00,63.82,,
MSCIINDIA,KOTAKMAMC - MSCIINDIA,24373.00,7.17,,
NIF5GETF,UTIAMC - NIF5GETF,2036.00,1.30,,
MOINFRA,MOTILALAMC - MOINFRA,204.00,0.12,,
NIF10GETF,UTI NIFTY 10 YR BENCHMARK G-SE,199.00,0.05,,
SELECTIPO,MIRAEAMC - SELECTIPO,3401.00,1.68,,
JAYBARMARU,JAY BHARAT MARUTI LTD,17605.00,15.20,,
CPCAP,CP CAPITAL LIMITED,25.00,0.10,,
VISAKAIND,VISAKA INDUSTRIES LIMITED,16702.00,14.46,,
AXISBNKETF,AXISAMC - AXISBNKETF,476.00,2.69,,
UNIENTER,UNIPHOS ENTERPRISES LTD,1000.00,1.70,,
HTMEDIA,HT MEDIA LIMITED,10000.00,2.89,,
ZEELEARN,ZEE LEARN LIMITED,23500.00,2.31,,
ORIENTBELL,ORIENT BELL LIMITED,501.00,2.44,,
TREJHARA,TREJHARA SOLUTIONS LTD,1.00,0.00,,
ASAHISONG,ASAHI SONGWON COLOR LTD,1071.00,3.10,,
NRAIL,N R AGARWAL INDS LTD,5633.00,20.60,,
ASHIMASYN,ASHIMA LTD,1000.00,0.25,,
ANMOL,ANMOL INDIA LIMITED,2000.00,0.33,,
SHIVATEX,SHIVA TEXYARN LIMITED,10.00,0.02,,
