SEBI REPORT AS ON Reporting date 01-OCT-2025,,,,,,
,,,,,,
,,,,,,
Sr.No.,Particulars,Rs. In Lakhs ,,,,
1,Scripwise Total Outstanding on the beginning of the day,9944495.80,,,,
2,Fresh Exposure taken during the day,1038942.82,,,,
3,Exposure liquidated during the day,342506.99,,,,
4,Net scripwise outstanding at the end of the day,10640931.62,,,,
,,,,,,
,,,,,,
Symbol,Name,Qty Fin by all the members(No.of Shares),Amt Fin by all the members(Rs. In Lakhs),,,
JPPOWER,JAIPRAKASH POWER VEN. LTD,76066037.00,15644.62,,,
JBMA,JBM AUTO LIMITED,2443727.00,17076.56,,,
JSWINFRA,JSW INFRASTRUCTURE LTD,3928847.00,11898.44,,,
AFCONS,AFCONS INFRASTRUCTURE LTD,1365603.00,6152.48,,,
OMINFRAL,OM INFRA LIMITED,451314.00,529.88,,,
PGEL,PG ELECTROPLAST LTD,3965266.00,22091.64,,,
VHL,VARDHMAN HOLDINGS LIMITED,378.00,17.64,,,
TRANSRAILL,TRANSRAIL LIGHTING LTD,2780257.00,20618.25,,,
HCLTECH,HCL TECHNOLOGIES LTD,2295306.00,35389.55,,,
JIOFIN,JIO FIN SERVICES LTD,48108587.00,147413.29,,,
RTNINDIA,RATTANINDIA ENT LIMITED,16664149.00,9731.09,,,
PTC,PTC INDIA LIMITED,2994725.00,5453.47,,,
SPIC,SPIC LTD,2830738.00,2949.71,,,
BOMDYEING,BOMBAY DYEING & MFG. CO L,6572399.00,11145.18,,,
LEMONTREE,LEMON TREE HOTELS LTD,6137039.00,10105.05,,,
OSWALAGRO,OSWAL AGRO MILLS LTD,151275.00,130.01,,,
WAAREERTL,WAAREE RENEWABLE TECH LTD,461035.00,5113.70,,,
HARIOMPIPE,HARIOM PIPE INDUSTRIES L,480315.00,2581.64,,,
ASIANPAINT,ASIAN PAINTS LIMITED,822644.00,20475.31,,,
FEDERALBNK,FEDERAL BANK LTD.,5498151.00,11012.08,,,
POWERGRID,POWER GRID CORPORATION OF,5757398.00,17060.18,,,
SCODATUBES,SCODA TUBES LIMITED,352033.00,681.00,,,
INFIBEAM,INFIBEAM AVENUES LIMITED,25314743.00,4693.01,,,
RESPONIND,RESPONSIVE INDUSTRIES LTD,1981172.00,4548.82,,,
TITAGARH,TITAGARH RAIL SYSTEMS LTD,2451689.00,23241.05,,,
DAVANGERE,DAVANGERE SUGAR COMPANY L,7632839.00,303.30,,,
SIGACHI,SIGACHI INDUSTRIES LTD,9290884.00,4068.17,,,
SCILAL,SHIPPING CORP OF ILA LTD,2004118.00,1093.80,,,
MMTC,MMTC LIMITED,2227515.00,1608.21,,,
ASHOKLEY,ASHOK LEYLAND -DEP SETT,5402145.00,7130.33,,,
ACE,ACTION CONST EQUIP LTD,820528.00,9711.19,,,
ESCORTS,ESCORTS KUBOTA LIMITED,206263.00,7516.52,,,
FSL,FIRSTSOURCE SOLU. LTD.,1937640.00,6947.86,,,
INDHOTEL,THE INDIAN HOTELS CO. LTD,4143514.00,31646.00,,,
NTPC,8.41%S-R-NCD SERIES 1A,8196965.00,29175.64,,,
CRIZAC,CRIZAC LIMITED,604207.00,2026.11,,,
DAMCAPITAL,DAM CAPITAL ADVISORS LTD,1330890.00,3294.53,,,
DOLATALGO,DOLAT ALGOTECH LIMITED,649230.00,615.61,,,
LXCHEM,LAXMI ORGANIC INDUS LTD,2801711.00,6374.58,,,
SHAKTIPUMP,SHAKTI PUMPS (I) LTD,870797.00,7748.20,,,
ZENTEC,ZEN TECHNOLOGIES LIMITED,810293.00,13327.86,,,
SBFC,SBFC FINANCE LIMITED,3037518.00,3301.13,,,
BDL,BHARAT DYNAMICS LIMITED,3637431.00,62560.13,,,
NMDC,NMDC LIMITED,22628035.00,16633.22,,,
VEDL,VEDANTA LIMITED,14371180.00,64398.08,,,
UCOBANK,UCO BANK,35713063.00,12106.37,,,
RENUKA,SHREE RENUKA SUGARS LIMIT,21648652.00,7835.76,,,
EPACK,EPACK DURABLE LIMITED,1232839.00,4775.78,,,
AEGISVOPAK,AEGIS VOPAK TERMINALS LTD,334854.00,849.13,,,
PREMEXPLN,PREMIER EXPLOSIVES LTD,842546.00,4828.47,,,
APOLLO,APOLLO MICRO SYSTEMS LTD,3188411.00,8191.35,,,
COALINDIA,COAL INDIA LTD,9318867.00,37150.29,,,
SHRIRAMPPS,SHRIRAM PROPERTIES LTD,5635983.00,5574.18,,,
TEXINFRA,TEXMACO INFRA & HOLDG LTD,707693.00,828.62,,,
PAISALO,PAISALO DIGITAL LIMITED,12239245.00,4693.46,,,
PAGEIND,PAGE INDUSTRIES LIMITED,9326.00,4158.29,,,
POLICYBZR,PB FINTECH LIMITED,481614.00,8679.68,,,
BAJAJELEC,BAJAJ ELECT.LTD,378921.00,2328.14,,,
MHRIL,MAHINDRA HOLIDAYS LTD,288674.00,1057.11,,,
SBC,SBC EXPORTS LIMITED,29918627.00,5173.78,,,
HSCL,HIMADRI SPECIALITY CHEM L,4025002.00,19738.19,,,
LLOYDSME,LLOYDS METALS N ENERGY L,1321766.00,17316.65,,,
OLECTRA,OLECTRA GREENTECH LIMITED,2036569.00,31090.96,,,
RHIM,RHI MAGNESITA INDIA LTD,950675.00,4797.13,,,
VIKASLIFE,VIKAS LIFECARE LIMITED,752502.00,22.41,,,
CONFIPET,CONFIDENCE PETRO IND LTD.,3470876.00,2184.63,,,
TNPL,TAMILNADU NEWSPRT & PAPER,702881.00,1212.34,,,
TRITURBINE,TRIVENI TURBINE LIMITED,1082289.00,6485.02,,,
DATAMATICS,DATAMATICS GLOBAL SER.LTD,368564.00,3189.12,,,
HINDALCO,HINDALCO INDUSTRIES LTD,1279201.00,8825.12,,,
PRAKASH,PRAKASH INDUSTRIES LTD.,3246944.00,5375.37,,,
VENUSPIPES,VENUS PIPES & TUBES LTD,312146.00,4424.19,,,
CYIENT,CYIENT LIMITED,787926.00,10344.25,,,
JINDALSTEL,JINDAL STEEL LIMITED,292854.00,2902.12,,,
BAYERCROP,BAYER CROPSCIENCE LTD,69250.00,3702.92,,,
ACC,ACCNPP310899DEPO,790199.00,15242.20,,,
ZYDUSLIFE,ZYDUS LIFESCIENCES LTD,646732.00,6594.51,,,
MANKIND,MANKIND PHARMA LIMITED,212234.00,5399.51,,,
LUMAXTECH,LUMAX AUTO TECH LTD,172680.00,1772.40,,,
HYUNDAI,HYUNDAI MOTOR INDIA LTD,327409.00,8557.82,,,
TATACHEM,TATA CHEMICALS LTD.,1292420.00,12505.61,,,
FIRSTCRY,BRAINBEES SOLUTIONS LTD,2447763.00,9526.08,,,
ELGIEQUIP,ELGI 16% NCD 34-2002,887475.00,4741.68,,,
SUPREMEIND,SUPREME INDUSTRIES LTD,169142.00,7538.75,,,
VOLTAMP,VOLTAMP TRANSFORMERS LTD,122497.00,10176.05,,,
AVANTIFEED,AVANTI FEEDS LIMITED,1190911.00,8893.89,,,
GUJGASLTD,GUJARAT GAS LIMITED,516947.00,2550.20,,,
SBICARD,SBI CARDS & PAY SER LTD,664571.00,5982.76,,,
NAZARA,NAZARA TECHNOLOGIES LTD,31169795.00,89491.12,,,
TIRUMALCHM,THIRUMALAI CHEMICALS LTD,1505985.00,4451.73,,,
EICHERMOT,EICHER MOTOR LTD.,69070.00,4410.36,,,
INDIQUBE,INDIQUBE SPACES LIMITED,189144.00,446.17,,,
BELRISE,BELRISE INDUSTRIES LTD,14294864.00,20713.34,,,
ATHERENERG,ATHER ENERGY LIMITED,1006365.00,5414.49,,,
EMAMILTD,EMAMI LIMITED,628174.00,3783.12,,,
PHOENIXLTD,THE PHOENIX MILLS LTD,364020.00,5846.27,,,
SUNDARMFIN,SUNDARAM FINANCE LTD,41728.00,1979.93,,,
POWERINDIA,HITACHI ENERGY INDIA LTD,65431.00,12490.98,,,
KIMS,KRISHNA INST OF MED SCI L,502070.00,3602.76,,,
CPSEETF,CPSE ETF,2762377.00,2564.00,,,
KIRLPNU,KIRLOSKAR PNEUMATIC COM L,121048.00,1599.40,,,
IKS,INVENTURUS KNOWLEDGE SO L,468431.00,7509.47,,,
ASTRAZEN,ASTRAZENECA PHARMA INDIA,30769.00,2517.47,,,
COROMANDEL,COROMANDEL INTERNTL. LTD,218199.00,5157.37,,,
JBCHEPHARM,JBCHEPHARM,62353.00,1087.01,,,
SANGHVIMOV,SANGHVI MOVERS LTD,1266490.00,4191.57,,,
BRITANNIA,BRITANNIA INDUSTRIES LTD,74140.00,4402.04,,,
GLENMARK,GLENMARKNPP100100DEPO,296098.00,5985.70,,,
ROUTE,ROUTE MOBILE LIMITED,824927.00,8585.23,,,
AWFIS,AWFIS SPACE SOLUTIONS LTD,825770.00,5056.14,,,
KSCL,KAVERI SEED CO. LTD.,350936.00,4213.12,,,
SERVOTECH,SERVOTECH REN POW SYS LTD,498188.00,694.48,,,
LALPATHLAB,DR. LAL PATH LABS LTD.,69521.00,2257.74,,,
BLUEJET,BLUE JET HEALTHCARE LTD,2576646.00,19262.69,,,
BLACKBUCK,BLACKBUCK LIMITED,1421811.00,8347.87,,,
EPIGRAL,EPIGRAL LIMITED,265802.00,4747.79,,,
MFSL,MAX FINANCIAL SERV LTD,61214.00,943.30,,,
METROPOLIS,METROPOLIS HEALTHCARE LTD,45205.00,936.81,,,
PRIVISCL,PRIVI SPECIALITY CHE LTD,445306.00,10458.68,,,
DALMIASUG,DALMIA BHARAT SUG IN LTD,280193.00,1106.11,,,
IFBIND,IFB INDUSTRIES LTD,260131.00,4147.59,,,
SHIVAMAUTO,SHIVAM AUTO.LTD,55118.00,18.32,,,
GEOJITFSL,GEOJIT FINANCIAL SER L,1593595.00,1348.63,,,
RUSHIL,RUSHIL DECOR LIMITED,974607.00,328.82,,,
ALEMBICLTD,ALEMBIC LIMITED,2535562.00,3069.02,,,
ORIENTELEC,ORIENT ELECTRIC LIMITED,369648.00,817.74,,,
INTENTECH,INTENSE TECHNOLOGIES LTD,500.00,0.67,,,
BIRLANU,BIRLANU LIMITED,43021.00,946.46,,,
CENTEXT,CENTURY EXTRUSIONS LTD,6655.00,1.62,,,
STANLEY,STANLEY LIFESTYLES LTD,77551.00,255.67,,,
SUPRAJIT,SUPRAJIT ENGINEERING LIMI,264493.00,1265.90,,,
INDIANHUME,INDIAN HUME PIPE CO. LTD.,90352.00,377.30,,,
MAGADSUGAR,MAGADH SUGAR & ENERGY LTD,17629.00,123.73,,,
KUANTUM,KUANTUM PAPERS LIMITED,300664.00,366.16,,,
PILITA,PIL ITALICA LIFESTYLE LTD,70649.00,10.11,,,
HUHTAMAKI,HUHTAMAKI INDIA LIMITED,1129306.00,3940.23,,,
HINDCOMPOS,HINDUSTAN COMPOSITES LTD.,4159.00,19.55,,,
DLINKINDIA,D-LINK INDIA LTD,401302.00,2005.01,,,
KROSS,KROSS LIMITED,858351.00,1857.87,,,
THYROCARE,THYROCARE TECH LTD,56816.00,719.40,,,
THANGAMAYL,THANGAMAYIL JEWELLERY LTD,21816.00,454.98,,,
MOREALTY,MOTILALAMC - MOREALTY,881344.00,808.27,,,
RAMKY,RAMKY INFRA LTD,1270793.00,7270.83,,,
MOM30IETF,ICICIPRAMC - ICICIMOM30,3003021.00,971.86,,,
VIMTALABS,VIMTA LABS LIMITED,405169.00,3022.35,,,
FMCGIETF,ICICIPRAMC - ICICIFMCG,2837307.00,1699.06,,,
RPTECH,RASHI PERIPHERALS LIMITED,268611.00,865.77,,,
KRISHANA,KRISHANA PHOSCHEM LIMITED,88517.00,459.38,,,
JINDALPHOT,JINDAL PHOTO LIMITED,520.00,6.05,,,
AMRUTANJAN,AMRUTAJAN HEALTH LTD,41664.00,315.75,,,
GUJAPOLLO,GUJARAT APOLLO EQUIP LTD.,1130.00,5.67,,,
JGCHEM,J.G.CHEMICALS LIMITED,231806.00,1111.49,,,
SHALBY,SHALBY LIMITED,803197.00,1914.70,,,
AGARIND,AGARWAL INDS CORP LTD.,39987.00,406.05,,,
ZUARI,ZUARI AGRO CHEMICALS LTD,461813.00,1295.55,,,
JTEKTINDIA,JTEKT INDIA LIMITED,499109.00,877.63,,,
RISHABH,RISHABH INSTRUMENTS LTD,39894.00,167.07,,,
SANSTAR,SANSTAR LIMITED,1130760.00,1151.47,,,
BANKETFADD,DSPAMC - DSPBANKETF,4603.00,2.63,,,
SHOPERSTOP,SHOPPERS STOP LIMITED,68817.00,403.92,,,
HESTERBIO,HESTER BIOSCIENCES LTD,7283.00,155.49,,,
MANALIPETC,MANALI PETROCHEMICALS LT,715609.00,549.87,,,
TATSILV,TATAAML-TATSILV,7721746.00,1048.66,,,
UNIMECH,UNIMECH AEROSPACE N MFG L,29949.00,325.41,,,
GUJTHEM,GUJARAT THEMIS BIOSYN LTD,757904.00,2729.65,,,
RML,RANE (MADRAS) LIMITED,26544.00,232.70,,,
RPEL,RAGHAV PRODUCTIVITY ENH L,90506.00,588.66,,,
TARC,TARC LIMITED,1942325.00,3434.74,,,
SIS,SIS LIMITED,113581.00,420.16,,,
GREENLAM,GREENLAM INDUSTRIES LTD.,138846.00,356.76,,,
ALPL30IETF,ICICIPRAMC - ICICIALPLV,925769.00,263.54,,,
TOP10ADD,DSPAMC - TOP10ADD,121556.00,116.79,,,
VIKRAN,VIKRAN ENGINEERING LTD,53015.00,50.76,,,
BFSI,MIRAEAMC - MAFSETF,1252842.00,338.99,,,
MOLDTKPAC,MOLD-TEK PACKAGING LTD,177059.00,1268.48,,,
INFRABEES,NIP IND ETF INFRA BEES,38331.00,359.45,,,
SURYODAY,SURYODAY SMALL FIN BK LTD,565851.00,795.40,,,
WHEELS,WHEELS INDIA LTD,81034.00,658.37,,,
VIDHIING,VIDHI SPCLTY F INGRDNTS L,824648.00,3564.81,,,
SNXT30BEES,NIPPONAMC - SNXT30BEES,2550.00,1.00,,,
FOSECOIND,FOSECO INDIA LTD,4183.00,248.71,,,
MID150CASE,ZERODHAAMC - MID150CASE,1273765.00,137.11,,,
HIRECT,HIND RECTIFIER LIMITED,38995.00,628.39,,,
DOLLAR,DOLLAR INDUSTRIES LIMITED,170610.00,687.16,,,
FINIETF,ICICIPRAMC-ICICIFIN,562315.00,168.93,,,
MOQUALITY,MOTILALAMC - MOQUALITY,1270.00,2.48,,,
BANKBETF,BFAM - BANKBETF,13151.00,7.32,,,
TVSHLTD,TVS HOLDINGS LIMITED,15183.00,1822.81,,,
HDFCNIFIT,HDFCAMC - HDFCNIFIT,375524.00,140.13,,,
SENSEXETF,MIRAEAMC - SENSEXETF,5303.00,4.44,,,
EVIETF,ICICIPRAMC - EVIETF,188263.00,60.09,,,
NV20IETF,ICICI PRUDENTIAL NV20 ETF,857401.00,125.11,,,
TVSSRICHAK,TVS SRICHAKRA LIMITED,6262.00,212.75,,,
DIVGIITTS,DIVGI TORQTRANSFER SYST L,13228.00,88.89,,,
TOP100CASE,ZERODHAAMC - TOP100CASE,194422.00,20.70,,,
VAL30IETF,ICICIPRAMC - VAL30IETF,5452.00,0.72,,,
SUNDARAM,SUNDARAM MULTI PAP LTD,47893.00,0.99,,,
OAL,ORIENTAL AROMATICS LTD,21523.00,98.20,,,
JAYAGROGN,JAYANT AGRO ORGANICS LTD,13451.00,36.92,,,
SHANKARA,SHANKARA BLDG PRODUCT LTD,1856.00,5.28,,,
UTINIFTETF,UTIAMC-UTINIFTETF,11338.00,30.75,,,
SINCLAIR,SINCLAIRS HOTELS LIMITED,42228.00,47.19,,,
MENONBE,MENON BEARINGS LIMITED,17270.00,23.90,,,
ICEMAKE,ICE MAKE REFRIGERAT LTD,27574.00,231.49,,,
BANSWRAS,BANSWARA SYNTEX LIMITED,3608.00,5.89,,,
MEGASOFT,MEGASOFT LIMITED,950.00,1.50,,,
BANARISUG,BANNARI AMMAN SUGARS LTD,268.00,10.20,,,
BANKPSU,MIRAEAMC - BANKPSU,10739.00,7.72,,,
EIHAHOTELS,EIH ASSOCIATED HOTELS,40758.00,158.47,,,
GHCLTEXTIL,GHCL TEXTILES LIMITED,103956.00,94.07,,,
ATALREAL,ATAL REALTECH LIMITED,1231111.00,265.33,,,
BALAJITELE,BALAJI TELEFILMS LIMITED.,49460.00,65.03,,,
VALIANTORG,VALIANT ORGANICS LIMITED,3175.00,15.32,,,
MIDSELIETF,ICICI PRUD MIDCAP SEL ETF,754039.00,135.06,,,
AXISCADES,AXISCADES TECH LTD,6393.00,107.75,,,
BORANA,BORANA WEAVES LIMITED,46915.00,105.29,,,
PROZONER,PROZONE REALTY LIMITED,238969.00,124.92,,,
SBIETFPB,SBIAMC - SBIETFPB,1106.00,2.99,,,
AXISNIFTY,AXISAMC - AXISNIFTY,20936.00,57.15,,,
INVENTURE,INVENTURE GRO & SEC LTD,159162.00,3.21,,,
AHLEAST,ASIAN HOTELS (EAST) LTD,1266.00,1.94,,,
KOTHARIPET,KOTHARI PETROCHEM LTD,86387.00,146.00,,,
LYKALABS,LYKA LABS LTD,21677.00,27.45,,,
KOTARISUG,KOTHARI SUGARS AND CHEMIC,9369.00,3.63,,,
VALIANTLAB,VALIANT LABORATORIES LTD,23890.00,24.14,,,
UFO,UFO MOVIEZ INDIA LTD.,88284.00,82.17,,,
JPOLYINVST,JIND POL INV & FIN CO LTD,2149.00,18.71,,,
AUTOIND,AUTOLINE INDUSTRIES LIMIT,33066.00,28.43,,,
MEDICO,MEDICO REMEDIES LIMITED,16766.00,7.22,,,
PRIMO,PRIMO CHEMICALS LIMITED,10620.00,3.02,,,
SGFIN,SG FINSERVE LIMITED,31502.00,117.29,,,
AARTISURF,AARTI SURFACTANTS LIMITED,805.00,4.15,,,
ASHOKAMET,ASHOKA METCAST LIMITED,936.00,0.17,,,
MURUDCERA,MURUDESHWAR CERAM LTD,7541.00,3.63,,,
AYMSYNTEX,AYM SYNTEX LIMITED,14109.00,28.57,,,
INDBANK,INDBANK MERCHANT BANKING,300.00,0.11,,,
JUBLCPL,JUBILANT AGRI N CON PRO L,72.00,1.97,,,
GOKUL,GOKUL REFOILS & SOLV LTD,9792.00,4.17,,,
PODDARMENT,PODDAR PIGMENTS LIMITED,261.00,0.79,,,
EGOLD,EDELAMC - EGOLD,52840.00,53.78,,,
LIQUIDBETF,BFAM - LIQUIDBETF,27.00,0.28,,,
ABSLLIQUID,BIRLASLAMC - ABSLLIQUID,11.00,0.11,,,
LIQUID1,KOTAKMAMC - KOTAKLIQ,440.00,4.71,,,
ELDEHSG,ELDECO HSG & IND LTD.,523.00,4.16,,,
TRU,TRUCAP FINANCE LIMITED,7914.00,1.21,,,
RHFL,RELIANCE HOME FINANCE LTD,10000.00,0.56,,,
SKMEGGPROD,SKM EGG PRODUCTS EXPORT,618.00,1.66,,,
BALPHARMA,BAL PHARMA LIMITED,150.00,0.13,,,
IVP,IVP LIMITED,1270.00,2.09,,,
AMJLAND,AMJ LAND HOLDINGS LIMITED,644.00,0.33,,,
MOMIDMTM,MOTILALAMC - MOMIDMTM,2283.00,1.41,,,
STEL,SENTINEL TEA AND EXP LTD,400.00,1.99,,,
STCINDIA,THE STATE TRADING CORPN,8650.00,12.68,,,
RACLGEAR,RACL GEARTECH LIMITED,36488.00,409.73,,,
CEIGALL,CEIGALL INDIA LIMITED,590681.00,1633.84,,,
ASMS,BARTRONICS INDIA LIMITED,35741.00,5.60,,,
WEALTH,WEALTH FRST PORT. MG. LTD,459.00,5.49,,,
GARUDA,GARUDA CONSTRUCT N ENG L,606656.00,1176.66,,,
ESTER,ESTER INDUSTRIES LTD,302085.00,407.23,,,
LTTS,L&T TECHNOLOGY SER. LTD.,259054.00,11483.42,,,
NBCC,NBCC (INDIA) LIMITED,21634803.00,24163.58,,,
IREDA,INDIAN RENEWABLE ENERGY,24146363.00,40596.85,,,
SANDESH,SANDESH LTD,912.00,14.94,,,
CASTROLIND,CASTROL INDIA LIMITED,7763680.00,16952.41,,,
HEIDELBERG,HEIDELBERGCEMENT (I) LTD,862552.00,1852.90,,,
PFC,8.43% TAX FREE NCD,13256869.00,56005.34,,,
RELIANCE,RELIANCE IND DEPO-SETT,9340891.00,130523.15,,,
AIIL,AUTHUM INVEST & INFRA LTD,85250.00,2436.99,,,
PLATIND,PLATINUM INDUSTRIES LTD,496653.00,1546.91,,,
REDINGTON,REDINGTON LIMITED,3499232.00,10096.43,,,
SUZLON,SUZLON ENERGY LIMITED,132738480.00,82212.41,,,
RPOWER,RELIANCE POWER LIMITED,5039107.00,2277.56,,,
DCXINDIA,DCX SYSTEMS LIMITED,2568698.00,7391.18,,,
MADRASFERT,MADRAS FERTILIZERS LTD,535887.00,509.24,,,
TATATECH,TATA TECHNOLOGIES LIMITED,3762576.00,28978.66,,,
JYOTICNC,JYOTI CNC AUTOMATION LTD,843245.00,8853.94,,,
ABB,ABB INDIA LIMITED,463510.00,26893.01,,,
PNB,PUNJAB NATIONAL BANK,31867716.00,34158.11,,,
SAKAR,SAKAR HEALTHCARE LTD.,1252.00,3.18,,,
EIMCOELECO,EIMCO ELECON (INDIA) LTD.,32912.00,655.56,,,
PAYTM,ONE 97 COMMUNICATIONS LTD,1714642.00,17211.86,,,
SKIPPER,SKIPPER LIMITED,1071907.00,5657.86,,,
ADSL,ALLIED DIGITAL SERVICES L,338082.00,665.59,,,
BAJAJHFL,BAJAJ HOUSING FINANCE LTD,21971245.00,26672.55,,,
JKTYRE,JK TYRE & INDUSTRIES LTD,1513644.00,5684.09,,,
QUICKHEAL,QUICK HEAL TECH LTD,635904.00,2278.53,,,
DHANI,DHANI SERVICES LIMITED,6003200.00,3966.57,,,
SALASAR,SALASAR TECHNO ENGG. LTD.,13928548.00,1450.44,,,
AWL,AWL AGRI BUSINESS LIMITED,4765219.00,13231.16,,,
GIPCL,GUJARAT IND POWER LTD,2250566.00,4635.29,,,
RAYMONDREL,RAYMOND REALTY LIMITED,556788.00,3486.94,,,
CANBK,CANARA BANK,25000708.00,26977.28,,,
VPRPL,VISHNU PRAKASH R PUNGLI L,3195836.00,4598.04,,,
SAMMAANCAP,SAMMAAN CAPITAL LIMITED,46371056.00,66311.31,,,
CELLO,CELLO WORLD LIMITED,560824.00,3485.14,,,
DIAMONDYD,PRATAAP SNACKS LIMITED,826457.00,8483.92,,,
AVANTEL,AVANTEL LIMITED,5909143.00,10076.08,,,
PLASTIBLEN,PLASTIBLENDS INDIA LTD,3680.00,7.34,,,
SUDARSCHEM,SUDARSHAN CHEMICAL INDS L,219395.00,2638.13,,,
NLCINDIA,NLC INDIA LIMITED,4877981.00,11986.12,,,
MANGLMCEM,MANGLMCEM,891730.00,6845.01,,,
JASH,JASH ENGINEERING LIMITED,273296.00,1519.76,,,
KPITTECH,KPIT TECHNOLOGIES LIMITED,1759021.00,23249.94,,,
SOBHA,SOBHA LIMITED,243480.00,3879.38,,,
EMIL,ELECTRONICS MART IND LTD,3049058.00,4623.94,,,
GICRE,GENERAL INS CORP OF INDIA,3041649.00,12055.07,,,
DCW,DCW LTD,4350100.00,3408.40,,,
AXITA,AXITA COTTON LIMITED,54276.00,7.08,,,
RSWM,12.00% OCRPS - RSWM,296748.00,513.65,,,
BLS,BLS INTL SERVS LTD,7065739.00,27005.05,,,
BIOCON,BIOCON LIMITED.,3262031.00,12076.55,,,
CROMPTON,CROMPT GREA CON ELEC LTD,5166420.00,17145.92,,,
ARKADE,ARKADE DEVELOPERS LIMITED,2913575.00,5292.07,,,
ADANIPOWER,ADANI POWER LIMITED,22847457.00,32470.80,,,
HFCL,HFCL LIMITED,40493032.00,36843.02,,,
DLF,DLF LIMITED,4653309.00,36720.42,,,
SBIN,STATE BANK OF INDIA,5289689.00,42610.45,,,
IONEXCHANG,ION EXCHANGE (INDIA) LTD,790032.00,4082.93,,,
SAMBHV,SAMBHV STEEL TUBES LTD,1488310.00,1770.96,,,
MGL,MAHANAGAR GAS LTD.,671298.00,9519.55,,,
PREMIERENE,PREMIER ENERGIES LIMITED,2974155.00,31273.80,,,
SILVERBEES,NIPPONAMC - NETFSILVER,17001420.00,20447.12,,,
QUADFUTURE,QUADRANT FUTURE TEK LTD,532992.00,2419.45,,,
INDIANB,INDIAN BANK,441696.00,2785.27,,,
POLYCAB,POLYCAB INDIA LIMITED,166449.00,10741.88,,,
NUVAMA,NUVAMA WEALTH MANAGE LTD,216486.00,14744.97,,,
CHOLAFIN,CHOLAMANDALAM IN & FIN CO,271932.00,4168.39,,,
NAVINFLUOR,NAVIN FLUORINE INT. LTD,95486.00,4433.47,,,
GANESHHOU,GANESH HOUSING LIMITED,448392.00,4308.39,,,
AUTOBEES,NIPPONAMC - NETFAUTO,254137.00,681.26,,,
RAJESHEXPO,RAJESH EXPORTS LTD,1811287.00,3999.69,,,
BEML,BEML LIMITED,833015.00,36133.56,,,
SUNPHARMA,SUN PHARMACEUTICAL IND L,612104.00,10251.21,,,
TORNTPOWER,TORRENT POWER LIMITED,807143.00,11012.92,,,
HONASA,HONASA CONSUMER LIMITED,480509.00,1394.49,,,
KEC,KEC INTL. LIMITED,1208569.00,10737.07,,,
HDFCGOLD,HDFC GOLD ETF,1607752.00,1460.13,,,
RATEGAIN,RATEGAIN TRAVEL TECHN LTD,2283756.00,12777.19,,,
SHARDACROP,SHARDA CROPCHEM LTD.,281129.00,2509.63,,,
BIKAJI,BIKAJI FOODS INTERN LTD,490839.00,3844.19,,,
KAJARIACER,KAJARIA CERAMICS LTD,516752.00,6004.69,,,
KRBL,KRBL LIMITED,1537144.00,5976.38,,,
SHYAMMETL,SHYAM METALICS AND ENGY L,1040414.00,8847.22,,,
HOMEFIRST,HOME FIRST FIN CO IND LTD,287043.00,3623.26,,,
BALKRISIND,BALKRISHNA IND. LTD,139258.00,3575.31,,,
THELEELA,SCHLOSS BANGALORE LIMITED,129199.00,555.03,,,
AADHARHFC,AADHAR HOUSING FINANCE L,982342.00,5024.00,,,
THOMASCOOK,CLASSC 0.001% CCR PREF.SH,2869966.00,4931.41,,,
MOL,MEGHMANI ORGANICS LIMITED,5654544.00,5044.22,,,
AJAXENGG,AJAX ENGINEERING LIMITED,135657.00,907.85,,,
RATNAMANI,RATNAMANI METALS & TUBES,38667.00,1053.67,,,
CARERATING,CARE RATINGS LIMITED,144601.00,2603.41,,,
ERIS,ERIS LIFESCIENCES LIMITED,91146.00,1528.59,,,
SAPPHIRE,SAPPHIRE FOODS INDIA LTD,1371808.00,4548.86,,,
PRUDENT,PRUDENT CORP ADV SER LTD,27426.00,735.38,,,
ADFFOODS,ADF FOODS LIMITED,1148436.00,2866.84,,,
SHREECEM,SHREE CEMENT LIMITED,10599.00,3150.86,,,
UBL,UNITED BREWERIES LTD,196936.00,3792.23,,,
ACMESOLAR,ACME SOLAR HOLDINGS LTD,1873970.00,5557.93,,,
CHOICEIN,CHOICE INTERNATIONAL LTD,1562011.00,11878.96,,,
SANATHAN,SANATHAN TEXTILES LIMITED,78937.00,395.50,,,
ITI,ITI LTD.,640583.00,2085.39,,,
VESUVIUS,VESUVIUS INDIA LTD,224958.00,1223.61,,,
LIKHITHA,LIKHITHA INFRASTRUC LTD,228570.00,696.07,,,
UNIPARTS,UNIPARTS INDIA LIMITED,158642.00,650.14,,,
DEN,DEN NETWORKS LTD,3169229.00,1277.25,,,
MASFIN,MAS FINANCIAL SERV LTD,278649.00,843.15,,,
SHK,S H KELKAR AND CO. LTD.,623145.00,1551.23,,,
CSBBANK,CSB BANK LIMITED,744023.00,2784.94,,,
HNDFDS,HINDUSTAN FOODS LIMITED,65581.00,361.42,,,
UNIECOM,UNICOMMERCE ESOLUTIONS L,1084625.00,1604.99,,,
MASTERTR,MASTER TRUST LIMITED,1320289.00,1923.34,,,
MUKKA,MUKKA PROTEINS LIMITED,647287.00,205.24,,,
PTCIL,PTC INDUSTRIES LIMITED,33435.00,4878.60,,,
VETO,VETO SWITCHGEAR CABLE LTD,16086.00,19.71,,,
PITTIENG,PITTI ENGINEERING LIMITED,128672.00,1321.15,,,
MUTHOOTMF,MUTHOOT MICROFIN LIMITED,674747.00,1077.48,,,
JUNIPER,JUNIPER HOTELS LIMITED,108404.00,354.87,,,
DEEPINDS,DEEP INDUSTRIES LIMITED,533448.00,2675.61,,,
SOLARA,SOLARA ACTIVE PHA SCI LTD,115551.00,736.53,,,
PGHL,PROCTER & GAMBLE HEALTH L,19472.00,1215.44,,,
NELCAST,NELCAST LIMITED,89773.00,139.46,,,
RELINFRA,RELIANCE INFRASTRUCTU LTD,148175.00,358.31,,,
ABAN,ABAN OFFSHORE LTD.,750.00,0.58,,,
UNIVCABLES,UNIVCABLES NPP130599 DEPO,243171.00,1597.92,,,
TALBROAUTO,TALBROS AUTOMOTIVE COMPON,211734.00,661.95,,,
CAMLINFINE,CAMLIN FINE SCIENCES LTD,1539855.00,3199.76,,,
RUPA,RUPA & COMPANY LTD,513381.00,1154.53,,,
GLOBUSSPR,GLOBUS SPIRITS LIMITED,167624.00,1876.70,,,
GNA,GNA AXLES LIMITED,161419.00,561.71,,,
PGHH,P&G HYGIENE & HEALTH CARE,5739.00,798.91,,,
ALPHAETF,MIRAEAMC - ALPHAETF,2108651.00,537.05,,,
NIFTYQLITY,BIRLASLAMC - NIFTYQLITY,48622.00,10.49,,,
NEXT50IETF,ICICIPRAMC - ICICINXT50,914822.00,662.88,,,
JNKINDIA,JNK INDIA LIMITED,129546.00,450.89,,,
ASHIANA,ASHIANA HOUSING LTD,99205.00,311.52,,,
MOMENTUM50,MOTILALAMC - MOMENTUM50,1982707.00,1033.40,,,
CENTUM,CENTUM ELECTRONICS LTD.,41779.00,1066.84,,,
MAHSCOOTER,MAHARASHTRA SCOOTERS LTD,12731.00,1833.84,,,
DIVOPPBEES,NIP IND ETF DIV OPP,158272.00,128.73,,,
IFGLEXPOR,IFGL REFRACTORIES LIMITED,30988.00,88.34,,,
CLSEL,CHAMAN LAL SETIA EXP LTD,211956.00,668.23,,,
SETFNIF50,SBI-ETF NIFTY 50,444641.00,1174.28,,,
PSUBNKIETF,ICICIPRAMC - PSUBANKICI,404791.00,294.92,,,
EXPLEOSOL,EXPLEO SOLUTIONS LIMITED,42053.00,482.24,,,
HMAAGRO,HMA AGRO INDUSTRIES LTD,451695.00,156.15,,,
TTKHLTCARE,TTK HEALTHCARE LIMITED,1945.00,26.14,,,
CANTABIL,CANTABIL RETAIL LTD,1152325.00,3079.25,,,
ADOR,ADOR WELDING LIMITED,25990.00,284.69,,,
MIDCAP,KOTAKMAMC - KOTAKMID50,100092.00,167.04,,,
NIFTYBETF,BFAM - NIFTYBETF,1454.00,3.70,,,
UTISXN50,UTIAMC - UTISXN50,5613.00,5.06,,,
NACLIND,NACL INDUSTRIES LIMITED,2884.00,2.92,,,
HDFCPVTBAN,HDFCAMC - HDFCPVTBAN,81063.00,22.24,,,
BLKASHYAP,B. L. KASHYAP AND SONS LI,695931.00,494.01,,,
AONETOTAL,AONEAMC - AONETOTAL,999815.00,117.40,,,
QUAL30IETF,ICICIPRAMC - ICICIQTY30,540952.00,117.02,,,
GALAPREC,GALA PRECISION ENG LTD,49728.00,471.44,,,
RUCHIRA,RUCHIRA PAPERS LIMITED,123596.00,192.15,,,
GANESHBE,GANESH BENZOPLAST LIMITED,347326.00,408.69,,,
SETFNIFBK,SBI-ETF NIFTY BANK,16448.00,93.54,,,
BBNPPGOLD,BARODABNP - BBNPPGOLD,5481.00,6.08,,,
JAYSREETEA,JAYSREETEA - DEPO SETT,51393.00,56.93,,,
GSLSU,GLOBAL SURFACES LIMITED,194182.00,278.62,,,
KHADIM,KHADIM INDIA LIMITED,12195.00,35.69,,,
HITECHCORP,HITECH CORPORATION LTD,1414.00,2.94,,,
ALICON,ALICON CASTALLOY LIMITED,8242.00,86.64,,,
BALAJEE,SHREE TIRUPATI BALAJEE L,99866.00,56.44,,,
HPAL,HP ADHESIVES LIMITED,110037.00,89.45,,,
HMVL,HINDUSTAN MEDIA VENT LTD,22671.00,20.44,,,
APOLSINHOT,APOLLO SINDOORI HOTEL LTD,501.00,8.37,,,
TRF,TRF LIMITED,20641.00,78.97,,,
DYNPRO,DYNEMIC PRODUCTS LIMITED,4133.00,15.23,,,
PAVNAIND,PAVNA INDUSTRIES LIMITED,30792.00,13.26,,,
DPWIRES,D P WIRES LIMITED,30963.00,87.17,,,
JSLL,JEENA SIKHO LIFECARE LTD,30012.00,241.15,,,
UGARSUGAR,THE UGAR SUGAR WORKS LTD,311837.00,160.30,,,
GTPL,GTPL HATHWAY LIMITED,36429.00,47.50,,,
MODISONLTD,MODISON LIMITED,58124.00,99.04,,,
PATINTLOG,PATEL INTEGRATED LOGISTIC,101010.00,17.36,,,
LOVABLE,LOVABLE LINGERIE LTD,10084.00,11.64,,,
DBOL,DHAMPUR BIO ORGANICS LTD,62742.00,57.76,,,
SIKKO,SIKKO INDUSTRIES LIMITED,3928.00,3.15,,,
BHANDARI,BHANDARI HOSIERY EXP LTD,891777.00,46.17,,,
VENUSREM,VENUS REMEDIES LIMITED,250.00,0.85,,,
BEDMUTHA,BEDMUTHA INDUST LTD,7083.00,10.25,,,
PDMJEPAPER,PUDUMJEE PAPER PRO. LTD,95757.00,124.17,,,
DEVIT,DEV INFO TECHNOLOGY LTD,27642.00,13.83,,,
VLEGOV,VL E GOV AND IT SOL LTD,16856.00,5.55,,,
ASAL,AUTOMOTIVE STAMPINGS AND,41434.00,243.23,,,
SGLTL,STANDARD GLASS LIN TECH L,95242.00,167.88,,,
RAMCOSYS,RAMCO SYSTEMS LTD,31529.00,152.46,,,
ORICONENT,ORICON ENTERPRISES LTD,308915.00,152.97,,,
ARIES,ARIES AGRO LTD.,85433.00,344.54,,,
INTERNET,MIRAEAMC - INTERNET,7131.00,1.01,,,
NILASPACES,NILA SPACES LIMITED,29922.00,4.89,,,
TOLINS,TOLINS TYRES LIMITED,315325.00,596.16,,,
SBIBPB,SBIAMC - SBIBPB,2998.00,1.28,,,
SPENCERS,SPENCER'S RETAIL LIMITED,389758.00,305.20,,,
SAHYADRI,SAHYADRI INDUSTRIES LTD,1681.00,5.03,,,
AVG,AVG LOGISTICS LIMITED,2507.00,7.04,,,
CONSOFINVT,CONSO. FIN. & HOLD. LTD.,1688.00,3.73,,,
LAMBODHARA,LAMBODHARA TEXTILES LTD.,10104.00,14.55,,,
KAKATCEM,KAKATIYA CEM SUGAR &IND L,607.00,1.11,,,
INFOBEAN,INFOBEANS TECHNO. LTD.,17893.00,103.45,,,
EMMBI,EMMBI INDUSTRIES LIMITED,1301.00,1.66,,,
MITTAL,MITTAL LIFE STYLE LIMITED,5000.00,0.08,,,
PRITI,PRITI INTERNATIONAL LTD,1416.00,1.25,,,
BSLSENETFG,BIRLASLAMC - BSLSENETFG,933.00,0.76,,,
LICNETFGSC,LICNAMC - LICNMFET,6101.00,1.73,,,
CENTRUM,CENTRUM CAPITAL LIMITED,11822.00,4.39,,,
DIGISPICE,DIGISPICE TECHNOLOGIES LT,893.00,0.29,,,
SRD,SHANKAR LAL RAMPAL LTD,264481.00,214.72,,,
JITFINFRA,JITF INFRALOGISTICS LTD,21246.00,81.78,,,
INNOVANA,INNOVANA THINKLABS LTD.,203.00,0.65,,,
PRIMESECU,PRIME SECURITIES LIMITED,913439.00,2551.94,,,
INDSWFTLAB,IND SWIFT LABORATORIES LT,27.00,0.03,,,
BCONCEPTS,BRAND CONCEPTS LIMITED,3191.00,16.10,,,
CHEMBOND,CHEMBOND MATERIALTECH LTD,573.00,3.16,,,
NRL,NUPUR RECYCLERS LIMITED,55934.00,43.02,,,
BLUESTONE,BLUESTONE JEWEL LFSTL LTD,749.00,4.47,,,
MEIL,MANGAL ELECTRICAL IND L,1260.00,5.99,,,
HILINFRA,HIGHWAY INFRASTRUCTURE L,1614.00,1.28,,,
ALBERTDAVD,ALBERT DAVID LIMITED,3866.00,31.85,,,
ATAM,ATAM VALVES LIMITED,789.00,0.86,,,
HARRMALAYA,HARRISONS  MALAYALAM LTD,7200.00,15.72,,,
LIQUIDPLUS,MIRAEAMC - LIQUIDPLUS,28.00,0.29,,,
AKSHARCHEM,AKSHARCHEM INDIA LIMITED,250.00,0.77,,,
PLAZACABLE,PLAZA WIRES LIMITED,2455.00,1.55,,,
NATHBIOGEN,NATH BIO-GENES (I) LTD,2200.00,4.88,,,
ANDREWYU,ANDREW YULE & CO LTD,3900.00,1.04,,,
PASHUPATI,PASHUPATI COTSPIN LIMITED,710.00,5.07,,,
IWEL,INOX WIND ENERGY LIMITED,5.00,0.48,,,
GRSE,GARDEN REACH SHIP&ENG LTD,1402791.00,36718.35,,,
PRECAM,PRECISION CAMSHAFTS LTD.,681438.00,1509.44,,,
OMAXE,OMAXE LIMITED,351744.00,340.21,,,
BAJFINANCE,BAJAJ FINANCE LIMITED,2959857.00,27765.89,,,
NEWGEN,NEWGEN SOFTWARE TECH LTD,1176865.00,12015.12,,,
PILANIINVS,PILANI INV & IND COR LTD,9067.00,486.54,,,
TINNARUBR,TINNA RUBBER AND INFR LTD,18225.00,173.01,,,
IDEA,VODAFONE IDEA LIMITED,489817328.00,37843.10,,,
NECLIFE,NECTAR LIFESCIENCES LTD.,5157.00,1.61,,,
LLOYDSENT,LLOYDS ENTERPRISES LTD,39189875.00,26113.83,,,
JCHAC,JOHNSON CONTROLS HITACHI,116425.00,2128.10,,,
DOMS,DOMS INDUSTRIES LIMITED,114651.00,3034.67,,,
EIHOTEL,EIH LIMITED,822554.00,3261.60,,,
JYOTHYLAB,JYOTHY LABS LIMITED,1398822.00,5023.28,,,
JUBLFOOD,JUBILANT FOODWORKS LTD,1688931.00,11256.21,,,
TRENT,TRENT LTD,1918432.00,102365.70,,,
REFEX,REFEX INDUSTRIES LIMITED,406800.00,1626.17,,,
GRASIM,GRASIM-DEPO SETT,287426.00,7693.64,,,
INFY,INFOSYS LIMITED,4474123.00,68950.18,,,
WIPRO,WIPRO LTD,8323562.00,21232.92,,,
RPPL,RAJSHREE POLYPACK LTD,25890.00,6.54,,,
EDELWEISS,EDELWEISS FIN SERV LTD,16351265.00,17843.81,,,
XPROINDIA,XPRO INDIA LIMITED,101643.00,1255.17,,,
TRIDENT,TRIDENT LIMITED,28077768.00,9064.51,,,
IRCON,IRCON INTERNATIONAL LTD,16708975.00,34025.30,,,
RICOAUTO,RICO AUTO INDUSTRIES LTD,1102896.00,1121.89,,,
SCI,SHIPPING CORP OF INDIA LT,7874019.00,18039.12,,,
BIRLAMONEY,ADITYA BIRLA MONEY LTD,49165.00,89.20,,,
GLOBECIVIL,GLOBE CIVIL PROJECTS LTD,140793.00,109.06,,,
BEL,BHARAT ELECTRONICS LTD,22789454.00,87196.01,,,
MAZDOCK,MAZAGON DOCK SHIPBUIL LTD,3536736.00,109180.37,,,
CENTRALBK,CENTRAL BANK OF INDIA,38958939.00,16117.64,,,
PSB,PUNJAB & SIND BANK,10106039.00,3360.51,,,
GPTINFRA,GPT INFRAPROJECTS LTD,73201.00,92.19,,,
JSWENERGY,JSW ENERGY LIMITED,5222657.00,27930.30,,,
IDFCFIRSTB,BOND 0% 2022 TR-3 SR-II,54537042.00,38198.61,,,
BAJAJ-AUTO,BAJAJ AUTO LIMITED,503138.00,44822.88,,,
SEPC,SEPC LIMITED,12989959.00,1976.79,,,
TITAN,TITAN COMPANY LIMITED,625602.00,21785.92,,,
ZEEL,ZEEL NPP 090699 DEPO,35885813.00,50080.03,,,
COCHINSHIP,COCHIN SHIPYARD LIMITED,2605245.00,52966.18,,,
CREDITACC,CREDITACCESS GRAMEEN LTD,343102.00,4284.28,,,
PVRINOX,PVR INOX LIMITED,646334.00,7540.75,,,
SPMLINFRA,SPML INFRA LIMITED 5 PD,1152541.00,3174.74,,,
KNRCON,KNR CONSTRUCTIONS LIMITED,6016164.00,13799.44,,,
UJJIVANSFB,UJJIVAN SMALL FINANC BANK,22936289.00,10553.93,,,
SOLARINDS,SOLAR INDUSTRIES (I) LTD,182509.00,27016.69,,,
DCMSRIND,DCM SHRIRAM IND LTD,564333.00,1043.53,,,
POCL,PONDY OXIDES & CHEM LTD,282741.00,3337.44,,,
NELCO,NELCO LTD.,394915.00,3815.78,,,
ELECTCAST,ELECTROSTEEL CASTINGS LTD,7637857.00,8959.08,,,
AEROENTER,AEROFLEX ENTERPRISES LTD,935158.00,973.06,,,
DABUR,DABUR INDIA LTD,1651353.00,8772.39,,,
UGROCAP,SEC RED NCD 10% SR. I,775974.00,1393.96,,,
MCLOUD,MAGELLANIC CLOUD LIMITED,4740667.00,3738.26,,,
TATACOMM,TATA COMMUNICATIONS LTD.,348788.00,5947.05,,,
GVPIL,GE POWER INDIA LIMITED,533295.00,1890.10,,,
GANECOS,GANESHA ECOSPHERE LIMITED,136245.00,2082.80,,,
HITECH,HI-TECH PIPES LIMITED,7218206.00,8288.49,,,
BALAMINES,BALAJI AMINES LIMITED,263789.00,4428.05,,,
RAIN,RAIN INDUSTRIES LIMITED,4834432.00,7333.00,,,
SMSPHARMA,SMS PHARMACEUTICALS LIMIT,414724.00,1140.82,,,
KALYANKJIL,KALYAN JEWELLERS IND LTD,5496931.00,28820.15,,,
PEL,PIRAMAL ENTERPRISES LTD,298511.00,3501.35,,,
BAJAJHLDNG,BAJAJ HOLDINGS & INVS LTD,60203.00,7897.46,,,
TIMETECHNO,TIME TECHNOPLAST LTD.,2284493.00,5182.78,,,
CONCOR,CONCOR - DEP RS,3529346.00,21161.52,,,
ANANTRAJ,ANANT RAJ LIMITED,5103923.00,32266.05,,,
GSPL,GUJARAT STATE PETRONET LI,814823.00,2768.70,,,
AXISBANK,AXIS BANK LIMITED,2209969.00,25384.34,,,
NAUKRI,INFO EDGE (I) LTD,478122.00,6895.04,,,
SRF,SRF LIMITED - DEPO,216536.00,6462.94,,,
PNBHOUSING,PNB HOUSING FIN LTD.,1825660.00,16382.85,,,
IXIGO,LE TRAVENUES TECHNOLOGY L,2613485.00,6739.44,,,
VMM,VISHAL MEGA MART LIMITED,7160664.00,10411.05,,,
PROTEAN,PROTEAN EGOV TECHNO LTD,1162235.00,11408.17,,,
NAVA,NAVA LIMITED,1647921.00,9957.22,,,
SULA,SULA VINEYARDS LIMITED,2337052.00,7384.31,,,
ADANIENSOL,ADANI ENERGY SOLUTION LTD,1713660.00,15079.92,,,
NETWORK18,NETWORK18 MEDIA & INV LTD,18676146.00,10729.09,,,
IPCALAB,IPCA LABORATORIES LTD.,155400.00,2222.38,,,
MANYAVAR,VEDANT FASHIONS LIMITED,721716.00,5564.85,,,
GPIL,GODAWARI POWER AND ISPAT,7870259.00,17535.75,,,
CUPID,CUPID LIMITED,21913732.00,32101.76,,,
ASAHIINDIA,ASAHI INDIA GLASS LIMITED,179785.00,1562.05,,,
SCHAEFFLER,SCHAEFFLER INDIA LIMITED,45928.00,1822.83,,,
GODIGIT,GO DIGIT GENERAL INS LTD,270768.00,973.65,,,
JSL,JINDAL STAINLESS LIMITED,386059.00,2862.15,,,
SHANTIGOLD,SHANTI GOLD INTERNATION L,768356.00,1683.70,,,
OBEROIRLTY,OBEROI REALTY LIMITED,599604.00,10699.46,,,
BALRAMCHIN,BALRAMPUR CHINI MILLS LTD,947993.00,5018.82,,,
ULTRACEMCO,ULTRATECH CEMENT LIMITED,96443.00,11836.32,,,
ALLCARGO,ALLCARGO LOGISTICS LTD,14713376.00,5531.04,,,
SILVER,BIRLASLAMC - SILVER,1243040.00,1427.09,,,
FINPIPE,FINOLEX IND LTD.,2680121.00,6073.58,,,
SANDUMA,SANDUR MANG & IRON ORES L,1613937.00,2667.06,,,
VAIBHAVGBL,VAIBHAV GLOBAL LIMITED,1092527.00,2834.88,,,
CGCL,CAPRI GLOBAL CAPITAL LTD,4798726.00,8648.75,,,
GLAXO,GLAXOSMITHKLINE PHARMACEU,114480.00,3407.35,,,
DRREDDY,DR. REDDY S LABORATORIES,456170.00,5887.89,,,
CHALET,CHALET HOTELS LIMITED,153606.00,1513.60,,,
MUTHOOTFIN,MUTHOOT FINANCE LIMITED,65876.00,1808.26,,,
HDFCAMC,HDFC AMC LIMITED,90797.00,4870.97,,,
PARAGMILK,PARAG MILK FOODS LTD.,4125501.00,9237.07,,,
DCMSHRIRAM,DCM SHRIRAM LIMITED,176208.00,2292.05,,,
VGUARD,V-GUARD IND LTD.,422949.00,1669.43,,,
GATEWAY,GATEWAY DISTRIPARKS LTD,5336327.00,3669.60,,,
ANURAS,ANUPAM RASAYAN INDIA LTD,3028057.00,28838.10,,,
NORTHARC,NORTHERN ARC CAPITAL LTD,3596221.00,9041.23,,,
ACI,ARCHEAN CHEMICAL IND LTD,285177.00,1894.46,,,
J&KBANK,J & K BANK LTD.,18440587.00,19796.83,,,
ITBEES,NIP IND ETF IT,21329844.00,8387.38,,,
LTGILTBEES,NIP IND ETF LONGTERM GILT,46204.00,13.27,,,
ANANDRATHI,ANAND RATHI WEALTH LTD,76754.00,2034.94,,,
VENTIVE,VENTIVE HOSPITALITY LTD,1211719.00,9115.86,,,
PARKHOTELS,PARKHOTELS,4307076.00,6661.50,,,
RAINBOW,RAINBOW CHILDRENS MED LTD,152473.00,2251.04,,,
INNOVACAP,INNOVA CAPTAB LIMITED,61642.00,549.64,,,
ASHAPURMIN,ASHAPURA MINECHEM LTD,1500575.00,7116.46,,,
DWARKESH,DWARIKESH SUGAR INDUSTRIE,2571122.00,1379.89,,,
GREENPANEL,GREENPANEL INDUSTRIES LTD,399967.00,1228.48,,,
SSWL,STEEL STRIPS WHEELS LIMIT,767278.00,1826.34,,,
BIRLACORPN,BIRLA CORP NPP121099DEPO,243951.00,3275.13,,,
AETHER,AETHER INDUSTRIES LIMITED,498017.00,3818.73,,,
AVALON,AVALON TECHNOLOGIES LTD,254269.00,2300.62,,,
TMB,TAMILNAD MERCA BANK LTD,319219.00,1421.94,,,
BANSALWIRE,BANSAL WIRE INDUSTRIES L,208007.00,854.07,,,
BANKBEES,NIP IND ETF BANK BEES,597160.00,3390.96,,,
JKIL,J.KUMAR INFRAPROJECTS LIM,631922.00,4387.05,,,
AARTIDRUGS,AARTI DRUGS  LTD.,227489.00,1173.47,,,
ANTELOPUS,ANTELOPUS SELAN ENRGY LTD,115474.00,746.17,,,
MANINDS,MAN INDUSTRIES (I) LTD,566636.00,2182.95,,,
SINDHUTRAD,SINDHU TRADE LINKS LTD,2560482.00,622.67,,,
SURAJEST,SURAJ ESTATE DEVELOPERS L,1158155.00,3906.19,,,
JAYNECOIND,JAYASWAL NECO INDUSTR LTD,6634868.00,3680.42,,,
DTIL,DHUNSERI TEA & IND. LTD.,4248.00,8.74,,,
CREST,CREST VENTURES LIMITED,23531.00,102.06,,,
SASKEN,SASKEN TECHNOLOGIES LTD,56831.00,862.34,,,
HINDWAREAP,HINDWARE HME INOVATON LTD,1289656.00,3716.49,,,
ITETF,MIRAEAMC - ITETF,837533.00,310.70,,,
KRSNAA,KRSNAA DIAGNOSTICS LTD,201256.00,1681.93,,,
SMLISUZU,SML ISUZU LIMITED,68779.00,2160.79,,,
SHANTIGEAR,SHANTHI GEARS LTD,96237.00,549.22,,,
GREENPLY,GREENPLYINDUS,358959.00,1129.73,,,
BHAGCHEM,BHAGIRADHA CHEM & INDS L,591261.00,1733.76,,,
GROWWDEFNC,GROWWAMC - GROWWDEFNC,1081174.00,886.23,,,
LGBBROSLTD,LG BALAKRISHNAN & BROS,116756.00,1624.68,,,
GALAXYSURF,GALAXY SURFACTANTS LTD,44967.00,1108.52,,,
ELLEN,ELLENBARRIE INDUS GASES L,393157.00,2114.31,,,
REPRO,REPRO INDIA LIMITED,9003.00,44.28,,,
BCLIND,BCL INDUSTRIES LIMITED,1599528.00,719.65,,,
HATHWAY,HATHWAY CABLE & DATACOM,28888598.00,4552.38,,,
ATL,ALLCARGO TERMINALS LTD,1121483.00,484.58,,,
PAKKA,PAKKA LIMITED,211902.00,383.13,,,
PURVA,PURAVANKARA LIMITED,680764.00,1972.94,,,
NRBBEARING,NRB BEARINGS LIMITED,475465.00,1412.99,,,
NIITMTS,NIIT LEARNING SYSTEMS LTD,177221.00,621.77,,,
SIRCA,SIRCA PAINT INDIA LIMITED,1516302.00,6469.51,,,
HEALTHIETF,ICICIPRAMC - ICICIPHARM,102713.00,152.38,,,
SILVERAG,MIRAEAMC - MASILVER,285945.00,354.98,,,
APOLLOPIPE,APOLLO PIPES LIMITED,383956.00,1662.15,,,
THEJO,THEJO ENGINEERING LIMITED,4819.00,100.69,,,
ESG,MIRAEAMC - MAESGETF,28788.00,12.40,,,
ORCHPHARMA,ORCHID PHARMA LIMITED,112052.00,874.76,,,
SMALLCAP,MIRAEAMC - SMALLCAP,5424688.00,2524.92,,,
ARTEMISMED,ARTEMIS MED SERVICE LTD,178292.00,460.19,,,
GOLDIETF,ICICI PRUDENTIAL GOLD ETF,3029503.00,2865.07,,,
SETFNN50,SBI-ETF NIFTY NEXT 50,33246.00,248.77,,,
AONENIFTY,AONEAMC - AONENIFTY,42875.00,4.37,,,
TIPSMUSIC,TIPS MUSIC LIMITED,585936.00,3667.44,,,
ABSLPSE,BIRLASLAMC-ABSLPSE,122022.00,12.21,,,
RAMRAT,RAM RATNA WIRES LIMITED,53218.00,363.17,,,
BSLNIFTY,ADITYBIRLA SL NIF ETF-GR,431693.00,124.68,,,
TCIEXP,TCI EXPRESS LIMITED,107222.00,889.21,,,
VSSL,VARDHMAN SPC STEEL LTD,58681.00,166.58,,,
MOCAPITAL,MOTILALAMC - MOCAPITAL,845248.00,376.27,,,
SUNDROP,SUNDROP BRANDS LIMITED,67728.00,541.77,,,
VEEDOL,VEEDOL CORPORATION LTD,57910.00,1084.90,,,
KALPATARU,KALPATARU LIMITED,64932.00,258.79,,,
MPSLTD,MPS LIMITED,100899.00,2306.54,,,
PIXTRANS,PIX TRANSMISSIONS LIMITED,37409.00,586.84,,,
MOMOMENTUM,MOTILALAMC - MOMOMENTUM,349547.00,233.99,,,
GSEC5IETF,ICICIPRAMC - ICICI5GSEC,3038.00,1.92,,,
SBIETFQLTY,SBIAMC - SBIETFQLTY,3858.00,8.67,,,
AIRAN,AIRAN LIMITED,62538.00,18.40,,,
SESHAPAPER,SESHASAYEE PAPER & BOARDS,45687.00,136.93,,,
NIF100BEES,NIP IND ETF NIFTY 100,43855.00,118.54,,,
CENTENKA,CENTURY ENKA LTD.,60398.00,356.28,,,
MUNJALAU,MUNJAL AUTO INDUSTRIES LI,578149.00,595.82,,,
INDTERRAIN,IND TERRAIN FASHIONS LTD,24005.00,9.93,,,
CAPITALSFB,CAPITAL SMALL FIN BANK L,107875.00,314.34,,,
MOLOWVOL,MOTILALAMC - MOLOWVOL,10166.00,3.81,,,
IGCL,INDOGULF CROPSCIENCES LTD,391129.00,438.22,,,
DIGIDRIVE,DIGIDRIVE DISTRIBUTORS L,5501.00,1.79,,,
BHAGERIA,BHAGERIA INDUSTRIES LTD,64845.00,123.93,,,
AVTNPL,AVT NATURAL PRODUCTS LTD,45018.00,41.80,,,
VLSFINANCE,VLS FINANCE LTD,54955.00,139.80,,,
SIGNPOST,SIGNPOST INDIA LIMITED,151987.00,380.75,,,
PTL,PTL ENTERPRISES LIMITED,6906.00,2.82,,,
SARLAPOLY,SARLA PERFORMANCE FIBERS,13573.00,13.87,,,
TRIGYN,TRIGYN TECHNOLOGIES LTD,17329.00,16.64,,,
ZUARIIND,ZUARI INDUSTRIES LIMITED,222329.00,796.30,,,
BOROSCI,BOROSIL SCIENTIFIC LTD,67804.00,102.81,,,
MGEL,MANGALAM GLOBAL ENT LTD,1027006.00,176.16,,,
BUTTERFLY,BTRFLY GANDHI APPL LTD,9024.00,68.45,,,
VINYLINDIA,VINYL CHEMICALS (INDIA) L,15746.00,49.69,,,
SAURASHCEM,SAURASHTRA CEMENT LIMITED,279805.00,327.60,,,
GEECEE,GEECEE VENTURES LIMITED,200.00,0.77,,,
TARMAT,TARMAT LIMITED,5585.00,3.27,,,
TNPETRO,TNPETRO-NPP271099DEPO,27586.00,24.06,,,
THEMISMED,THEMIS MEDICARE LTD.,169912.00,299.28,,,
AFFORDABLE,AFFORD ROBO & AUTO LTD,8446.00,23.00,,,
GROWWNET,GROWWAMC - GROWWNET,161517.00,17.23,,,
DCI,DC INFOTECH AND COMUN LTD,4200.00,12.32,,,
CCCL,CONSOLIDATED CONSTRUCTION,458931.00,113.79,,,
RKSWAMY,R K SWAMY LIMITED,73508.00,131.29,,,
COFFEEDAY,COFFEE DAY ENTERPRISE LTD,66055.00,32.25,,,
FOODSIN,FOODS & INNS LIMITED,14136.00,14.91,,,
VARDHACRLC,VARDHAMAN ACRYLICS LTD,1672.00,0.77,,,
PRITIKAUTO,PRITIKA AUTO INDUS LTD,55332.00,12.83,,,
BASML,BANNARI AM SPIN MILL LTD.,46851.00,14.79,,,
MEDICAMEQ,MEDICAMEN BIOTECH LIMITED,21321.00,96.21,,,
TOKYOPLAST,TOKYO PLAST  INTL LTD.,5019.00,6.50,,,
LANCORHOL,LANCOR HOLDINGS LIMITED,22786.00,5.90,,,
PASUPTAC,PASUPATI ACRYLON LIMITED,1682.00,0.78,,,
TVSELECT,TVS ELECTRONICS LTD,44435.00,273.48,,,
SHREERAMA,SHREE RAMA MULTI TECH LTD,51418.00,23.39,,,
ACL,ANDHRA CEMENTS LIMITED,84.00,0.06,,,
KAPSTON,KAPSTON SERVICES LIMITED,8.00,0.02,,,
GENUSPAPER,GENUS P&B LIMITED,148090.00,31.43,,,
IZMO,IZMO LIMITED,5213.00,31.49,,,
PRAKASHSTL,PRAKASH STEELAGE LTD,1080.00,0.09,,,
GEMAROMA,GEM AROMATICS LIMITED,8193.00,20.19,,,
AMBASARABH,AMBALAL SARABHAI  ENTER,20000.00,6.68,,,
OCCL,ORIENTAL CARBN & CHEM LTD,720.00,2.26,,,
PATELRMART,PATEL RETAIL LIMITED,669.00,1.53,,,
SRGHFL,SRG HOUSING FINANCE L,2.00,0.01,,,
MCL,MADHAV COPPER LIMITED,200.00,0.12,,,
GROWWLOVOL,GROWWAMC - GROWWLOVOL,5944.00,0.62,,,
PARADEEP,PARADEEP PHOSPHATES LTD,6725670.00,12919.04,,,
COASTCORP,COASTAL CORPORATION LTD,15892.00,6.29,,,
NIITLTD,NIIT LIMITED,2894168.00,4165.50,,,
ALOKINDS,ALOK INDUSTRIES LIMITED,13591743.00,2712.40,,,
BHARATRAS,BHARAT RASAYAN LTD,10079.00,1080.10,,,
ALLTIME,ALL TIME PLASTICS LIMITED,148576.00,425.82,,,
LLOYDSENGG,LLOYDS ENGG WORK LIMITED,17715766.00,11708.33,,,
PFOCUS,PRIME FOCUS LIMITED,1178533.00,2106.33,,,
PCJEWELLER,PC JEWELLER LTD,40851510.00,5942.66,,,
IEX,INDIAN ENERGY EXC LTD,8714950.00,14427.18,,,
LTIM,LTIMINDTREE LIMITED,171577.00,9371.07,,,
PFIZER,PFIZER LTD. - DEPO. SETT.,66561.00,3569.93,,,
SHRIRAMFIN,SEC RED NCD 9.30% SR. IV,4604150.00,29952.28,,,
NIVABUPA,NIVA BUPA HEALTH INS CO L,6120664.00,5226.75,,,
SANGAMIND,SANGAM (INDIA) LTD,19572.00,88.80,,,
TATAMOTORS,TATA MOTORS LIMITED,16657820.00,122012.21,,,
CHAMBLFERT,CHAMBAL FERTILIZERS LTD.,4628493.00,25740.56,,,
WAAREEENER,WAAREE ENERGIES LIMITED,1582140.00,53747.20,,,
HDFCBANK,HDFC BANK LTD,4318754.00,40671.45,,,
HDFCLIFE,HDFC LIFE INS CO LTD,757527.00,5760.96,,,
BHARATGEAR,BHARAT GEARS LTD.,11413.00,14.53,,,
KTKBANK,KARNATAKABANK-,15267889.00,28821.54,,,
PNBGILTS,PNB GILTS LIMITED,3556189.00,3757.35,,,
SONATSOFTW,SONATA SOFTWARE LTD,2106547.00,8524.47,,,
ARE&M,AMARA RAJA ENERGY MOB LTD,1592999.00,17022.14,,,
BSE,BSE LIMITED,4281867.00,101417.97,,,
FACT,FACT LTD,727686.00,7219.72,,,
TEXRAIL,TEXMACO RAIL & ENG. LTD.,9007301.00,15050.16,,,
ICICIBANK,ICICI BANK LTD.,1956560.00,27272.04,,,
EXICOM,EXICOM TELE SYSTEMS LTD,735002.00,1242.07,,,
TEJASNET,TEJAS NETWORKS LIMITED,4194419.00,30691.02,,,
VERANDA,VERANDA LEARNING SOL LTD,6195388.00,14276.47,,,
VBL,VARUN BEVERAGES LIMITED,9230020.00,46303.61,,,
HAL,HINDUSTAN AERONAUTICS LTD,2863469.00,135800.16,,,
INTELLECT,INTELLECT DESIGN ARENA,468205.00,4741.79,,,
SWANCORP,SWAN CORP LIMITED,6259340.00,31521.71,,,
MOTILALOFS,MOTILAL OSWAL FIN LTD,1486020.00,12986.31,,,
MONARCH,MONARCH NETWORTH CAP LTD,350089.00,1267.67,,,
PFS,PTC INDIA FIN SERV LTD,2005711.00,817.27,,,
INDUSINDBK,INDUSIND BANK LIMITED,4797563.00,39055.39,,,
BSOFT,BIRLASOFT LIMITED,5230842.00,23014.14,,,
SUBEXLTD,SUBEX LTD,733229.00,126.32,,,
PETRONET,PETRONET LNG LIMITED,2750237.00,8149.17,,,
INOXWIND,INOX WIND LIMITED,21561037.00,36334.62,,,
VISHWARAJ,VISHWARAJ SUGAR IND LTD,194952.00,23.17,,,
VSTIND,VST INDUSTRIES LTD,1328210.00,4045.53,,,
KARURVYSYA,KARURVYSYABANK,2723855.00,5733.14,,,
DONEAR,DONEAR IND. LIMITED,29989.00,32.06,,,
JKPAPER,JK PAPER LIMITED,810260.00,3290.50,,,
WINDLAS,WINDLAS BIOTECH LIMITED,225245.00,2054.57,,,
SIEMENS,SIEMENS LTD,395128.00,13753.07,,,
NSIL,NALWA SONS INVESTMENT LTD,19680.00,1466.68,,,
BRIGADE,BRIGADE ENTERPRISES LIMIT,729795.00,7592.04,,,
HIMATSEIDE,HIMATSINGKA SEIDE LTD,2829849.00,4241.96,,,
INDIGO,INTERGLOBE AVIATION LTD,521672.00,29360.19,,,
JMFINANCIL,JM FINANCIAL LIMITED,11866447.00,19211.84,,,
KECL,KIRLOSKAR ELECTRIC CO LTD,195402.00,276.37,,,
JAGRAN,JAGRAN PRAKASHAN LIMITED,739878.00,548.77,,,
NHPC,8.43% SEC RED BOND S1B,33477631.00,30559.31,,,
OIL,OIL INDIA LTD,3564793.00,16088.30,,,
COFORGE,COFORGE LIMITED,1251956.00,21478.02,,,
INDUSTOWER,INDUS TOWERS LIMITED,5413838.00,18971.71,,,
ARVIND,ARVIND LIMITED,1301034.00,4411.13,,,
ASTRAL,ASTRAL LIMITED,986815.00,14924.04,,,
MPHASIS,MPHASIS LIMITED,188816.00,5346.20,,,
ASTRAMICRO,ASTRA MICROWAVE LTD,2012668.00,18088.92,,,
GODREJPROP,GODREJ PROPERTIES LTD,1153586.00,25825.04,,,
SHRIPISTON,SHRIRAM PIST. & RING LTD,54862.00,1391.11,,,
KOTAKBANK,KOTAK MAHINDRA BANK LTD,392911.00,8123.01,,,
ITC,ITC LTD.,11845104.00,49859.82,,,
BAJAJFINSV,BAJAJ FINSERV LTD.,922227.00,18383.47,,,
DMART,AVENUE SUPERMARTS LIMITED,205172.00,9338.86,,,
APOLLOHOSP,APOLLO HOSPITALS LTD,124619.00,9433.52,,,
WABAG,VA TECH WABAG LTD,873227.00,12794.26,,,
TAJGVK,TAJ GVK HOTELS & RESORTS,1073647.00,4718.29,,,
EASEMYTRIP,EASY TRIP PLANNERS LTD,69182718.00,8534.47,,,
DEVYANI,DEVYANI INTERNATIONAL LTD,9564357.00,16703.50,,,
JKCEMENT,JK CEMENT LIMITED,36172.00,2432.91,,,
WELCORP,WELSPUN CORP LIMITED,1563029.00,13258.03,,,
APARINDS,APAR INDUSTRIES LTD.,75271.00,6212.34,,,
CPPLUS,ADITYA INFOTECH LIMITED,47372.00,641.00,,,
BOSCHLTD,BOSCH LIMITED,14237.00,5604.26,,,
MRPL,MRPL - DEP RS,8746519.00,13315.07,,,
SJS,SJS ENTERPRISES LIMITED,159007.00,2068.63,,,
FIVESTAR,FIVE-STAR BUS FIN LTD,2041908.00,12179.94,,,
CYIENTDLM,CYIENT DLM LIMITED,650921.00,3341.24,,,
KOLTEPATIL,KOLTE PATIL DEV. LTD.,317388.00,1409.81,,,
JUBLPHARMA,JUBILANT PHARMOVA LTD,475503.00,5315.87,,,
ITCHOTELS,ITC HOTELS LIMITED,5659937.00,13079.44,,,
IGL,INDRAPRASTHA GAS LIMITED,1878142.00,4067.68,,,
LODHA,LODHA DEVELOPERS LIMITED,1644258.00,21262.71,,,
SAREGAMA,SAREGAMA INDIA LTD.,702474.00,3729.73,,,
TDPOWERSYS,TD POWER SYSTEMS LTD.,737276.00,3763.64,,,
VTL,VARDHMAN TEXTILES LIMITED,649256.00,3093.51,,,
JINDRILL,JINDAL DRILLING AND INDUS,515632.00,3467.35,,,
AMBER,AMBER ENTERPRISES (I) LTD,145609.00,11405.77,,,
KIRLOSBROS,KIRLOSKAR BROTHERS LTD,182691.00,3863.24,,,
VOLTAS,VOLTAS LTD.,515642.00,7271.74,,,
PNGJL,P N GADGIL JEWELLERS LTD,612994.00,3746.01,,,
STAR,STRIDES PHARMA SCI LTD,802704.00,6343.13,,,
JKLAKSHMI,JK LAKSHMI CEMENT LIMITED,258651.00,2368.41,,,
CEMPRO,CEMINDIA PROJECTS LIMITED,884999.00,6398.96,,,
CIEINDIA,CIE AUTOMOTIVE INDIA LTD,565891.00,2564.27,,,
AJANTPHARM,AJANTPHARM LTD,79044.00,2127.63,,,
TI,TILAKNAGAR INDUSTRIES LTD,3550121.00,15756.33,,,
KPIL,KALPATARU PROJECT INT LTD,193150.00,2375.08,,,
CRAFTSMAN,CRAFTSMAN AUTOMATION LTD,22293.00,1350.96,,,
ARVINDFASN,ARVIND FASHIONS LIMITED,461651.00,2444.85,,,
DYNAMATECH,DYNAMATIC TECHNOLOGIES,74820.00,5233.01,,,
MANINFRA,MAN INFRA LTD,2200456.00,3822.71,,,
ZYDUSWELL,ZYDUS WELLNESS LIMITED,272551.00,1258.25,,,
UNOMINDA,UNO MINDA LIMITED,243153.00,2911.04,,,
SPANDANA,SPANDANA SPHOORTY FIN LTD,691432.00,2423.99,,,
GILLETTE,GILLETTE INDIA L-DEP SETT,29793.00,2956.83,,,
CUB,CITY UNION BANK LTD,1464272.00,2959.58,,,
TTKPRESTIG,TTK PRESTIGE LTD,102611.00,712.86,,,
POLYMED,POLY MEDICURE LIMITED,296490.00,6508.16,,,
DALBHARAT,DALMIA BHARAT LIMITED,47948.00,1082.37,,,
SANOFICONR,SANOFI CONS HEALTHC IND L,2309.00,119.63,,,
TEAMLEASE,TEAMLEASE SERVICES LTD.,93704.00,1909.16,,,
SUPRIYA,SUPRIYA LIFESCIENCE LTD,430239.00,3017.07,,,
ITDC,INDIA TOUR. DEV. CO. LTD.,199562.00,1299.46,,,
SHARDAMOTR,SHARDA MOTOR INDS LTD,122875.00,1308.04,,,
RSYSTEMS,R SYS INTERNATIONAL LTD,448899.00,2046.34,,,
WHIRLPOOL,WHIRLPOOL OF INDIA LTD,192899.00,2537.78,,,
AJMERA,AJMERA REALTY & INF I LTD,173549.00,1641.13,,,
TFCILTD,TOURISM FINANCE CORP OF,54910354.00,27923.11,,,
SATIN,SATIN CREDIT NET LTD,409838.00,665.91,,,
PYRAMID,PYRAMID TECHNOPLAST LTD,41172.00,72.22,,,
SHALPAINTS,SHALIMAR PAINTS LTD,907144.00,875.98,,,
KCP,KCP LIMITED,1401945.00,3046.28,,,
ATULAUTO,ATUL AUTO LIMITED,244093.00,1248.47,,,
TASTYBITE,TASTY BITE EATABLES LTD,8481.00,924.01,,,
BLISSGVS,BLISS GVS PHARMA LTD,700775.00,1137.64,,,
NDRAUTO,NDR AUTO COMPONENTS LTD,27303.00,297.20,,,
MSPL,MSP STEEL & POWER LIMITED,887495.00,325.37,,,
MAMATA,MAMATA MACHINERY LIMITED,524260.00,2537.48,,,
EKC,EVEREST KANTO CYLINDERLTD,1365692.00,2048.45,,,
ORIENTHOT,ORIENT HOTELS LTD.,2615849.00,3684.28,,,
REPCOHOME,REPCO HOME FINANCE LTD,916031.00,3776.50,,,
GABRIEL,GABRIEL INDIA LTD,180655.00,1780.44,,,
WESTLIFE,WESTLIFE FOODWORLD LTD,81779.00,629.49,,,
ASKAUTOLTD,ASK AUTOMOTIVE LIMITED,289257.00,1527.26,,,
CHEMPLASTS,CHEMPLAST SANMAR LIMITED,202850.00,923.48,,,
AVL,ADITYA VISION LIMITED,123334.00,641.07,,,
HDFCNIFBAN,HDFCAMC - HDFCNIFBAN,86844.00,48.42,,,
SAGCEM,SAGAR CEMENTS LTD,273584.00,732.48,,,
JLHL,JUPITER LIFE LINE HOSP L,15118.00,224.70,,,
MVGJL,MANOJ VAIBHAV GEM N JEW L,274531.00,624.18,,,
MINDTECK,MINDTECK (INDIA) LIMITED,4477.00,11.08,,,
BIRLACABLE,BIRLA CABLE LIMITED,15102.00,28.11,,,
FMGOETZE,FEDERAL-MOGUL GOETZE (I),109223.00,571.32,,,
MMFL,MM FORGINGS LTD,266453.00,978.18,,,
MMP,MMP INDUSTRIES LIMITED,27339.00,76.26,,,
TARSONS,TARSONS PRODUCTS LIMITED,1441971.00,5379.40,,,
ALLDIGI,ALLDIGI TECH LIMITED,31586.00,245.51,,,
KSL,KALYANI STEELS LIMITED,270870.00,2355.21,,,
MOSMALL250,MOTILALAMC - MOSMALL250,3094153.00,537.09,,,
HATSUN,HATSUN AGRO PRODUCT LTD.,55980.00,531.90,,,
AURUM,AURUM PROPTECH LIMITED,157518.00,298.99,,,
SBISILVER,SBIAMC - SBISILVER,594700.00,795.99,,,
GOLDCASE,ZERODHAAMC - GOLDCASE,1434213.00,247.76,,,
MAYURUNIQ,MAYUR UNIQUOTERS LTD,146778.00,819.14,,,
HDFCGROWTH,HDFCAMC - HDFCGROWTH,9400.00,11.49,,,
PANACEABIO,PANACEA BIOTEC LTD,364786.00,1519.51,,,
NIFTYIETF,ICICI PRUD NIFTY ETF,595185.00,1637.17,,,
MASPTOP50,MIRAEAMC - MASPTOP50,492239.00,304.84,,,
MIDSMALL,MIRAEAMC - MIDSMALL,1278814.00,621.99,,,
IGPL,I G PETROCHEMICALS LTD,99702.00,523.42,,,
MAKEINDIA,MIRAEAMC - MAMFGETF,24609.00,36.30,,,
CARRARO,CARRARO INDIA LIMITED,74694.00,342.56,,,
GROWWRAIL,GROWWAMC - GROWWRAIL,1145290.00,423.12,,,
SUMMITSEC,SUMMIT SECURITIES LTD,16398.00,351.85,,,
ROSSTECH,ROSSELL TECHSYS LIMITED,63056.00,467.95,,,
KDDL,KDDL LIMITED,36058.00,980.25,,,
HDFCMOMENT,HDFCAMC - HDFCMOMENT,565101.00,182.57,,,
GROWWSLVR,GROWWAMC - GROWWSLVR,179778.00,250.55,,,
ARMANFIN,ARMAN FIN SERV LTD,62946.00,995.51,,,
STYLEBAAZA,BAAZAR STYLE RETAIL LTD,612265.00,2116.13,,,
ECOSMOBLTY,ECOS (INDIA) MOB & HOSP L,216552.00,651.08,,,
MIDCAPIETF,ICICIPRAMC - ICICIM150,4140560.00,906.24,,,
AXISBPSETF,AXISAMC - AXISBPSETF,10169.00,1.32,,,
ARIHANTSUP,ARIHANT SUPERSTRUCT LTD,60368.00,246.65,,,
BSHSL,BOMBAY SUPER HYBRID SEEDS,10584.00,15.53,,,
EVINDIA,MIRAEAMC - EVINDIA,254249.00,77.96,,,
AXISTECETF,AXISAMC - AXISTECETF,13515.00,53.56,,,
SYNCOMF,SYNCOM FORMU (I) LTD,121304.00,25.40,,,
ITETFADD,DSPAMC - DSPITETF,22070.00,8.14,,,
MOMENTUM,BIRLASLAMC - MOMENTUM,42349.00,13.69,,,
HDFCNEXT50,HDFCAMC - HDFCNEXT50,118727.00,81.94,,,
DSSL,DYNACONS SYS & SOL. LTD.,78183.00,863.79,,,
ORIENTPPR,ORIENT PAPER & IND LTD,3589406.00,1197.84,,,
HEUBACHIND,HEUBACH COLORANTS IND LTD,34774.00,195.68,,,
UNIDT,UNITED DRILLING TOOLS LTD,3599.00,8.42,,,
NILKAMAL,NILKAMAL LIMITED,7016.00,122.40,,,
NIFTY1,KOTAK NIFTY ETF,61593.00,168.06,,,
MATRIMONY,MATRIMONY.COM LIMITED,17350.00,113.43,,,
PSUBANK,KOTAK PSU BANK,26710.00,192.33,,,
INFRAIETF,ICICIPRAMC - ICICIINFRA,141110.00,132.17,,,
GROWWMOM50,GROWWAMC - GROWWMOM50,251768.00,26.93,,,
LIQUIDADD,DSPAMC - LIQUIDADD,2393.00,26.07,,,
DBEIL,DEEPAK BUILDERS & ENG I L,141400.00,253.74,,,
RADHIKAJWE,RADHIKA JEWELTECH LIMITED,442782.00,428.72,,,
CHEMFAB,CHEMFAB ALKALIS LIMITED,7135.00,49.93,,,
URJA,URJA GLOBAL LIMITED,268825.00,39.48,,,
SMLT,SARTHAK METALS LIMITED,3271.00,3.74,,,
TECH,BIRLASLAMC - TECH,21664.00,8.44,,,
GSS,GSS INFOTECH LIMITED,549796.00,152.94,,,
SAKHTISUG,SAKTHI SUGARS LTD.,1074607.00,453.76,,,
DREAMFOLKS,DREAMFOLKS SERVICES LTD,16088.00,35.45,,,
MBLINFRA,MBL INFRASTRUCTURE LTD,165493.00,72.27,,,
STLNETWORK,STL NETWORKS LIMITED,16500.00,4.94,,,
NAHARINDUS,NAHAR INDS ENT LTD,13160.00,17.29,,,
SADBHAV,SADBHAV ENGINEERING LIMIT,571241.00,75.55,,,
TPHQ,TEAMO PRODUCTIONS HQ LTD,10025.00,0.07,,,
SGIL,SYNERGY GREEN IND. LTD,31253.00,172.72,,,
SCHAND,S CHAND AND COMPANY LTD,124989.00,270.16,,,
GROWWGOLD,GROWWAMC - GROWWGOLD,121837.00,134.66,,,
ZODIAC,ZODIAC ENERGY LIMITED,193.00,0.83,,,
MIDQ50ADD,DSPAMC - DSPQ50ETF,28960.00,73.60,,,
LICNETFN50,LICNAMC - LICNFENGP,221.00,0.60,,,
PVTBANKADD,DSPAMC - DSPPVBKETF,35805.00,9.70,,,
LOKESHMACH,LOKESH MACHINES LIMITED,2133.00,5.78,,,
VSTL,VIBHOR STEEL TUBES LTD,20058.00,34.29,,,
BIGBLOC,BIGBLOC CONSTRUCTION LTD,72314.00,70.55,,,
CORDSCABLE,CORDS CABLE INDUSTRIES LI,6035.00,11.46,,,
EVERESTIND,EVEREST INDUSTRIES LIMITE,7161.00,49.44,,,
NILAINFRA,NILA INFRASTRUCTURES LTD,60496.00,7.60,,,
MANGALAM,MANGALAM DRUGS AND ORGANI,5419.00,4.83,,,
AGRITECH,AGRI-TECH (INDIA) LIMITED,3559.00,6.66,,,
EMKAY,EMKAY GLOBAL FIN SERV LTD,4855.00,18.61,,,
IMPAL,IND MOTOR PART & ACC LTD,681.00,7.99,,,
SILINV,SIL INVESTMENTS LIMITED,512.00,3.66,,,
GEEKAYWIRE,GEEKAY WIRES LIMITED,1771.00,1.38,,,
AARON,AARON INDUSTRIES LIMITED,897.00,2.17,,,
GROWWN200,GROWWAMC - GROWWN200,36191.00,4.07,,,
AVONMORE,AVONMORE CAP&MGT SERV LTD,23080.00,4.36,,,
NAHARPOLY,NAHAR POLY FILMS LIMITED,871.00,2.58,,,
SURAJLTD,SURAJ LIMITED,1332.00,4.19,,,
HDFCLIQUID,HDFCAMC - HDFCLIQUID,1.00,0.01,,,
BRNL,BHARAT ROAD NETWORK LTD,2287.00,0.50,,,
GOLDTECH,AION-TECH SOLUTIONS LTD,1700.00,1.15,,,
LANCER,LANCER CONTAINER LINE LTD,2000.00,0.25,,,
NATCAPSUQ,NATURAL CAPSULES LIMITED,11200.00,31.07,,,
THEINVEST,THE INVEST TRUST OF IND L,2215.00,3.05,,,
STEELCITY,STEEL CITY SECURITIES LTD,113.00,0.12,,,
SHREEJISPG,SHREEJI SHIPPING GLOBAL L,654.00,1.60,,,
AMANTA,AMANTA HEALTHCARE LIMITED,50.00,0.07,,,
500245,KIRLOSKAR FERROUS INDUSTRIES L,2.00,0.01,,,
KANPRPLA,KANPUR PLASTIPACK LIMITED,100.00,0.24,,,
AGSTRA,AGS TRANSACT TECH LTD,3262.00,3.15,,,
HCL-INSYS,HCL INFOSYSTEMS-DEPO SETT,325.00,0.06,,,
GAIL,GAIL (INDIA) LTD,17351298.00,32496.82,,,
IOLCP,IOL CHEM AND PHARMA LTD,6026360.00,6324.25,,,
JSWCEMENT,JSW CEMENT LIMITED,2807374.00,4211.24,,,
MOSCHIP,MOSCHIP TECHNOLOGIES LTD,2646309.00,6338.07,,,
SDBL,SOM DIST & BREW LTD,6422334.00,8518.86,,,
RTNPOWER,RATTANINDIA POWER LIMITED,24065834.00,3270.01,,,
JAICORPLTD,JAI CORP LIMITED,1644186.00,2819.97,,,
JYOTISTRUC,JYOTI STRUCTURES,21834945.00,4077.51,,,
TCS,TATA CONSULTANCY SERV LTD,4535351.00,145647.36,,,
GODFRYPHLP,GODFREY PHILIPS-DEPO,852375.00,28873.59,,,
RVNL,RAIL VIKAS NIGAM LIMITED,17102598.00,66408.52,,,
INSECTICID,INSECTICIDES (INDIA) LIMI,120830.00,1024.49,,,
LUPIN,LUPIN LIMITED,377755.00,7560.06,,,
ORIENTCEM,ORIENT CEMENT LTD.,2939302.00,7304.28,,,
EXXARO,EXXARO TILES LIMITED,46707.00,3.80,,,
WINDMACHIN,WINDSOR MACHINES LIMITED,112306.00,378.47,,,
SBILIFE,SBI LIFE INSURANCE CO LTD,263849.00,4800.23,,,
DENTA,DENTA WATER N INFRA SOL L,392385.00,1667.22,,,
DPABHUSHAN,D. P. ABHUSHAN LIMITED,9533.00,145.89,,,
TCI,TRANSPORT CORPN OF INDIA,20454.00,236.43,,,
IRFC,BOND 8.44% PA TF TII-SIB,45541218.00,64399.46,,,
KAMDHENU,KAMDHENU LIMITED,7078281.00,2242.78,,,
MOREPENLAB,MOREPENLABNPP08022000DEPO,13724726.00,8321.29,,,
ONGC,OIL & NATURAL GAS CORP,11718951.00,30011.41,,,
HINDZINC,HINDUSTAN ZINC LIMITED,6862307.00,32707.89,,,
HAPPSTMNDS,HAPPIEST MINDS TECHNO LTD,3289173.00,22059.91,,,
NCC,NCC LIMITED,13404896.00,30973.75,,,
UNIONBANK,UNION BANK OF INDIA,23062028.00,31694.64,,,
ENGINERSIN,ENGINEERS INDIA LTD,11776400.00,25492.16,,,
SUNTV,SUN TV NETWORK LIMITED,519590.00,3191.22,,,
GMDCLTD,GUJARAT MIN. DEV. CORPN,4547809.00,21818.37,,,
TATAPOWER,TATA POWER CO. LTD.,9918937.00,39482.51,,,
YESBANK,YES BANK LIMITED,328686858.00,69390.90,,,
NETWEB,NETWEB TECH INDIA LTD,406347.00,12455.67,,,
MOTISONS,MOTISONS JEWELLERS LTD,4215000.00,851.62,,,
RBLBANK,RBL BANK LIMITED,13787052.00,35589.54,,,
GOLDBEES,NIP IND ETF GOLD BEES,15488304.00,14217.12,,,
TATACONSUM,TATA CONSUMER PRODUCT LTD,480640.00,5227.50,,,
GOPAL,GOPAL SNACKS LIMITED,583842.00,2125.67,,,
IRB,IRB INFRASTRUCTURE DEVELO,64486727.00,32049.23,,,
PERSISTENT,PERSISTENT SYSTEMS LTD,514871.00,28162.20,,,
SKYGOLD,SKY GOLD AND DIAMONDS LTD,1459193.00,4305.50,,,
HINDOILEXP,HIND. OIL EXPLORATION,3915819.00,7774.32,,,
GENUSPOWER,GENUS POWER INFRASTRU LTD,3730497.00,13636.25,,,
LINDEINDIA,LINDE INDIA LIMITED,144697.00,9834.51,,,
ASTERDM,ASTER DM HEALTHCARE LTD.,460083.00,2753.48,,,
HGINFRA,H.G.INFRA ENGINEERING LTD,456473.00,5056.14,,,
THERMAX,THERMAX LTD,259180.00,9079.03,,,
TIINDIA,TUBE INVEST OF INDIA LTD,152649.00,4979.83,,,
CLEAN,CLEAN SCIENCE & TECH LTD,919935.00,12394.60,,,
KKCL,KEWAL KIRAN CLOTHING LIMI,184540.00,935.58,,,
ATGL,ADANI TOTAL GAS LIMITED,1653902.00,11588.90,,,
SURYAROSNI,SURYA ROSHNI LTD,772067.00,2394.64,,,
LTFOODS,LT FOODS LIMITED,1233873.00,5499.25,,,
DISHTV,DISH TV INDIA LTD.,2888978.00,188.60,,,
SWSOLAR,STRLNG & WIL REN ENE LTD,8918647.00,26917.54,,,
ISGEC,ISGEC HEAVY ENG LTD,184426.00,2030.28,,,
PRAJIND,PRAJ INDUST. LTD,4416379.00,20297.85,,,
TIMKEN,TIMKEN INDIA LTD.,70167.00,2382.19,,,
RAMCOCEM,THE RAMCO CEMENTS LIMITED,267803.00,2794.91,,,
RALLIS,RALLIS INDIA LTD,1204289.00,4092.86,,,
INGERRAND,INGERSOLL RAND LTD.,62386.00,2180.85,,,
DEEPAKFERT,DEEPAK FERTILIZERS DEPO,645285.00,8571.93,,,
PIDILITIND,PIDILITE INDUSTRIES LTD,369692.00,5662.41,,,
UTIAMC,UTI ASSET MNGMT CO LTD,251044.00,3390.76,,,
NAM-INDIA,NIPPON L I A M LTD,691937.00,4973.59,,,
GPPL,GUJARAT PIPAVAV PORT LTD,8284701.00,16631.79,,,
AUBANK,AU SMALL FINANCE BANK LTD,1050355.00,7690.23,,,
AUROPHARMA,AUROBINDO PHARMA NPP DEPO,835198.00,9694.17,,,
MTARTECH,MTAR TECHNOLOGIES LIMITED,314847.00,5643.42,,,
BHARTIARTL,BHARTI AIRTEL LIMITED,1479221.00,28231.99,,,
TARIL,TRANSFORMERS AND RECTIFIE,1423990.00,7464.73,,,
ZENSARTECH,ZENSAR TECHNOLOGIES -DEPO,709717.00,5814.62,,,
COHANCE,COHANCE LIFESCIENCES LTD,764145.00,6983.60,,,
SAIL,SAIL - DEP RS,16328792.00,21589.31,,,
EIEL,ENVIRO INFRA ENGINEERS L,3700054.00,9676.95,,,
PRINCEPIPE,PRINCE PIPES FITTINGS LTD,825486.00,2986.78,,,
LICHSGFIN,LIC HOUSING FINANCE LTD,2998673.00,18174.14,,,
KAYNES,KAYNES TECHNOLOGY IND LTD,314230.00,20569.49,,,
IRCTC,INDIAN RAIL TOUR CORP LTD,3345712.00,26703.31,,,
TANLA,TANLA PLATFORMS LIMITED,2371768.00,16499.91,,,
MINDACORP,MINDA CORPORATION LTD,733980.00,4099.09,,,
HDBFS,HDB FINANCIAL SERVICES L,388646.00,3006.48,,,
ABREL,ADITYA BIRLA REAL EST LTD,353271.00,7292.12,,,
PENIND,PENNAR INDUSTRIES LTD,1886022.00,4437.26,,,
BAJAJHCARE,BAJAJ HEALTHCARE LIMITED,929399.00,4656.15,,,
MAHSEAMLES,MAHARASHTRA SEAMLESS LTD,1067732.00,7399.00,,,
SAILIFE,SAI LIFE SCIENCES LIMITED,843743.00,7318.45,,,
KIRIINDUS,KIRI INDUSTRIES LIMITED,2605850.00,15961.68,,,
DBL,DILIP BUILDCON LIMITED,669138.00,3325.87,,,
NESTLEIND,NESTLE INDIA LIMITED,607358.00,7208.07,,,
ELECON,ELECON ENG. CO. LTD,1215767.00,7595.92,,,
CARTRADE,CARTRADE TECH LIMITED,284398.00,6219.56,,,
360ONE,360 ONE WAM LIMITED,554593.00,6008.42,,,
AGARWALEYE,DR AGARWALS HEALTH CARE L,111623.00,513.67,,,
ENRIN,SIEMENS ENERGY INDIA LTD,124131.00,4255.72,,,
CERA,CERA SANITARYWARE LIMITED,48798.00,3269.22,,,
GULFOILLUB,GULF OIL LUB. IND. LTD.,181782.00,2254.56,,,
NH,NARAYANA HRUDAYALAYA LTD.,544019.00,10178.69,,,
VIPIND,VIP INDUSTRIES LTD.,1129370.00,4974.94,,,
ANUP,THE ANUP ENGINEERING LTD,88356.00,2323.24,,,
GODREJCP,GODREJ CONS PRODUCTS LTD,515190.00,6416.37,,,
VMART,VMART RETAIL LTD,143257.00,1219.26,,,
PRICOLLTD,PRICOL LIMITED,432013.00,2076.79,,,
EPL,EPL LIMITED,1762914.00,4105.83,,,
JUBLINGREA,JUBILANT INGREVIA LIMITED,1060722.00,7789.32,,,
NEULANDLAB,NEULAND LABORATORIES LTD,51523.00,6984.20,,,
EBGNG,GNG ELECTRONICS LIMITED,208529.00,783.56,,,
HIKAL,HIKAL LIMITED,1250682.00,4107.73,,,
BHARTIHEXA,BHARTI HEXACOM LIMITED,153607.00,2716.73,,,
3MINDIA,3M INDIA LIMITED,8643.00,2623.41,,,
AEGISLOG,AEGIS LOGISTICS LTD,908471.00,7239.43,,,
AHLUCONT,AHLUWALIA CONT IND LTD,264365.00,2690.38,,,
ROLEXRINGS,ROLEX RINGS LIMITED,110680.00,1627.75,,,
GOCOLORS,GO FASHION INDIA LTD,122567.00,967.07,,,
ALIVUS,ALIVUS LIFE SCIENCES LTD,216318.00,2254.01,,,
FUSION,FUSION FINANCE LIMITED,1691770.00,4049.19,,,
INDOSTAR,INDOSTAR CAPITAL FIN LTD,1039764.00,3176.49,,,
SUNFLAG,SUNFLAG IRON AND STEEL CO,573114.00,1653.38,,,
KIRLOSIND,KIRLOSKAR INDUSTRIES LIMI,25367.00,995.47,,,
SPLPETRO,SUPREME PETROCHEM LIMITED,97229.00,811.99,,,
RAMCOIND,RAMCO INDUSTRIES LIMITED,712182.00,2328.30,,,
PGIL,PEARL GLOBAL IND LIMITED,112673.00,1586.53,,,
HAPPYFORGE,HAPPY FORGINGS LIMITED,64451.00,620.93,,,
UFLEX,UFLEX LIMITED,199177.00,1132.31,,,
TIIL,TECHNOCRAFT IND LTD,33634.00,918.30,,,
SOTL,SAVITA OIL TECHNOLO. LTD,101369.00,460.85,,,
ZFCVINDIA,ZF COM VE CTR SYS IND LTD,10270.00,1379.68,,,
RGL,RENAISSANCE GLOBAL LTD,1044799.00,1359.79,,,
BALUFORGE,BALU FORGE INDUSTRIES LTD,126489.00,857.56,,,
GICHSGFIN,GIC HOUSING FINANCE LTD,1214579.00,2431.32,,,
GOCLCORP,GOCL CORPORATION LIMITED,339978.00,1317.85,,,
BALAXI,BALAXI PHARMA LTD,85719.00,52.12,,,
BAJEL,BAJEL PROJECTS LIMITED,156605.00,327.36,,,
GRPLTD,GRP LIMITED,2832.00,69.64,,,
CYBERTECH,CYBERTECHNPP010400DEPO,20657.00,44.88,,,
SIGMA,SIGMA SOLVE LIMITED,8740.00,48.30,,,
KELLTONTEC,KELLTON TECH SOL LTD,4470928.00,1207.45,,,
PHARMABEES,NIPPONAMC - NETFPHARMA,8430595.00,1899.96,,,
ESABINDIA,ESAB INDIA LTD.,10455.00,559.18,,,
SUBROS,SUBROS LIMITED,117269.00,1205.37,,,
MON100,MOTILAL OS NASDAQ100 ETF,1090390.00,2222.06,,,
PRSMJOHNSN,PRISM JOHNSON LIMITED,1080712.00,1837.34,,,
HDFCSML250,HDFCAMC - HDFCSML250,3174291.00,5492.45,,,
WENDT,WENDT (INDIA) LTD.,32757.00,3231.06,,,
MIDCAPETF,MIRAEAMC - MAM150ETF,7485123.00,1604.46,,,
WONDERLA,WONDERLA HOLIDAYS LTD.,177451.00,1592.03,,,
HGS,HINDUJA GLOBAL SOLS LTD,111439.00,717.00,,,
DRCSYSTEMS,DRC SYSTEMS INDIA LIMITED,10500.00,2.17,,,
XCHANGING,XCHANGING SOLUTIONS LTD,344677.00,356.87,,,
TIPSFILMS,TIPS FILMS LIMITED,115.00,0.56,,,
BFINVEST,BF INVESTMENT LIMITED,105824.00,565.15,,,
MAHLOG,MAHINDRA LOGISTIC LIMITED,390013.00,1409.65,,,
CONSUMBEES,NIP IND ETF CONSUMPTION,321126.00,431.00,,,
COSMOFIRST,COSMO FIRST LIMITED,433395.00,4368.77,,,
RANEHOLDIN,RANE HOLDINGS LIMITED,12879.00,213.78,,,
ACLGATI,ALLCARGO GATI LIMITED,1082453.00,822.34,,,
GTLINFRA,GTL INFRA.LTD,6940307.00,118.40,,,
METALIETF,ICICIPRAMC - METALIETF,2432409.00,240.27,,,
V2RETAIL,V2 RETAIL LIMITED,269453.00,5074.11,,,
DYCL,DYNAMIC CABLES LIMITED,201306.00,882.65,,,
PANAMAPET,PANAMA PETROCHEM LTD,105940.00,360.88,,,
INDOTECH,INDO TECH TRANSFORMERS LI,8077.00,142.47,,,
PRECWIRE,PRECISION WIRES INDIA LTD,560106.00,1000.70,,,
IGARASHI,IGARASHI MOTORS INDIA LIM,181009.00,1008.86,,,
PVTBANIETF,ICICIPRAMC - ICICIBANKP,1497278.00,408.25,,,
YATRA,YATRA ONLINE LIMITED,1636364.00,2324.20,,,
YASHO,YASHO INDUSTRIES LIMITED,9491.00,172.89,,,
SUNCLAY,SUNDARAM CLAYTON LIMITED,24559.00,469.28,,,
HDFCBSE500,HDFCAMC - HDFCBSE500,21626.00,8.08,,,
GROWWPOWER,GROWWAMC - GROWWPOWER,20000.00,2.03,,,
SURAKSHA,SURAKSHA DIAGNOSTIC LTD,342159.00,1063.51,,,
HDFCNIF100,HDFCAMC - HDFCNIF100,49759.00,13.12,,,
AXISVALUE,AXISAMC - AXISVALUE,10669.00,3.13,,,
METAL,MIRAEAMC - METAL,527209.00,52.77,,,
HDFCMID150,HDFCAMC - HDFCMID150,811339.00,171.11,,,
BSLGOLDETF,ADITYBIRLA SL GOLD ETF-GR,127835.00,120.95,,,
LIQUID,MIRAEAMC - LIQUID,609.00,6.11,,,
NUCLEUS,NUCLEUS SOFTWARE EXPORTS,72266.00,822.79,,,
SARVESHWAR,SARVESHWAR FOODS LIMITED,2901885.00,204.58,,,
NCLIND,NCL INDUSTRIES LIMITED,212236.00,464.06,,,
UTIBANKETF,UTIAMC - UTIBANKETF,38956.00,22.18,,,
LIQUIDIETF,ICICIPRAMC - ICICILIQ,42.00,0.42,,,
MANGCHEFER,MANGALORE CHEMICALS & FER,182040.00,575.56,,,
SBINEQWETF,SBIAMC - SBINEQWETF,4451.00,1.44,,,
TBZ,TRIB BHIMJI ZAVERI LTD,417044.00,837.11,,,
MONTECARLO,MONTE CARLO FASHIONS LTD.,48062.00,339.46,,,
VIKASECO,VIKAS ECOTECH LIMITED,84819.00,1.86,,,
COMPUSOFT,COMPUCOM SOFTWARE LTD,35721.00,7.69,,,
INDOAMIN,INDO AMINES LIMITED,249714.00,407.27,,,
MOM50,MOTILAL OSWAL M50 ETF,22396.00,57.59,,,
KOPRAN,KOPRAN LTD,364649.00,667.78,,,
BLAL,BEML LAND ASSETS LIMITED,112832.00,259.85,,,
BELLACASA,BELLA CASA FASH AND RET L,5959.00,23.20,,,
ZEEMEDIA,ZEE MEDIA CORPORATION LTD,2782530.00,378.59,,,
MUFIN,MUFIN GREEN FINANCE LTD,691917.00,621.97,,,
SSDL,SARASWATI SAREE DEPOT LTD,12006.00,11.61,,,
MUFTI,CREDO BRANDS MARKETING L,492842.00,653.36,,,
5PAISA,5PAISA CAPITAL LIMITED,28028.00,129.89,,,
NOVAAGRI,NOVA AGRITECH LIMITED,27817.00,16.04,,,
ESSENTIA,INTEGRA ESSENTIA LIMITED,75093.00,1.85,,,
ALPHAGEO,ALPHAGEO (INDIA) LIMITED,4358.00,11.62,,,
STALLION,STALLION IND FLUOROCHEM L,128487.00,260.69,,,
SREEL,SREELEATHERS LIMITED,11262.00,28.78,,,
DHUNINV,DHUNSERI INVESTMENTS LTD,1159.00,21.51,,,
SPECIALITY,SPECIALITY REST LTD,19706.00,30.62,,,
IVC,IL&FS INVESTMENT MANAGERS,237593.00,26.90,,,
RMDRIP,R M DRIP & SPRINK SYS LTD,124513.00,94.88,,,
DHARMAJ,DHARMAJ CROP GUARD LTD,4417.00,13.00,,,
MANBA,MANBA FINANCE LIMITED,126035.00,193.48,,,
CONTROLPR,CONTROL PRINT LIMITED,52416.00,421.24,,,
RELTD,RAVINDRA ENERGY LIMITED,33613.00,58.85,,,
ELIN,ELIN ELECTRONICS LIMITED,63434.00,139.33,,,
CEWATER,CONCORD ENVIRO SYSTEMS L,79163.00,450.84,,,
KRONOX,KRONOX LAB SCIENCES LTD,190449.00,349.46,,,
HLVLTD,HOTEL LEELA VENTURE (WAR),789396.00,119.37,,,
BANKETF,MIRAEAMC - BANKETF,6320.00,35.67,,,
SENSEXADD,DSPAMC - DSPSENXETF,992.00,0.83,,,
HDFCSENSEX,HDFCAMC - HDFCSENSEX,32671.00,29.84,,,
AXISCETF,AXISAMC - AXISCETF,14341.00,18.19,,,
NIFMID150,UTIAMC - NIFMID150,23398.00,51.33,,,
EQUAL200,MIRAEAMC - EQUAL200,2326.00,0.31,,,
BPL,BPL LTD,46300.00,39.32,,,
DENORA,DE NORA INDIA LIMITED,10068.00,92.15,,,
MAHESHWARI,MAHESHWARI LOGISTICS LTD.,5738.00,3.56,,,
RACE,RACE ECO CHAIN LIMITED,45105.00,116.35,,,
WORTH,WORTH PERIPHERALS LIMITED,18591.00,29.12,,,
MALLCOM,MALLCOM (INDIA) LIMITED,5126.00,63.19,,,
GFLLIMITED,GFL LIMITED,32043.00,21.75,,,
DCMNVL,DCM NOUVELLE LIMITED,3550.00,6.37,,,
KOHINOOR,KOHINOOR FOODS LIMITED,1362.00,0.62,,,
AAATECH,AAA TECHNOLOGIES LIMITED,1400.00,1.17,,,
OILCOUNTUB,OIL COUNTRY TUBULAR LTD.,163.00,0.11,,,
GLOSTERLTD,GLOSTER LIMITED,4489.00,29.91,,,
AMNPLST,AMINES & PLASTICIZERS LTD,1868.00,5.77,,,
DMCC,DMCC SPECIALITY CHEMICALS,15152.00,49.81,,,
LINC,LINC LIMITED,11392.00,23.15,,,
REGAAL,REGAAL RESOURCES LIMITED,8946.00,8.18,,,
AXSENSEX,AXISAMC - AXSENSEX,1795.00,1.50,,,
IDFNIFTYET,BANDHANAMC - IDFNIFTYET,7342.00,20.18,,,
LOWVOL1,KOTAKMAMC - KOTAKLOVOL,13383.00,2.77,,,
DIAMINESQ,DIAMINES & CHEMICALS LTD,250.00,1.00,,,
FLATPROD,FLAT PRODUCTS EQUIPMENT (,17.00,1.02,,,
ONWARDTEC,ONWARDTEC DEPO,2943.00,9.32,,,
VIRINCHI,VIRINCHI LIMITED,11387.00,3.57,,,
MAANALU,MAAN ALUMINIUM LIMITED,500.00,0.55,,,
KAVDEFENCE,KAVVERI DFS & WIR TEC LTD,115.00,0.11,,,
JMA,JULLUNDUR MOT AGENCY LTD,298.00,0.33,,,
GOLD360,360ONEAMC - GOLD360,10841.00,12.49,,,
GATECH,GACM TECHNOLOGIES LIMITED,10000.00,0.09,,,
JAIPURKURT,NANDANI CREATION LIMITED,1250.00,0.52,,,
SAKUMA,SAKUMA EXPORTS LIMITED,15320.00,0.64,,,
MOGSEC,MOTILALAMC - G5,1792.00,1.12,,,
MON50EQUAL,MOTILALAMC - MON50EQUAL,2607.00,0.85,,,
GSEC10YEAR,MIRAEAMC - MAGS813ETF,2.00,0.00,,,
AERONEU,AEROFLEX NEU LIMITED,2000.00,1.65,,,
KOVAI,KOVAI MEDICAL CENTER & HO,50.00,3.15,,,
MOTHERSON,SAMVRDHNA MTHRSN INTL LTD,13967613.00,14843.98,,,
TATAINVEST,TATA INVESTMENT CORP LTD,135229.00,12007.29,,,
JISLJALEQS,JAIN IRRIGATION SYSTEMS L,16719032.00,9816.37,,,
JAMNAAUTO,JAMNA AUTO IND LTD,6125053.00,6603.81,,,
NTPCGREEN,NTPC GREEN ENERGY LIMITED,17671701.00,18769.46,,,
BHEL,BHARAT HEAVY ELECT LTD.,12780674.00,31435.65,,,
AAVAS,AAVAS FINANCIERS LIMITED,261125.00,4673.21,,,
ABFRL,ADITYA BIRLA FAS & RT LTD,31962139.00,39857.03,,,
PVSL,POPULAR VEHICLES N SER L,121838.00,173.67,,,
BAJAJHIND,BAJAJ HINDUSTHAN SUGAR LT,22922511.00,5831.94,,,
ONMOBILE,ONMOBILE GLOBAL LTD.,1369589.00,885.47,,,
RANASUG,RANA SUGARS LTD.,230534.00,45.82,,,
CESC,CESCNPP150299DEPO,6450740.00,10894.86,,,
HEROMOTOCO,HERO MOTOCORP LIMITED,295345.00,15199.56,,,
HCG,HEALTHCARE GLOB. ENT. LTD,353455.00,2181.64,,,
BHARATWIRE,BHARAT WIRE ROPES LTD.,880744.00,1932.95,,,
GMRAIRPORT,GMR AIRPORTS LIMITED,19738623.00,17228.83,,,
SJVN,SJVN LTD,24148818.00,25729.71,,,
DBREALTY,VALOR ESTATE LIMITED,3872552.00,7240.95,,,
HAVELLS,HAVELLSINDIA,780423.00,12400.33,,,
INDOCO,INDOCO REMEDIES LIMITED,121671.00,374.78,,,
SCPL,SHEETAL COOL PRODUCTS LTD,3685.00,12.45,,,
IFCI,IFCI LIMITED-DEPO,17673946.00,10622.83,,,
MTNL,MTNL - DEPO. SETT.,6262957.00,3039.62,,,
EMSLIMITED,EMS LIMITED,1165815.00,7363.39,,,
CDSL,CENTRAL DEPO SER (I) LTD,5952001.00,95150.22,,,
PARAS,PARAS DEF AND SPCE TECH L,499581.00,3814.40,,,
RIIL,RIIL LTD,439613.00,4515.29,,,
IMAGICAA,IMAGICAAWORLD ENT LTD,2735292.00,1812.44,,,
PARACABLES,PARAMOUNT COMM LTD,2334047.00,1285.16,,,
UPL,UPL LIMITED,1303889.00,8970.64,,,
MAHABANK,BANK OF MAHARASHTRA,37491091.00,20991.74,,,
HINDCOPPER,HINDUSTAN COPPER LTD,14687997.00,40830.41,,,
GMMPFAUDLR,GMM PFAUDLER LIMITED,205064.00,2540.71,,,
GREAVESCOT,GREAVES COTTON LTD.,5194992.00,11587.06,,,
BANKINDIA,BANKINDIA NPP DEP LS-ML,20577131.00,24279.26,,,
SHAILY,SHAILY ENG PLASTICS LTD,141417.00,3077.49,,,
IDEAFORGE,IDEAFORGE TECHNO LTD,1146169.00,6269.12,,,
NATCOPHARM,NATCO PHARMA LIMITED,2436621.00,24033.60,,,
EXCELINDUS,EXCEL INDUSTRIES LTD,27555.00,347.02,,,
INTLCONV,INTL CONVEYORS LIMITED,332142.00,330.86,,,
MAZDA,MAZDA LIMITED,37263.00,110.11,,,
PATANJALI,PATANJALI FOODS LIMITED,3421001.00,20826.84,,,
GNFC,GUJ NAR VAL FER & CHEM L,2019105.00,11183.54,,,
KPRMILL,KPR MILL LTD.,275754.00,3118.85,,,
BANDHANBNK,BANDHAN BANK LIMITED,13462362.00,23465.88,,,
PNCINFRA,PNC INFRATECH LTD.,1578741.00,5174.39,,,
MSTCLTD,MSTC LIMITED,1350430.00,7561.56,,,
VSTTILLERS,VST TILLERS TRACTORS LTD,48288.00,2464.41,,,
LUXIND,LUX INDUSTRIES LIMITED,170900.00,2673.49,,,
KPEL,K.P. ENERGY LIMITED,484613.00,2170.97,,,
APLAPOLLO,APL APOLLO TUBES LTD,270872.00,4593.88,,,
POONAWALLA,SEC RED NCD SR. V,3183345.00,13882.54,,,
SHAREINDIA,SHARE IND. SECURITIES LTD,2076482.00,3855.77,,,
OPTIEMUS,OPTIEMUS INFRACOM LTD,615562.00,3764.65,,,
LAURUSLABS,LAURUS LABS LIMITED,4886773.00,37038.70,,,
PIIND,PI INDUSTRIES LTD,147690.00,5664.05,,,
GRAPHITE,GRAPHITE INDIA LTD,1671613.00,9409.48,,,
SYMPHONY,SYMPHONY LIMITED,252014.00,2823.04,,,
MASTEK,MASTEK DEPO SETT,285421.00,7216.94,,,
HEXT,HEXAWARE TECHNOLOGIES LTD,509465.00,3797.89,,,
ATUL,ATUL LTD,250570.00,14741.90,,,
GODREJAGRO,GODREJ AGROVET LIMITED,794778.00,6065.50,,,
MRF,MRF LTD,3860.00,5169.20,,,
SUNTECK,SUNTECK REALTY LIMITED,1309607.00,6079.22,,,
ABCAPITAL,ADITYA BIRLA CAPITAL LTD.,4161814.00,10530.54,,,
INOXINDIA,INOX INDIA LIMITED,140550.00,1716.90,,,
UNITDSPR,UNITED SPIRITS LIMITED,1364719.00,18943.96,,,
SOUTHBANK,SOUTH INDIAN BANK LTD.,30671137.00,8777.21,,,
IGIL,INTERNATIO GEMM INS (I) L,757010.00,3086.68,,,
RADICO,RADICO KHAITAN LTD,238075.00,6654.80,,,
AARTIPHARM,AARTI PHARMALABS LIMITED,349777.00,2999.57,,,
JTLIND,JTL INDUSTRIES LIMITED,13848285.00,10842.37,,,
TRAVELFOOD,TRAVEL FOOD SERVICES LTD,43085.00,557.91,,,
AMBUJACEM,AMBUJA CEMENTS LTD,2130347.00,12460.14,,,
ABSLAMC,ADIT BIRL SUN LIF AMC LTD,470437.00,3922.13,,,
BANKBARODA,BANK OF BARODA,7551676.00,18600.76,,,
MARKSANS,MARKSANS PHARMA LIMITED,3951913.00,8150.74,,,
ANTHEM,ANTHEM BIOSCIENCES LTD,159937.00,1314.67,,,
TATAELXSI,TATA ELXSI LIMITED,402615.00,24958.56,,,
VENKEYS,VENKY'S (INDIA) LIMITED,145817.00,2360.68,,,
INDIAMART,INDIAMART INTERMESH LTD,123283.00,3097.35,,,
INDIAGLYCO,INDIA GLYCOLS LTD,1263680.00,9635.08,,,
PRESTIGE,PRESTIGE ESTATE LTD,642883.00,10125.94,,,
MAXHEALTH,MAX HEALTHCARE INS LTD,1205857.00,14117.48,,,
INDIASHLTR,INDIA SHELTER FIN CORP L,420393.00,3492.15,,,
MANAPPURAM,MANAPPURAM FINANCE LTD,4067276.00,10681.64,,,
GENESYS,GENESYS INTL CORPN LTD,525711.00,3502.97,,,
MARUTI,MARUTI SUZUKI INDIA LTD.,70928.00,10580.48,,,
SWARAJENG,SWARAJ ENGINES LTD,39216.00,1649.72,,,
STARCEMENT,STAR CEMENT LIMITED,571557.00,1568.11,,,
MOIL,MOIL LIMITED,2514488.00,9624.39,,,
MBEL,M AND B ENGINEERING LTD,203119.00,838.39,,,
DATAPATTNS,DATA PATTERNS INDIA LTD,515525.00,14322.23,,,
EMUDHRA,EMUDHRA LIMITED,159153.00,1170.67,,,
FDC,FDC LTD.,474946.00,2371.00,,,
PCBL,PCBL CHEMICAL LIMITED,4346415.00,17858.82,,,
LAXMIINDIA,LAXMI INDIA FINANCE LTD,274489.00,460.70,,,
FIEMIND,FIEM INDUSTRIES LIMITED,102809.00,2052.70,,,
SANSERA,SANSERA ENGINEERING LTD,246507.00,3274.12,,,
KRN,KRN HEAT EXCHANGE N REF L,768766.00,6630.08,,,
CAMPUS,CAMPUS ACTIVEWEAR LIMITED,1155850.00,3319.58,,,
SANOFI,SANOFI INDIA LIMITED,40115.00,2137.06,,,
JUSTDIAL,JUSTDIAL LTD.,974267.00,8998.88,,,
RELIGARE,RELIGARE ENTER. LTD.,6203834.00,16268.07,,,
CAPACITE,CAPACITE INFRAPROJECT LTD,1689067.00,5785.94,,,
HONAUT,HONEYWELL AUTOMATION IND,10393.00,4106.12,,,
AFFLE,AFFLE 3I LIMITED,174741.00,3408.13,,,
ICICIGI,ICICI LOMBARD GIC LIMITED,116738.00,2277.58,,,
POLYPLEX,POLYPLEX CORPORATION LTD,329244.00,3924.33,,,
MAHLIFE,MAHINDRA LIFESPACE DEVLTD,1161651.00,4962.70,,,
CHOLAHLDNG,CHOLAMANDALAM FIN HOL LTD,83335.00,1629.57,,,
TBOTEK,TBO TEK LIMITED,82673.00,1285.01,,,
GRANULES,GRANULES INDIA LIMITED,4343402.00,22035.62,,,
SAMHI,SAMHI HOTELS LIMITED,3393687.00,6825.74,,,
TORNTPHARM,TORNTPHARMA-DEP SETT,47970.00,1715.23,,,
CRISIL,CRISIL LTD,81380.00,4253.76,,,
DELHIVERY,DELHIVERY LIMITED,1786962.00,7816.28,,,
INDIACEM,THE INDIA CEMENTS LIMITED,721124.00,2608.04,,,
METROBRAND,METRO BRANDS LIMITED,53061.00,655.95,,,
RELAXO,RELAXO FOOT LTD.,699462.00,3420.10,,,
SIYSIL,SIYARAM SILK MILLS LTD,195080.00,1485.56,,,
FLAIR,FLAIR WRITING INDUST LTD,228310.00,756.16,,,
PDSL,PDS LIMITED,431125.00,1715.24,,,
BFUTILITIE,BF UTILITIES LIMITED,375719.00,2989.64,,,
VINATIORGA,VINATI ORGANICS LTD,56735.00,1025.01,,,
FAIRCHEMOR,FAIRCHEM ORGANICS LIMITED,31982.00,314.84,,,
GRINDWELL,GRINDWELL NORTON LIMITED,70977.00,1264.51,,,
SUNDRMFAST,SUNDRAM FASTENERS LTD,107055.00,1129.37,,,
POKARNA,POKARNA LIMITED,180284.00,1676.69,,,
GMBREW,G M BREWERIES LTD,117154.00,897.23,,,
GREENPOWER,ORIENT GREEN POWER CO LTD,4085549.00,587.90,,,
DEEDEV,DEE DEVELOPMENT ENG LTD,169986.00,500.60,,,
INDNIPPON,INDIA NIPPON ELECT LTD,77323.00,704.32,,,
ANDHRSUGAR,ANDHRA SUGARS LTD.,479751.00,511.76,,,
SHILPAMED,SHILPA MEDICARE LTD,38780.00,286.78,,,
GANDHITUBE,GANDHI SPL. TUBES LTD,27525.00,251.61,,,
DHAMPURSUG,DHAMPUR SUGAR MILLS LTD.,865132.00,1339.78,,,
SBCL,SHIVALIK BIMETAL CON. LTD,146153.00,797.83,,,
ABLBL,ADITYA BIRLA LIFES BRAN L,5970724.00,9024.27,,,
SBIETFIT,SBIAMC - SBIETFIT,16773.00,66.80,,,
GRWRHITECH,GARWARE HI-TECH FILMS LTD,152041.00,5540.30,,,
CARYSIL,CARYSIL LIMITED,277282.00,2446.60,,,
APEX,APEX FROZEN FOODS LIMITED,154976.00,377.23,,,
JUNIORBEES,NIP IND ETF JUNIOR BEES,413431.00,3018.82,,,
NDTV,NDTV LTD,10928.00,14.48,,,
RAMASTEEL,RAMA STEEL TUBES LIMITED,55028660.00,5818.68,,,
ASIANENE,ASIAN ENERGY SERVICES LTD,562928.00,1924.49,,,
DCM,DCM LIMITED,4988.00,6.60,,,
DPSCLTD,DPSC LIMITED,57369.00,9.97,,,
LAXMIDENTL,LAXMI DENTAL LIMITED,275095.00,1010.62,,,
BODALCHEM,BODAL CHEMICALS LTD,803776.00,590.92,,,
SUPREME,SUPREME HOLDIN N HOSP I L,32211.00,27.58,,,
IKIO,IKIO TECHNOLOGIES LIMITED,349764.00,836.27,,,
DVL,DHUNSERI VENTURES LIMITED,20231.00,80.45,,,
SAFARI,SAFARI IND (INDIA) LTD,40719.00,875.78,,,
CHEMCON,CHEMCON SPECIAL CHEM LTD,222577.00,592.44,,,
VINCOFE,VINTAGE COFFEE N BVRGS L,1337416.00,1974.84,,,
INOXGREEN,INOX GREEN ENERGY SER LTD,2053827.00,3948.45,,,
NEOGEN,NEOGEN CHEMICALS LIMITED,149178.00,2376.71,,,
HARSHA,HARSHA ENGINEERS INT LTD,1070072.00,4816.61,,,
NAVKARCORP,NAVKAR CORPORATION LTD.,1650475.00,2064.54,,,
DECCANCE,DECCAN CEMENTS LTD,202967.00,2019.66,,,
ESAFSFB,ESAF SMALL FINANCE BANK L,1580625.00,562.66,,,
GOLDETF,MIRAEAMC - MAGOLDETF,529257.00,567.05,,,
GOLDSHARE,UTI GOLD ETF,1077774.00,847.99,,,
SUNDARMHLD,SUNDARAM FINANCE HOLD LTD,288585.00,1421.40,,,
RPGLIFE,RPG LIFE SCIENCES LTD,23355.00,570.63,,,
SANGHIIND,SANGHI INDUSTRIES LTD,988523.00,723.54,,,
RAJOOENG,RAJOO ENGINEERS LIMITED,1248372.00,1331.12,,,
SILVERADD,DSPAMC - DSPSILVETF,147442.00,189.06,,,
GOLD1,KOTAK GOLD ETF,1003047.00,934.65,,,
HDFCPSUBK,HDFCAMC HDFCPSUBK,24999.00,18.43,,,
SHARIABEES,NIP IND ETF SHARIAH BEES,10146.00,50.73,,,
GUFICBIO,GUFIC BIOSCIENCES LTD.,160062.00,582.95,,,
JSWHL,JSW HOLDINGS LIMITED,659.00,114.42,,,
ELECTHERM,ELECTROTHERM (I) LTD.,9233.00,95.56,,,
MONQ50,MOTILALAMC - MONQ50,583976.00,517.45,,,
NIFTY50ADD,DSPAMC - DSPN50ETF,17959.00,46.34,,,
SDL26BEES,RELCAPAMC-NETFSDL26,5010.00,6.63,,,
IT,KOTAKMAMC - KOTAKIT,504969.00,195.32,,,
NIF100IETF,ICICI PRUD NIFTY 100 ETF,387385.00,111.00,,,
VINDHYATEL,VINDHYA TELELINKS LTD,124167.00,2024.85,,,
CONSUMER,MIRAEAMC - CONSUMER,201099.00,24.43,,,
GSEC10IETF,ICICIPRAMC - ICICI10GS,229.00,0.59,,,
YUKEN,YUKEN INDIA LIMITED,6686.00,72.59,,,
ECAPINSURE,EDELAMC - ECAPINSURE,480155.00,112.90,,,
NEXT50,MIRAEAMC - MANXT50,11012.00,76.53,,,
FAZE3Q,FAZE THREE LIMITED,39263.00,212.07,,,
MID150,KOTAKMAMC - MID150,4735.00,1.04,,,
NV20,KOTAKMAMC - KTKNV20ETF,5830.00,8.90,,,
HDFCVALUE,HDFCAMC - HDFCVALUE,675.00,0.90,,,
INDORAMA,INDO RAMA SYNTHETICS LTD,84468.00,44.85,,,
ASIANTILES,ASIAN GRANITO INDIA LIMIT,104611.00,61.55,,,
TRANSWORLD,TRANSWORLD SHIP LINES LTD,69722.00,223.79,,,
PROSTARM,PROSTARM INFO SYSTEMS LTD,654791.00,1416.96,,,
HINDMOTORS,HINDUSTAN MOTORS LIMITED,40483.00,8.69,,,
RAJSREESUG,RAJSHREE SUGARS & CHEM,2131.00,1.04,,,
KHAICHEM,KHAITAN CHEM & FERT LTD,623676.00,774.74,,,
KSOLVES,KSOLVES INDIA LIMITED,37912.00,130.87,,,
TREL,TRANSINDIA REAL ESTATE L,203416.00,68.65,,,
MUNJALSHOW,MUNJAL SHOWA LTD,106044.00,158.83,,,
MUTHOOTCAP,MUTHOOT CAP SERV LTD,15643.00,49.26,,,
GULFPETRO,GP PETROLEUMS LIMITED,52522.00,23.96,,,
DIFFNKG,DIFFUSION ENGINEERS LTD,157461.00,582.88,,,
RBZJEWEL,RBZ JEWELLERS LIMITED,41096.00,58.78,,,
SILVERTUC,SILVER TOUCH TECHNO LTD,4826.00,35.30,,,
BLUSPRING,BLUSPRING ENTERPRISES LTD,262665.00,223.32,,,
SUYOG,SUYOG TELEMATICS LIMITED,61935.00,497.50,,,
VIPCLOTHNG,VIP CLOTHING LIMITED,92505.00,38.57,,,
VAISHALI,VAISHALI PHARMA LIMITED,50001.00,6.24,,,
MARINE,MARINE ELECTRICAL (I) LTD,42670.00,93.73,,,
BAJAJINDEF,INDEF MANUFACTURING LTD,22434.00,82.14,,,
GLOBALVECT,GLOBAL VEC HELICORP LTD,2732.00,6.25,,,
NECCLTD,NORTH EAST CARRY CORP LTD,10109.00,2.34,,,
UTTAMSUGAR,UTTAM SUGAR MILLS LTD.,282693.00,898.91,,,
KINGFA,KINGFA SCI & TEC IND LTD.,339.00,14.48,,,
GVKPIL,GVK POW. & INFRA LTD.,20000.00,1.93,,,
GOACARBON,GOA CARBON LTD,24107.00,138.57,,,
BLSE,BLS E-SERVICES LIMITED,45540.00,88.88,,,
WALCHANNAG,WALCHANDNAGAR INDUSTRIES,48899.00,111.58,,,
TOP15IETF,ICICIPRAMC - TOP15IETF,4837.00,0.51,,,
SWELECTES,SWELECT ENERGY SYS LTD,46169.00,399.86,,,
20MICRONS,20 MICRONS LIMITED,195528.00,488.98,,,
UTISENSETF,UTIAMC-UTISENSETF,1072.00,9.64,,,
MONIFTY500,MOTILALAMC - MONIFTY500,679965.00,160.60,,,
NIFTY100EW,KOTAKMAMC - NIFTY100EW,3459.00,1.17,,,
ALANKIT,ALANKIT LIMITED,219686.00,31.96,,,
GOYALALUM,GOYAL ALUMINIUMS LIMITED,1560.00,0.13,,,
CREATIVE,CREATIVE NEWTECH LIMITED,372335.00,2554.91,,,
RPPINFRA,R.P.P INFRA PROJECTS LTD,66210.00,97.59,,,
TAINWALCHM,TAINWALA CHEM & PLASTICS,1420.00,3.53,,,
KCPSUGIND,KCP SUG & IND CORP LTD.,7021.00,2.56,,,
RUBFILA,RUBFILA INTERNATIONAL LTD,10670.00,8.95,,,
GILT5YBEES,RELCAPAMC - NETFGILT5Y,8446.00,5.29,,,
MOKSH,MOKSH ORNAMENTS LIMITED,689005.00,95.68,,,
SURANASOL,SURANA SOLAR LIMITED,3507.00,1.25,,,
UYFINCORP,U. Y. FINCORP LIMITED,87846.00,14.15,,,
FILATFASH,FILATEX FASHIONS LIMITED,569174.00,3.55,,,
STARPAPER,STAR PAPER MILLS LTD,959.00,1.80,,,
EMAMIPAP,EMAMI PAPER MILLS LIMITED,183859.00,202.81,,,
UNIONGOLD,UNIONAMC - UNIONGOLD,445.00,0.51,,,
AFSL,ABANS FINANCIAL SRVCS LTD,29497.00,72.57,,,
PARSVNATH,PARSVNATH DEVELOPERS LIMI,3319.00,0.76,,,
MAHEPC,MAHINDRA EPC IRRIG LTD,57088.00,95.56,,,
OMAXAUTO,OMAX AUTOS LIMITED,2.00,0.00,,,
NIRAJ,NIRAJ CEMENT STRUC LTD,1.00,0.00,,,
EBBETF0431,EDELAMC - EBBETF0431,472.00,6.47,,,
HDFCLOWVOL,HDFCAMC - HDFCLOWVOL,36333.00,7.59,,,
QNIFTY,QUANTUM NIFTY 50 ETF,1171.00,31.75,,,
GRAUWEIL,GRAUER & WEIL IND LTD,2600.00,2.38,,,
UMIYA-MRO,UMIYA BUILDCON LIMITED,690.00,0.72,,,
ALKALI,ALKALI METALS LIMITED,1186.00,1.15,,,
LGHL,LAXMI GOLDORNA HOUSE LTD,40.00,0.37,,,
SHREYANIND,SHREYANS INDUSTRIES LTD,400.00,1.19,,,
AJOONI,AJOONI BIOTECH LIMITED,11913.00,0.68,,,
ALPA,ALPA LABORATORIES LIMITED,2698.00,2.97,,,
GROWWLIQID,GROWWAMC - GROWWLIQID,1332.00,1.40,,,
ABGSEC,BIRLASLAMC - ABGSEC,2221.00,2.46,,,
ARFIN,ARFIN INDIA LIMITED,1000.00,0.42,,,
THOMASCOTT,THOMAS SCOTT (INDIA) LTD,2000.00,6.60,,,
SHAH,SHAH METACORP LIMITED,5961.00,0.20,,,
BGRENERGY,BGR ENERGY SYSTEMS LTD,1.00,0.00,,,
MICEL,MIC ELECTRONICS LTD,1710213.00,1170.62,,,
GUJALKALI,GUJALKALI NPP010699DEPOML,366358.00,2368.97,,,
BAJAJCON,BAJAJ CONSUMER CARE LTD,1656086.00,3921.95,,,
NATIONALUM,NATIONALUM-DEP SETT,10067286.00,20040.90,,,
FORTIS,FORTIS HEALTHCARE LTD,427859.00,3388.80,,,
OLAELEC,OLA ELECTRIC MOBILITY LTD,14638504.00,8778.26,,,
BBL,BHARAT BIJLEE LTD,109631.00,3247.71,,,
LICI,LIFE INSURA CORP OF INDIA,3501560.00,31911.69,,,
ADANIGREEN,ADANI GREEN ENERGY LTD,2527361.00,26910.03,,,
BANCOINDIA,BANCO PRODUCTS (I) LTD,345706.00,2466.67,,,
SAGILITY,SAGILITY LIMITED,30408420.00,13528.98,,,
TTML,TATA TELESERVICES (MAHARA,338428.00,229.92,,,
NAVNETEDUL,NAVNEET EDUCATION LTD,671351.00,1041.95,,,
WCIL,WESTERN CARRIERS (IND) L,1017852.00,1340.47,,,
OFSS,ORACLE FIN SERV SOFT LTD.,197433.00,18032.73,,,
RATNAVEER,RATNAVEER PRECISION ENG L,419630.00,656.68,,,
DEEPAKNTR,DEEPAK NITRITE LTD,616771.00,12459.25,,,
M&MFIN,UNSECURED NCD,2056106.00,5764.06,,,
SEQUENT,SEQUENT SCIENTIFIC LTD.,1300027.00,2475.15,,,
DIXON,DIXON TECHNO (INDIA) LTD,176807.00,29170.16,,,
HDFCSILVER,HDFCAMC - HDFCSILVER,1644866.00,2057.22,,,
AKUMS,AKUMS DRUGS AND PHARMA L,438695.00,2308.32,,,
DIACABS,DIAMOND POWER INFRA LTD,3128983.00,4740.56,,,
NITCO,NITCO LIMITED,547127.00,737.04,,,
SURANAT&P,SURANA TELECOM AND POW LT,31383.00,7.63,,,
HEG,HEG LTD,1622889.00,8502.52,,,
BBOX,BLACK BOX LIMITED,50196.00,259.35,,,
HERITGFOOD,HERITAGE FOODS LTD,1098407.00,5505.49,,,
JAGSNPHARM,JAGSONPAL PHARMA LTD.,140640.00,350.58,,,
BPCL,BHARAT PETROLEUM LTD,2434629.00,7986.75,,,
RCF,RCF-DEPO SETT,9991553.00,16379.90,,,
EXIDEIND,CHOLRIDIND-DEPO NPP,5889676.00,25847.36,,,
HUDCO,BOND 7.03% PA TAX FREE S1,12602997.00,30489.42,,,
IOC,INDIAN OIL CORP. LTD.,17742788.00,26248.04,,,
LT,LARSEN & TOUBRO LTD.,1117050.00,39251.29,,,
RECLTD,BOND 8.01% TAX FREE S1A,16376646.00,67794.21,,,
ZIMLAB,ZIM LABORATORIES LIMITED,25007.00,27.19,,,
BORORENEW,BOROSIL RENEWABLES LTD,1383541.00,8111.99,,,
HEMIPROP,HEMISPHERE PROP IND LTD,3118345.00,5056.62,,,
NSLNISP,NMDC STEEL LIMITED,20539893.00,9285.39,,,
IOB,IOB,29455177.00,12631.91,,,
DIGITIDE,DIGITIDE SOLUTIONS LTD,488453.00,1040.29,,,
PPLPHARMA,PIRAMAL PHARMA LIMITED,9378561.00,19431.47,,,
BATAINDIA,BATA INDIA LTD.,307674.00,3913.49,,,
NAGAFERT,NAGARJUN FERT AND CHE LTD,42862.00,2.81,,,
SYNGENE,SYNGENE INTERNATIONAL LTD,698121.00,4807.60,,,
NIACL,THE NEW INDIA ASSU CO LTD,3310820.00,7091.23,,,
EMBDL,EMBASSY DEVELOPMENTS LTD,37614672.00,44071.29,,,
MANORAMA,MANORAMA INDUSTRIES LTD,213400.00,3079.89,,,
HUBTOWN,ACKRUTI CITY LIMITED,3173265.00,9356.37,,,
NIBE,NIBE LIMITED,12280.00,191.33,,,
RAILTEL,RAILTEL CORP OF IND LTD,6898525.00,28644.70,,,
DELTACORP,DELTA CORP LIMITED,9017090.00,8760.33,,,
KFINTECH,KFIN TECHNOLOGIES LIMITED,1903321.00,22845.02,,,
KPIGREEN,KPI GREEN ENERGY LIMITED,1881487.00,9226.35,,,
ICICIPRULI,ICICI PRU LIFE INS CO LTD,1015751.00,6406.44,,,
ANGELONE,ANGEL ONE LIMITED,1307190.00,33792.20,,,
GMRP&UI,GMR POW AND URBAN INFRA L,12252597.00,14251.68,,,
SRHHYPOLTD,SREE RAYALASEEMA HI-STREN,52369.00,345.15,,,
GOKEX,GOKALDAS EXPORTS LTD.,913482.00,7420.43,,,
SNOWMAN,SNOWMAN LOGISTICS LTD.,1235684.00,796.72,,,
FINCABLES,FINOLEX CABLES LTD-DEP SE,1025444.00,9858.07,,,
SHREEPUSHK,SHRE PUSH CHEM & FERT LTD,100430.00,401.15,,,
GSFC,GSFC - DEPO SETT,7040265.00,14774.03,,,
JINDALSAW,JINDAL SAW LIMITED,8708171.00,19997.03,,,
MANAKSIA,MANAKSIA LTD.,19151.00,17.05,,,
FCL,FINEOTEX CHEMICAL LIMITED,1337092.00,3552.68,,,
CIFL,CAPITAL INDIA FINANCE LTD,32752.00,12.65,,,
DIVISLAB,DIVI S LABORATORIES LTD,250308.00,15591.75,,,
AARTIIND,AARTI INDUSTRIES LTD,3957433.00,17538.64,,,
GAEL,GUJARAT AMB. EXP LTD.,1900810.00,2388.62,,,
ETERNAL,ETERNAL LIMITED,10667554.00,30298.54,,,
BHARATFORG,BHARAT FORGE LTD,1192544.00,15290.61,,,
LIQUIDBEES,NIP IND ETF LIQUID BEES,48918.00,489.35,,,
ADVENZYMES,ADVANCED ENZYME TECH LTD,657022.00,2338.98,,,
AZAD,AZAD ENGINEERING LIMITED,582199.00,9717.17,,,
QPOWER,QUALITY POWER ELEC EQUP L,782498.00,6241.38,,,
TVSSCS,TVS SUPPLY CHAIN SOL L,3067794.00,4386.97,,,
CMSINFO,CMS INFO SYSTEMS LIMITED,608924.00,2629.10,,,
STYRENIX,STYRENIX PERFORMANCE LTD,109405.00,2969.62,,,
MCX,MULTI COMMODITY EXCHANGE,409198.00,32871.23,,,
EUREKAFORB,EUREKA FORBES LIMITED,98946.00,570.95,,,
GRAVITA,GRAVITA INDIA LIMITED,850434.00,15340.44,,,
CHENNPETRO,CHENNAI PETRO CORP LTD DE,1760336.00,12859.35,,,
ARISINFRA,ARISINFRA SOLUTIONS LTD,503948.00,791.31,,,
GLAND,GLAND PHARMA LIMITED,172427.00,3399.23,,,
MSUMI,MOTHERSON SUMI WRNG IND L,10063685.00,4599.06,,,
RKFORGE,RAMKRISHNA FORGINGS LTD,2551739.00,16224.13,,,
BBTC,BOMBAY BURMAH TRADING,237417.00,4602.76,,,
WOCKPHARMA,WOCKHARDT LIMITED,1845821.00,28223.06,,,
AURIONPRO,AURIONPRO SOLUTIONS LIMIT,392191.00,5090.71,,,
MAPMYINDIA,C.E. INFO SYSTEMS LIMITED,200738.00,3730.62,,,
KEI,KEI INDUSTRIES LIMITED,124152.00,4834.99,,,
SKFINDIA,SKF INDIA LIMITED,67128.00,3157.78,,,
ASHOKA,ASHOKA BUILDCON LTD,4890525.00,10326.62,,,
TECHNOE,TECHNO ELEC & ENG CO. LTD,612535.00,8776.07,,,
IMFA,INDIAN METALS & FERRO,246541.00,2053.38,,,
BERGEPAINT,BERGER PAINTS(I)LTD,369149.00,2044.27,,,
BECTORFOOD,MRS BECTORS FOOD SPE LTD,215488.00,3102.77,,,
ABBOTINDIA,ABBOTT INDIA LIMITED,12034.00,3793.70,,,
CAPLIPOINT,CAPLIN POINT LAB LTD.,122864.00,2629.98,,,
FLUOROCHEM,GUJARAT FLUOROCHEM LTD,528403.00,19579.07,,,
RBA,RESTAURANT BRAND ASIA LTD,5653287.00,4760.84,,,
KIRLOSENG,KIRLOSKAR OIL ENG LTD,361466.00,3390.79,,,
VARROC,VARROC ENGINEERING LTD.,394913.00,2350.53,,,
APOLLOTYRE,APOLLO TYRES LTD,1278105.00,6182.23,,,
TVSMOTOR,TVS MOTOR COMPANY  LTD,206459.00,6877.85,,,
TEGA,TEGA INDUSTRIES LIMITED,1796502.00,35810.94,,,
YATHARTH,YATHARTH HOSP & TRA C S L,795966.00,5451.07,,,
CENTURYPLY,CENTURY PLYBOARDS (INDIA),64142.00,529.97,,,
WSTCSTPAPR,WEST COAST PAPER MILLS LT,349380.00,1907.07,,,
NOCIL,NOCIL LIMITED,2380014.00,5091.26,,,
SFL,SHEELA FOAM LIMITED,388046.00,2836.12,,,
AIAENG,AIA ENGINEERING LIMITED,76025.00,2525.05,,,
ABDL,ALLIED BLEND N DISTILS L,886493.00,4291.18,,,
FINEORG,FINE ORGANIC IND. LTD.,29792.00,1449.99,,,
PSPPROJECT,PSP PROJECTS LIMITED,475458.00,3551.42,,,
STARHEALTH,STAR HEALTH & AL INS CO L,1187683.00,5492.03,,,
GRINFRA,G R INFRAPROJECTS LIMITED,71154.00,951.45,,,
GODREJIND,GODREJ INDUSTRIES LTD,150560.00,1793.83,,,
USHAMART,USHA MARTIN LTD.,2254139.00,8949.89,,,
SUMICHEM,SUMITOMO CHEM INDIA LTD,570954.00,3256.14,,,
WELENT,WELSPUN ENTERPRISES LTD.,937283.00,4772.62,,,
MEDIASSIST,MEDI ASSIST HEALTH SER L,192591.00,1030.49,,,
CARBORUNIV,CARBORUNDUM UNIV LTD.,337819.00,3385.64,,,
CANFINHOME,CAN FIN HOMES LTD,641513.00,4986.54,,,
INDIGOPNTS,INDIGO PAINTS LIMITED,123976.00,1468.79,,,
STYLAMIND,STYLAM INDUSTRIES LIMITED,57481.00,1016.82,,,
JINDALPOLY,JINDAL POLY FILMS LIMITED,193282.00,1233.43,,,
ARVSMART,ARVIND SMARTSPACES LTD,157116.00,1055.07,,,
BLUEDART,BLUE DART EXPRESS LTD.,73404.00,4550.35,,,
EMCURE,EMCURE PHARMACEUTICALS L,88136.00,1212.74,,,
IIFLCAPS,IIFL CAPITAL SERVICES LTD,1377500.00,4280.48,,,
GOKULAGRO,GOKUL AGRO RESOURCES LTD,193917.00,701.47,,,
VISHNU,VISHNU CHEMICALS LIMITED,533970.00,2643.66,,,
FEDFINA,FEDBANK FINANCIAL SER L,2953402.00,4085.29,,,
SENCO,SENCO GOLD LIMITED,877205.00,3448.90,,,
TRACXN,TRACXN TECHNOLOGIES LTD,284072.00,191.84,,,
SILVERETF,UTIAMC - SILVERETF,776645.00,1010.21,,,
BARBEQUE,BARBEQUE NATION HOSP. LTD,389812.00,1107.91,,,
MCLEODRUSS,MCLEOD RUSSEL INDIA LIMIT,137195.00,51.15,,,
TPLPLASTEH,TPL PLASTECH LIMITED,75676.00,65.26,,,
KOKUYOCMLN,KOKUYO CAMLIN LIMITED,158400.00,203.91,,,
BHARATSE,BHARAT SEATS LIMITED,35367.00,59.33,,,
AKZOINDIA,AKZO NOBEL INDIA LIMITED,29721.00,1060.94,,,
PPL,PRAKASH PIPES LIMITED,254242.00,937.87,,,
ZOTA,ZOTA HEALTH CARE LIMITED,102007.00,1188.15,,,
HLEGLAS,HLE GLASCOAT LIMITED,295954.00,1530.14,,,
KRYSTAL,KRYSTAL INTEGRATED SER L,32811.00,218.79,,,
MODEFENCE,MOTILALAMC - MODEFENCE,5422803.00,4860.49,,,
MID150BEES,NIP IND ETF MIDCAP 150,707700.00,1547.47,,,
BOROLTD,BOROSIL LIMITED,333036.00,1248.21,,,
GANDHAR,GANDHAR OIL REFINE IND L,726563.00,1264.14,,,
OILIETF,ICICIPRAMC - OILIETF,3997277.00,459.16,,,
LINCOLN,LINCOLN PHARMA LTD,143618.00,866.40,,,
SANDHAR,SANDHAR TECHNOLOGIES LTD,375160.00,1793.24,,,
UDS,UPDATER SERVICES LIMITED,855006.00,2525.69,,,
ACUTAAS,ACUTAAS CHEMICALS LIMITED,262937.00,3401.86,,,
KMEW,KNOWLEDGE MARINE & EN W L,34157.00,716.04,,,
DBCORP,D.B.CORP LTD,132816.00,360.38,,,
TVTODAY,TV TODAY NETWORK LIMITED,274133.00,517.00,,,
IRMENERGY,IRM ENERGY LIMITED,296727.00,1090.37,,,
MEGASTAR,MEGASTAR FOODS LIMITED,32.00,0.10,,,
SHREDIGCEM,SHREE DIGVIJAY CEM CO LTD,743714.00,700.50,,,
UNICHEMLAB,UNICHEMLAB - DEPO,88730.00,538.97,,,
DCAL,DISHMAN CARBO AMCIS LTD,285256.00,823.56,,,
ANDHRAPAP,ANDHRA PAPER LIMITED,595344.00,500.91,,,
DODLA,DODLA DAIRY LIMITED,53893.00,749.26,,,
LUMAXIND,LUMAX INDUSTRIES LTD,8651.00,375.93,,,
WANBURY,WANBURY LIMITED,20760.00,55.57,,,
KITEX,KITEX GARMENTS LTD,185252.00,381.20,,,
ACCELYA,ACCELYA KALE SOLUTION LTD,296853.00,4294.56,,,
ETHOSLTD,ETHOS LIMITED,34047.00,904.74,,,
SPAL,S. P. APPARELS LIMITED,62615.00,479.39,,,
MOM100,MOTILAL OS MIDCAP100 ETF,1282244.00,797.20,,,
HDFCQUAL,HDFCAMC - HDFCQUAL,27925.00,16.18,,,
NPST,NETWORK PEOPLE SRV TECH L,40704.00,833.31,,,
KALAMANDIR,SAI SILKS (KALAMANDIR) L,1856667.00,3159.33,,,
VADILALIND,VADILAL INDUSTRIES LTD,15796.00,870.11,,,
MAXESTATES,MAX ESTATES LIMITED,313599.00,1548.90,,,
STOVEKRAFT,STOVE KRAFT LIMITED,204584.00,1380.71,,,
EFCIL,EFC (I) LIMITED,4248.00,13.11,,,
ICICIB22,ICICIPRAMC - BHARATIWIN,528303.00,583.90,,,
SILVERCASE,ZERODHAAMC - SILVERCASE,1040220.00,133.86,,,
ASALCBR,ASSO ALCOHOLS & BREW LTD,103704.00,1021.58,,,
SENSEXIETF,ICICI PRUD SENSEX ETF,10088.00,93.79,,,
VIKRAMSOLR,VIKRAM SOLAR LIMITED,34230.00,112.01,,,
LICMFGOLD,LIC MF - LIC GOLD ETF,10516.00,1100.41,,,
MOHEALTH,MOTILALAMC - MOHEALTH,32868.00,14.67,,,
CCL,CCL PRODUCTS (I) LTD,156145.00,1317.83,,,
DDEVPLSTIK,DDEV PLASTIKS IND LTD,180651.00,573.26,,,
BANKNIFTY1,KOTAKMAMC-KOTAKBKETF,18092.00,101.00,,,
BANKIETF,ICICIPRAMC - IPRU5008,342761.00,193.15,,,
APCOTEXIND,APCOTEX INDUSTRIES LTD.,31887.00,135.28,,,
SETF10GILT,SBIAMC - SETF10GILT,7047.00,18.22,,,
KICL,KALYANI INVEST CO LTD,4056.00,209.49,,,
ESILVER,EDELAMC - ESILVER,46417.00,59.06,,,
SIMPLEXINF,SIMPLEX INFRASTRUCTURES L,148878.00,449.22,,,
SMARTWORKS,SMARTWORKS COWORKING SP L,32104.00,170.80,,,
FISCHER,FISCHER MEDICAL VENTURE L,116809.00,126.46,,,
ABSLNN50ET,BIRLASLAMC - ABSLNN50ET,172813.00,131.30,,,
EMULTIMQ,EDELAMC - EMULTIMQ,45455.00,19.44,,,
NV20BEES,NIP IND ETF ETF NV20,26630.00,39.59,,,
KESORAMIND,KESORAM INDUSTRIES LTD,167958.00,10.16,,,
ADVANIHOTR,ADVANI HOT.& RES.(I) LTD,37254.00,24.29,,,
SILVER1,KOTAKMAMC - KOTAKSILVE,350467.00,419.40,,,
AVADHSUGAR,AVADH SUG & ENERGY LTD,251766.00,1312.96,,,
SMCGLOBAL,SMC GLOBAL SECURITIES LTD,1183424.00,1723.27,,,
ICRA,ICRA LIMITED,3605.00,240.00,,,
BSE500IETF,ICICIPRAMC - ICICI500,527295.00,206.58,,,
APTECHT,APTECH LIMITED,77139.00,115.84,,,
ABSLBANETF,BIRLASLAMC - ABSLBANETF,17388.00,9.68,,,
SCHNEIDER,SCHNEIDER ELECTRIC INFRA,22687.00,188.26,,,
IVZINGOLD,INVESCO INDIA GOLD ETF,64.00,6.16,,,
CONSUMIETF,ICICIPRAMC - ICICICONSU,68828.00,84.78,,,
SUPERHOUSE,SUPERHOUSE LIMITED,2761.00,5.12,,,
MIRZAINT,MIRZA INTERNATIONAL LIMIT,184316.00,77.01,,,
AXISHCETF,AXISAMC - AXISHCETF,5029.00,7.12,,,
MOLDTECH,MOLD-TEK TECHNOLOGIES LTD,28612.00,59.79,,,
RADIANTCMS,RADIANT CASH MGMT SER LTD,378120.00,234.01,,,
GULPOLY,GULSHAN POLYOLS LIMITED,288160.00,511.60,,,
ARIHANTCAP,ARIHANT CAPITAL MKTS LTD,282072.00,298.16,,,
SBGLP,SURATWWALA BUS GROUP LTD,773.00,0.29,,,
FIBERWEB,FIBERWEB INDIA LIMITED,5866.00,2.80,,,
ORIENTCER,ORIENT CERATECH LIMITED,70580.00,27.96,,,
INDOTHAI,INDO THAI SEC LTD,86146.00,232.89,,,
VAKRANGEE,VAKRANGEE LIMITED,372977.00,42.80,,,
SRM,SRM CONTRACTORS LIMITED,84560.00,461.55,,,
DHANBANK,DHANLAXMI BANK LIMITED,506366.00,140.18,,,
RUBYMILLS,THE RUBY MILLS LTD,7058.00,17.54,,,
SBIETFCON,SBIAMC - SBIETFCON,6614.00,8.42,,,
PVP,PVP VENTURES LIMITED,9160.00,2.52,,,
KABRAEXTRU,KABRAEXTRUSION,6523.00,18.75,,,
ALMONDZ,ALMONDZ GLOBAL SECURITIES,11254.00,2.45,,,
ASPINWALL,ASPINWALL & CO LTD,240.00,0.68,,,
USK,UDAYSHIVAKUMAR INFRA LTD,7412.00,2.62,,,
CHEVIOT,CHEVIOT COMPANY LIMITED,2758.00,35.44,,,
SALSTEEL,S.A.L. STEEL LIMITED,15771.00,2.97,,,
EBBETF0430,EDELAMC - EBBETF0430,893.00,13.67,,,
TEXMOPIPES,TEXMO PIPE & PRODUCTS LTD,29762.00,18.15,,,
KRITINUT,KRITI NUTRIENTS LIMITED,50.00,0.05,,,
INDOWIND,INDOWIND ENERGY LIMITED,14830.00,2.78,,,
HINDCON,HINDCON CHEMICALS LIMITED,78.00,0.03,,,
EUROBOND,EURO PANEL PRODUCTS LTD,1487.00,3.43,,,
SASTASUNDR,SASTASUNDAR VENTURES LTD,17509.00,51.51,,,
SPECTRUM,SPECTRUM ELECTRIC IND LTD,232.00,3.76,,,
BBETF0432,EDELAMC - BBETF0432,193.00,2.48,,,
CLEDUCATE,CL EDUCATE LIMITED,1.00,0.00,,,
KILITCH,KILITCH DRUGS INDIA LTD,1.00,0.00,,,
DOLPHIN,DOLPHIN OFF ENT (IND) L,307.00,1.28,,,
KANORICHEM,KANORIA CHEM & IND LTD,13139.00,17.45,,,
MANAKALUCO,MANAK ALUMINIUM CO. LTD.,5200.00,1.59,,,
SUKHJITS,SUKHJIT STARCH & CHEM LTD,1912.00,3.86,,,
HERCULES,HERCULES HOISTS LIMITED,505.00,0.89,,,
IFBAGRO,IFB AGRO INDUSTRIES LTD,129.00,1.07,,,
OBCL,ORISSA BENGAL CARRIER LTD,2382.00,1.43,,,
HISARMETAL,HISAR METAL IND. LIMITED,2099.00,4.56,,,
AONELIQUID,AONEAMC - AONELIQUID,6.00,0.06,,,
MOTOUR,MOTILALAMC - MOTOUR,1.00,0.00,,,
MOBIKWIK,ONE MOBIKWIK SYSTEMS LTD,2507500.00,7297.59,,,
GALLANTT,GALLANTT ISPAT LIMITED,129874.00,890.31,,,
KERNEX,KERNEX MICROSYSTEMS (INDI,33049.00,341.67,,,
MARATHON,MARATHON NXTGEN REALT LTD,1038940.00,6741.23,,,
TECHM,TECH MAHINDRA LIMITED,1393476.00,21858.40,,,
NIFTYBEES,NIP IND ETF NIFTY BEES,5350381.00,14879.76,,,
WELSPUNLIV,WELSPUN LIVING LIMITED,9902943.00,14118.41,,,
WEL,WONDER ELECTRICALS LTD,1270549.00,1932.77,,,
IDBI,IDBI BANK LIMITED,36347458.00,33475.00,,,
ORIENTTECH,ORIENT TECHNOLOGIES LTD,412983.00,1518.37,,,
CIPLA,CIPLA NPP101299 DEPO,331178.00,5089.67,,,
CAMS,COMPUTER AGE MNGT SER LTD,914617.00,37440.48,,,
OSWALGREEN,OSWAL GREENTECH LIMITED,270201.00,120.22,,,
HINDPETRO,HIND. PETROLEUM - DEP. RS,1682914.00,6858.30,,,
NFL,NATIONAL FERT. LTD,9451583.00,9967.10,,,
PATELENG,PATEL ENGINEERING LTD.,5874618.00,2533.62,,,
PENINLAND,PENINSULA LAND LIMITED,199063.00,72.77,,,
MIDHANI,MISHRA DHATU NIGAM LTD,2699154.00,11195.47,,,
RITES,RITES LIMITED,4833429.00,13953.28,,,
TATASTEEL,TATA STEEL LIMITED,14786536.00,23490.02,,,
APTUS,APTUS VALUE HSG FIN I LTD,1943881.00,6433.18,,,
HBLENGINE,HBL ENGINEERING LTD,3077104.00,22275.62,,,
FILATEX,FILATEX INDIA LTD,2757125.00,1529.26,,,
JINDWORLD,JINDAL WORLDWIDE LTD,2801633.00,1334.65,,,
SPARC,SUN PHARMA ADVANCED RESEA,1686221.00,2765.23,,,
3IINFOLTD,3I INFOTECH LIMITED,823146.00,290.07,,,
GTL,GTL LTD NPP290799DEPOML,110321.00,13.81,,,
TRIVENI,TRIVENI ENGINEERING & IND,1263594.00,4914.84,,,
RAYMOND,RAYMOND LTD.,728366.00,5454.13,,,
NUVOCO,NUVOCO VISTAS CORP LTD,613371.00,2624.97,,,
COLPAL,COLGATE PALMOLIVE LTD.,599623.00,14583.08,,,
HINDUNILVR,HINDUSTAN UNILEVER LTD.,527926.00,13540.38,,,
LATENTVIEW,LATENT VIEW ANALYTICS LTD,892829.00,3885.49,,,
STEELXIND,STEEL EXCHANGE INDIA LTD,5482971.00,580.90,,,
ROTO,ROTO PUMPS LIMITED,894222.00,831.75,,,
SARDAEN,SARDA ENERGY & MIN LTD,1592719.00,8830.00,,,
SYRMA,SYRMA SGS TECHNOLOGY LTD,1167946.00,8937.20,,,
JWL,JUPITER WAGONS LIMITED,4627108.00,17754.96,,,
ICIL,INDO COUNT INDUSTRIES LTD,777844.00,2395.73,,,
NITINSPIN,NITIN SPINNERS LIMITED,278135.00,1044.42,,,
EVEREADY,EVEREADY INDS. IND. LTD.,1435642.00,5954.01,,,
GESHIP,THE GE SHPG.LTD,1026593.00,10928.32,,,
KIOCL,KIOCL LIMITED,532972.00,2346.41,,,
AMBIKCO,AMBIKA COTTON MILLS LIMIT,17001.00,261.90,,,
BEPL,BHANSALI ENG. POLYMERS LT,2699756.00,3225.86,,,
DREDGECORP,DREDGING CORP OF INDIA,157363.00,1100.81,,,
CGPOWER,CROMPGREAVNPP011299DEPO,3660893.00,25778.26,,,
SONACOMS,SONA BLW PRECISION FRGS L,4229393.00,19973.75,,,
MARICO,MARICO LIMITED,489342.00,3512.14,,,
SIGNATURE,SIGNATUREGLOBAL INDIA LTD,753246.00,9045.66,,,
ALKYLAMINE,ALKYL AMINE CHEM LTD,147437.00,3126.55,,,
KSB,KSB LIMITED,141432.00,1185.15,,,
ONESOURCE,ONESOURCE SPECL PHARMA L,184246.00,3743.93,,,
SWIGGY,SWIGGY LIMITED,6721125.00,29048.57,,,
AEROFLEX,AEROFLEX INDUSTRIES LTD,2467759.00,4768.70,,,
ADANIENT,ADANI ENTERPRISES LIMITED,865259.00,22603.52,,,
ADANIPORTS,ADANI PORT & SEZ LTD,1995094.00,27751.67,,,
LTF,L&T FINANCE LIMITED,3524464.00,7177.79,,,
PICCADIL,PICCADILY AGRO INDUSTRI L,119168.00,841.82,,,
EIDPARRY,EID PARRY LTD.,236123.00,2509.41,,,
RRKABEL,R R KABEL LIMITED,269050.00,3613.57,,,
LOTUSDEV,SRI LOTUS DEVLPRS N RTY L,1648941.00,3203.91,,,
BASF,BASF INDIA LTD- DEPO SETT,162014.00,8404.62,,,
NYKAA,FSN E COMMERCE VENTURES,1778983.00,4010.00,,,
JSWSTEEL,JSW STEEL LIMITED,290040.00,3025.78,,,
POWERMECH,POWER MECH PROJECTS LTD.,259160.00,7764.19,,,
SALZERELEC,SALZER ELECTRONICS LTD,269135.00,2469.39,,,
M&M,M&M - DEP RS,876443.00,30128.09,,,
ENDURANCE,ENDURANCE TECHNO. LTD.,114772.00,3268.37,,,
DCBBANK,DCB BANK LIMITED,5395945.00,6957.29,,,
INDGN,INDEGENE LIMITED,900285.00,5345.65,,,
OSWALPUMPS,OSWAL PUMPS LIMITED,502451.00,4044.61,,,
CEATLTD,CEAT LIMITED,150439.00,5242.08,,,
GOLDIAM,GOLDIAM INTERNATIONAL LIM,2105224.00,8003.28,,,
ALKEM,ALKEM LABORATORIES LTD.,25794.00,1413.87,,,
BALMLAWRIE,BALMER LAWRIE & CO. LTD,1819095.00,4190.01,,,
CONCORDBIO,CONCORD BIOTECH LIMITED,202799.00,3529.19,,,
APLLTD,ALEMBIC PHARMA LTD,215734.00,2201.88,,,
GOODLUCK,GOODLUCK INDIA LIMITED,709891.00,6943.12,,,
CUMMINSIND,CUMMINS INDIA LIMITED,173857.00,6711.59,,,
GHCL,GHCL LIMITED,543125.00,3272.44,,,
FORCEMOT,FORCE MOTORS LIMITED,60086.00,9754.17,,,
MEDANTA,GLOBAL HEALTH LIMITED,179240.00,2387.05,,,
BLUESTARCO,BLUE STAR LIMITED,202810.00,3834.15,,,
KANSAINER,KANSAI NEROLAC PAINTS LTD,661627.00,1710.75,,,
RAYMONDLSL,RAYMOND LIFESTYLE LIMITED,376223.00,4603.33,,,
IIFL,SEC RE NCD 8.25% SR.I,2054412.00,8987.03,,,
HNGSNGBEES,NIP IND ETF HANGSENG BEES,403613.00,1940.88,,,
TATAGOLD,TATAAML-TATAGOLD,12934351.00,1404.50,,,
ECLERX,ECLERX SERVICES LIMITED,60074.00,2420.40,,,
EQUITASBNK,EQUITAS SMALL FIN BNK LTD,10890084.00,6974.72,,,
CIGNITITEC,CIGNITI TECHNOLOGIES LTD,75257.00,1155.03,,,
SENORES,SENORES PHARMACEUTICALS L,515585.00,3483.96,,,
NESCO,NESCO LIMITED,250677.00,3230.86,,,
VRLLOG,VRL LOGISTICS LIMITED,700721.00,2019.31,,,
MEDPLUS,MEDPLUS HEALTH SERV LTD,638945.00,4846.91,,,
BRIGHOTEL,BRIGADE HOTEL VENTURE LTD,190348.00,162.59,,,
HPL,HPL ELECTRIC & POWER LTD,720658.00,3915.96,,,
QUESS,QUESS CORP LIMITED,549577.00,1776.00,,,
STLTECH,STERLITE TECHNOLOGIES LTD,1382491.00,1623.33,,,
MAITHANALL,MAITHAN ALLOYS LTD,202771.00,2308.66,,,
UTKARSHBNK,UTKARSH SMALL FIN BANK L,13234696.00,3822.31,,,
AGI,AGI GREENPAC LIMITED,474735.00,4136.59,,,
GARFIBRES,GARWARE TECH FIBRES LTD,70704.00,606.82,,,
LAOPALA,LA OPALA RG LIMITED,301934.00,844.13,,,
JAIBALAJI,JAI BALAJI INDUSTRIES LTD,8905448.00,10549.17,,,
REDTAPE,REDTAPE LIMITED,1300519.00,1959.65,,,
SAKSOFT,SAKSOFT LIMITED,669328.00,1470.79,,,
ROSSARI,ROSSARI BIOTECH LIMITED,193995.00,1375.80,,,
AWHCL,ANTONY WASTE HDG CELL LTD,261518.00,1643.33,,,
JSFB,JANA SMALL FIN BANK LTD,354941.00,1802.94,,,
VIJAYA,VIJAYA DIAGNOSTIC CEN LTD,120167.00,1286.82,,,
REMSONSIND,REMSONS INDUSTRIES LTD,120337.00,163.77,,,
ZAGGLE,ZAGGLE PREPA OCEAN SER L,1614078.00,6004.08,,,
63MOONS,63 MOONS TECHNOLOGIES LTD,309687.00,2765.11,,,
TATVA,TATVA CHIN PHARM CHEM LTD,173265.00,1798.73,,,
STERTOOLS,STERLING TOOLS LIMITED,325923.00,1244.52,,,
VASCONEQ,VASCON ENGINEERS LTD,3955807.00,2472.38,,,
CSLFINANCE,CSL FINANCE LIMITED,8193.00,25.94,,,
ROHLTD,ROYAL ORCHID HOTELS LIMIT,355285.00,1609.97,,,
MAHKTECH,MIRAEAMC - MAHKTECH,2649732.00,665.41,,,
ENTERO,ENTERO HEALTHCARE SOLU L,303890.00,3651.43,,,
MAFANG,MIRAEAMC - MAFANG,506217.00,757.79,,,
PSUBNKBEES,NIP IND ETF PSU BANK BEES,4884229.00,3964.01,,,
ASTEC,ASTEC LIFESCIENCES LTD,320144.00,3239.04,,,
NIFTYETF,MIRAEAMC - MAN50ETF,219784.00,581.56,,,
DHANUKA,DHANUKA AGRITECH LTD,81176.00,1336.22,,,
RPSGVENT,RPSG VENTURES LIMITED,601424.00,5642.95,,,
ALPHA,KOTAKMAMC - KOTAKALPHA,5094783.00,2514.10,,,
LIQUIDCASE,ZERODHAAMC - LIQUIDCASE,38134.00,41.76,,,
MBAPL,MADHYA BHARAT AGRO P. LTD,139657.00,585.80,,,
INDRAMEDCO,INDRAPRASTHA MED CORP,456070.00,2167.54,,,
RELCHEMQ,RELIANCE CHEMOTEX IND LTD,525.00,1.43,,,
SHIVALIK,SHIVALIK RASAYAN LIMITED,26871.00,152.57,,,
INDOFARM,INDO FARM EQUIPMENT LTD,222256.00,554.12,,,
JAYBARMARU,JAYBHARATMARU-,17555.00,15.13,,,
FINOPB,FINO PAYMENTS BANK LTD,843348.00,2427.92,,,
HERANBA,HERANBA INDUSTRIES LTD,113292.00,389.79,,,
SUVEN,SUVEN LIFE SCIENCES LTD,22817.00,46.51,,,
ORISSAMINE,ORISSA MIN DEV CO LTD,39385.00,2267.72,,,
HEALTHY,BIRLASLAMC - HEALTHY,199791.00,29.71,,,
AUTOAXLES,AUTOMOTIVE AXLES LIMITED,25185.00,467.59,,,
SILVERIETF,ICICIPRAMC - ICICISILVE,3510562.00,4606.61,,,
WEBELSOLAR,WEBSOL ENERGY SYSTEM LTD,373561.00,5004.50,,,
SETFGOLD,SBI-ETF GOLD,970260.00,930.49,,,
GVT&D,GE VERNOVA T&D INDIA LTD,97890.00,2715.92,,,
PUNJABCHEM,PUNJ CHEM & CROP PROT LTD,28034.00,372.97,,,
HONDAPOWER,HONDA I POWER PRODUCT LTD,24439.00,728.76,,,
LOWVOLIETF,ICICI PR NIF LW VL 30 ETF,943909.00,209.94,,,
RAJRATAN,RAJRATAN GLOBAL WIRE LTD,412448.00,1508.63,,,
AXISGOLD,AXIS MF - AXIS GOLD ETF,1805546.00,1697.03,,,
GOLDETFADD,DSPAMC - DSPGOLDETF,13350.00,14.30,,,
SOMANYCERA,SOMANY CERAMICS LIMITED,111627.00,590.83,,,
AUTOIETF,ICICIPRAMC - ICICIAUTO,1477853.00,401.37,,,
MOVALUE,MOTILALAMC - MOVALUE,146360.00,149.67,,,
AGIIL,AGI INFRA LIMITED,450921.00,4603.80,,,
NAHARSPING,NAHAR SPINNING MILLS LTD.,61421.00,151.40,,,
HDFCNIFTY,HDFCAMC - HDFCNIFTY,52777.00,143.36,,,
MUKANDLTD,MUKAND LIMITED,442513.00,645.45,,,
GRMOVER,GRM OVERSEAS LIMITED,2282528.00,8284.02,,,
IPL,INDIA PESTICIDES LIMITED,860544.00,1902.17,,,
LANDMARK,LANDMARK CARS LIMITED,62516.00,366.91,,,
MANAKCOAT,MAN COAT METAL & IND LTD,88094.00,120.79,,,
TCPLPACK,TCPL PACKAGING LIMITED,25187.00,1013.10,,,
RUSTOMJEE,KEYSTONE REALTORS LIMITED,45214.00,285.32,,,
AXISILVER,AXISAMC - AXISILVER,297765.00,385.82,,,
GROWWEV,GROWWAMC - GROWWEV,241198.00,73.71,,,
LMW,LMW LIMITED,19826.00,2993.36,,,
ITIETF,ICICIPRAMC - ICICITECH,1799482.00,714.49,,,
SEAMECLTD,SEAMEC LIMITED,114193.00,1105.72,,,
SPORTKING,SPORTKING INDIA LIMITED,345609.00,400.33,,,
PSUBANKADD,DSPAMC - DSPPSBKETF,42013.00,31.16,,,
STEELCAS,STEELCAST LIMITED,35314.00,82.00,,,
MULTICAP,MIRAEAMC - MULTICAP,122044.00,19.30,,,
HCC,HINDUSTAN CONSTRUC,5078135.00,1539.46,,,
TNIDETF,TATAAML - TNIDETF,61061.00,56.19,,,
SATIA,SATIA INDUSTRIES LIMITED,916194.00,844.12,,,
ENIL,ENTERTAIN NET. IND. LTD.,35169.00,57.93,,,
GPTHEALTH,GPT HEALTHCARE LIMITED,560197.00,905.78,,,
QGOLDHALF,QUANTUM GOLD FUND,181896.00,168.54,,,
AXISBNKETF,AXISAMC - AXISBNKETF,476.00,2.69,,,
JOCIL,JOCIL LIMITED,1400.00,2.42,,,
KAMATHOTEL,KAMAT HOTELS (I) LTD,159700.00,477.64,,,
PONNIERODE,PONNIE SUGARS (ERODE) LTD,20144.00,66.38,,,
PREMIERPOL,PREMIER POLYFILM LTD,2589.00,1.26,,,
UCAL,UCAL LIMITED,15054.00,22.80,,,
NDL,NANDAN DENIM LIMITED,351314.00,13.49,,,
FCSSOFT,FCS SOFTWARE SOLN. LTD.,376158.00,10.82,,,
ANUHPHR,ANUH PHARMA LIMITED,25272.00,24.47,,,
MAXIND,MAX INDIA LIMITED,18470.00,41.07,,,
BESTAGRO,BEST AGROLIFE LIMITED,65097.00,304.27,,,
MAWANASUG,MAWANA SUGARS LIMITED,27546.00,27.48,,,
ORIENTBELL,ORIENT BELL LIMITED,519.00,2.49,,,
ISFT,INTRASOFT TECH. LTD,174020.00,196.04,,,
BAIDFIN,BAID FINSERV LIMITED,37553.00,4.64,,,
INDOBORAX,INDO BORAX & CHEMICAL LTD,2088.00,3.82,,,
MANCREDIT,MANGAL CREDIT N FINCORP L,3880.00,6.89,,,
GODAVARIB,GODAVARI BIOREFINERIES L,9193.00,25.53,,,
HILTON,HILTON METAL FORGING LIMI,1650.00,1.50,,,
INTERARCH,INTERARCH BLDNG SOLTN LTD,15810.00,313.75,,,
ONEPOINT,ONE POINT ONE SOL LTD,472401.00,221.16,,,
COMSYN,COMMERCIAL SYN BAGS LTD,2236.00,3.44,,,
ARROWGREEN,ARROW GREENTECH LIMITED,5248.00,31.92,,,
MNC,KOTAKMAMC - KOTAKMNC,268077.00,83.03,,,
RITCO,RITCO LOGISTICS LIMITED,124940.00,398.97,,,
VRAJ,VRAJ IRON AND STEEL LTD,54814.00,121.28,,,
NETF,TATAAML - NETF,24175.00,64.84,,,
UTINEXT50,UTIAMC - UTINEXT50,181337.00,139.66,,,
NEXT30ADD,DSPAMC - NEXT30ADD,2371.00,0.92,,,
NPBET,TATAAML - NPBET,4575.00,12.97,,,
EQUAL50ADD,DSPAMC - DSPNEWETF,18192.00,59.54,,,
COMMOIETF,ICICIPRAMC - ICICICOMMO,82793.00,74.01,,,
MSCIINDIA,KOTAKMAMC - MSCIINDIA,24373.00,7.17,,,
PRABHA,PRABHA ENERGY LIMITED,11715.00,29.30,,,
NINSYS,NINTEC SYSTEMS LIMITED,2407.00,12.53,,,
UNIENTER,UNIPHOS ENTERPRISES LIMIT,1000.00,1.70,,,
AHLADA,AHLADA ENGINEERS LIMITED,5566.00,5.26,,,
BEARDSELL,BEARDSELL LIMITED,4324.00,1.50,,,
KMSUGAR,K.M.SUGAR MILLS LIMITED,4876.00,1.61,,,
HTMEDIA,HT MEDIA LIMITED,10000.00,2.89,,,
ZEELEARN,ZEE LEARN LIMITED,23500.00,2.31,,,
EBBETF0433,EDELAMC - EBBETF0433,175.00,2.20,,,
LIQUIDETF,DSP LIQUID ETF,1028.00,10.28,,,
AFIL,AKME FINTRADE (INDIA) LTD,12661835.00,980.82,,,
MAGNUM,MAGNUM VENTURES LTD.,8848.00,2.91,,,
RADIOCITY,MUSIC BROADCAST LIMITED,14145.00,1.43,,,
VIPULLTD,VIPUL LIMITED,209995.00,21.79,,,
DUCON,DUCON INFRATECHNOLOGIES L,120423.00,7.52,,,
MIRCELECTR,MIRC ELECTRONICS LTD.,341.00,0.07,,,
VISAKAIND,VISAKA INDUSTRIES LTD,16702.00,14.46,,,
TREJHARA,TREJHARA SOLUTIONS LTD,21.00,0.04,,,
LIBERTSHOE,LIBERTY SHOES LTD,14337.00,52.31,,,
MARALOVER,MARAL OVERSEAS LTD,128.00,0.06,,,
SOMICONVEY,SOMI CONVEYOR BELT. LTD.,325.00,0.46,,,
SELECTIPO,MIRAEAMC - SELECTIPO,3401.00,1.68,,,
NRAIL,N R AGARWAL INDS LTD,5633.00,20.60,,,
ARCHIDPLY,ARCHIDPLY IND. LTD,5000.00,5.15,,,
ASHIMASYN,ASHIMA LTD,1000.00,0.25,,,
ASAHISONG,ASAHI SONGWON COLOR LTD,1101.00,3.19,,,
NIF10GETF,UTI NIFTY 10 YR BENCHMARK G-SE,199.00,0.05,,,
UNITEDTEA,UNITED NILGIRI TEA LTD,50.00,0.25,,,
AARVI,AARVI ENCON LIMITED,133.00,0.16,,,
CPCAP,CP CAPITAL LIMITED,25.00,0.10,,,
NIF5GETF,UTI NIFTY 5 YR BENCHMARK G-SEC,1586.00,1.01,,,
BBNPNBETF,BARODABNP - BBNPNBETF,217.00,0.12,,,
MOINFRA,MOTILALAMC - MOINFRA,204.00,0.12,,,
SGMART,SG MART LIMITED,275.00,1.01,,,
SHIVATEX,SHIVA TEXYARN LIMITED,10.00,0.02,,,
ANMOL,ANMOL INDIA LIMITED,2000.00,0.33,,,
